{"type":"FeatureCollection","features":[{"type":"Feature","properties":{"mode":"bus","n":37,"arr":["A01","AB001","AB009","AB010","AB011","AB013","AB015","AB031","AB040","AB055","AB056","AB064","AB068","AB079","AB081","AB110","AB126","AB129","AB131","ADK057","ARD001","ARD011","C17","C51","Gl007","Gl009","KRK013","SH015","SH027","SH028","SH073","SH095","TX005","TX008","YK017","YK019","YK021"],"lines":"A01, AB001, AB009, AB010, AB011, AB013, AB015, AB031, AB040, AB055, AB056, AB064, AB068, AB079, AB081, AB110, AB126, AB129, AB131, ADK057, ARD001, ARD011, C17, C51, Gl007, Gl009, KRK013, SH015, SH027, SH028, SH073, SH095, TX005, TX008, YK017, YK019, YK021"},"geometry":{"type":"LineString","coordinates":[[38.763464,9.032646],[38.763536,9.032681],[38.763601,9.032747]]}},{"type":"Feature","properties":{"mode":"bus","n":17,"arr":["A01","AB009","AB013","AB031","AB055","AB056","AB068","AB110","ARD011","Gl007","Gl009","KRK013","SH015","SH027","SH028","SH073","TX005"],"lines":"A01, AB009, AB013, AB031, AB055, AB056, AB068, AB110, ARD011, Gl007, Gl009, KRK013, SH015, SH027, SH028, SH073, TX005"},"geometry":{"type":"LineString","coordinates":[[38.763601,9.032747],[38.763649,9.032856]]}},{"type":"Feature","properties":{"mode":"bus","n":38,"arr":["A01","AB001","AB009","AB010","AB011","AB013","AB015","AB031","AB040","AB055","AB056","AB064","AB068","AB079","AB081","AB089","AB110","AB126","AB129","AB131","ADK057","ARD001","ARD011","C17","C51","Gl007","Gl009","KRK013","SH015","SH027","SH028","SH073","SH095","TX005","TX008","YK017","YK019","YK021"],"lines":"A01, AB001, AB009, AB010, AB011, AB013, AB015, AB031, AB040, AB055, AB056, AB064, AB068, AB079, AB081, AB089, AB110, AB126, AB129, AB131, ADK057, ARD001, ARD011, C17, C51, Gl007, Gl009, KRK013, SH015, SH027, SH028, SH073, SH095, TX005, TX008, YK017, YK019, YK021"},"geometry":{"type":"LineString","coordinates":[[38.763384,9.033151],[38.763526,9.033112],[38.763587,9.033061],[38.763628,9.032993],[38.763649,9.032856]]}},{"type":"Feature","properties":{"mode":"bus","n":36,"arr":["A01","AB012","AB013","AB017","AB023","AB031","AB041","AB056","AB064","AB080","AB089","AB110","AB112","AB122","ADK008","ADK013","ADK058","B37","Gl005","Gl007","Gl009","Gl010","KRK013","SH027","SH028","SH035","SH080","SH095","SH101","TX008","YK001","YK006","YK007","YK011","YK012","YK013"],"lines":"A01, AB012, AB013, AB017, AB023, AB031, AB041, AB056, AB064, AB080, AB089, AB110, AB112, AB122, ADK008, ADK013, ADK058, B37, Gl005, Gl007, Gl009, Gl010, KRK013, SH027, SH028, SH035, SH080, SH095, SH101, TX008, YK001, YK006, YK007, YK011, YK012, YK013"},"geometry":{"type":"LineString","coordinates":[[38.761383,9.043645],[38.761447,9.043723]]}},{"type":"Feature","properties":{"mode":"bus","n":16,"arr":["A01","AB017","AB031","AB041","AB056","AB110","AB122","ADK013","B37","Gl007","Gl009","Gl010","KRK013","SH027","SH028","TX008"],"lines":"A01, AB017, AB031, AB041, AB056, AB110, AB122, ADK013, B37, Gl007, Gl009, Gl010, KRK013, SH027, SH028, TX008"},"geometry":{"type":"LineString","coordinates":[[38.761469,9.043916],[38.761477,9.043817],[38.761447,9.043723]]}},{"type":"Feature","properties":{"mode":"bus","n":39,"arr":["A01","A08","AB012","AB013","AB017","AB023","AB031","AB041","AB055","AB056","AB064","AB068","AB080","AB110","AB112","AB122","ADK008","ADK013","ADK058","B37","Gl007","Gl009","Gl010","KRK013","SH027","SH028","SH035","SH073","SH080","SH087","SH095","SH101","TX008","YK001","YK006","YK007","YK011","YK012","YK013"],"lines":"A01, A08, AB012, AB013, AB017, AB023, AB031, AB041, AB055, AB056, AB064, AB068, AB080, AB110, AB112, AB122, ADK008, ADK013, ADK058, B37, Gl007, Gl009, Gl010, KRK013, SH027, SH028, SH035, SH073, SH080, SH087, SH095, SH101, TX008, YK001, YK006, YK007, YK011, YK012, YK013"},"geometry":{"type":"LineString","coordinates":[[38.761469,9.043916],[38.761408,9.044025],[38.761307,9.044092]]}},{"type":"Feature","properties":{"mode":"bus","n":40,"arr":["A01","A08","AB012","AB013","AB017","AB023","AB031","AB041","AB053","AB055","AB056","AB064","AB068","AB080","AB110","AB112","AB122","ADK008","ADK013","ADK058","Gl005","Gl007","Gl009","Gl010","KRK013","SH027","SH028","SH035","SH073","SH080","SH087","SH095","SH101","TX008","YK001","YK006","YK007","YK011","YK012","YK013"],"lines":"A01, A08, AB012, AB013, AB017, AB023, AB031, AB041, AB053, AB055, AB056, AB064, AB068, AB080, AB110, AB112, AB122, ADK008, ADK013, ADK058, Gl005, Gl007, Gl009, Gl010, KRK013, SH027, SH028, SH035, SH073, SH080, SH087, SH095, SH101, TX008, YK001, YK006, YK007, YK011, YK012, YK013"},"geometry":{"type":"LineString","coordinates":[[38.761153,9.044103],[38.761073,9.044074],[38.761013,9.044019]]}},{"type":"Feature","properties":{"mode":"bus","n":28,"arr":["A01","A08","AB013","AB017","AB031","AB041","AB053","AB055","AB056","AB064","AB068","AB080","AB110","AB122","Gl005","Gl007","Gl009","KRK013","SH027","SH028","SH035","SH073","SH087","SH095","TX008","YK006","YK007","YK011"],"lines":"A01, A08, AB013, AB017, AB031, AB041, AB053, AB055, AB056, AB064, AB068, AB080, AB110, AB122, Gl005, Gl007, Gl009, KRK013, SH027, SH028, SH035, SH073, SH087, SH095, TX008, YK006, YK007, YK011"},"geometry":{"type":"LineString","coordinates":[[38.761013,9.044019],[38.760966,9.043943],[38.760947,9.043855],[38.76096,9.043766]]}},{"type":"Feature","properties":{"mode":"bus","n":42,"arr":["A01","A08","AB012","AB013","AB017","AB023","AB031","AB041","AB053","AB055","AB056","AB064","AB068","AB080","AB089","AB110","AB112","AB122","ADK008","ADK013","ADK058","B37","Gl005","Gl007","Gl009","Gl010","KRK013","SH027","SH028","SH035","SH073","SH080","SH087","SH095","SH101","TX008","YK001","YK006","YK007","YK011","YK012","YK013"],"lines":"A01, A08, AB012, AB013, AB017, AB023, AB031, AB041, AB053, AB055, AB056, AB064, AB068, AB080, AB089, AB110, AB112, AB122, ADK008, ADK013, ADK058, B37, Gl005, Gl007, Gl009, Gl010, KRK013, SH027, SH028, SH035, SH073, SH080, SH087, SH095, SH101, TX008, YK001, YK006, YK007, YK011, YK012, YK013"},"geometry":{"type":"LineString","coordinates":[[38.76096,9.043766],[38.761008,9.04368],[38.761141,9.043594]]}},{"type":"Feature","properties":{"mode":"bus","n":39,"arr":["A01","AB001","AB009","AB010","AB011","AB013","AB015","AB031","AB040","AB041","AB053","AB055","AB056","AB064","AB068","AB079","AB081","AB089","AB110","AB126","AB129","AB131","ADK057","ARD001","ARD011","C17","C51","Gl007","Gl009","KRK013","SH015","SH027","SH028","SH073","SH095","TX008","YK017","YK019","YK021"],"lines":"A01, AB001, AB009, AB010, AB011, AB013, AB015, AB031, AB040, AB041, AB053, AB055, AB056, AB064, AB068, AB079, AB081, AB089, AB110, AB126, AB129, AB131, ADK057, ARD001, ARD011, C17, C51, Gl007, Gl009, KRK013, SH015, SH027, SH028, SH073, SH095, TX008, YK017, YK019, YK021"},"geometry":{"type":"LineString","coordinates":[[38.763142,9.032984],[38.763234,9.033103],[38.763302,9.033137]]}},{"type":"Feature","properties":{"mode":"bus","n":37,"arr":["A01","AB001","AB010","AB011","AB013","AB015","AB031","AB040","AB053","AB055","AB056","AB064","AB068","AB079","AB081","AB110","AB126","AB129","AB131","ADK057","ARD001","ARD009","ARD011","C17","C51","Gl007","Gl009","KRK013","SH015","SH027","SH028","SH073","SH095","TX008","YK017","YK019","YK021"],"lines":"A01, AB001, AB010, AB011, AB013, AB015, AB031, AB040, AB053, AB055, AB056, AB064, AB068, AB079, AB081, AB110, AB126, AB129, AB131, ADK057, ARD001, ARD009, ARD011, C17, C51, Gl007, Gl009, KRK013, SH015, SH027, SH028, SH073, SH095, TX008, YK017, YK019, YK021"},"geometry":{"type":"LineString","coordinates":[[38.76332,9.032643],[38.763207,9.032706],[38.763159,9.032767],[38.763126,9.03291],[38.763142,9.032984]]}},{"type":"Feature","properties":{"mode":"bus","n":30,"arr":["A02","A04","A10","A18","AB002","AB005","AB027","AB067","AB078","AB092","AB103","AB106","AB107","AB117","AB121","ADK012","ADK038","ADK044","ARD012","Kal037","Lafto006","Lafto007","Lafto017","Lafto025","Lafto026","Lafto032","SH022","SH074","SH075","SH105"],"lines":"A02, A04, A10, A18, AB002, AB005, AB027, AB067, AB078, AB092, AB103, AB106, AB107, AB117, AB121, ADK012, ADK038, ADK044, ARD012, Kal037, Lafto006, Lafto007, Lafto017, Lafto025, Lafto026, Lafto032, SH022, SH074, SH075, SH105"},"geometry":{"type":"LineString","coordinates":[[38.734261,8.982917],[38.734328,8.982877],[38.734373,8.982814],[38.73439,8.982739],[38.734375,8.982664],[38.734347,8.982622],[38.734337,8.982599],[38.734338,8.982574],[38.734377,8.982402],[38.734762,8.981427],[38.734822,8.981125],[38.734828,8.980888],[38.734788,8.98062],[38.734729,8.980438],[38.734541,8.979905],[38.734098,8.978827],[38.734045,8.978612],[38.734015,8.978292],[38.734026,8.978101],[38.734148,8.977341],[38.734178,8.9767],[38.734158,8.97631],[38.734083,8.976033],[38.734004,8.975836],[38.733751,8.975436],[38.73277,8.974347],[38.732247,8.973859]]}},{"type":"Feature","properties":{"mode":"bus","n":29,"arr":["A02","A04","A10","A18","AB002","AB005","AB027","AB067","AB092","AB103","AB106","AB107","AB117","AB121","ADK012","ADK038","ADK044","ARD012","Kal037","Lafto006","Lafto007","Lafto017","Lafto025","Lafto026","Lafto032","SH022","SH074","SH075","SH105"],"lines":"A02, A04, A10, A18, AB002, AB005, AB027, AB067, AB092, AB103, AB106, AB107, AB117, AB121, ADK012, ADK038, ADK044, ARD012, Kal037, Lafto006, Lafto007, Lafto017, Lafto025, Lafto026, Lafto032, SH022, SH074, SH075, SH105"},"geometry":{"type":"LineString","coordinates":[[38.73401,8.982794],[38.734097,8.982902]]}},{"type":"Feature","properties":{"mode":"bus","n":29,"arr":["A02","A04","A10","A18","AB002","AB005","AB027","AB067","AB092","AB103","AB106","AB107","AB117","AB121","ADK012","ADK038","ADK044","ARD012","Kal037","Lafto006","Lafto007","Lafto017","Lafto025","Lafto026","Lafto032","SH022","SH074","SH075","SH105"],"lines":"A02, A04, A10, A18, AB002, AB005, AB027, AB067, AB092, AB103, AB106, AB107, AB117, AB121, ADK012, ADK038, ADK044, ARD012, Kal037, Lafto006, Lafto007, Lafto017, Lafto025, Lafto026, Lafto032, SH022, SH074, SH075, SH105"},"geometry":{"type":"LineString","coordinates":[[38.732172,8.97394],[38.732667,8.97443],[38.733756,8.975612],[38.733893,8.975833],[38.734046,8.976272],[38.734078,8.976444],[38.734053,8.977185],[38.734014,8.977621],[38.733928,8.978191],[38.733927,8.978456],[38.734026,8.97889],[38.734456,8.979947],[38.734725,8.980725],[38.734743,8.981079],[38.734628,8.981567],[38.734306,8.982287],[38.734182,8.982525],[38.734168,8.982542],[38.734149,8.982552],[38.734108,8.982564],[38.734018,8.982656]]}},{"type":"Feature","properties":{"mode":"bus","n":28,"arr":["A02","A04","A10","A18","AB002","AB027","AB067","AB092","AB103","AB106","AB107","AB117","AB121","ADK012","ADK038","ADK044","ARD012","Kal037","Lafto006","Lafto007","Lafto017","Lafto025","Lafto026","Lafto032","SH022","SH074","SH075","SH105"],"lines":"A02, A04, A10, A18, AB002, AB027, AB067, AB092, AB103, AB106, AB107, AB117, AB121, ADK012, ADK038, ADK044, ARD012, Kal037, Lafto006, Lafto007, Lafto017, Lafto025, Lafto026, Lafto032, SH022, SH074, SH075, SH105"},"geometry":{"type":"LineString","coordinates":[[38.734018,8.982656],[38.73401,8.982794]]}},{"type":"Feature","properties":{"mode":"bus","n":28,"arr":["A02","A04","A10","A18","AB002","AB027","AB067","AB092","AB103","AB106","AB107","AB117","AB121","ADK012","ADK038","ADK044","ARD012","Kal037","Lafto006","Lafto007","Lafto017","Lafto025","Lafto026","Lafto032","SH022","SH074","SH075","SH105"],"lines":"A02, A04, A10, A18, AB002, AB027, AB067, AB092, AB103, AB106, AB107, AB117, AB121, ADK012, ADK038, ADK044, ARD012, Kal037, Lafto006, Lafto007, Lafto017, Lafto025, Lafto026, Lafto032, SH022, SH074, SH075, SH105"},"geometry":{"type":"LineString","coordinates":[[38.734097,8.982902],[38.734157,8.983059]]}},{"type":"Feature","properties":{"mode":"bus","n":24,"arr":["A04","AB027","AB076","AB086","AB092","AB106","AB117","AB121","B40","Kal001","Kal005","Kal009","Kal023","Kal037","Lafto002","Lafto003","Lafto006","Lafto008","Lafto009","Lafto013","Lafto026","Lafto028","SH022","SH096"],"lines":"A04, AB027, AB076, AB086, AB092, AB106, AB117, AB121, B40, Kal001, Kal005, Kal009, Kal023, Kal037, Lafto002, Lafto003, Lafto006, Lafto008, Lafto009, Lafto013, Lafto026, Lafto028, SH022, SH096"},"geometry":{"type":"LineString","coordinates":[[38.734358,8.937956],[38.734101,8.937829],[38.733913,8.937607]]}},{"type":"Feature","properties":{"mode":"bus","n":23,"arr":["A04","AB027","AB076","AB086","AB092","AB106","AB117","AB121","B40","Kal001","Kal009","Kal023","Kal037","Lafto002","Lafto003","Lafto006","Lafto008","Lafto009","Lafto013","Lafto026","Lafto028","SH022","SH096"],"lines":"A04, AB027, AB076, AB086, AB092, AB106, AB117, AB121, B40, Kal001, Kal009, Kal023, Kal037, Lafto002, Lafto003, Lafto006, Lafto008, Lafto009, Lafto013, Lafto026, Lafto028, SH022, SH096"},"geometry":{"type":"LineString","coordinates":[[38.733913,8.937607],[38.733819,8.937397],[38.733799,8.937223]]}},{"type":"Feature","properties":{"mode":"bus","n":25,"arr":["A04","AB027","AB076","AB086","AB092","AB106","AB117","AB121","B40","Kal001","Kal005","Kal009","Kal023","Kal037","Lafto002","Lafto003","Lafto004","Lafto006","Lafto008","Lafto009","Lafto013","Lafto026","Lafto028","SH022","SH096"],"lines":"A04, AB027, AB076, AB086, AB092, AB106, AB117, AB121, B40, Kal001, Kal005, Kal009, Kal023, Kal037, Lafto002, Lafto003, Lafto004, Lafto006, Lafto008, Lafto009, Lafto013, Lafto026, Lafto028, SH022, SH096"},"geometry":{"type":"LineString","coordinates":[[38.733799,8.937223],[38.73385,8.936954],[38.734011,8.936701]]}},{"type":"Feature","properties":{"mode":"bus","n":16,"arr":["A04","AB027","AB076","AB106","AB107","AB117","AB121","Bole002","Kal023","Kal037","Lafto003","Lafto004","Lafto008","Lafto009","Lafto026","SH096"],"lines":"A04, AB027, AB076, AB106, AB107, AB117, AB121, Bole002, Kal023, Kal037, Lafto003, Lafto004, Lafto008, Lafto009, Lafto026, SH096"},"geometry":{"type":"LineString","coordinates":[[38.734117,8.925419],[38.734182,8.9251],[38.734199,8.924933],[38.734183,8.924788],[38.734152,8.924673],[38.733994,8.924404],[38.733969,8.924273],[38.733991,8.924133],[38.734074,8.92399],[38.734139,8.92362],[38.734109,8.923132],[38.734125,8.922729],[38.734171,8.922368],[38.73427,8.921945],[38.73467,8.920811]]}},{"type":"Feature","properties":{"mode":"bus","n":16,"arr":["A04","AB027","AB076","AB106","AB107","AB117","AB121","Bole002","Kal023","Kal037","Lafto003","Lafto004","Lafto008","Lafto009","Lafto026","SH096"],"lines":"A04, AB027, AB076, AB106, AB107, AB117, AB121, Bole002, Kal023, Kal037, Lafto003, Lafto004, Lafto008, Lafto009, Lafto026, SH096"},"geometry":{"type":"LineString","coordinates":[[38.734551,8.925019],[38.734599,8.924695],[38.734781,8.924404],[38.734803,8.924223],[38.734745,8.92405],[38.734535,8.923781],[38.734502,8.923639],[38.734467,8.923205],[38.734484,8.92272],[38.734531,8.922326],[38.734654,8.92185],[38.734746,8.921573],[38.735033,8.920906]]}},{"type":"Feature","properties":{"mode":"bus","n":22,"arr":["A04","AB076","AB086","AB092","AB106","AB107","AB117","AB121","B40","Kal001","Kal005","Kal009","Kal023","Kal037","Lafto002","Lafto003","Lafto006","Lafto008","Lafto013","Lafto028","SH022","SH096"],"lines":"A04, AB076, AB086, AB092, AB106, AB107, AB117, AB121, B40, Kal001, Kal005, Kal009, Kal023, Kal037, Lafto002, Lafto003, Lafto006, Lafto008, Lafto013, Lafto028, SH022, SH096"},"geometry":{"type":"LineString","coordinates":[[38.735048,8.93663],[38.734988,8.936588]]}},{"type":"Feature","properties":{"mode":"bus","n":7,"arr":["A04","AB106","AB107","AB117","AB121","Kal037","Lafto003"],"lines":"A04, AB106, AB107, AB117, AB121, Kal037, Lafto003"},"geometry":{"type":"LineString","coordinates":[[38.735223,8.93762],[38.735323,8.937373],[38.735338,8.937207],[38.735316,8.937043],[38.735258,8.936887],[38.735167,8.936747],[38.735048,8.93663]]}},{"type":"Feature","properties":{"mode":"bus","n":21,"arr":["A04","AB076","AB086","AB092","AB106","AB107","AB117","AB121","B40","Kal001","Kal005","Kal009","Kal023","Kal037","Lafto003","Lafto006","Lafto008","Lafto013","Lafto028","SH022","SH096"],"lines":"A04, AB076, AB086, AB092, AB106, AB107, AB117, AB121, B40, Kal001, Kal005, Kal009, Kal023, Kal037, Lafto003, Lafto006, Lafto008, Lafto013, Lafto028, SH022, SH096"},"geometry":{"type":"LineString","coordinates":[[38.734801,8.93795],[38.734923,8.9379],[38.73507,8.937802],[38.735223,8.93762]]}},{"type":"Feature","properties":{"mode":"bus","n":8,"arr":["A05","AB034","AB054","C15","KRK001","Lafto022","Lafto023","Lafto030"],"lines":"A05, AB034, AB054, C15, KRK001, Lafto022, Lafto023, Lafto030"},"geometry":{"type":"LineString","coordinates":[[38.749084,8.976186],[38.749146,8.976224],[38.749223,8.976345],[38.749231,8.976417],[38.749177,8.976553]]}},{"type":"Feature","properties":{"mode":"bus","n":8,"arr":["A05","AB034","AB054","C15","KRK001","Lafto022","Lafto023","Lafto030"],"lines":"A05, AB034, AB054, C15, KRK001, Lafto022, Lafto023, Lafto030"},"geometry":{"type":"LineString","coordinates":[[38.748762,8.976343],[38.748817,8.976244]]}},{"type":"Feature","properties":{"mode":"bus","n":8,"arr":["A05","AB054","AB078","C15","KRK001","Lafto022","Lafto023","Lafto030"],"lines":"A05, AB054, AB078, C15, KRK001, Lafto022, Lafto023, Lafto030"},"geometry":{"type":"LineString","coordinates":[[38.748875,8.976609],[38.748825,8.976572],[38.748762,8.976467]]}},{"type":"Feature","properties":{"mode":"bus","n":13,"arr":["A08","AB012","AB013","AB055","AB064","SH073","SH087","SH095","SH101","YK007","YK011","YK012","YK013"],"lines":"A08, AB012, AB013, AB055, AB064, SH073, SH087, SH095, SH101, YK007, YK011, YK012, YK013"},"geometry":{"type":"LineString","coordinates":[[38.762831,9.043556],[38.764366,9.044427],[38.76778,9.04629],[38.767928,9.046365],[38.76796,9.046373],[38.767993,9.046367],[38.768103,9.046319],[38.768255,9.046349],[38.768355,9.046448],[38.768388,9.046567],[38.768381,9.046627]]}},{"type":"Feature","properties":{"mode":"bus","n":8,"arr":["A08","AB012","AB055","AB064","SH073","SH087","SH095","SH101"],"lines":"A08, AB012, AB055, AB064, SH073, SH087, SH095, SH101"},"geometry":{"type":"LineString","coordinates":[[38.776965,9.057025],[38.777157,9.056961],[38.777185,9.056943],[38.7772,9.056914],[38.777226,9.056817],[38.777276,9.056769],[38.777409,9.056734],[38.777517,9.056778],[38.777561,9.056827],[38.777581,9.056919],[38.777595,9.056949],[38.777623,9.056968],[38.778085,9.057158]]}},{"type":"Feature","properties":{"mode":"bus","n":7,"arr":["A08","AB012","AB055","AB064","SH073","SH087","SH101"],"lines":"A08, AB012, AB055, AB064, SH073, SH087, SH101"},"geometry":{"type":"LineString","coordinates":[[38.777593,9.057092],[38.777542,9.057082],[38.777524,9.057082],[38.777507,9.057089],[38.777477,9.057109],[38.777368,9.057127],[38.777266,9.057086],[38.77697,9.057111]]}},{"type":"Feature","properties":{"mode":"bus","n":14,"arr":["A08","AB012","AB013","AB041","AB055","AB064","SH073","SH087","SH095","SH101","YK007","YK011","YK012","YK013"],"lines":"A08, AB012, AB013, AB041, AB055, AB064, SH073, SH087, SH095, SH101, YK007, YK011, YK012, YK013"},"geometry":{"type":"LineString","coordinates":[[38.768242,9.046801],[38.768098,9.046824],[38.768029,9.046805],[38.767919,9.046716],[38.767874,9.046583],[38.767879,9.046537],[38.767877,9.046522],[38.767871,9.046509],[38.767859,9.0465],[38.762756,9.043618]]}},{"type":"Feature","properties":{"mode":"bus","n":21,"arr":["A08","AB012","AB013","AB023","AB041","AB055","AB064","AB068","AB112","ADK008","ADK058","SH073","SH080","SH087","SH095","SH101","YK001","YK007","YK011","YK012","YK013"],"lines":"A08, AB012, AB013, AB023, AB041, AB055, AB064, AB068, AB112, ADK008, ADK058, SH073, SH080, SH087, SH095, SH101, YK001, YK007, YK011, YK012, YK013"},"geometry":{"type":"LineString","coordinates":[[38.761307,9.044092],[38.761153,9.044103]]}},{"type":"Feature","properties":{"mode":"bus","n":8,"arr":["A09","AB058","AB058(S)","AB065","Kolfe003","Kolfe042","Lafto020","SH010"],"lines":"A09, AB058, AB058(S), AB065, Kolfe003, Kolfe042, Lafto020, SH010"},"geometry":{"type":"LineString","coordinates":[[38.689235,8.991473],[38.689148,8.991434],[38.689053,8.991423],[38.688959,8.991442],[38.688876,8.991489],[38.688777,8.991632],[38.688775,8.991805]]}},{"type":"Feature","properties":{"mode":"bus","n":8,"arr":["A09","AB058","AB058(S)","AB065","Kolfe003","Kolfe042","Lafto020","SH010"],"lines":"A09, AB058, AB058(S), AB065, Kolfe003, Kolfe042, Lafto020, SH010"},"geometry":{"type":"LineString","coordinates":[[38.689285,8.991931],[38.689345,8.991844],[38.68937,8.991741],[38.689358,8.991636]]}},{"type":"Feature","properties":{"mode":"bus","n":8,"arr":["A09","AB058","AB058(S)","AB065","Kolfe003","Kolfe042","Lafto020","SH010"],"lines":"A09, AB058, AB058(S), AB065, Kolfe003, Kolfe042, Lafto020, SH010"},"geometry":{"type":"LineString","coordinates":[[38.688886,8.991963],[38.688986,8.992012],[38.689097,8.992021]]}},{"type":"Feature","properties":{"mode":"bus","n":47,"arr":["A09","AB003","AB026","AB036","AB036(S)","AB050","AB051","AB058","AB058(S)","AB059","AB062","AB065","AB066","AB070","AB077","AB087","AB090","AB091","AB130","Kolfa008","Kolfa011","Kolfa013","Kolfa014","Kolfa015","Kolfa016","Kolfa017","Kolfa019","Kolfa020","Kolfa021","Kolfa022","Kolfa025","Kolfa033","Kolfa036","Kolfa038","Kolfa041","Kolfe003","Kolfe023","LID002","LID005","LID007","LID013","SH009","SH040","SH068","SH071","SH081","SH100"],"lines":"A09, AB003, AB026, AB036, AB036(S), AB050, AB051, AB058, AB058(S), AB059, AB062, AB065, AB066, AB070, AB077, AB087, AB090, AB091, AB130, Kolfa008, Kolfa011, Kolfa013, Kolfa014, Kolfa015, Kolfa016, Kolfa017, Kolfa019, Kolfa020, Kolfa021, Kolfa022, Kolfa025, Kolfa033, Kolfa036, Kolfa038, Kolfa041, Kolfe003, Kolfe023, LID002, LID005, LID007, LID013, SH009, SH040, SH068, SH071, SH081, SH100"},"geometry":{"type":"LineString","coordinates":[[38.716167,8.992657],[38.714994,8.99263],[38.714648,8.992572],[38.714114,8.992391],[38.713774,8.992188],[38.713612,8.992064],[38.71346,8.991912],[38.713236,8.991621],[38.712881,8.991031],[38.712528,8.99052],[38.712164,8.990118],[38.711778,8.989818],[38.710439,8.989107],[38.710099,8.988851],[38.708869,8.987506],[38.708761,8.98736],[38.708624,8.987082],[38.708516,8.987045]]}},{"type":"Feature","properties":{"mode":"bus","n":47,"arr":["A09","AB003","AB026","AB036","AB036(S)","AB050","AB051","AB058","AB058(S)","AB059","AB062","AB065","AB066","AB070","AB077","AB087","AB090","AB091","AB130","Kolfa008","Kolfa011","Kolfa013","Kolfa014","Kolfa015","Kolfa016","Kolfa017","Kolfa019","Kolfa020","Kolfa021","Kolfa022","Kolfa025","Kolfa033","Kolfa036","Kolfa038","Kolfa041","Kolfe003","Kolfe023","LID002","LID005","LID007","LID013","SH009","SH040","SH068","SH071","SH081","SH100"],"lines":"A09, AB003, AB026, AB036, AB036(S), AB050, AB051, AB058, AB058(S), AB059, AB062, AB065, AB066, AB070, AB077, AB087, AB090, AB091, AB130, Kolfa008, Kolfa011, Kolfa013, Kolfa014, Kolfa015, Kolfa016, Kolfa017, Kolfa019, Kolfa020, Kolfa021, Kolfa022, Kolfa025, Kolfa033, Kolfa036, Kolfa038, Kolfa041, Kolfe003, Kolfe023, LID002, LID005, LID007, LID013, SH009, SH040, SH068, SH071, SH081, SH100"},"geometry":{"type":"LineString","coordinates":[[38.71604,8.992761],[38.714998,8.992732],[38.714657,8.992684],[38.714364,8.992612],[38.714115,8.992515],[38.713853,8.992369],[38.713614,8.9922],[38.71343,8.992032],[38.713256,8.991828],[38.712622,8.990852],[38.712293,8.990404],[38.712018,8.990149],[38.71171,8.989917],[38.710374,8.989191],[38.710205,8.989065],[38.709732,8.98863],[38.70894,8.987723]]}},{"type":"Feature","properties":{"mode":"bus","n":12,"arr":["A09","AB005","AB036(S)","AB058(S)","AB077","AB092","Kolfa008","Kolfa015","Kolfe003","KRK003","Lafto010","TX002"],"lines":"A09, AB005, AB036(S), AB058(S), AB077, AB092, Kolfa008, Kolfa015, Kolfe003, KRK003, Lafto010, TX002"},"geometry":{"type":"LineString","coordinates":[[38.737988,8.994659],[38.737995,8.994509],[38.738095,8.99427]]}},{"type":"Feature","properties":{"mode":"bus","n":11,"arr":["A09","AB005","AB036(S)","AB058(S)","AB077","Kolfa008","Kolfa015","Kolfe003","KRK003","Lafto010","TX002"],"lines":"A09, AB005, AB036(S), AB058(S), AB077, Kolfa008, Kolfa015, Kolfe003, KRK003, Lafto010, TX002"},"geometry":{"type":"LineString","coordinates":[[38.738095,8.99427],[38.738171,8.994194],[38.738232,8.994166],[38.738366,8.994136],[38.738582,8.994152]]}},{"type":"Feature","properties":{"mode":"bus","n":11,"arr":["A09","AB005","AB036(S)","AB058(S)","AB077","Kolfa008","Kolfa015","Kolfe003","KRK003","Lafto010","TX002"],"lines":"A09, AB005, AB036(S), AB058(S), AB077, Kolfa008, Kolfa015, Kolfe003, KRK003, Lafto010, TX002"},"geometry":{"type":"LineString","coordinates":[[38.72316,8.988597],[38.72307,8.988673]]}},{"type":"Feature","properties":{"mode":"bus","n":11,"arr":["A09","AB005","AB036(S)","AB058(S)","AB077","Kolfa008","Kolfa015","Kolfe003","KRK003","Lafto010","TX002"],"lines":"A09, AB005, AB036(S), AB058(S), AB077, Kolfa008, Kolfa015, Kolfe003, KRK003, Lafto010, TX002"},"geometry":{"type":"LineString","coordinates":[[38.737988,8.994659],[38.737762,8.994887],[38.737676,8.994946],[38.736731,8.995464],[38.735556,8.996221],[38.735048,8.996513],[38.734635,8.996595],[38.734385,8.996604],[38.733036,8.996443],[38.73274,8.996464],[38.732462,8.996534],[38.732227,8.996655],[38.731214,8.997311],[38.730969,8.997452],[38.730763,8.997536]]}},{"type":"Feature","properties":{"mode":"bus","n":17,"arr":["A09","AB005","AB036(S)","AB058(S)","AB077","ADK012","ADK038","ADK044","ARD012","Kal037","Kolfa008","Kolfa015","Kolfe003","KRK003","Lafto010","Lafto025","TX002"],"lines":"A09, AB005, AB036(S), AB058(S), AB077, ADK012, ADK038, ADK044, ARD012, Kal037, Kolfa008, Kolfa015, Kolfe003, KRK003, Lafto010, Lafto025, TX002"},"geometry":{"type":"LineString","coordinates":[[38.738582,8.994152],[38.738739,8.994228]]}},{"type":"Feature","properties":{"mode":"bus","n":17,"arr":["A09","AB005","AB036(S)","AB058(S)","AB077","ADK012","ADK038","ADK044","ARD012","Kal037","Kolfa008","Kolfa015","Kolfe003","KRK003","Lafto010","Lafto025","TX002"],"lines":"A09, AB005, AB036(S), AB058(S), AB077, ADK012, ADK038, ADK044, ARD012, Kal037, Kolfa008, Kolfa015, Kolfe003, KRK003, Lafto010, Lafto025, TX002"},"geometry":{"type":"LineString","coordinates":[[38.738917,8.9945],[38.738916,8.994599],[38.738859,8.994842],[38.738732,8.995024]]}},{"type":"Feature","properties":{"mode":"bus","n":13,"arr":["A09","AB005","AB036(S)","AB058(S)","ADK012","ADK038","ADK044","ARD012","Kal037","Kolfa008","Kolfa015","Kolfe003","Lafto025"],"lines":"A09, AB005, AB036(S), AB058(S), ADK012, ADK038, ADK044, ARD012, Kal037, Kolfa008, Kolfa015, Kolfe003, Lafto025"},"geometry":{"type":"LineString","coordinates":[[38.738739,8.994228],[38.738858,8.994359],[38.738917,8.9945]]}},{"type":"Feature","properties":{"mode":"bus","n":50,"arr":["A09","A18","AB002","AB003","AB004","AB005","AB034","AB036","AB036(S)","AB037","AB050","AB058","AB058(S)","AB062","AB067","AB068","AB070","AB071","AB073","AB090","AB092","AB103","AB104","AB105","AB107","AB130","ADK022","ADK038","ADK044","ARD012","B19","Kolfa004","Kolfa009","Kolfa014","Kolfa016","Kolfa019","Kolfa031","Kolfa036","Kolfa037","Lafto017","Lafto018","Lafto025","Lafto030","Lafto042","LID004","LID007","LID009","SH081","SH100","SH105"],"lines":"A09, A18, AB002, AB003, AB004, AB005, AB034, AB036, AB036(S), AB037, AB050, AB058, AB058(S), AB062, AB067, AB068, AB070, AB071, AB073, AB090, AB092, AB103, AB104, AB105, AB107, AB130, ADK022, ADK038, ADK044, ARD012, B19, Kolfa004, Kolfa009, Kolfa014, Kolfa016, Kolfa019, Kolfa031, Kolfa036, Kolfa037, Lafto017, Lafto018, Lafto025, Lafto030, Lafto042, LID004, LID007, LID009, SH081, SH100, SH105"},"geometry":{"type":"LineString","coordinates":[[38.744526,9.010739],[38.744283,9.010644],[38.744117,9.010498]]}},{"type":"Feature","properties":{"mode":"bus","n":41,"arr":["A09","AB003","AB004","AB026","AB034","AB036","AB036(S)","AB037","AB050","AB051","AB058","AB058(S)","AB059","AB062","AB065","AB066","AB068","AB070","AB073","AB090","AB105","AB123","AB130","Kolfa004","Kolfa009","Kolfa014","Kolfa016","Kolfa019","Kolfa031","Kolfa036","Kolfa037","LID004","LID007","LID009","SH009","SH010","SH040","SH068","SH071","SH081","SH100"],"lines":"A09, AB003, AB004, AB026, AB034, AB036, AB036(S), AB037, AB050, AB051, AB058, AB058(S), AB059, AB062, AB065, AB066, AB068, AB070, AB073, AB090, AB105, AB123, AB130, Kolfa004, Kolfa009, Kolfa014, Kolfa016, Kolfa019, Kolfa031, Kolfa036, Kolfa037, LID004, LID007, LID009, SH009, SH010, SH040, SH068, SH071, SH081, SH100"},"geometry":{"type":"LineString","coordinates":[[38.734345,9.011761],[38.734377,9.01173]]}},{"type":"Feature","properties":{"mode":"bus","n":29,"arr":["A09","AB003","AB036","AB036(S)","AB037","AB050","AB058","AB058(S)","AB062","AB068","AB070","AB073","AB090","AB105","AB130","Kolfa004","Kolfa009","Kolfa014","Kolfa016","Kolfa019","Kolfa031","Kolfa036","Kolfa037","LID004","LID007","LID009","SH068","SH081","SH100"],"lines":"A09, AB003, AB036, AB036(S), AB037, AB050, AB058, AB058(S), AB062, AB068, AB070, AB073, AB090, AB105, AB130, Kolfa004, Kolfa009, Kolfa014, Kolfa016, Kolfa019, Kolfa031, Kolfa036, Kolfa037, LID004, LID007, LID009, SH068, SH081, SH100"},"geometry":{"type":"LineString","coordinates":[[38.734066,9.011786],[38.734141,9.011816],[38.734229,9.011817],[38.734345,9.011761]]}},{"type":"Feature","properties":{"mode":"bus","n":29,"arr":["A09","AB003","AB036","AB036(S)","AB037","AB050","AB058","AB058(S)","AB062","AB068","AB070","AB073","AB090","AB105","AB130","Kolfa004","Kolfa009","Kolfa014","Kolfa016","Kolfa019","Kolfa031","Kolfa036","Kolfa037","LID004","LID007","LID009","SH068","SH081","SH100"],"lines":"A09, AB003, AB036, AB036(S), AB037, AB050, AB058, AB058(S), AB062, AB068, AB070, AB073, AB090, AB105, AB130, Kolfa004, Kolfa009, Kolfa014, Kolfa016, Kolfa019, Kolfa031, Kolfa036, Kolfa037, LID004, LID007, LID009, SH068, SH081, SH100"},"geometry":{"type":"LineString","coordinates":[[38.728551,9.012212],[38.733885,9.011698],[38.734005,9.011733]]}},{"type":"Feature","properties":{"mode":"bus","n":37,"arr":["A09","AB002","AB003","AB004","AB034","AB036","AB036(S)","AB037","AB050","AB058","AB058(S)","AB062","AB068","AB070","AB073","AB090","AB092","AB105","AB130","ARD005","B19","Kolfa004","Kolfa009","Kolfa014","Kolfa016","Kolfa019","Kolfa031","Kolfa036","Kolfa037","Lafto016","Lafto034","LID004","LID007","LID009","SH068","SH081","SH100"],"lines":"A09, AB002, AB003, AB004, AB034, AB036, AB036(S), AB037, AB050, AB058, AB058(S), AB062, AB068, AB070, AB073, AB090, AB092, AB105, AB130, ARD005, B19, Kolfa004, Kolfa009, Kolfa014, Kolfa016, Kolfa019, Kolfa031, Kolfa036, Kolfa037, Lafto016, Lafto034, LID004, LID007, LID009, SH068, SH081, SH100"},"geometry":{"type":"LineString","coordinates":[[38.734005,9.011733],[38.734066,9.011786]]}},{"type":"Feature","properties":{"mode":"bus","n":67,"arr":["A09","AB003","AB018","AB026","AB036","AB036(S)","AB037","AB050","AB051","AB058","AB058(S)","AB059","AB062","AB065","AB066","AB070","AB073","AB087","AB090","AB091","AB105","AB123","AB130","ADK011","ADK028","ADK043","ADK052","ARD006","Kolfa001","Kolfa004","Kolfa009","Kolfa010","Kolfa011","Kolfa012","Kolfa013","Kolfa014","Kolfa016","Kolfa017","Kolfa018","Kolfa019","Kolfa020","Kolfa021","Kolfa022","Kolfa024","Kolfa025","Kolfa026","Kolfa027","Kolfa028","Kolfa031","Kolfa033","Kolfa034","Kolfa036","Kolfa037","Kolfa038","Kolfa041","Kolfe035","LID002","LID007","LID013","SH009","SH010","SH040","SH068","SH071","SH076","SH081","SH100"],"lines":"A09, AB003, AB018, AB026, AB036, AB036(S), AB037, AB050, AB051, AB058, AB058(S), AB059, AB062, AB065, AB066, AB070, AB073, AB087, AB090, AB091, AB105, AB123, AB130, ADK011, ADK028, ADK043, ADK052, ARD006, Kolfa001, Kolfa004, Kolfa009, Kolfa010, Kolfa011, Kolfa012, Kolfa013, Kolfa014, Kolfa016, Kolfa017, Kolfa018, Kolfa019, Kolfa020, Kolfa021, Kolfa022, Kolfa024, Kolfa025, Kolfa026, Kolfa027, Kolfa028, Kolfa031, Kolfa033, Kolfa034, Kolfa036, Kolfa037, Kolfa038, Kolfa041, Kolfe035, LID002, LID007, LID013, SH009, SH010, SH040, SH068, SH071, SH076, SH081, SH100"},"geometry":{"type":"LineString","coordinates":[[38.72132,9.011988],[38.721483,9.012011],[38.721633,9.011942]]}},{"type":"Feature","properties":{"mode":"bus","n":53,"arr":["A09","AB003","AB026","AB036","AB036(S)","AB037","AB050","AB051","AB058","AB058(S)","AB059","AB062","AB065","AB066","AB070","AB090","AB091","AB105","AB123","AB130","ADK011","ADK028","ADK043","ARD006","Kolfa001","Kolfa004","Kolfa009","Kolfa011","Kolfa012","Kolfa013","Kolfa014","Kolfa016","Kolfa017","Kolfa019","Kolfa020","Kolfa021","Kolfa026","Kolfa031","Kolfa033","Kolfa034","Kolfa036","Kolfa041","Kolfe035","LID002","LID007","LID013","SH009","SH010","SH040","SH068","SH071","SH081","SH100"],"lines":"A09, AB003, AB026, AB036, AB036(S), AB037, AB050, AB051, AB058, AB058(S), AB059, AB062, AB065, AB066, AB070, AB090, AB091, AB105, AB123, AB130, ADK011, ADK028, ADK043, ARD006, Kolfa001, Kolfa004, Kolfa009, Kolfa011, Kolfa012, Kolfa013, Kolfa014, Kolfa016, Kolfa017, Kolfa019, Kolfa020, Kolfa021, Kolfa026, Kolfa031, Kolfa033, Kolfa034, Kolfa036, Kolfa041, Kolfe035, LID002, LID007, LID013, SH009, SH010, SH040, SH068, SH071, SH081, SH100"},"geometry":{"type":"LineString","coordinates":[[38.721195,9.011877],[38.72132,9.011988]]}},{"type":"Feature","properties":{"mode":"bus","n":64,"arr":["A09","AB003","AB018","AB026","AB036","AB036(S)","AB037","AB050","AB051","AB058","AB058(S)","AB059","AB062","AB065","AB066","AB070","AB073","AB087","AB090","AB091","AB105","AB123","AB130","ADK011","ADK028","ADK043","ARD006","Kolfa001","Kolfa004","Kolfa009","Kolfa011","Kolfa012","Kolfa013","Kolfa014","Kolfa016","Kolfa017","Kolfa019","Kolfa020","Kolfa021","Kolfa022","Kolfa025","Kolfa026","Kolfa027","Kolfa028","Kolfa031","Kolfa033","Kolfa034","Kolfa036","Kolfa037","Kolfa038","Kolfa041","Kolfe023","Kolfe035","LID002","LID007","LID013","SH009","SH010","SH040","SH068","SH071","SH076","SH081","SH100"],"lines":"A09, AB003, AB018, AB026, AB036, AB036(S), AB037, AB050, AB051, AB058, AB058(S), AB059, AB062, AB065, AB066, AB070, AB073, AB087, AB090, AB091, AB105, AB123, AB130, ADK011, ADK028, ADK043, ARD006, Kolfa001, Kolfa004, Kolfa009, Kolfa011, Kolfa012, Kolfa013, Kolfa014, Kolfa016, Kolfa017, Kolfa019, Kolfa020, Kolfa021, Kolfa022, Kolfa025, Kolfa026, Kolfa027, Kolfa028, Kolfa031, Kolfa033, Kolfa034, Kolfa036, Kolfa037, Kolfa038, Kolfa041, Kolfe023, Kolfe035, LID002, LID007, LID013, SH009, SH010, SH040, SH068, SH071, SH076, SH081, SH100"},"geometry":{"type":"LineString","coordinates":[[38.721165,9.011808],[38.721195,9.011877]]}},{"type":"Feature","properties":{"mode":"bus","n":49,"arr":["A09","AB003","AB018","AB026","AB036","AB036(S)","AB050","AB051","AB058","AB058(S)","AB059","AB062","AB065","AB066","AB070","AB073","AB087","AB090","AB091","AB130","Kolfa011","Kolfa013","Kolfa014","Kolfa016","Kolfa017","Kolfa019","Kolfa020","Kolfa021","Kolfa022","Kolfa025","Kolfa027","Kolfa028","Kolfa031","Kolfa033","Kolfa036","Kolfa037","Kolfa038","Kolfa041","Kolfe023","LID002","LID007","LID013","SH009","SH040","SH068","SH071","SH076","SH081","SH100"],"lines":"A09, AB003, AB018, AB026, AB036, AB036(S), AB050, AB051, AB058, AB058(S), AB059, AB062, AB065, AB066, AB070, AB073, AB087, AB090, AB091, AB130, Kolfa011, Kolfa013, Kolfa014, Kolfa016, Kolfa017, Kolfa019, Kolfa020, Kolfa021, Kolfa022, Kolfa025, Kolfa027, Kolfa028, Kolfa031, Kolfa033, Kolfa036, Kolfa037, Kolfa038, Kolfa041, Kolfe023, LID002, LID007, LID013, SH009, SH040, SH068, SH071, SH076, SH081, SH100"},"geometry":{"type":"LineString","coordinates":[[38.72119,9.011592],[38.721153,9.011735],[38.721165,9.011808]]}},{"type":"Feature","properties":{"mode":"bus","n":68,"arr":["A09","AB003","AB018","AB026","AB036","AB036(S)","AB037","AB050","AB051","AB058","AB058(S)","AB059","AB062","AB065","AB066","AB070","AB073","AB087","AB090","AB091","AB105","AB123","AB130","ADK011","ADK028","ADK043","ADK052","ARD006","Kolfa001","Kolfa004","Kolfa009","Kolfa010","Kolfa011","Kolfa012","Kolfa013","Kolfa014","Kolfa016","Kolfa017","Kolfa018","Kolfa019","Kolfa020","Kolfa021","Kolfa022","Kolfa024","Kolfa025","Kolfa026","Kolfa027","Kolfa028","Kolfa031","Kolfa033","Kolfa034","Kolfa036","Kolfa037","Kolfa038","Kolfa041","Kolfe023","Kolfe035","LID002","LID007","LID013","SH009","SH010","SH040","SH068","SH071","SH076","SH081","SH100"],"lines":"A09, AB003, AB018, AB026, AB036, AB036(S), AB037, AB050, AB051, AB058, AB058(S), AB059, AB062, AB065, AB066, AB070, AB073, AB087, AB090, AB091, AB105, AB123, AB130, ADK011, ADK028, ADK043, ADK052, ARD006, Kolfa001, Kolfa004, Kolfa009, Kolfa010, Kolfa011, Kolfa012, Kolfa013, Kolfa014, Kolfa016, Kolfa017, Kolfa018, Kolfa019, Kolfa020, Kolfa021, Kolfa022, Kolfa024, Kolfa025, Kolfa026, Kolfa027, Kolfa028, Kolfa031, Kolfa033, Kolfa034, Kolfa036, Kolfa037, Kolfa038, Kolfa041, Kolfe023, Kolfe035, LID002, LID007, LID013, SH009, SH010, SH040, SH068, SH071, SH076, SH081, SH100"},"geometry":{"type":"LineString","coordinates":[[38.721226,9.01154],[38.72119,9.011592]]}},{"type":"Feature","properties":{"mode":"bus","n":44,"arr":["A09","AB003","AB026","AB036","AB036(S)","AB050","AB051","AB058","AB058(S)","AB059","AB062","AB065","AB066","AB070","AB077","AB087","AB090","AB091","AB130","Kolfa008","Kolfa011","Kolfa013","Kolfa015","Kolfa017","Kolfa019","Kolfa020","Kolfa021","Kolfa022","Kolfa025","Kolfa033","Kolfa038","Kolfa041","Kolfe003","Kolfe023","LID002","LID005","LID007","LID013","SH009","SH040","SH068","SH071","SH081","SH100"],"lines":"A09, AB003, AB026, AB036, AB036(S), AB050, AB051, AB058, AB058(S), AB059, AB062, AB065, AB066, AB070, AB077, AB087, AB090, AB091, AB130, Kolfa008, Kolfa011, Kolfa013, Kolfa015, Kolfa017, Kolfa019, Kolfa020, Kolfa021, Kolfa022, Kolfa025, Kolfa033, Kolfa038, Kolfa041, Kolfe003, Kolfe023, LID002, LID005, LID007, LID013, SH009, SH040, SH068, SH071, SH081, SH100"},"geometry":{"type":"LineString","coordinates":[[38.70838,8.987174],[38.708397,8.987259]]}},{"type":"Feature","properties":{"mode":"bus","n":44,"arr":["A09","AB003","AB026","AB036","AB036(S)","AB050","AB051","AB058","AB058(S)","AB059","AB062","AB065","AB066","AB070","AB077","AB087","AB090","AB091","AB130","Kolfa008","Kolfa011","Kolfa013","Kolfa015","Kolfa017","Kolfa019","Kolfa020","Kolfa021","Kolfa022","Kolfa025","Kolfa033","Kolfa038","Kolfa041","Kolfe003","Kolfe023","LID002","LID005","LID007","LID013","SH009","SH040","SH068","SH071","SH081","SH100"],"lines":"A09, AB003, AB026, AB036, AB036(S), AB050, AB051, AB058, AB058(S), AB059, AB062, AB065, AB066, AB070, AB077, AB087, AB090, AB091, AB130, Kolfa008, Kolfa011, Kolfa013, Kolfa015, Kolfa017, Kolfa019, Kolfa020, Kolfa021, Kolfa022, Kolfa025, Kolfa033, Kolfa038, Kolfa041, Kolfe003, Kolfe023, LID002, LID005, LID007, LID013, SH009, SH040, SH068, SH071, SH081, SH100"},"geometry":{"type":"LineString","coordinates":[[38.70894,8.987723],[38.708684,8.987467]]}},{"type":"Feature","properties":{"mode":"bus","n":6,"arr":["A09","AB058","AB058(S)","AB065","Kolfe003","Lafto020"],"lines":"A09, AB058, AB058(S), AB065, Kolfe003, Lafto020"},"geometry":{"type":"LineString","coordinates":[[38.689097,8.992021],[38.689199,8.991993],[38.689285,8.991931]]}},{"type":"Feature","properties":{"mode":"bus","n":6,"arr":["A18","AB078","Lafto015","Lafto019","SH069","SH075"],"lines":"A18, AB078, Lafto015, Lafto019, SH069, SH075"},"geometry":{"type":"LineString","coordinates":[[38.691982,8.951539],[38.693018,8.951885],[38.69365,8.952136],[38.694155,8.952369],[38.694611,8.952611],[38.695064,8.952894],[38.696344,8.953796],[38.696624,8.95394],[38.696656,8.953949],[38.69669,8.953944],[38.69682,8.953892],[38.696926,8.953876],[38.697051,8.95388],[38.697261,8.953944],[38.697437,8.954075],[38.697557,8.954257],[38.697607,8.954468],[38.697582,8.954685],[38.697631,8.954838],[38.697711,8.954965],[38.697895,8.955141],[38.698528,8.955634]]}},{"type":"Feature","properties":{"mode":"bus","n":6,"arr":["A18","AB078","Lafto015","Lafto019","SH069","SH075"],"lines":"A18, AB078, Lafto015, Lafto019, SH069, SH075"},"geometry":{"type":"LineString","coordinates":[[38.693859,8.95247],[38.692986,8.952092],[38.691916,8.951752]]}},{"type":"Feature","properties":{"mode":"bus","n":6,"arr":["A18","AB078","Lafto015","Lafto019","SH069","SH075"],"lines":"A18, AB078, Lafto015, Lafto019, SH069, SH075"},"geometry":{"type":"LineString","coordinates":[[38.698426,8.955825],[38.698387,8.955794]]}},{"type":"Feature","properties":{"mode":"bus","n":43,"arr":["A18","AB003","AB004","AB034","AB036","AB037","AB050","AB058","AB062","AB070","AB071","AB073","AB090","AB092","AB104","AB105","AB107","AB130","ADK022","ADK038","ADK044","ARD012","B19","Kolfa004","Kolfa009","Kolfa014","Kolfa016","Kolfa019","Kolfa031","Kolfa036","Kolfa037","Lafto017","Lafto018","Lafto025","Lafto030","Lafto042","LID004","LID007","LID009","SH075","SH081","SH100","SH105"],"lines":"A18, AB003, AB004, AB034, AB036, AB037, AB050, AB058, AB062, AB070, AB071, AB073, AB090, AB092, AB104, AB105, AB107, AB130, ADK022, ADK038, ADK044, ARD012, B19, Kolfa004, Kolfa009, Kolfa014, Kolfa016, Kolfa019, Kolfa031, Kolfa036, Kolfa037, Lafto017, Lafto018, Lafto025, Lafto030, Lafto042, LID004, LID007, LID009, SH075, SH081, SH100, SH105"},"geometry":{"type":"LineString","coordinates":[[38.744304,9.010019],[38.74452,9.010021]]}},{"type":"Feature","properties":{"mode":"bus","n":41,"arr":["A18","AB003","AB004","AB034","AB036","AB037","AB050","AB058","AB062","AB070","AB071","AB073","AB090","AB092","AB104","AB105","AB107","AB130","ADK022","ADK038","ADK044","ARD012","B19","Kolfa004","Kolfa009","Kolfa014","Kolfa016","Kolfa019","Kolfa031","Kolfa036","Kolfa037","Lafto018","Lafto025","Lafto030","Lafto042","LID004","LID007","LID009","SH081","SH100","SH105"],"lines":"A18, AB003, AB004, AB034, AB036, AB037, AB050, AB058, AB062, AB070, AB071, AB073, AB090, AB092, AB104, AB105, AB107, AB130, ADK022, ADK038, ADK044, ARD012, B19, Kolfa004, Kolfa009, Kolfa014, Kolfa016, Kolfa019, Kolfa031, Kolfa036, Kolfa037, Lafto018, Lafto025, Lafto030, Lafto042, LID004, LID007, LID009, SH081, SH100, SH105"},"geometry":{"type":"LineString","coordinates":[[38.74452,9.010021],[38.74472,9.010107]]}},{"type":"Feature","properties":{"mode":"bus","n":47,"arr":["A18","AB002","AB003","AB004","AB005","AB034","AB036","AB036(S)","AB037","AB050","AB058","AB062","AB070","AB071","AB073","AB078","AB090","AB092","AB103","AB104","AB105","AB107","AB130","ADK022","ADK038","ADK044","ARD012","B19","Kolfa004","Kolfa009","Kolfa014","Kolfa016","Kolfa019","Kolfa031","Kolfa036","Kolfa037","Lafto017","Lafto018","Lafto025","Lafto030","Lafto042","LID004","LID007","LID009","SH081","SH100","SH105"],"lines":"A18, AB002, AB003, AB004, AB005, AB034, AB036, AB036(S), AB037, AB050, AB058, AB062, AB070, AB071, AB073, AB078, AB090, AB092, AB103, AB104, AB105, AB107, AB130, ADK022, ADK038, ADK044, ARD012, B19, Kolfa004, Kolfa009, Kolfa014, Kolfa016, Kolfa019, Kolfa031, Kolfa036, Kolfa037, Lafto017, Lafto018, Lafto025, Lafto030, Lafto042, LID004, LID007, LID009, SH081, SH100, SH105"},"geometry":{"type":"LineString","coordinates":[[38.74472,9.010107],[38.744824,9.010195],[38.744874,9.010287]]}},{"type":"Feature","properties":{"mode":"bus","n":34,"arr":["A18","AB002","AB003","AB004","AB005","AB034","AB036","AB036(S)","AB037","AB050","AB058","AB062","AB070","AB071","AB073","AB090","AB092","AB103","AB105","AB107","ADK038","ADK044","ARD012","Kolfa004","Kolfa009","Kolfa014","Kolfa016","Kolfa019","Kolfa031","Lafto017","Lafto025","LID007","SH100","SH105"],"lines":"A18, AB002, AB003, AB004, AB005, AB034, AB036, AB036(S), AB037, AB050, AB058, AB062, AB070, AB071, AB073, AB090, AB092, AB103, AB105, AB107, ADK038, ADK044, ARD012, Kolfa004, Kolfa009, Kolfa014, Kolfa016, Kolfa019, Kolfa031, Lafto017, Lafto025, LID007, SH100, SH105"},"geometry":{"type":"LineString","coordinates":[[38.744874,9.010287],[38.744892,9.010388],[38.744878,9.010524]]}},{"type":"Feature","properties":{"mode":"bus","n":46,"arr":["A18","AB002","AB003","AB004","AB005","AB034","AB036","AB036(S)","AB037","AB050","AB058","AB062","AB068","AB070","AB071","AB073","AB090","AB092","AB103","AB105","AB107","AB130","ADK022","ADK038","ADK044","ARD012","B19","Kolfa004","Kolfa009","Kolfa014","Kolfa016","Kolfa019","Kolfa031","Kolfa036","Kolfa037","Lafto017","Lafto018","Lafto025","Lafto030","Lafto042","LID004","LID007","LID009","SH081","SH100","SH105"],"lines":"A18, AB002, AB003, AB004, AB005, AB034, AB036, AB036(S), AB037, AB050, AB058, AB062, AB068, AB070, AB071, AB073, AB090, AB092, AB103, AB105, AB107, AB130, ADK022, ADK038, ADK044, ARD012, B19, Kolfa004, Kolfa009, Kolfa014, Kolfa016, Kolfa019, Kolfa031, Kolfa036, Kolfa037, Lafto017, Lafto018, Lafto025, Lafto030, Lafto042, LID004, LID007, LID009, SH081, SH100, SH105"},"geometry":{"type":"LineString","coordinates":[[38.744878,9.010524],[38.744847,9.010612]]}},{"type":"Feature","properties":{"mode":"bus","n":36,"arr":["A18","AB003","AB005","AB006","AB014","AB037","AB045","AB048","AB103","AB104","AB107","ADK042","ARD002","ARD004","ARD005","ARD006","ARD008","ARD012","ARD016","Bole018","Bole019","C15","C50","Gl011","Kolfa014","KRK016","Lafto014","Lafto017","Lafto025","LID003","LID010","SH016","SH079","SH099","SH100","SH105"],"lines":"A18, AB003, AB005, AB006, AB014, AB037, AB045, AB048, AB103, AB104, AB107, ADK042, ARD002, ARD004, ARD005, ARD006, ARD008, ARD012, ARD016, Bole018, Bole019, C15, C50, Gl011, Kolfa014, KRK016, Lafto014, Lafto017, Lafto025, LID003, LID010, SH016, SH079, SH099, SH100, SH105"},"geometry":{"type":"LineString","coordinates":[[38.751755,9.026859],[38.75182,9.026899]]}},{"type":"Feature","properties":{"mode":"bus","n":36,"arr":["A18","AB003","AB005","AB006","AB014","AB037","AB045","AB048","AB103","AB104","AB107","ADK042","ARD002","ARD004","ARD005","ARD006","ARD008","ARD012","ARD016","Bole018","Bole019","C15","C50","Gl011","Kolfa014","KRK016","Lafto014","Lafto017","Lafto025","LID003","LID010","SH016","SH079","SH099","SH100","SH105"],"lines":"A18, AB003, AB005, AB006, AB014, AB037, AB045, AB048, AB103, AB104, AB107, ADK042, ARD002, ARD004, ARD005, ARD006, ARD008, ARD012, ARD016, Bole018, Bole019, C15, C50, Gl011, Kolfa014, KRK016, Lafto014, Lafto017, Lafto025, LID003, LID010, SH016, SH079, SH099, SH100, SH105"},"geometry":{"type":"LineString","coordinates":[[38.751889,9.027008],[38.751894,9.027105]]}},{"type":"Feature","properties":{"mode":"bus","n":36,"arr":["A18","AB003","AB005","AB006","AB014","AB037","AB045","AB048","AB103","AB104","AB107","ADK042","ARD002","ARD004","ARD005","ARD006","ARD008","ARD012","ARD016","Bole018","Bole019","C15","C50","Gl011","Kolfa014","KRK016","Lafto014","Lafto017","Lafto025","LID003","LID010","SH016","SH079","SH099","SH100","SH105"],"lines":"A18, AB003, AB005, AB006, AB014, AB037, AB045, AB048, AB103, AB104, AB107, ADK042, ARD002, ARD004, ARD005, ARD006, ARD008, ARD012, ARD016, Bole018, Bole019, C15, C50, Gl011, Kolfa014, KRK016, Lafto014, Lafto017, Lafto025, LID003, LID010, SH016, SH079, SH099, SH100, SH105"},"geometry":{"type":"LineString","coordinates":[[38.751586,9.027282],[38.75147,9.027188]]}},{"type":"Feature","properties":{"mode":"bus","n":36,"arr":["A18","AB003","AB005","AB006","AB014","AB037","AB045","AB048","AB103","AB104","AB107","ADK042","ARD002","ARD004","ARD005","ARD006","ARD008","ARD012","ARD016","Bole018","Bole019","C15","C50","Gl011","Kolfa014","KRK016","Lafto014","Lafto017","Lafto025","LID003","LID010","SH016","SH079","SH099","SH100","SH105"],"lines":"A18, AB003, AB005, AB006, AB014, AB037, AB045, AB048, AB103, AB104, AB107, ADK042, ARD002, ARD004, ARD005, ARD006, ARD008, ARD012, ARD016, Bole018, Bole019, C15, C50, Gl011, Kolfa014, KRK016, Lafto014, Lafto017, Lafto025, LID003, LID010, SH016, SH079, SH099, SH100, SH105"},"geometry":{"type":"LineString","coordinates":[[38.751439,9.027031],[38.751502,9.026909],[38.751624,9.026845]]}},{"type":"Feature","properties":{"mode":"bus","n":34,"arr":["A18","AB003","AB005","AB006","AB014","AB037","AB045","AB048","AB103","AB104","AB107","ARD002","ARD004","ARD005","ARD006","ARD008","ARD012","ARD016","Bole018","Bole019","C15","C50","Gl011","Kolfa014","KRK016","Lafto014","Lafto017","Lafto025","LID003","SH016","SH079","SH099","SH100","SH105"],"lines":"A18, AB003, AB005, AB006, AB014, AB037, AB045, AB048, AB103, AB104, AB107, ARD002, ARD004, ARD005, ARD006, ARD008, ARD012, ARD016, Bole018, Bole019, C15, C50, Gl011, Kolfa014, KRK016, Lafto014, Lafto017, Lafto025, LID003, SH016, SH079, SH099, SH100, SH105"},"geometry":{"type":"LineString","coordinates":[[38.751889,9.027008],[38.75182,9.026899]]}},{"type":"Feature","properties":{"mode":"bus","n":34,"arr":["A18","AB003","AB005","AB006","AB014","AB037","AB045","AB048","AB103","AB104","AB107","ARD002","ARD004","ARD005","ARD006","ARD008","ARD012","ARD016","Bole018","Bole019","C15","C50","Gl011","Kolfa014","KRK016","Lafto014","Lafto017","Lafto025","LID003","SH016","SH079","SH099","SH100","SH105"],"lines":"A18, AB003, AB005, AB006, AB014, AB037, AB045, AB048, AB103, AB104, AB107, ARD002, ARD004, ARD005, ARD006, ARD008, ARD012, ARD016, Bole018, Bole019, C15, C50, Gl011, Kolfa014, KRK016, Lafto014, Lafto017, Lafto025, LID003, SH016, SH079, SH099, SH100, SH105"},"geometry":{"type":"LineString","coordinates":[[38.751136,9.032175],[38.751201,9.031264],[38.751406,9.029215],[38.751528,9.028256],[38.751586,9.027282]]}},{"type":"Feature","properties":{"mode":"bus","n":35,"arr":["A18","AB003","AB005","AB006","AB014","AB037","AB045","AB048","AB103","AB104","AB107","ADK042","ARD002","ARD004","ARD005","ARD006","ARD008","ARD012","ARD016","Bole018","Bole019","C15","C50","Kolfa014","KRK016","Lafto014","Lafto017","Lafto025","LID003","LID010","SH016","SH079","SH099","SH100","SH105"],"lines":"A18, AB003, AB005, AB006, AB014, AB037, AB045, AB048, AB103, AB104, AB107, ADK042, ARD002, ARD004, ARD005, ARD006, ARD008, ARD012, ARD016, Bole018, Bole019, C15, C50, Kolfa014, KRK016, Lafto014, Lafto017, Lafto025, LID003, LID010, SH016, SH079, SH099, SH100, SH105"},"geometry":{"type":"LineString","coordinates":[[38.751894,9.027105],[38.751868,9.027179],[38.751818,9.02724],[38.751701,9.027293]]}},{"type":"Feature","properties":{"mode":"bus","n":50,"arr":["A18","AB005","AB006","AB008","AB012","AB013","AB014","AB015","AB016","AB017","AB020","AB023","AB030","AB037","AB040","AB045","AB048","AB081","AB088","AB089","AB094","AB103","AB104","AB107","AB123","ADK008","ADK013","ADK023","ADK057","ADK058","ARD001","ARD003","B37","C15","C31","C50","Gl003","Gl008","Gl010","Gl011","SH016","SH071","SH079","SH099","SH100","SH105","YK013","YK017","YK019","YK021"],"lines":"A18, AB005, AB006, AB008, AB012, AB013, AB014, AB015, AB016, AB017, AB020, AB023, AB030, AB037, AB040, AB045, AB048, AB081, AB088, AB089, AB094, AB103, AB104, AB107, AB123, ADK008, ADK013, ADK023, ADK057, ADK058, ARD001, ARD003, B37, C15, C31, C50, Gl003, Gl008, Gl010, Gl011, SH016, SH071, SH079, SH099, SH100, SH105, YK013, YK017, YK019, YK021"},"geometry":{"type":"LineString","coordinates":[[38.75264,9.03563],[38.752708,9.035778]]}},{"type":"Feature","properties":{"mode":"bus","n":46,"arr":["A18","AB005","AB006","AB008","AB012","AB013","AB015","AB016","AB017","AB020","AB023","AB030","AB037","AB040","AB045","AB048","AB081","AB088","AB089","AB094","AB103","AB104","AB107","AB123","ADK008","ADK013","ADK023","ADK057","ADK058","ARD001","ARD003","B37","C31","C50","Gl003","Gl008","Gl010","Gl011","SH071","SH079","SH100","SH105","YK013","YK017","YK019","YK021"],"lines":"A18, AB005, AB006, AB008, AB012, AB013, AB015, AB016, AB017, AB020, AB023, AB030, AB037, AB040, AB045, AB048, AB081, AB088, AB089, AB094, AB103, AB104, AB107, AB123, ADK008, ADK013, ADK023, ADK057, ADK058, ARD001, ARD003, B37, C31, C50, Gl003, Gl008, Gl010, Gl011, SH071, SH079, SH100, SH105, YK013, YK017, YK019, YK021"},"geometry":{"type":"LineString","coordinates":[[38.75271,9.03586],[38.752708,9.035778]]}},{"type":"Feature","properties":{"mode":"bus","n":45,"arr":["A18","AB005","AB006","AB008","AB012","AB013","AB015","AB016","AB017","AB020","AB023","AB030","AB037","AB040","AB045","AB048","AB081","AB088","AB089","AB094","AB103","AB104","AB107","ADK008","ADK013","ADK023","ADK057","ADK058","ARD001","ARD003","B37","C31","C50","Gl003","Gl008","Gl010","Gl011","SH071","SH079","SH100","SH105","YK013","YK017","YK019","YK021"],"lines":"A18, AB005, AB006, AB008, AB012, AB013, AB015, AB016, AB017, AB020, AB023, AB030, AB037, AB040, AB045, AB048, AB081, AB088, AB089, AB094, AB103, AB104, AB107, ADK008, ADK013, ADK023, ADK057, ADK058, ARD001, ARD003, B37, C31, C50, Gl003, Gl008, Gl010, Gl011, SH071, SH079, SH100, SH105, YK013, YK017, YK019, YK021"},"geometry":{"type":"LineString","coordinates":[[38.752619,9.036038],[38.75268,9.035957],[38.75271,9.03586]]}},{"type":"Feature","properties":{"mode":"bus","n":41,"arr":["A18","AB005","AB006","AB008","AB012","AB013","AB015","AB016","AB017","AB020","AB023","AB030","AB037","AB040","AB045","AB048","AB081","AB088","AB089","AB094","AB104","AB131","ADK008","ADK013","ADK023","ADK058","ARD001","ARD003","B37","C31","C50","Gl003","Gl008","Gl010","Gl011","SH079","SH105","YK013","YK017","YK019","YK021"],"lines":"A18, AB005, AB006, AB008, AB012, AB013, AB015, AB016, AB017, AB020, AB023, AB030, AB037, AB040, AB045, AB048, AB081, AB088, AB089, AB094, AB104, AB131, ADK008, ADK013, ADK023, ADK058, ARD001, ARD003, B37, C31, C50, Gl003, Gl008, Gl010, Gl011, SH079, SH105, YK013, YK017, YK019, YK021"},"geometry":{"type":"LineString","coordinates":[[38.752507,9.036106],[38.752619,9.036038]]}},{"type":"Feature","properties":{"mode":"bus","n":37,"arr":["A18","AB003","AB005","AB006","AB008","AB012","AB013","AB016","AB020","AB023","AB030","AB037","AB040","AB045","AB048","AB088","AB104","AB129","AB131","ADK008","ADK013","ADK023","ADK057","ADK058","B37","C17","C31","C50","C51","Gl010","Gl011","SH079","SH099","SH105","YK013","YK017","YK019"],"lines":"A18, AB003, AB005, AB006, AB008, AB012, AB013, AB016, AB020, AB023, AB030, AB037, AB040, AB045, AB048, AB088, AB104, AB129, AB131, ADK008, ADK013, ADK023, ADK057, ADK058, B37, C17, C31, C50, C51, Gl010, Gl011, SH079, SH099, SH105, YK013, YK017, YK019"},"geometry":{"type":"LineString","coordinates":[[38.752117,9.0359],[38.752176,9.036014],[38.752279,9.036092]]}},{"type":"Feature","properties":{"mode":"bus","n":15,"arr":["A18","AB003","AB006","AB037","AB045","AB048","AB129","C17","C31","C50","C51","Gl011","SH079","SH099","SH105"],"lines":"A18, AB003, AB006, AB037, AB045, AB048, AB129, C17, C31, C50, C51, Gl011, SH079, SH099, SH105"},"geometry":{"type":"LineString","coordinates":[[38.752152,9.035666],[38.752107,9.03582],[38.752117,9.0359]]}},{"type":"Feature","properties":{"mode":"bus","n":45,"arr":["A18","AB003","AB006","AB008","AB012","AB013","AB015","AB016","AB017","AB019","AB020","AB023","AB030","AB037","AB040","AB045","AB048","AB081","AB088","AB089","AB108","AB111","AB123","AB129","ADK008","ADK013","ADK023","ADK037","ADK057","ADK058","B37","C17","C31","C50","C51","Gl010","Gl011","Gl015","SH071","SH079","SH099","SH105","YK013","YK017","YK019"],"lines":"A18, AB003, AB006, AB008, AB012, AB013, AB015, AB016, AB017, AB019, AB020, AB023, AB030, AB037, AB040, AB045, AB048, AB081, AB088, AB089, AB108, AB111, AB123, AB129, ADK008, ADK013, ADK023, ADK037, ADK057, ADK058, B37, C17, C31, C50, C51, Gl010, Gl011, Gl015, SH071, SH079, SH099, SH105, YK013, YK017, YK019"},"geometry":{"type":"LineString","coordinates":[[38.752212,9.035597],[38.752152,9.035666]]}},{"type":"Feature","properties":{"mode":"bus","n":38,"arr":["A18","AB008","AB012","AB013","AB015","AB016","AB017","AB019","AB020","AB023","AB030","AB040","AB048","AB081","AB088","AB089","AB108","AB111","AB123","AB129","ADK008","ADK013","ADK023","ADK037","ADK057","ADK058","B37","C17","C31","C51","Gl010","Gl015","SH071","SH099","SH105","YK013","YK017","YK019"],"lines":"A18, AB008, AB012, AB013, AB015, AB016, AB017, AB019, AB020, AB023, AB030, AB040, AB048, AB081, AB088, AB089, AB108, AB111, AB123, AB129, ADK008, ADK013, ADK023, ADK037, ADK057, ADK058, B37, C17, C31, C51, Gl010, Gl015, SH071, SH099, SH105, YK013, YK017, YK019"},"geometry":{"type":"LineString","coordinates":[[38.752284,9.035551],[38.752212,9.035597]]}},{"type":"Feature","properties":{"mode":"bus","n":36,"arr":["AB008","AB012","AB013","AB015","AB016","AB017","AB019","AB020","AB023","AB030","AB040","AB048","AB081","AB088","AB089","AB108","AB111","AB123","AB129","ADK008","ADK013","ADK023","ADK037","ADK057","ADK058","B37","C17","C31","C51","Gl010","Gl015","SH071","SH099","YK013","YK017","YK019"],"lines":"AB008, AB012, AB013, AB015, AB016, AB017, AB019, AB020, AB023, AB030, AB040, AB048, AB081, AB088, AB089, AB108, AB111, AB123, AB129, ADK008, ADK013, ADK023, ADK037, ADK057, ADK058, B37, C17, C31, C51, Gl010, Gl015, SH071, SH099, YK013, YK017, YK019"},"geometry":{"type":"LineString","coordinates":[[38.752432,9.035525],[38.752284,9.035551]]}},{"type":"Feature","properties":{"mode":"bus","n":32,"arr":["A18","AB003","AB005","AB006","AB014","AB037","AB045","AB048","AB103","AB104","AB107","ARD002","ARD004","ARD005","ARD008","ARD012","ARD016","Bole018","Bole019","C15","C50","Gl011","Kolfa014","KRK016","Lafto014","Lafto017","Lafto025","SH016","SH079","SH099","SH100","SH105"],"lines":"A18, AB003, AB005, AB006, AB014, AB037, AB045, AB048, AB103, AB104, AB107, ARD002, ARD004, ARD005, ARD008, ARD012, ARD016, Bole018, Bole019, C15, C50, Gl011, Kolfa014, KRK016, Lafto014, Lafto017, Lafto025, SH016, SH079, SH099, SH100, SH105"},"geometry":{"type":"LineString","coordinates":[[38.75147,9.027188],[38.751439,9.027031]]}},{"type":"Feature","properties":{"mode":"bus","n":32,"arr":["A18","AB003","AB005","AB006","AB014","AB037","AB045","AB048","AB103","AB104","AB107","ARD002","ARD004","ARD005","ARD008","ARD012","ARD016","Bole018","Bole019","C15","C50","Gl011","Kolfa014","KRK016","Lafto014","Lafto017","Lafto025","SH016","SH079","SH099","SH100","SH105"],"lines":"A18, AB003, AB005, AB006, AB014, AB037, AB045, AB048, AB103, AB104, AB107, ARD002, ARD004, ARD005, ARD008, ARD012, ARD016, Bole018, Bole019, C15, C50, Gl011, Kolfa014, KRK016, Lafto014, Lafto017, Lafto025, SH016, SH079, SH099, SH100, SH105"},"geometry":{"type":"LineString","coordinates":[[38.75221,9.021444],[38.751888,9.024928],[38.751755,9.026859]]}},{"type":"Feature","properties":{"mode":"bus","n":48,"arr":["A18","AB002","AB003","AB004","AB005","AB034","AB036","AB036(S)","AB037","AB050","AB058","AB062","AB067","AB068","AB070","AB071","AB073","AB090","AB092","AB103","AB104","AB105","AB107","AB130","ADK022","ADK038","ADK044","ARD012","B19","Kolfa004","Kolfa009","Kolfa014","Kolfa016","Kolfa019","Kolfa031","Kolfa036","Kolfa037","Lafto017","Lafto018","Lafto025","Lafto030","Lafto042","LID004","LID007","LID009","SH081","SH100","SH105"],"lines":"A18, AB002, AB003, AB004, AB005, AB034, AB036, AB036(S), AB037, AB050, AB058, AB062, AB067, AB068, AB070, AB071, AB073, AB090, AB092, AB103, AB104, AB105, AB107, AB130, ADK022, ADK038, ADK044, ARD012, B19, Kolfa004, Kolfa009, Kolfa014, Kolfa016, Kolfa019, Kolfa031, Kolfa036, Kolfa037, Lafto017, Lafto018, Lafto025, Lafto030, Lafto042, LID004, LID007, LID009, SH081, SH100, SH105"},"geometry":{"type":"LineString","coordinates":[[38.744719,9.010714],[38.744756,9.010693]]}},{"type":"Feature","properties":{"mode":"bus","n":36,"arr":["A18","AB002","AB003","AB004","AB005","AB034","AB036","AB037","AB050","AB058","AB062","AB067","AB068","AB070","AB071","AB073","AB090","AB092","AB103","AB104","AB105","AB107","AB130","ADK044","B19","Kolfa014","Kolfa036","Kolfa037","Lafto017","Lafto025","Lafto042","LID004","LID009","SH081","SH100","SH105"],"lines":"A18, AB002, AB003, AB004, AB005, AB034, AB036, AB037, AB050, AB058, AB062, AB067, AB068, AB070, AB071, AB073, AB090, AB092, AB103, AB104, AB105, AB107, AB130, ADK044, B19, Kolfa014, Kolfa036, Kolfa037, Lafto017, Lafto025, Lafto042, LID004, LID009, SH081, SH100, SH105"},"geometry":{"type":"LineString","coordinates":[[38.744526,9.010739],[38.744719,9.010714]]}},{"type":"Feature","properties":{"mode":"bus","n":14,"arr":["A18","AB005","AB067","AB103","AB104","AB107","ADK022","ADK038","ARD012","Lafto017","Lafto018","Lafto025","Lafto030","SH105"],"lines":"A18, AB005, AB067, AB103, AB104, AB107, ADK022, ADK038, ARD012, Lafto017, Lafto018, Lafto025, Lafto030, SH105"},"geometry":{"type":"LineString","coordinates":[[38.744117,9.010498],[38.744079,9.010455],[38.744046,9.010333],[38.744038,9.010279],[38.744065,9.01017]]}},{"type":"Feature","properties":{"mode":"bus","n":46,"arr":["A18","AB002","AB003","AB004","AB005","AB034","AB036","AB037","AB050","AB058","AB062","AB067","AB070","AB071","AB073","AB090","AB092","AB103","AB104","AB105","AB107","AB130","ADK022","ADK038","ADK044","ARD012","B19","Kolfa004","Kolfa009","Kolfa014","Kolfa016","Kolfa019","Kolfa031","Kolfa036","Kolfa037","Lafto017","Lafto018","Lafto025","Lafto030","Lafto042","LID004","LID007","LID009","SH081","SH100","SH105"],"lines":"A18, AB002, AB003, AB004, AB005, AB034, AB036, AB037, AB050, AB058, AB062, AB067, AB070, AB071, AB073, AB090, AB092, AB103, AB104, AB105, AB107, AB130, ADK022, ADK038, ADK044, ARD012, B19, Kolfa004, Kolfa009, Kolfa014, Kolfa016, Kolfa019, Kolfa031, Kolfa036, Kolfa037, Lafto017, Lafto018, Lafto025, Lafto030, Lafto042, LID004, LID007, LID009, SH081, SH100, SH105"},"geometry":{"type":"LineString","coordinates":[[38.744065,9.01017],[38.744123,9.010095]]}},{"type":"Feature","properties":{"mode":"bus","n":7,"arr":["A24","AB009","AB060","AB078","ARD016","Bole023","KRK007"],"lines":"A24, AB009, AB060, AB078, ARD016, Bole023, KRK007"},"geometry":{"type":"LineString","coordinates":[[38.774768,9.011191],[38.774732,9.0112]]}},{"type":"Feature","properties":{"mode":"bus","n":5,"arr":["A24","AB060","AB078","ARD016","Bole023"],"lines":"A24, AB060, AB078, ARD016, Bole023"},"geometry":{"type":"LineString","coordinates":[[38.774732,9.0112],[38.774667,9.0112],[38.774551,9.011145]]}},{"type":"Feature","properties":{"mode":"bus","n":5,"arr":["A24","AB060","AB078","ARD016","Bole023"],"lines":"A24, AB060, AB078, ARD016, Bole023"},"geometry":{"type":"LineString","coordinates":[[38.774513,9.0111],[38.774278,9.010965],[38.77343,9.01056],[38.772513,9.01027]]}},{"type":"Feature","properties":{"mode":"bus","n":8,"arr":["A24","AB009","AB060","AB078","ARD016","Bole023","KRK004","KRK007"],"lines":"A24, AB009, AB060, AB078, ARD016, Bole023, KRK004, KRK007"},"geometry":{"type":"LineString","coordinates":[[38.774551,9.011145],[38.774513,9.0111]]}},{"type":"Feature","properties":{"mode":"bus","n":13,"arr":["A24","AB009","AB029","AB078","AB130","ARD016","Bole023","Kolfa037","KRK004","KRK007","LID009","SH067","SH081"],"lines":"A24, AB009, AB029, AB078, AB130, ARD016, Bole023, Kolfa037, KRK004, KRK007, LID009, SH067, SH081"},"geometry":{"type":"LineString","coordinates":[[38.774629,9.010785],[38.774658,9.010777]]}},{"type":"Feature","properties":{"mode":"bus","n":13,"arr":["A24","AB009","AB029","AB078","AB130","ARD016","Bole023","Kolfa037","KRK004","KRK007","LID009","SH067","SH081"],"lines":"A24, AB009, AB029, AB078, AB130, ARD016, Bole023, Kolfa037, KRK004, KRK007, LID009, SH067, SH081"},"geometry":{"type":"LineString","coordinates":[[38.774842,9.010827],[38.774881,9.010872]]}},{"type":"Feature","properties":{"mode":"bus","n":9,"arr":["A24","AB029","AB078","AB130","Kolfa037","KRK004","LID009","SH067","SH081"],"lines":"A24, AB029, AB078, AB130, Kolfa037, KRK004, LID009, SH067, SH081"},"geometry":{"type":"LineString","coordinates":[[38.774658,9.010777],[38.774787,9.010792],[38.774842,9.010827]]}},{"type":"Feature","properties":{"mode":"bus","n":9,"arr":["A24","AB029","AB078","AB130","Kolfa037","KRK004","LID009","SH067","SH081"],"lines":"A24, AB029, AB078, AB130, Kolfa037, KRK004, LID009, SH067, SH081"},"geometry":{"type":"LineString","coordinates":[[38.774881,9.010872],[38.776715,9.011834],[38.7768,9.011943]]}},{"type":"Feature","properties":{"mode":"bus","n":21,"arr":["AB001","AB010","AB011","AB013","AB015","AB040","AB064","AB079","AB081","AB126","AB129","AB131","ADK057","ARD001","C17","C51","SH095","TX008","YK017","YK019","YK021"],"lines":"AB001, AB010, AB011, AB013, AB015, AB040, AB064, AB079, AB081, AB126, AB129, AB131, ADK057, ARD001, C17, C51, SH095, TX008, YK017, YK019, YK021"},"geometry":{"type":"LineString","coordinates":[[38.763464,9.032646],[38.76332,9.032643]]}},{"type":"Feature","properties":{"mode":"bus","n":36,"arr":["AB001","AB010","AB011","AB015","AB023","AB033","AB040","AB046","AB064","AB079","AB080","AB081","AB083","AB089","AB112","AB126","AB129","AB131","ADK057","ARD001","ARD007","C17","C51","Gl005","SH035","SH080","SH095","TX006","TX008","YK001","YK006","YK008","YK011","YK017","YK019","YK021"],"lines":"AB001, AB010, AB011, AB015, AB023, AB033, AB040, AB046, AB064, AB079, AB080, AB081, AB083, AB089, AB112, AB126, AB129, AB131, ADK057, ARD001, ARD007, C17, C51, Gl005, SH035, SH080, SH095, TX006, TX008, YK001, YK006, YK008, YK011, YK017, YK019, YK021"},"geometry":{"type":"LineString","coordinates":[[38.777216,9.034644],[38.777329,9.034618],[38.777456,9.03467],[38.777838,9.034606],[38.778098,9.034594],[38.778321,9.034613],[38.778515,9.034663],[38.77907,9.034879],[38.77925,9.034914],[38.779528,9.034867],[38.779677,9.034804],[38.779818,9.03471],[38.779936,9.034592]]}},{"type":"Feature","properties":{"mode":"bus","n":36,"arr":["AB001","AB010","AB011","AB015","AB023","AB033","AB040","AB046","AB064","AB079","AB080","AB081","AB083","AB089","AB112","AB126","AB129","AB131","ADK057","ARD001","ARD007","C17","C51","Gl005","SH035","SH080","SH095","TX006","TX008","YK001","YK006","YK008","YK011","YK017","YK019","YK021"],"lines":"AB001, AB010, AB011, AB015, AB023, AB033, AB040, AB046, AB064, AB079, AB080, AB081, AB083, AB089, AB112, AB126, AB129, AB131, ADK057, ARD001, ARD007, C17, C51, Gl005, SH035, SH080, SH095, TX006, TX008, YK001, YK006, YK008, YK011, YK017, YK019, YK021"},"geometry":{"type":"LineString","coordinates":[[38.785941,9.030667],[38.78113,9.033552],[38.780674,9.033977],[38.779884,9.034865],[38.779688,9.034972],[38.779532,9.035032],[38.77923,9.035052],[38.778989,9.034998],[38.778488,9.034808],[38.778123,9.034744],[38.777823,9.034765],[38.777546,9.03485],[38.777527,9.034861],[38.777515,9.03488],[38.777499,9.034922],[38.777441,9.034987],[38.777345,9.035025],[38.777234,9.035009],[38.777142,9.03493]]}},{"type":"Feature","properties":{"mode":"bus","n":36,"arr":["AB001","AB010","AB011","AB015","AB023","AB033","AB040","AB046","AB064","AB079","AB080","AB081","AB083","AB089","AB112","AB126","AB129","AB131","ADK057","ARD001","ARD007","C17","C51","Gl005","SH035","SH080","SH095","TX006","TX008","YK001","YK006","YK008","YK011","YK017","YK019","YK021"],"lines":"AB001, AB010, AB011, AB015, AB023, AB033, AB040, AB046, AB064, AB079, AB080, AB081, AB083, AB089, AB112, AB126, AB129, AB131, ADK057, ARD001, ARD007, C17, C51, Gl005, SH035, SH080, SH095, TX006, TX008, YK001, YK006, YK008, YK011, YK017, YK019, YK021"},"geometry":{"type":"LineString","coordinates":[[38.777123,9.034754],[38.777142,9.034716]]}},{"type":"Feature","properties":{"mode":"bus","n":36,"arr":["AB001","AB010","AB011","AB015","AB023","AB033","AB040","AB046","AB064","AB079","AB080","AB081","AB083","AB089","AB112","AB126","AB129","AB131","ADK057","ARD001","ARD007","C17","C51","Gl005","SH035","SH080","SH095","TX006","TX008","YK001","YK006","YK008","YK011","YK017","YK019","YK021"],"lines":"AB001, AB010, AB011, AB015, AB023, AB033, AB040, AB046, AB064, AB079, AB080, AB081, AB083, AB089, AB112, AB126, AB129, AB131, ADK057, ARD001, ARD007, C17, C51, Gl005, SH035, SH080, SH095, TX006, TX008, YK001, YK006, YK008, YK011, YK017, YK019, YK021"},"geometry":{"type":"LineString","coordinates":[[38.784558,9.031312],[38.786801,9.029959],[38.788487,9.028988]]}},{"type":"Feature","properties":{"mode":"bus","n":34,"arr":["AB001","AB010","AB011","AB023","AB032","AB033","AB040","AB057","AB064","AB076","AB079","AB080","AB083","AB089","AB102","AB119","AB125","AB126","AB128","AB129","C51","D23","D25","D46","SH035","SH066","SH070","SH082","SH089","SH092","SH096","TX006","YK001","YK019"],"lines":"AB001, AB010, AB011, AB023, AB032, AB033, AB040, AB057, AB064, AB076, AB079, AB080, AB083, AB089, AB102, AB119, AB125, AB126, AB128, AB129, C51, D23, D25, D46, SH035, SH066, SH070, SH082, SH089, SH092, SH096, TX006, YK001, YK019"},"geometry":{"type":"LineString","coordinates":[[38.801024,9.021523],[38.801044,9.021411],[38.801089,9.021333]]}},{"type":"Feature","properties":{"mode":"bus","n":30,"arr":["AB001","AB010","AB011","AB023","AB032","AB033","AB040","AB057","AB076","AB079","AB083","AB089","AB102","AB119","AB125","AB126","AB128","AB129","C51","D23","D25","D46","SH066","SH070","SH082","SH089","SH092","SH096","TX006","YK019"],"lines":"AB001, AB010, AB011, AB023, AB032, AB033, AB040, AB057, AB076, AB079, AB083, AB089, AB102, AB119, AB125, AB126, AB128, AB129, C51, D23, D25, D46, SH066, SH070, SH082, SH089, SH092, SH096, TX006, YK019"},"geometry":{"type":"LineString","coordinates":[[38.801089,9.021333],[38.801238,9.021233]]}},{"type":"Feature","properties":{"mode":"bus","n":19,"arr":["AB001","AB010","AB011","AB023","AB032","AB033","AB040","AB057","AB079","AB083","AB089","AB102","AB126","AB128","AB129","C51","SH070","TX006","YK019"],"lines":"AB001, AB010, AB011, AB023, AB032, AB033, AB040, AB057, AB079, AB083, AB089, AB102, AB126, AB128, AB129, C51, SH070, TX006, YK019"},"geometry":{"type":"LineString","coordinates":[[38.80146,9.021255],[38.801313,9.021221],[38.801238,9.021233]]}},{"type":"Feature","properties":{"mode":"bus","n":21,"arr":["AB001","AB010","AB011","AB023","AB032","AB033","AB040","AB046","AB057","AB079","AB083","AB089","AB102","AB126","AB128","AB129","AB131","C51","SH070","TX006","YK019"],"lines":"AB001, AB010, AB011, AB023, AB032, AB033, AB040, AB046, AB057, AB079, AB083, AB089, AB102, AB126, AB128, AB129, AB131, C51, SH070, TX006, YK019"},"geometry":{"type":"LineString","coordinates":[[38.80152,9.021295],[38.80146,9.021255]]}},{"type":"Feature","properties":{"mode":"bus","n":26,"arr":["AB001","AB007","AB010","AB011","AB032","AB033","AB040","AB044","AB057","AB083","AB089","AB102","AB126","AB128","AB129","C51","Kal033","LK005","SH004","SH070","TX006","YK002","YK004","YK014","YK016","YK019"],"lines":"AB001, AB007, AB010, AB011, AB032, AB033, AB040, AB044, AB057, AB083, AB089, AB102, AB126, AB128, AB129, C51, Kal033, LK005, SH004, SH070, TX006, YK002, YK004, YK014, YK016, YK019"},"geometry":{"type":"LineString","coordinates":[[38.815844,9.02232],[38.816937,9.02303],[38.817833,9.02358],[38.818095,9.023715],[38.818127,9.023723],[38.81816,9.023717],[38.818221,9.023691],[38.818314,9.023706],[38.818368,9.02374],[38.818418,9.023816]]}},{"type":"Feature","properties":{"mode":"bus","n":25,"arr":["AB001","AB007","AB010","AB011","AB032","AB033","AB040","AB044","AB057","AB089","AB102","AB126","AB128","AB129","C51","Kal033","LK005","SH004","SH070","TX006","YK002","YK004","YK014","YK016","YK019"],"lines":"AB001, AB007, AB010, AB011, AB032, AB033, AB040, AB044, AB057, AB089, AB102, AB126, AB128, AB129, C51, Kal033, LK005, SH004, SH070, TX006, YK002, YK004, YK014, YK016, YK019"},"geometry":{"type":"LineString","coordinates":[[38.818411,9.023919],[38.818406,9.023939]]}},{"type":"Feature","properties":{"mode":"bus","n":25,"arr":["AB001","AB007","AB010","AB011","AB032","AB033","AB040","AB044","AB057","AB089","AB102","AB126","AB128","AB129","C51","Kal033","LK005","SH004","SH070","TX006","YK002","YK004","YK014","YK016","YK019"],"lines":"AB001, AB007, AB010, AB011, AB032, AB033, AB040, AB044, AB057, AB089, AB102, AB126, AB128, AB129, C51, Kal033, LK005, SH004, SH070, TX006, YK002, YK004, YK014, YK016, YK019"},"geometry":{"type":"LineString","coordinates":[[38.818298,9.024036],[38.818241,9.024045],[38.818134,9.024009],[38.818094,9.023968],[38.818063,9.02386],[38.817852,9.023693]]}},{"type":"Feature","properties":{"mode":"bus","n":24,"arr":["AB001","AB007","AB010","AB011","AB032","AB033","AB040","AB044","AB057","AB089","AB102","AB126","AB128","AB129","C51","Kal033","LK005","SH004","SH070","TX006","YK004","YK014","YK016","YK019"],"lines":"AB001, AB007, AB010, AB011, AB032, AB033, AB040, AB044, AB057, AB089, AB102, AB126, AB128, AB129, C51, Kal033, LK005, SH004, SH070, TX006, YK004, YK014, YK016, YK019"},"geometry":{"type":"LineString","coordinates":[[38.818406,9.023939],[38.818349,9.02401],[38.818298,9.024036]]}},{"type":"Feature","properties":{"mode":"bus","n":24,"arr":["AB001","AB007","AB010","AB011","AB032","AB033","AB040","AB044","AB057","AB089","AB102","AB126","AB128","AB129","C51","Kal033","LK005","SH004","SH070","TX006","YK004","YK014","YK016","YK019"],"lines":"AB001, AB007, AB010, AB011, AB032, AB033, AB040, AB044, AB057, AB089, AB102, AB126, AB128, AB129, C51, Kal033, LK005, SH004, SH070, TX006, YK004, YK014, YK016, YK019"},"geometry":{"type":"LineString","coordinates":[[38.819923,9.024038],[38.819636,9.023998],[38.818411,9.023919]]}},{"type":"Feature","properties":{"mode":"bus","n":37,"arr":["AB001","AB007","AB010","AB011","AB022","AB023","AB032","AB033","AB040","AB044","AB046","AB057","AB076","AB079","AB083","AB089","AB102","AB119","AB125","AB126","AB128","AB129","AB131","C51","D23","D25","D46","SH004","SH066","SH070","SH082","SH089","SH092","SH096","TX006","YK004","YK019"],"lines":"AB001, AB007, AB010, AB011, AB022, AB023, AB032, AB033, AB040, AB044, AB046, AB057, AB076, AB079, AB083, AB089, AB102, AB119, AB125, AB126, AB128, AB129, AB131, C51, D23, D25, D46, SH004, SH066, SH070, SH082, SH089, SH092, SH096, TX006, YK004, YK019"},"geometry":{"type":"LineString","coordinates":[[38.801564,9.021694],[38.801607,9.021603]]}},{"type":"Feature","properties":{"mode":"bus","n":34,"arr":["AB001","AB010","AB011","AB022","AB023","AB032","AB033","AB040","AB044","AB046","AB057","AB076","AB079","AB083","AB089","AB102","AB119","AB125","AB126","AB128","AB129","AB131","C51","D23","D25","D46","SH066","SH070","SH082","SH089","SH092","SH096","TX006","YK019"],"lines":"AB001, AB010, AB011, AB022, AB023, AB032, AB033, AB040, AB044, AB046, AB057, AB076, AB079, AB083, AB089, AB102, AB119, AB125, AB126, AB128, AB129, AB131, C51, D23, D25, D46, SH066, SH070, SH082, SH089, SH092, SH096, TX006, YK019"},"geometry":{"type":"LineString","coordinates":[[38.801294,9.021809],[38.801395,9.021801],[38.801488,9.021761],[38.801564,9.021694]]}},{"type":"Feature","properties":{"mode":"bus","n":26,"arr":["AB001","AB010","AB011","AB015","AB033","AB040","AB046","AB064","AB079","AB081","AB089","AB126","AB129","AB131","ADK057","ARD001","ARD007","C17","C51","SH095","TX006","TX008","YK008","YK017","YK019","YK021"],"lines":"AB001, AB010, AB011, AB015, AB033, AB040, AB046, AB064, AB079, AB081, AB089, AB126, AB129, AB131, ADK057, ARD001, ARD007, C17, C51, SH095, TX006, TX008, YK008, YK017, YK019, YK021"},"geometry":{"type":"LineString","coordinates":[[38.777142,9.03493],[38.777118,9.034874],[38.777123,9.034754]]}},{"type":"Feature","properties":{"mode":"bus","n":26,"arr":["AB001","AB010","AB011","AB015","AB033","AB040","AB046","AB064","AB079","AB081","AB089","AB126","AB129","AB131","ADK057","ARD001","ARD007","C17","C51","SH095","TX006","TX008","YK008","YK017","YK019","YK021"],"lines":"AB001, AB010, AB011, AB015, AB033, AB040, AB046, AB064, AB079, AB081, AB089, AB126, AB129, AB131, ADK057, ARD001, ARD007, C17, C51, SH095, TX006, TX008, YK008, YK017, YK019, YK021"},"geometry":{"type":"LineString","coordinates":[[38.764989,9.032278],[38.765312,9.032256],[38.76568,9.032322],[38.765875,9.032411],[38.766025,9.032512],[38.766662,9.033057],[38.766819,9.033165],[38.767011,9.033257],[38.767295,9.033334],[38.767466,9.033358],[38.767706,9.033331],[38.767895,9.03328],[38.768234,9.033103],[38.768431,9.032924],[38.769074,9.032151],[38.769265,9.031983],[38.769667,9.031733],[38.770023,9.031569],[38.770251,9.031503],[38.770942,9.031486],[38.771174,9.031517],[38.771576,9.031633],[38.771833,9.031742],[38.771976,9.03183],[38.772587,9.032328],[38.77273,9.032402],[38.772905,9.032457],[38.773053,9.032477],[38.774053,9.032552],[38.774339,9.0326],[38.774898,9.032718],[38.775185,9.032831],[38.775312,9.032904],[38.775699,9.03326],[38.777142,9.034716]]}},{"type":"Feature","properties":{"mode":"bus","n":18,"arr":["AB001","AB009","AB010","AB011","AB015","AB040","AB081","AB089","AB126","AB129","AB131","ADK057","ARD001","C17","C51","YK017","YK019","YK021"],"lines":"AB001, AB009, AB010, AB011, AB015, AB040, AB081, AB089, AB126, AB129, AB131, ADK057, ARD001, C17, C51, YK017, YK019, YK021"},"geometry":{"type":"LineString","coordinates":[[38.763302,9.033137],[38.763384,9.033151]]}},{"type":"Feature","properties":{"mode":"bus","n":43,"arr":["AB002","AB004","AB026","AB034","AB051","AB059","AB065","AB066","AB091","AB100","AB123","ADK011","ADK012","ADK014","ADK016","ADK028","ADK043","ADK044","ARD006","B19","Kolfa001","Kolfa011","Kolfa012","Kolfa013","Kolfa017","Kolfa020","Kolfa021","Kolfa026","Kolfa033","Kolfa034","Kolfa041","Kolfe035","Lafto011","Lafto016","Lafto027","Lafto034","Lafto042","LID003","SH009","SH010","SH040","SH071","SH085"],"lines":"AB002, AB004, AB026, AB034, AB051, AB059, AB065, AB066, AB091, AB100, AB123, ADK011, ADK012, ADK014, ADK016, ADK028, ADK043, ADK044, ARD006, B19, Kolfa001, Kolfa011, Kolfa012, Kolfa013, Kolfa017, Kolfa020, Kolfa021, Kolfa026, Kolfa033, Kolfa034, Kolfa041, Kolfe035, Lafto011, Lafto016, Lafto027, Lafto034, Lafto042, LID003, SH009, SH010, SH040, SH071, SH085"},"geometry":{"type":"LineString","coordinates":[[38.733201,9.020696],[38.73306,9.020625],[38.732961,9.020503],[38.732933,9.02043],[38.732931,9.020249],[38.733016,9.020088]]}},{"type":"Feature","properties":{"mode":"bus","n":15,"arr":["AB002","AB004","AB034","AB100","ADK012","ADK014","ADK016","ADK044","B19","Lafto011","Lafto016","Lafto027","Lafto034","Lafto042","SH085"],"lines":"AB002, AB004, AB034, AB100, ADK012, ADK014, ADK016, ADK044, B19, Lafto011, Lafto016, Lafto027, Lafto034, Lafto042, SH085"},"geometry":{"type":"LineString","coordinates":[[38.733146,9.019994],[38.733016,9.020088]]}},{"type":"Feature","properties":{"mode":"bus","n":15,"arr":["AB002","AB004","AB034","AB100","ADK012","ADK014","ADK016","ADK044","B19","Lafto011","Lafto016","Lafto027","Lafto034","Lafto042","SH085"],"lines":"AB002, AB004, AB034, AB100, ADK012, ADK014, ADK016, ADK044, B19, Lafto011, Lafto016, Lafto027, Lafto034, Lafto042, SH085"},"geometry":{"type":"LineString","coordinates":[[38.734735,9.016513],[38.734898,9.018026],[38.734866,9.018278],[38.734812,9.018411],[38.734735,9.018566],[38.734607,9.018724],[38.734385,9.018875],[38.733828,9.019149],[38.733454,9.019412],[38.733272,9.019673],[38.733216,9.019842],[38.733204,9.019974]]}},{"type":"Feature","properties":{"mode":"bus","n":33,"arr":["AB002","AB004","AB034","AB091","AB100","ADK011","ADK012","ADK014","ADK016","ADK028","ADK043","ADK044","ARD006","B19","Kolfa001","Kolfa011","Kolfa012","Kolfa013","Kolfa017","Kolfa020","Kolfa021","Kolfa026","Kolfa033","Kolfa034","Kolfa041","Kolfe035","Lafto011","Lafto016","Lafto027","Lafto034","Lafto042","LID003","SH085"],"lines":"AB002, AB004, AB034, AB091, AB100, ADK011, ADK012, ADK014, ADK016, ADK028, ADK043, ADK044, ARD006, B19, Kolfa001, Kolfa011, Kolfa012, Kolfa013, Kolfa017, Kolfa020, Kolfa021, Kolfa026, Kolfa033, Kolfa034, Kolfa041, Kolfe035, Lafto011, Lafto016, Lafto027, Lafto034, Lafto042, LID003, SH085"},"geometry":{"type":"LineString","coordinates":[[38.733204,9.019974],[38.733146,9.019994]]}},{"type":"Feature","properties":{"mode":"bus","n":8,"arr":["AB002","AB004","AB034","AB092","ARD005","B19","Lafto016","Lafto034"],"lines":"AB002, AB004, AB034, AB092, ARD005, B19, Lafto016, Lafto034"},"geometry":{"type":"LineString","coordinates":[[38.734005,9.011733],[38.733957,9.011625],[38.733974,9.011497]]}},{"type":"Feature","properties":{"mode":"bus","n":8,"arr":["AB002","AB004","AB034","AB092","ARD005","B19","Lafto016","Lafto034"],"lines":"AB002, AB004, AB034, AB092, ARD005, B19, Lafto016, Lafto034"},"geometry":{"type":"LineString","coordinates":[[38.734066,9.011786],[38.734144,9.011866],[38.734168,9.01194],[38.734307,9.013124],[38.734379,9.013585],[38.734427,9.013725]]}},{"type":"Feature","properties":{"mode":"bus","n":44,"arr":["AB002","AB003","AB004","AB026","AB034","AB036","AB037","AB050","AB051","AB058","AB059","AB062","AB065","AB066","AB068","AB070","AB073","AB090","AB092","AB105","AB123","AB130","ARD005","B19","Kolfa004","Kolfa009","Kolfa014","Kolfa016","Kolfa019","Kolfa031","Kolfa036","Kolfa037","Lafto016","Lafto034","LID004","LID007","LID009","SH009","SH010","SH040","SH068","SH071","SH081","SH100"],"lines":"AB002, AB003, AB004, AB026, AB034, AB036, AB037, AB050, AB051, AB058, AB059, AB062, AB065, AB066, AB068, AB070, AB073, AB090, AB092, AB105, AB123, AB130, ARD005, B19, Kolfa004, Kolfa009, Kolfa014, Kolfa016, Kolfa019, Kolfa031, Kolfa036, Kolfa037, Lafto016, Lafto034, LID004, LID007, LID009, SH009, SH010, SH040, SH068, SH071, SH081, SH100"},"geometry":{"type":"LineString","coordinates":[[38.733974,9.011497],[38.734001,9.011449]]}},{"type":"Feature","properties":{"mode":"bus","n":41,"arr":["AB002","AB003","AB004","AB026","AB034","AB036","AB037","AB050","AB051","AB058","AB059","AB062","AB065","AB066","AB068","AB070","AB073","AB090","AB092","AB105","AB123","AB130","B19","Kolfa004","Kolfa009","Kolfa014","Kolfa016","Kolfa019","Kolfa031","Kolfa036","Kolfa037","LID004","LID007","LID009","SH009","SH010","SH040","SH068","SH071","SH081","SH100"],"lines":"AB002, AB003, AB004, AB026, AB034, AB036, AB037, AB050, AB051, AB058, AB059, AB062, AB065, AB066, AB068, AB070, AB073, AB090, AB092, AB105, AB123, AB130, B19, Kolfa004, Kolfa009, Kolfa014, Kolfa016, Kolfa019, Kolfa031, Kolfa036, Kolfa037, LID004, LID007, LID009, SH009, SH010, SH040, SH068, SH071, SH081, SH100"},"geometry":{"type":"LineString","coordinates":[[38.734001,9.011449],[38.73408,9.011385],[38.734194,9.011355],[38.734277,9.011375],[38.734353,9.011425]]}},{"type":"Feature","properties":{"mode":"bus","n":10,"arr":["AB002","AB005","AB100","ADK016","ARD005","Lafto014","Lafto016","Lafto027","Lafto034","SH085"],"lines":"AB002, AB005, AB100, ADK016, ARD005, Lafto014, Lafto016, Lafto027, Lafto034, SH085"},"geometry":{"type":"LineString","coordinates":[[38.72226,8.978525],[38.722296,8.978415]]}},{"type":"Feature","properties":{"mode":"bus","n":10,"arr":["AB002","AB005","AB100","ADK016","ARD005","Lafto014","Lafto016","Lafto027","Lafto034","SH085"],"lines":"AB002, AB005, AB100, ADK016, ARD005, Lafto014, Lafto016, Lafto027, Lafto034, SH085"},"geometry":{"type":"LineString","coordinates":[[38.721948,8.978582],[38.721991,8.978605]]}},{"type":"Feature","properties":{"mode":"bus","n":10,"arr":["AB002","AB005","AB100","ADK016","ARD005","Lafto014","Lafto016","Lafto027","Lafto034","SH085"],"lines":"AB002, AB005, AB100, ADK016, ARD005, Lafto014, Lafto016, Lafto027, Lafto034, SH085"},"geometry":{"type":"LineString","coordinates":[[38.721908,8.978269],[38.721858,8.978391]]}},{"type":"Feature","properties":{"mode":"bus","n":10,"arr":["AB002","AB005","AB100","ADK016","ARD005","Lafto014","Lafto016","Lafto027","Lafto034","SH085"],"lines":"AB002, AB005, AB100, ADK016, ARD005, Lafto014, Lafto016, Lafto027, Lafto034, SH085"},"geometry":{"type":"LineString","coordinates":[[38.722208,8.978233],[38.722149,8.978202]]}},{"type":"Feature","properties":{"mode":"bus","n":28,"arr":["AB002","AB004","AB034","AB036(S)","AB050","AB068","AB092","AB130","ADK022","ADK038","ADK044","ARD012","B19","Kolfa004","Kolfa009","Kolfa016","Kolfa019","Kolfa031","Kolfa036","Kolfa037","Lafto017","Lafto018","Lafto030","Lafto042","LID004","LID007","LID009","SH081"],"lines":"AB002, AB004, AB034, AB036(S), AB050, AB068, AB092, AB130, ADK022, ADK038, ADK044, ARD012, B19, Kolfa004, Kolfa009, Kolfa016, Kolfa019, Kolfa031, Kolfa036, Kolfa037, Lafto017, Lafto018, Lafto030, Lafto042, LID004, LID007, LID009, SH081"},"geometry":{"type":"LineString","coordinates":[[38.744847,9.010612],[38.744756,9.010693]]}},{"type":"Feature","properties":{"mode":"bus","n":40,"arr":["AB002","AB004","AB026","AB034","AB051","AB065","AB066","AB091","AB100","ADK011","ADK012","ADK014","ADK016","ADK028","ADK043","ADK044","ARD006","B19","Kolfa001","Kolfa011","Kolfa012","Kolfa013","Kolfa017","Kolfa020","Kolfa021","Kolfa026","Kolfa033","Kolfa034","Kolfa041","Kolfe035","Lafto011","Lafto016","Lafto027","Lafto034","Lafto042","LID003","SH009","SH010","SH040","SH085"],"lines":"AB002, AB004, AB026, AB034, AB051, AB065, AB066, AB091, AB100, ADK011, ADK012, ADK014, ADK016, ADK028, ADK043, ADK044, ARD006, B19, Kolfa001, Kolfa011, Kolfa012, Kolfa013, Kolfa017, Kolfa020, Kolfa021, Kolfa026, Kolfa033, Kolfa034, Kolfa041, Kolfe035, Lafto011, Lafto016, Lafto027, Lafto034, Lafto042, LID003, SH009, SH010, SH040, SH085"},"geometry":{"type":"LineString","coordinates":[[38.733592,9.020571],[38.73367,9.020406],[38.733655,9.020212],[38.733543,9.020051],[38.733364,9.019968]]}},{"type":"Feature","properties":{"mode":"bus","n":33,"arr":["AB002","AB004","AB026","AB034","AB051","AB065","AB066","AB091","AB100","ADK011","ADK012","ADK014","ADK016","ADK043","ADK044","B19","Kolfa001","Kolfa011","Kolfa012","Kolfa013","Kolfa017","Kolfa021","Kolfa026","Kolfa033","Kolfa034","Lafto011","Lafto027","Lafto034","Lafto042","SH009","SH010","SH040","SH085"],"lines":"AB002, AB004, AB026, AB034, AB051, AB065, AB066, AB091, AB100, ADK011, ADK012, ADK014, ADK016, ADK043, ADK044, B19, Kolfa001, Kolfa011, Kolfa012, Kolfa013, Kolfa017, Kolfa021, Kolfa026, Kolfa033, Kolfa034, Lafto011, Lafto027, Lafto034, Lafto042, SH009, SH010, SH040, SH085"},"geometry":{"type":"LineString","coordinates":[[38.733121,9.02832],[38.733256,9.027465],[38.733377,9.026184],[38.733573,9.024585],[38.733618,9.023968],[38.733638,9.023505],[38.733624,9.023112],[38.733427,9.020794],[38.733434,9.020718],[38.733444,9.020686],[38.733467,9.020661],[38.733592,9.020571]]}},{"type":"Feature","properties":{"mode":"bus","n":33,"arr":["AB002","AB004","AB026","AB034","AB051","AB065","AB066","AB091","AB100","ADK011","ADK012","ADK014","ADK016","ADK043","ADK044","B19","Kolfa001","Kolfa011","Kolfa012","Kolfa013","Kolfa017","Kolfa021","Kolfa026","Kolfa033","Kolfa034","Lafto011","Lafto027","Lafto034","Lafto042","SH009","SH010","SH040","SH085"],"lines":"AB002, AB004, AB026, AB034, AB051, AB065, AB066, AB091, AB100, ADK011, ADK012, ADK014, ADK016, ADK043, ADK044, B19, Kolfa001, Kolfa011, Kolfa012, Kolfa013, Kolfa017, Kolfa021, Kolfa026, Kolfa033, Kolfa034, Lafto011, Lafto027, Lafto034, Lafto042, SH009, SH010, SH040, SH085"},"geometry":{"type":"LineString","coordinates":[[38.732976,9.028279],[38.733243,9.026473],[38.733497,9.024253],[38.733518,9.023732],[38.733513,9.023148],[38.733355,9.021467],[38.733276,9.020855],[38.733201,9.020696]]}},{"type":"Feature","properties":{"mode":"bus","n":37,"arr":["AB003","AB026","AB036","AB036(S)","AB050","AB058","AB062","AB065","AB066","AB070","AB077","AB087","AB091","AB130","Kolfa008","Kolfa011","Kolfa013","Kolfa015","Kolfa017","Kolfa019","Kolfa020","Kolfa021","Kolfa022","Kolfa025","Kolfa033","Kolfa041","Kolfe003","Kolfe023","LID002","LID005","LID007","LID013","SH009","SH040","SH068","SH081","SH100"],"lines":"AB003, AB026, AB036, AB036(S), AB050, AB058, AB062, AB065, AB066, AB070, AB077, AB087, AB091, AB130, Kolfa008, Kolfa011, Kolfa013, Kolfa015, Kolfa017, Kolfa019, Kolfa020, Kolfa021, Kolfa022, Kolfa025, Kolfa033, Kolfa041, Kolfe003, Kolfe023, LID002, LID005, LID007, LID013, SH009, SH040, SH068, SH081, SH100"},"geometry":{"type":"LineString","coordinates":[[38.708488,8.98733],[38.708532,8.987335],[38.708684,8.987467]]}},{"type":"Feature","properties":{"mode":"bus","n":36,"arr":["AB003","AB026","AB036","AB036(S)","AB050","AB058","AB062","AB065","AB066","AB070","AB077","AB087","AB091","AB130","Kolfa008","Kolfa011","Kolfa013","Kolfa017","Kolfa019","Kolfa020","Kolfa021","Kolfa022","Kolfa025","Kolfa033","Kolfa041","Kolfe003","Kolfe023","LID002","LID005","LID007","LID013","SH009","SH040","SH068","SH081","SH100"],"lines":"AB003, AB026, AB036, AB036(S), AB050, AB058, AB062, AB065, AB066, AB070, AB077, AB087, AB091, AB130, Kolfa008, Kolfa011, Kolfa013, Kolfa017, Kolfa019, Kolfa020, Kolfa021, Kolfa022, Kolfa025, Kolfa033, Kolfa041, Kolfe003, Kolfe023, LID002, LID005, LID007, LID013, SH009, SH040, SH068, SH081, SH100"},"geometry":{"type":"LineString","coordinates":[[38.708397,8.987259],[38.708488,8.98733]]}},{"type":"Feature","properties":{"mode":"bus","n":40,"arr":["AB003","AB026","AB036","AB050","AB051","AB058","AB059","AB062","AB065","AB066","AB070","AB087","AB090","AB091","AB130","Kolfa011","Kolfa013","Kolfa014","Kolfa016","Kolfa017","Kolfa019","Kolfa020","Kolfa021","Kolfa022","Kolfa025","Kolfa033","Kolfa036","Kolfa038","Kolfa041","Kolfe023","LID002","LID005","LID007","LID013","SH009","SH040","SH068","SH071","SH081","SH100"],"lines":"AB003, AB026, AB036, AB050, AB051, AB058, AB059, AB062, AB065, AB066, AB070, AB087, AB090, AB091, AB130, Kolfa011, Kolfa013, Kolfa014, Kolfa016, Kolfa017, Kolfa019, Kolfa020, Kolfa021, Kolfa022, Kolfa025, Kolfa033, Kolfa036, Kolfa038, Kolfa041, Kolfe023, LID002, LID005, LID007, LID013, SH009, SH040, SH068, SH071, SH081, SH100"},"geometry":{"type":"LineString","coordinates":[[38.717289,8.992729],[38.717231,8.99263],[38.717124,8.99258],[38.717005,8.9926],[38.716945,8.99266],[38.716917,8.992679],[38.716884,8.992685],[38.716167,8.992657]]}},{"type":"Feature","properties":{"mode":"bus","n":40,"arr":["AB003","AB026","AB036","AB050","AB051","AB058","AB059","AB062","AB065","AB066","AB070","AB087","AB090","AB091","AB130","Kolfa011","Kolfa013","Kolfa014","Kolfa016","Kolfa017","Kolfa019","Kolfa020","Kolfa021","Kolfa022","Kolfa025","Kolfa033","Kolfa036","Kolfa038","Kolfa041","Kolfe023","LID002","LID005","LID007","LID013","SH009","SH040","SH068","SH071","SH081","SH100"],"lines":"AB003, AB026, AB036, AB050, AB051, AB058, AB059, AB062, AB065, AB066, AB070, AB087, AB090, AB091, AB130, Kolfa011, Kolfa013, Kolfa014, Kolfa016, Kolfa017, Kolfa019, Kolfa020, Kolfa021, Kolfa022, Kolfa025, Kolfa033, Kolfa036, Kolfa038, Kolfa041, Kolfe023, LID002, LID005, LID007, LID013, SH009, SH040, SH068, SH071, SH081, SH100"},"geometry":{"type":"LineString","coordinates":[[38.717548,8.993658],[38.717342,8.99317],[38.717294,8.993017],[38.717282,8.99284]]}},{"type":"Feature","properties":{"mode":"bus","n":44,"arr":["AB003","AB026","AB036","AB050","AB051","AB058","AB059","AB062","AB065","AB066","AB070","AB077","AB087","AB090","AB091","AB130","Kolfa008","Kolfa011","Kolfa013","Kolfa014","Kolfa015","Kolfa016","Kolfa017","Kolfa019","Kolfa020","Kolfa021","Kolfa022","Kolfa025","Kolfa033","Kolfa036","Kolfa038","Kolfa041","Kolfe003","Kolfe023","LID002","LID005","LID007","LID013","SH009","SH040","SH068","SH071","SH081","SH100"],"lines":"AB003, AB026, AB036, AB050, AB051, AB058, AB059, AB062, AB065, AB066, AB070, AB077, AB087, AB090, AB091, AB130, Kolfa008, Kolfa011, Kolfa013, Kolfa014, Kolfa015, Kolfa016, Kolfa017, Kolfa019, Kolfa020, Kolfa021, Kolfa022, Kolfa025, Kolfa033, Kolfa036, Kolfa038, Kolfa041, Kolfe003, Kolfe023, LID002, LID005, LID007, LID013, SH009, SH040, SH068, SH071, SH081, SH100"},"geometry":{"type":"LineString","coordinates":[[38.717289,8.992729],[38.717282,8.99284]]}},{"type":"Feature","properties":{"mode":"bus","n":41,"arr":["AB003","AB018","AB026","AB036","AB037","AB058","AB062","AB065","AB070","AB073","AB087","AB090","AB091","AB105","AB123","ADK011","ADK028","ADK043","ADK052","ARD006","Kolfa001","Kolfa004","Kolfa009","Kolfa010","Kolfa012","Kolfa018","Kolfa020","Kolfa021","Kolfa022","Kolfa024","Kolfa025","Kolfa026","Kolfa027","Kolfa028","Kolfa031","Kolfa034","Kolfa037","Kolfa038","Kolfe035","SH010","SH076"],"lines":"AB003, AB018, AB026, AB036, AB037, AB058, AB062, AB065, AB070, AB073, AB087, AB090, AB091, AB105, AB123, ADK011, ADK028, ADK043, ADK052, ARD006, Kolfa001, Kolfa004, Kolfa009, Kolfa010, Kolfa012, Kolfa018, Kolfa020, Kolfa021, Kolfa022, Kolfa024, Kolfa025, Kolfa026, Kolfa027, Kolfa028, Kolfa031, Kolfa034, Kolfa037, Kolfa038, Kolfe035, SH010, SH076"},"geometry":{"type":"LineString","coordinates":[[38.721662,9.011546],[38.721532,9.011459]]}},{"type":"Feature","properties":{"mode":"bus","n":32,"arr":["AB003","AB036","AB037","AB050","AB058","AB062","AB070","AB071","AB073","AB090","AB104","AB105","AB130","ADK022","B19","Kolfa004","Kolfa009","Kolfa014","Kolfa016","Kolfa019","Kolfa031","Kolfa036","Kolfa037","Lafto017","Lafto018","Lafto030","Lafto042","LID004","LID007","LID009","SH081","SH100"],"lines":"AB003, AB036, AB037, AB050, AB058, AB062, AB070, AB071, AB073, AB090, AB104, AB105, AB130, ADK022, B19, Kolfa004, Kolfa009, Kolfa014, Kolfa016, Kolfa019, Kolfa031, Kolfa036, Kolfa037, Lafto017, Lafto018, Lafto030, Lafto042, LID004, LID007, LID009, SH081, SH100"},"geometry":{"type":"LineString","coordinates":[[38.744123,9.010095],[38.744171,9.01006],[38.744304,9.010019]]}},{"type":"Feature","properties":{"mode":"bus","n":34,"arr":["AB004","AB076","AB098","AB104","AB110","ADK015","ARD004","ARD011","Kal001","Kal002","Kal003","Kal009","Kal011","Kal012","Kal013","Kal017","Kal021","Kal022","Kal032","Kal033","Kal035","KRK008","Lafto012","Lafto028","Lafto044","Lafto045","SH083","SH086","SH090","SH091","SH093","SH096","TX005","YK009"],"lines":"AB004, AB076, AB098, AB104, AB110, ADK015, ARD004, ARD011, Kal001, Kal002, Kal003, Kal009, Kal011, Kal012, Kal013, Kal017, Kal021, Kal022, Kal032, Kal033, Kal035, KRK008, Lafto012, Lafto028, Lafto044, Lafto045, SH083, SH086, SH090, SH091, SH093, SH096, TX005, YK009"},"geometry":{"type":"LineString","coordinates":[[38.764919,8.93481],[38.764884,8.934726]]}},{"type":"Feature","properties":{"mode":"bus","n":27,"arr":["AB004","AB098","AB104","AB110","ADK015","ARD004","ARD011","Kal002","Kal003","Kal011","Kal012","Kal013","Kal017","Kal021","Kal022","Kal032","Kal033","Kal035","KRK008","Lafto012","SH083","SH086","SH090","SH091","SH093","TX005","YK009"],"lines":"AB004, AB098, AB104, AB110, ADK015, ARD004, ARD011, Kal002, Kal003, Kal011, Kal012, Kal013, Kal017, Kal021, Kal022, Kal032, Kal033, Kal035, KRK008, Lafto012, SH083, SH086, SH090, SH091, SH093, TX005, YK009"},"geometry":{"type":"LineString","coordinates":[[38.764884,8.934726],[38.764883,8.934495],[38.76491,8.93437],[38.765043,8.93412],[38.765286,8.933905]]}},{"type":"Feature","properties":{"mode":"bus","n":31,"arr":["AB004","AB086","AB098","AB104","AB110","ADK015","ARD004","ARD011","B40","Kal002","Kal003","Kal011","Kal012","Kal013","Kal017","Kal021","Kal022","Kal032","Kal033","Kal035","KRK008","Lafto012","Lafto028","Lafto045","SH083","SH086","SH090","SH091","SH093","TX005","YK009"],"lines":"AB004, AB086, AB098, AB104, AB110, ADK015, ARD004, ARD011, B40, Kal002, Kal003, Kal011, Kal012, Kal013, Kal017, Kal021, Kal022, Kal032, Kal033, Kal035, KRK008, Lafto012, Lafto028, Lafto045, SH083, SH086, SH090, SH091, SH093, TX005, YK009"},"geometry":{"type":"LineString","coordinates":[[38.765286,8.933905],[38.765459,8.933837]]}},{"type":"Feature","properties":{"mode":"bus","n":18,"arr":["AB004","AB086","ADK015","ARD004","B40","Kal001","Kal003","Kal009","Kal012","Kal013","Kal017","Kal032","KRK008","Lafto012","Lafto028","Lafto045","SH086","SH090"],"lines":"AB004, AB086, ADK015, ARD004, B40, Kal001, Kal003, Kal009, Kal012, Kal013, Kal017, Kal032, KRK008, Lafto012, Lafto028, Lafto045, SH086, SH090"},"geometry":{"type":"LineString","coordinates":[[38.765947,8.93424],[38.76594,8.934377],[38.765884,8.934562],[38.76576,8.934791],[38.765602,8.934938],[38.765485,8.935]]}},{"type":"Feature","properties":{"mode":"bus","n":29,"arr":["AB004","AB076","AB086","ADK015","ARD004","ARD011","B40","Kal001","Kal002","Kal003","Kal009","Kal012","Kal013","Kal017","Kal022","Kal032","Kal033","Kal035","KRK008","Lafto012","Lafto028","Lafto044","Lafto045","SH083","SH086","SH090","SH096","TX005","YK009"],"lines":"AB004, AB076, AB086, ADK015, ARD004, ARD011, B40, Kal001, Kal002, Kal003, Kal009, Kal012, Kal013, Kal017, Kal022, Kal032, Kal033, Kal035, KRK008, Lafto012, Lafto028, Lafto044, Lafto045, SH083, SH086, SH090, SH096, TX005, YK009"},"geometry":{"type":"LineString","coordinates":[[38.765485,8.935],[38.765364,8.935034]]}},{"type":"Feature","properties":{"mode":"bus","n":44,"arr":["AB005","AB008","AB012","AB013","AB014","AB015","AB016","AB017","AB019","AB020","AB023","AB030","AB040","AB041","AB059","AB081","AB088","AB089","AB103","AB104","AB107","AB108","AB111","AB123","ADK008","ADK013","ADK023","ADK037","ADK057","ADK058","ARD013","B37","C14","Gl004","Gl010","Gl015","Kolfa042","SH071","SH100","SH105","TX001","YK013","YK017","YK019"],"lines":"AB005, AB008, AB012, AB013, AB014, AB015, AB016, AB017, AB019, AB020, AB023, AB030, AB040, AB041, AB059, AB081, AB088, AB089, AB103, AB104, AB107, AB108, AB111, AB123, ADK008, ADK013, ADK023, ADK037, ADK057, ADK058, ARD013, B37, C14, Gl004, Gl010, Gl015, Kolfa042, SH071, SH100, SH105, TX001, YK013, YK017, YK019"},"geometry":{"type":"LineString","coordinates":[[38.749585,9.035565],[38.749692,9.035563],[38.74974,9.035538]]}},{"type":"Feature","properties":{"mode":"bus","n":44,"arr":["AB005","AB008","AB012","AB013","AB014","AB015","AB016","AB017","AB019","AB020","AB023","AB030","AB040","AB041","AB059","AB081","AB088","AB089","AB103","AB104","AB107","AB108","AB111","AB123","ADK008","ADK013","ADK023","ADK037","ADK057","ADK058","ARD013","B37","C14","Gl004","Gl010","Gl015","Kolfa042","SH071","SH100","SH105","TX001","YK013","YK017","YK019"],"lines":"AB005, AB008, AB012, AB013, AB014, AB015, AB016, AB017, AB019, AB020, AB023, AB030, AB040, AB041, AB059, AB081, AB088, AB089, AB103, AB104, AB107, AB108, AB111, AB123, ADK008, ADK013, ADK023, ADK037, ADK057, ADK058, ARD013, B37, C14, Gl004, Gl010, Gl015, Kolfa042, SH071, SH100, SH105, TX001, YK013, YK017, YK019"},"geometry":{"type":"LineString","coordinates":[[38.749486,9.035492],[38.749459,9.035412]]}},{"type":"Feature","properties":{"mode":"bus","n":36,"arr":["AB005","AB008","AB012","AB013","AB014","AB015","AB016","AB017","AB020","AB023","AB030","AB040","AB041","AB059","AB088","AB089","AB103","AB104","AB107","AB123","ADK008","ADK013","ADK023","ADK057","ADK058","ARD013","B37","Gl010","Kolfa042","SH071","SH100","SH105","TX001","YK013","YK017","YK019"],"lines":"AB005, AB008, AB012, AB013, AB014, AB015, AB016, AB017, AB020, AB023, AB030, AB040, AB041, AB059, AB088, AB089, AB103, AB104, AB107, AB123, ADK008, ADK013, ADK023, ADK057, ADK058, ARD013, B37, Gl010, Kolfa042, SH071, SH100, SH105, TX001, YK013, YK017, YK019"},"geometry":{"type":"LineString","coordinates":[[38.749486,9.035492],[38.749585,9.035565]]}},{"type":"Feature","properties":{"mode":"bus","n":18,"arr":["AB005","AB014","AB019","AB059","AB081","AB103","AB104","AB107","AB108","AB111","AB123","ADK037","C14","Gl004","Gl015","SH071","SH100","SH105"],"lines":"AB005, AB014, AB019, AB059, AB081, AB103, AB104, AB107, AB108, AB111, AB123, ADK037, C14, Gl004, Gl015, SH071, SH100, SH105"},"geometry":{"type":"LineString","coordinates":[[38.749459,9.035412],[38.749484,9.035309],[38.749564,9.035239]]}},{"type":"Feature","properties":{"mode":"bus","n":41,"arr":["AB005","AB008","AB012","AB013","AB014","AB015","AB016","AB017","AB019","AB020","AB023","AB030","AB040","AB059","AB081","AB088","AB089","AB103","AB104","AB107","AB108","AB111","AB123","ADK008","ADK013","ADK023","ADK037","ADK057","ADK058","B37","C14","Gl004","Gl010","Gl015","Kolfa042","SH071","SH100","SH105","YK013","YK017","YK019"],"lines":"AB005, AB008, AB012, AB013, AB014, AB015, AB016, AB017, AB019, AB020, AB023, AB030, AB040, AB059, AB081, AB088, AB089, AB103, AB104, AB107, AB108, AB111, AB123, ADK008, ADK013, ADK023, ADK037, ADK057, ADK058, B37, C14, Gl004, Gl010, Gl015, Kolfa042, SH071, SH100, SH105, YK013, YK017, YK019"},"geometry":{"type":"LineString","coordinates":[[38.749564,9.035239],[38.749678,9.03523]]}},{"type":"Feature","properties":{"mode":"bus","n":36,"arr":["AB006","AB008","AB011","AB012","AB013","AB016","AB020","AB023","AB030","AB040","AB045","AB048","AB088","AB104","AB129","ADK008","ADK013","ADK023","ADK057","ADK058","ARD001","ARD003","B37","C17","C31","C50","C51","Gl003","Gl008","Gl010","Gl011","SH079","SH101","YK013","YK017","YK019"],"lines":"AB006, AB008, AB011, AB012, AB013, AB016, AB020, AB023, AB030, AB040, AB045, AB048, AB088, AB104, AB129, ADK008, ADK013, ADK023, ADK057, ADK058, ARD001, ARD003, B37, C17, C31, C50, C51, Gl003, Gl008, Gl010, Gl011, SH079, SH101, YK013, YK017, YK019"},"geometry":{"type":"LineString","coordinates":[[38.752046,9.037795],[38.752003,9.037631],[38.752014,9.037434],[38.752059,9.037343],[38.752126,9.037293],[38.752214,9.037146],[38.752279,9.036587]]}},{"type":"Feature","properties":{"mode":"bus","n":36,"arr":["AB006","AB008","AB012","AB013","AB015","AB016","AB017","AB020","AB023","AB030","AB040","AB045","AB048","AB081","AB088","AB089","AB094","AB104","ADK008","ADK013","ADK023","ADK058","ARD001","ARD003","B37","C31","C50","Gl003","Gl008","Gl010","Gl011","SH079","YK013","YK017","YK019","YK021"],"lines":"AB006, AB008, AB012, AB013, AB015, AB016, AB017, AB020, AB023, AB030, AB040, AB045, AB048, AB081, AB088, AB089, AB094, AB104, ADK008, ADK013, ADK023, ADK058, ARD001, ARD003, B37, C31, C50, Gl003, Gl008, Gl010, Gl011, SH079, YK013, YK017, YK019, YK021"},"geometry":{"type":"LineString","coordinates":[[38.752403,9.037668],[38.7524,9.037493],[38.752346,9.037329],[38.752331,9.037069],[38.752408,9.036392]]}},{"type":"Feature","properties":{"mode":"bus","n":37,"arr":["AB006","AB008","AB011","AB012","AB013","AB016","AB020","AB023","AB030","AB040","AB045","AB048","AB088","AB089","AB094","AB104","AB129","ADK008","ADK013","ADK023","ADK057","ADK058","ARD001","ARD003","B37","C17","C31","C50","C51","Gl003","Gl008","Gl010","Gl011","SH079","YK013","YK017","YK019"],"lines":"AB006, AB008, AB011, AB012, AB013, AB016, AB020, AB023, AB030, AB040, AB045, AB048, AB088, AB089, AB094, AB104, AB129, ADK008, ADK013, ADK023, ADK057, ADK058, ARD001, ARD003, B37, C17, C31, C50, C51, Gl003, Gl008, Gl010, Gl011, SH079, YK013, YK017, YK019"},"geometry":{"type":"LineString","coordinates":[[38.752403,9.037668],[38.752392,9.037745]]}},{"type":"Feature","properties":{"mode":"bus","n":27,"arr":["AB006","AB008","AB011","AB013","AB020","AB030","AB040","AB045","AB048","AB088","AB094","AB104","AB129","ADK023","ADK057","ARD001","ARD003","C17","C31","C50","C51","Gl003","Gl008","Gl011","SH079","YK017","YK019"],"lines":"AB006, AB008, AB011, AB013, AB020, AB030, AB040, AB045, AB048, AB088, AB094, AB104, AB129, ADK023, ADK057, ARD001, ARD003, C17, C31, C50, C51, Gl003, Gl008, Gl011, SH079, YK017, YK019"},"geometry":{"type":"LineString","coordinates":[[38.752392,9.037745],[38.752328,9.037822],[38.752256,9.037847]]}},{"type":"Feature","properties":{"mode":"bus","n":37,"arr":["AB006","AB008","AB011","AB012","AB013","AB016","AB020","AB023","AB030","AB040","AB045","AB048","AB088","AB094","AB104","AB129","ADK008","ADK013","ADK023","ADK057","ADK058","ARD001","ARD003","B37","C17","C31","C50","C51","Gl003","Gl008","Gl010","Gl011","SH079","SH101","YK013","YK017","YK019"],"lines":"AB006, AB008, AB011, AB012, AB013, AB016, AB020, AB023, AB030, AB040, AB045, AB048, AB088, AB094, AB104, AB129, ADK008, ADK013, ADK023, ADK057, ADK058, ARD001, ARD003, B37, C17, C31, C50, C51, Gl003, Gl008, Gl010, Gl011, SH079, SH101, YK013, YK017, YK019"},"geometry":{"type":"LineString","coordinates":[[38.752256,9.037847],[38.752201,9.037855]]}},{"type":"Feature","properties":{"mode":"bus","n":5,"arr":["AB007","AB044","AB089","AB097","SH077"],"lines":"AB007, AB044, AB089, AB097, SH077"},"geometry":{"type":"LineString","coordinates":[[38.878632,9.057353],[38.878478,9.057289],[38.878295,9.057124]]}},{"type":"Feature","properties":{"mode":"bus","n":5,"arr":["AB007","AB044","AB089","AB097","SH077"],"lines":"AB007, AB044, AB089, AB097, SH077"},"geometry":{"type":"LineString","coordinates":[[38.878204,9.056629],[38.878207,9.056596]]}},{"type":"Feature","properties":{"mode":"bus","n":5,"arr":["AB007","AB044","AB089","AB097","SH077"],"lines":"AB007, AB044, AB089, AB097, SH077"},"geometry":{"type":"LineString","coordinates":[[38.878778,9.056376],[38.878863,9.056421],[38.878998,9.056561],[38.87907,9.056712],[38.879104,9.056872]]}},{"type":"Feature","properties":{"mode":"bus","n":29,"arr":["AB008","AB012","AB013","AB015","AB016","AB017","AB019","AB020","AB023","AB030","AB040","AB081","AB088","AB089","AB108","AB111","ADK008","ADK013","ADK023","ADK037","ADK057","ADK058","B37","C14","Gl010","Gl015","YK013","YK017","YK019"],"lines":"AB008, AB012, AB013, AB015, AB016, AB017, AB019, AB020, AB023, AB030, AB040, AB081, AB088, AB089, AB108, AB111, ADK008, ADK013, ADK023, ADK037, ADK057, ADK058, B37, C14, Gl010, Gl015, YK013, YK017, YK019"},"geometry":{"type":"LineString","coordinates":[[38.749678,9.03523],[38.749748,9.035265]]}},{"type":"Feature","properties":{"mode":"bus","n":29,"arr":["AB008","AB012","AB013","AB015","AB016","AB017","AB019","AB020","AB023","AB030","AB040","AB081","AB088","AB089","AB108","AB111","ADK008","ADK013","ADK023","ADK037","ADK057","ADK058","B37","C14","Gl010","Gl015","YK013","YK017","YK019"],"lines":"AB008, AB012, AB013, AB015, AB016, AB017, AB019, AB020, AB023, AB030, AB040, AB081, AB088, AB089, AB108, AB111, ADK008, ADK013, ADK023, ADK037, ADK057, ADK058, B37, C14, Gl010, Gl015, YK013, YK017, YK019"},"geometry":{"type":"LineString","coordinates":[[38.749992,9.035513],[38.749811,9.035407]]}},{"type":"Feature","properties":{"mode":"bus","n":34,"arr":["AB008","AB012","AB013","AB015","AB016","AB017","AB019","AB020","AB023","AB030","AB040","AB041","AB081","AB088","AB089","AB108","AB111","ADK008","ADK013","ADK023","ADK037","ADK057","ADK058","ARD013","B37","C14","Gl004","Gl010","Gl015","Kolfa042","TX001","YK013","YK017","YK019"],"lines":"AB008, AB012, AB013, AB015, AB016, AB017, AB019, AB020, AB023, AB030, AB040, AB041, AB081, AB088, AB089, AB108, AB111, ADK008, ADK013, ADK023, ADK037, ADK057, ADK058, ARD013, B37, C14, Gl004, Gl010, Gl015, Kolfa042, TX001, YK013, YK017, YK019"},"geometry":{"type":"LineString","coordinates":[[38.749811,9.035407],[38.749784,9.035305],[38.749748,9.035265]]}},{"type":"Feature","properties":{"mode":"bus","n":35,"arr":["AB008","AB012","AB013","AB015","AB016","AB017","AB019","AB020","AB023","AB030","AB040","AB048","AB081","AB088","AB089","AB108","AB111","AB123","AB129","ADK008","ADK013","ADK023","ADK037","ADK057","ADK058","B37","C31","C51","Gl010","Gl015","SH071","SH099","YK013","YK017","YK019"],"lines":"AB008, AB012, AB013, AB015, AB016, AB017, AB019, AB020, AB023, AB030, AB040, AB048, AB081, AB088, AB089, AB108, AB111, AB123, AB129, ADK008, ADK013, ADK023, ADK037, ADK057, ADK058, B37, C31, C51, Gl010, Gl015, SH071, SH099, YK013, YK017, YK019"},"geometry":{"type":"LineString","coordinates":[[38.752495,9.035536],[38.752432,9.035525]]}},{"type":"Feature","properties":{"mode":"bus","n":29,"arr":["AB008","AB012","AB013","AB015","AB016","AB017","AB020","AB023","AB030","AB040","AB048","AB081","AB088","AB089","AB123","AB129","ADK008","ADK013","ADK023","ADK057","ADK058","B37","C51","Gl010","SH071","SH099","YK013","YK017","YK019"],"lines":"AB008, AB012, AB013, AB015, AB016, AB017, AB020, AB023, AB030, AB040, AB048, AB081, AB088, AB089, AB123, AB129, ADK008, ADK013, ADK023, ADK057, ADK058, B37, C51, Gl010, SH071, SH099, YK013, YK017, YK019"},"geometry":{"type":"LineString","coordinates":[[38.752571,9.035565],[38.752495,9.035536]]}},{"type":"Feature","properties":{"mode":"bus","n":30,"arr":["AB008","AB012","AB013","AB015","AB016","AB017","AB020","AB023","AB030","AB040","AB048","AB081","AB088","AB089","AB123","AB129","ADK008","ADK013","ADK023","ADK057","ADK058","B37","C17","C51","Gl010","SH071","SH099","YK013","YK017","YK019"],"lines":"AB008, AB012, AB013, AB015, AB016, AB017, AB020, AB023, AB030, AB040, AB048, AB081, AB088, AB089, AB123, AB129, ADK008, ADK013, ADK023, ADK057, ADK058, B37, C17, C51, Gl010, SH071, SH099, YK013, YK017, YK019"},"geometry":{"type":"LineString","coordinates":[[38.75264,9.03563],[38.752571,9.035565]]}},{"type":"Feature","properties":{"mode":"bus","n":5,"arr":["AB009","AB042","Bole004","KRK007","SH078"],"lines":"AB009, AB042, Bole004, KRK007, SH078"},"geometry":{"type":"LineString","coordinates":[[38.786834,8.99814],[38.786696,8.998163]]}},{"type":"Feature","properties":{"mode":"bus","n":5,"arr":["AB009","AB042","Bole004","KRK007","SH078"],"lines":"AB009, AB042, Bole004, KRK007, SH078"},"geometry":{"type":"LineString","coordinates":[[38.786517,8.997867],[38.786575,8.997781],[38.786626,8.997745],[38.786747,8.997721],[38.786827,8.997606],[38.787311,8.99707],[38.788413,8.995963],[38.789763,8.99453],[38.790802,8.993474],[38.791231,8.992983],[38.791471,8.992663],[38.792684,8.990874]]}},{"type":"Feature","properties":{"mode":"bus","n":27,"arr":["AB011","AB022","AB049","AB061","AB079","AB083","AB097","AB101","AB119","AB126","AB127","Bole005","Bole006","Bole007","D23","D25","D46","LK001","LK004","LK009","LK010","LK013","LK015","LK016","SH066","SH067","YK010"],"lines":"AB011, AB022, AB049, AB061, AB079, AB083, AB097, AB101, AB119, AB126, AB127, Bole005, Bole006, Bole007, D23, D25, D46, LK001, LK004, LK009, LK010, LK013, LK015, LK016, SH066, SH067, YK010"},"geometry":{"type":"LineString","coordinates":[[38.851732,9.02059],[38.851814,9.020465],[38.851929,9.020363]]}},{"type":"Feature","properties":{"mode":"bus","n":27,"arr":["AB011","AB022","AB049","AB061","AB079","AB083","AB097","AB101","AB119","AB126","AB127","Bole005","Bole006","Bole007","D23","D25","D46","LK001","LK004","LK009","LK010","LK013","LK015","LK016","SH066","SH067","YK010"],"lines":"AB011, AB022, AB049, AB061, AB079, AB083, AB097, AB101, AB119, AB126, AB127, Bole005, Bole006, Bole007, D23, D25, D46, LK001, LK004, LK009, LK010, LK013, LK015, LK016, SH066, SH067, YK010"},"geometry":{"type":"LineString","coordinates":[[38.852675,9.020349],[38.852868,9.020538]]}},{"type":"Feature","properties":{"mode":"bus","n":27,"arr":["AB011","AB022","AB049","AB061","AB079","AB083","AB097","AB101","AB119","AB126","AB127","Bole005","Bole006","Bole007","D23","D25","D46","LK001","LK004","LK009","LK010","LK013","LK015","LK016","SH066","SH067","YK010"],"lines":"AB011, AB022, AB049, AB061, AB079, AB083, AB097, AB101, AB119, AB126, AB127, Bole005, Bole006, Bole007, D23, D25, D46, LK001, LK004, LK009, LK010, LK013, LK015, LK016, SH066, SH067, YK010"},"geometry":{"type":"LineString","coordinates":[[38.852921,9.021167],[38.852833,9.021311],[38.852727,9.021414]]}},{"type":"Feature","properties":{"mode":"bus","n":27,"arr":["AB011","AB022","AB049","AB061","AB079","AB083","AB097","AB101","AB119","AB126","AB127","Bole005","Bole006","Bole007","D23","D25","D46","LK001","LK004","LK009","LK010","LK013","LK015","LK016","SH066","SH067","YK010"],"lines":"AB011, AB022, AB049, AB061, AB079, AB083, AB097, AB101, AB119, AB126, AB127, Bole005, Bole006, Bole007, D23, D25, D46, LK001, LK004, LK009, LK010, LK013, LK015, LK016, SH066, SH067, YK010"},"geometry":{"type":"LineString","coordinates":[[38.851942,9.021447],[38.851778,9.021293]]}},{"type":"Feature","properties":{"mode":"bus","n":14,"arr":["AB011","AB022","AB079","AB119","Bole008","Bole022","D25","LK001","LK004","LK006","LK008","LK013","LK015","SH077"],"lines":"AB011, AB022, AB079, AB119, Bole008, Bole022, D25, LK001, LK004, LK006, LK008, LK013, LK015, SH077"},"geometry":{"type":"LineString","coordinates":[[38.851726,9.001779],[38.851647,9.001727],[38.85159,9.001654]]}},{"type":"Feature","properties":{"mode":"bus","n":9,"arr":["AB011","AB022","AB079","AB119","Bole022","D25","LK001","LK004","LK013"],"lines":"AB011, AB022, AB079, AB119, Bole022, D25, LK001, LK004, LK013"},"geometry":{"type":"LineString","coordinates":[[38.85159,9.001654],[38.851559,9.001573],[38.851555,9.001487],[38.851623,9.001329]]}},{"type":"Feature","properties":{"mode":"bus","n":15,"arr":["AB011","AB022","AB042","AB079","AB119","Bole022","D25","LK001","LK004","LK006","LK008","LK013","LK015","SH077","SH078"],"lines":"AB011, AB022, AB042, AB079, AB119, Bole022, D25, LK001, LK004, LK006, LK008, LK013, LK015, SH077, SH078"},"geometry":{"type":"LineString","coordinates":[[38.851623,9.001329],[38.851685,9.001274]]}},{"type":"Feature","properties":{"mode":"bus","n":15,"arr":["AB011","AB022","AB042","AB079","AB119","Bole022","D25","LK001","LK004","LK006","LK008","LK013","LK015","SH077","SH078"],"lines":"AB011, AB022, AB042, AB079, AB119, Bole022, D25, LK001, LK004, LK006, LK008, LK013, LK015, SH077, SH078"},"geometry":{"type":"LineString","coordinates":[[38.851974,9.001257],[38.852067,9.001327]]}},{"type":"Feature","properties":{"mode":"bus","n":10,"arr":["AB011","AB042","AB079","AB119","D25","LK006","LK008","LK015","SH077","SH078"],"lines":"AB011, AB042, AB079, AB119, D25, LK006, LK008, LK015, SH077, SH078"},"geometry":{"type":"LineString","coordinates":[[38.851685,9.001274],[38.851858,9.001227],[38.851974,9.001257]]}},{"type":"Feature","properties":{"mode":"bus","n":10,"arr":["AB011","AB022","AB079","AB119","Bole006","Bole007","D25","LK004","LK013","LK015"],"lines":"AB011, AB022, AB079, AB119, Bole006, Bole007, D25, LK004, LK013, LK015"},"geometry":{"type":"LineString","coordinates":[[38.852868,9.020538],[38.852942,9.020687],[38.852976,9.020843],[38.852921,9.021167]]}},{"type":"Feature","properties":{"mode":"bus","n":26,"arr":["AB011","AB022","AB049","AB061","AB079","AB083","AB097","AB101","AB119","AB126","AB127","Bole005","Bole006","Bole007","D23","D25","D46","LK001","LK004","LK009","LK010","LK013","LK016","SH066","SH067","YK010"],"lines":"AB011, AB022, AB049, AB061, AB079, AB083, AB097, AB101, AB119, AB126, AB127, Bole005, Bole006, Bole007, D23, D25, D46, LK001, LK004, LK009, LK010, LK013, LK016, SH066, SH067, YK010"},"geometry":{"type":"LineString","coordinates":[[38.852727,9.021414],[38.852569,9.021507],[38.852411,9.021551],[38.852247,9.021562],[38.852086,9.021527],[38.851942,9.021447]]}},{"type":"Feature","properties":{"mode":"bus","n":21,"arr":["AB011","AB012","AB013","AB016","AB023","AB040","AB129","ADK008","ADK013","ADK023","ADK057","ADK058","ARD001","B37","C17","C51","Gl010","SH101","YK013","YK017","YK019"],"lines":"AB011, AB012, AB013, AB016, AB023, AB040, AB129, ADK008, ADK013, ADK023, ADK057, ADK058, ARD001, B37, C17, C51, Gl010, SH101, YK013, YK017, YK019"},"geometry":{"type":"LineString","coordinates":[[38.752201,9.037855],[38.752108,9.037848],[38.752046,9.037795]]}},{"type":"Feature","properties":{"mode":"bus","n":15,"arr":["AB012","AB016","AB023","AB089","AB112","ADK008","ADK013","ADK058","B37","Gl010","SH080","SH101","YK001","YK012","YK013"],"lines":"AB012, AB016, AB023, AB089, AB112, ADK008, ADK013, ADK058, B37, Gl010, SH080, SH101, YK001, YK012, YK013"},"geometry":{"type":"LineString","coordinates":[[38.754393,9.045062],[38.754765,9.04521],[38.75516,9.045329],[38.755423,9.045367],[38.755529,9.045349],[38.755627,9.045396]]}},{"type":"Feature","properties":{"mode":"bus","n":19,"arr":["AB012","AB023","AB080","AB089","AB112","ADK008","ADK013","ADK058","B37","Gl005","Gl010","SH035","SH080","SH101","YK001","YK006","YK011","YK012","YK013"],"lines":"AB012, AB023, AB080, AB089, AB112, ADK008, ADK013, ADK058, B37, Gl005, Gl010, SH035, SH080, SH101, YK001, YK006, YK011, YK012, YK013"},"geometry":{"type":"LineString","coordinates":[[38.761141,9.043594],[38.761309,9.043602],[38.761383,9.043645]]}},{"type":"Feature","properties":{"mode":"bus","n":13,"arr":["AB012","AB016","AB023","AB112","ADK008","ADK013","ADK058","Gl010","SH080","SH101","YK001","YK012","YK013"],"lines":"AB012, AB016, AB023, AB112, ADK008, ADK013, ADK058, Gl010, SH080, SH101, YK001, YK012, YK013"},"geometry":{"type":"LineString","coordinates":[[38.755649,9.0456],[38.755575,9.045667],[38.755476,9.04568]]}},{"type":"Feature","properties":{"mode":"bus","n":14,"arr":["AB012","AB016","AB023","AB112","ADK008","ADK013","ADK058","B37","Gl010","SH080","SH101","YK001","YK012","YK013"],"lines":"AB012, AB016, AB023, AB112, ADK008, ADK013, ADK058, B37, Gl010, SH080, SH101, YK001, YK012, YK013"},"geometry":{"type":"LineString","coordinates":[[38.755476,9.04568],[38.755412,9.045657],[38.755233,9.045485],[38.755142,9.045431],[38.754159,9.045053]]}},{"type":"Feature","properties":{"mode":"bus","n":6,"arr":["AB014","AB093","Bole011","Bole012","Bole017","SH082"],"lines":"AB014, AB093, Bole011, Bole012, Bole017, SH082"},"geometry":{"type":"LineString","coordinates":[[38.77593,8.97241],[38.776,8.972179],[38.775956,8.971942],[38.775868,8.971806],[38.775741,8.971704],[38.775542,8.971645],[38.775512,8.971629],[38.775491,8.971603],[38.775329,8.971271],[38.775262,8.971001],[38.77514,8.969632],[38.775142,8.969459],[38.775224,8.969102],[38.775436,8.968837],[38.775721,8.968665],[38.776507,8.968346],[38.776943,8.968227],[38.777276,8.968192],[38.779286,8.968189],[38.780234,8.968133],[38.780601,8.96816],[38.781201,8.968269],[38.781384,8.968282],[38.78204,8.968242],[38.782546,8.968158],[38.78288,8.968065],[38.784179,8.967517],[38.785005,8.967266],[38.785332,8.967119],[38.786466,8.966441],[38.78666,8.966283],[38.78695,8.965965],[38.78706,8.965812],[38.787289,8.965332],[38.787375,8.964891],[38.787359,8.964519],[38.787305,8.964177]]}},{"type":"Feature","properties":{"mode":"bus","n":6,"arr":["AB014","AB093","Bole011","Bole012","Bole017","SH082"],"lines":"AB014, AB093, Bole011, Bole012, Bole017, SH082"},"geometry":{"type":"LineString","coordinates":[[38.775148,8.97255],[38.775368,8.972655],[38.775611,8.972649]]}},{"type":"Feature","properties":{"mode":"bus","n":6,"arr":["AB014","AB093","Bole011","Bole012","Bole017","SH082"],"lines":"AB014, AB093, Bole011, Bole012, Bole017, SH082"},"geometry":{"type":"LineString","coordinates":[[38.787218,8.964197],[38.78727,8.964532],[38.78728,8.96479],[38.787193,8.965287],[38.787126,8.965496],[38.786985,8.96578],[38.786887,8.965923],[38.786596,8.966232],[38.786434,8.966351],[38.785121,8.967124],[38.784974,8.967192],[38.784152,8.967434],[38.783069,8.967897],[38.782689,8.96804],[38.782527,8.968078],[38.782029,8.968159],[38.781514,8.96819],[38.780242,8.968033],[38.778941,8.968105],[38.777267,8.968097],[38.777066,8.968115],[38.776753,8.968171],[38.776036,8.968417],[38.77569,8.968572],[38.775349,8.968771],[38.775221,8.968918],[38.775129,8.96907],[38.775032,8.969644],[38.775263,8.971642],[38.775259,8.971675],[38.775238,8.9717],[38.775073,8.971824],[38.774967,8.972041],[38.774958,8.972202],[38.775039,8.97243]]}},{"type":"Feature","properties":{"mode":"bus","n":17,"arr":["AB014","AB048","AB052","AB076","AB093","AB125","ARD011","Bole003","Bole011","Kal033","Lafto044","SH082","SH089","SH092","SH096","TX005","YK009"],"lines":"AB014, AB048, AB052, AB076, AB093, AB125, ARD011, Bole003, Bole011, Kal033, Lafto044, SH082, SH089, SH092, SH096, TX005, YK009"},"geometry":{"type":"LineString","coordinates":[[38.792032,8.98753],[38.792007,8.987409],[38.791932,8.987272],[38.791818,8.987166],[38.791676,8.9871],[38.79152,8.987083],[38.791375,8.987112]]}},{"type":"Feature","properties":{"mode":"bus","n":16,"arr":["AB014","AB048","AB076","AB093","AB125","ARD011","Bole003","Bole011","Kal033","Lafto044","SH082","SH089","SH092","SH096","TX005","YK009"],"lines":"AB014, AB048, AB076, AB093, AB125, ARD011, Bole003, Bole011, Kal033, Lafto044, SH082, SH089, SH092, SH096, TX005, YK009"},"geometry":{"type":"LineString","coordinates":[[38.791417,8.988034],[38.791533,8.988051],[38.791649,8.988039]]}},{"type":"Feature","properties":{"mode":"bus","n":16,"arr":["AB014","AB048","AB076","AB093","AB125","ARD011","Bole003","Bole011","Kal033","Lafto044","SH082","SH089","SH092","SH096","TX005","YK009"],"lines":"AB014, AB048, AB076, AB093, AB125, ARD011, Bole003, Bole011, Kal033, Lafto044, SH082, SH089, SH092, SH096, TX005, YK009"},"geometry":{"type":"LineString","coordinates":[[38.791375,8.987112],[38.7912,8.987004]]}},{"type":"Feature","properties":{"mode":"bus","n":11,"arr":["AB014","ADK020","ADK021","ADK053","Bole015","Bole016","Bole020","KRK012","KRK017","KRK020","SH072"],"lines":"AB014, ADK020, ADK021, ADK053, Bole015, Bole016, Bole020, KRK012, KRK017, KRK020, SH072"},"geometry":{"type":"LineString","coordinates":[[38.76939,9.001985],[38.769347,9.002238],[38.768566,9.003621],[38.768344,9.004137],[38.768352,9.00421],[38.768294,9.004348],[38.768151,9.004418],[38.768059,9.004559],[38.767184,9.006153],[38.766993,9.006429],[38.766532,9.006976],[38.766485,9.007015],[38.766396,9.007044]]}},{"type":"Feature","properties":{"mode":"bus","n":16,"arr":["AB014","AB048","AB053","ADK020","ADK021","ADK053","Bole015","Bole016","Bole018","Bole019","Bole020","KRK012","KRK017","KRK020","SH079","SH099"],"lines":"AB014, AB048, AB053, ADK020, ADK021, ADK053, Bole015, Bole016, Bole018, Bole019, Bole020, KRK012, KRK017, KRK020, SH079, SH099"},"geometry":{"type":"LineString","coordinates":[[38.777076,8.992736],[38.776707,8.992782],[38.77593,8.993046],[38.775386,8.993313],[38.774699,8.993736],[38.774578,8.993736],[38.774521,8.993767],[38.774462,8.993819],[38.774427,8.993887],[38.774418,8.993982],[38.773166,8.995226],[38.772554,8.996022],[38.772436,8.996269]]}},{"type":"Feature","properties":{"mode":"bus","n":14,"arr":["AB014","AB052","AB076","AB093","AB125","Bole003","Bole011","Kal033","Lafto044","SH082","SH089","SH092","SH096","YK009"],"lines":"AB014, AB052, AB076, AB093, AB125, Bole003, Bole011, Kal033, Lafto044, SH082, SH089, SH092, SH096, YK009"},"geometry":{"type":"LineString","coordinates":[[38.79106,8.987485],[38.791053,8.987547]]}},{"type":"Feature","properties":{"mode":"bus","n":5,"arr":["AB014","AB093","Bole011","Bole012","SH082"],"lines":"AB014, AB093, Bole011, Bole012, SH082"},"geometry":{"type":"LineString","coordinates":[[38.775039,8.97243],[38.775148,8.97255]]}},{"type":"Feature","properties":{"mode":"bus","n":5,"arr":["AB014","AB093","Bole011","Bole012","SH082"],"lines":"AB014, AB093, Bole011, Bole012, SH082"},"geometry":{"type":"LineString","coordinates":[[38.787305,8.964177],[38.787158,8.963774],[38.786293,8.961885],[38.785448,8.959919],[38.785444,8.959899],[38.78545,8.959882],[38.785466,8.959869],[38.786097,8.959528],[38.786766,8.959203],[38.787076,8.958986],[38.787273,8.958803],[38.787493,8.958548],[38.787591,8.958397],[38.787732,8.958109],[38.787825,8.957813],[38.787886,8.9575],[38.787909,8.957201],[38.787899,8.956945],[38.787862,8.956701],[38.787259,8.954945],[38.786329,8.951902]]}},{"type":"Feature","properties":{"mode":"bus","n":5,"arr":["AB014","AB093","Bole011","Bole012","SH082"],"lines":"AB014, AB093, Bole011, Bole012, SH082"},"geometry":{"type":"LineString","coordinates":[[38.778565,8.982147],[38.778483,8.982025],[38.778459,8.981938],[38.778467,8.981842],[38.778677,8.980976],[38.778821,8.979992],[38.77884,8.979573],[38.778809,8.979334],[38.778563,8.978525],[38.778353,8.977502],[38.778272,8.977255],[38.777362,8.97529],[38.777169,8.974779],[38.776862,8.974106],[38.776492,8.973427],[38.776067,8.972864],[38.775997,8.972735],[38.77593,8.97241]]}},{"type":"Feature","properties":{"mode":"bus","n":5,"arr":["AB014","AB093","Bole011","Bole012","SH082"],"lines":"AB014, AB093, Bole011, Bole012, SH082"},"geometry":{"type":"LineString","coordinates":[[38.775611,8.972649],[38.775843,8.972768],[38.775996,8.972903],[38.776355,8.973414],[38.776615,8.973835],[38.776835,8.97427],[38.777244,8.975181],[38.77731,8.975418],[38.777364,8.975878],[38.77764,8.976118],[38.777763,8.976294],[38.778221,8.977266],[38.778264,8.977406],[38.778493,8.978497],[38.778717,8.979227],[38.778779,8.979717],[38.778765,8.979976],[38.778587,8.980951],[38.778441,8.981619],[38.778241,8.982202]]}},{"type":"Feature","properties":{"mode":"bus","n":5,"arr":["AB014","AB093","Bole011","Bole012","SH082"],"lines":"AB014, AB093, Bole011, Bole012, SH082"},"geometry":{"type":"LineString","coordinates":[[38.787218,8.964197],[38.787131,8.963944],[38.786197,8.961902],[38.785792,8.960938],[38.785302,8.959867],[38.785297,8.959847],[38.785303,8.95983],[38.785319,8.959818],[38.786698,8.959127],[38.787009,8.958923],[38.7872,8.958746],[38.787352,8.958579],[38.78749,8.958384],[38.787637,8.958059],[38.787729,8.957792],[38.787801,8.957369],[38.787809,8.956964],[38.787756,8.956724],[38.787399,8.95561],[38.787169,8.95498],[38.786343,8.952228],[38.786173,8.951724]]}},{"type":"Feature","properties":{"mode":"bus","n":15,"arr":["AB015","AB017","AB019","AB041","AB081","AB089","AB108","AB111","ADK037","ARD013","C14","Gl004","Gl015","Kolfa042","TX001"],"lines":"AB015, AB017, AB019, AB041, AB081, AB089, AB108, AB111, ADK037, ARD013, C14, Gl004, Gl015, Kolfa042, TX001"},"geometry":{"type":"LineString","coordinates":[[38.74974,9.035538],[38.749776,9.035502],[38.749811,9.035407]]}},{"type":"Feature","properties":{"mode":"bus","n":15,"arr":["AB015","AB017","AB019","AB041","AB081","AB089","AB108","AB111","ADK037","ARD013","C14","Gl004","Gl015","Kolfa042","TX001"],"lines":"AB015, AB017, AB019, AB041, AB081, AB089, AB108, AB111, ADK037, ARD013, C14, Gl004, Gl015, Kolfa042, TX001"},"geometry":{"type":"LineString","coordinates":[[38.749748,9.035265],[38.749843,9.035111]]}},{"type":"Feature","properties":{"mode":"bus","n":11,"arr":["AB018","AB037","AB105","ADK043","Kolfa024","Kolfa026","Kolfa027","Kolfa028","Kolfa034","Kolfe042","SH076"],"lines":"AB018, AB037, AB105, ADK043, Kolfa024, Kolfa026, Kolfa027, Kolfa028, Kolfa034, Kolfe042, SH076"},"geometry":{"type":"LineString","coordinates":[[38.696956,9.018843],[38.698371,9.018354],[38.699362,9.018086],[38.700692,9.017874],[38.700916,9.01788],[38.700971,9.017924],[38.701109,9.017958],[38.70118,9.017945],[38.701295,9.017863]]}},{"type":"Feature","properties":{"mode":"bus","n":11,"arr":["AB018","AB037","AB105","ADK043","Kolfa024","Kolfa026","Kolfa027","Kolfa028","Kolfa034","Kolfe042","SH076"],"lines":"AB018, AB037, AB105, ADK043, Kolfa024, Kolfa026, Kolfa027, Kolfa028, Kolfa034, Kolfe042, SH076"},"geometry":{"type":"LineString","coordinates":[[38.700979,9.017495],[38.700926,9.017532],[38.700866,9.017623],[38.700707,9.017662],[38.699813,9.017777],[38.699334,9.017873],[38.698737,9.01803],[38.697185,9.018572]]}},{"type":"Feature","properties":{"mode":"bus","n":11,"arr":["AB018","AB037","AB105","ADK043","Kolfa024","Kolfa026","Kolfa027","Kolfa028","Kolfa034","Kolfe042","SH076"],"lines":"AB018, AB037, AB105, ADK043, Kolfa024, Kolfa026, Kolfa027, Kolfa028, Kolfa034, Kolfe042, SH076"},"geometry":{"type":"LineString","coordinates":[[38.701254,9.017518],[38.701191,9.017482]]}},{"type":"Feature","properties":{"mode":"bus","n":26,"arr":["AB018","AB037","AB073","AB105","AB123","ADK011","ADK028","ADK043","ADK052","ARD006","Kolfa001","Kolfa004","Kolfa009","Kolfa010","Kolfa012","Kolfa018","Kolfa024","Kolfa026","Kolfa027","Kolfa028","Kolfa031","Kolfa034","Kolfa037","Kolfe035","SH010","SH076"],"lines":"AB018, AB037, AB073, AB105, AB123, ADK011, ADK028, ADK043, ADK052, ARD006, Kolfa001, Kolfa004, Kolfa009, Kolfa010, Kolfa012, Kolfa018, Kolfa024, Kolfa026, Kolfa027, Kolfa028, Kolfa031, Kolfa034, Kolfa037, Kolfe035, SH010, SH076"},"geometry":{"type":"LineString","coordinates":[[38.721532,9.011459],[38.721367,9.011455],[38.721226,9.01154]]}},{"type":"Feature","properties":{"mode":"bus","n":12,"arr":["AB018","AB087","ADK052","Kolfa010","Kolfa018","Kolfa022","Kolfa024","Kolfa025","Kolfa027","Kolfa028","Kolfa038","SH076"],"lines":"AB018, AB087, ADK052, Kolfa010, Kolfa018, Kolfa022, Kolfa024, Kolfa025, Kolfa027, Kolfa028, Kolfa038, SH076"},"geometry":{"type":"LineString","coordinates":[[38.721633,9.011942],[38.721689,9.011875],[38.721729,9.011706],[38.721662,9.011546]]}},{"type":"Feature","properties":{"mode":"bus","n":9,"arr":["AB019","AB081","AB108","AB111","ADK009","ADK037","C14","Gl004","Gl015"],"lines":"AB019, AB081, AB108, AB111, ADK009, ADK037, C14, Gl004, Gl015"},"geometry":{"type":"LineString","coordinates":[[38.737896,9.049084],[38.737999,9.048966],[38.738137,9.048913],[38.738377,9.048902],[38.738657,9.048805],[38.739121,9.048432],[38.739286,9.048344],[38.739437,9.0483],[38.739622,9.04828],[38.739785,9.048296],[38.740432,9.048557],[38.740603,9.048598],[38.740746,9.048604],[38.740982,9.048567],[38.741211,9.048478],[38.741432,9.048327],[38.741517,9.048231],[38.744258,9.04409],[38.744436,9.043864],[38.744628,9.043674],[38.745115,9.043328],[38.74548,9.0431],[38.745752,9.042874],[38.745959,9.042579],[38.746029,9.042393],[38.746204,9.041693],[38.746304,9.041451],[38.746531,9.041213],[38.747045,9.040827],[38.747245,9.04064],[38.747301,9.04056],[38.747354,9.040462],[38.74776,9.03928],[38.748071,9.038453],[38.748623,9.037319],[38.749028,9.036553],[38.749407,9.035901]]}},{"type":"Feature","properties":{"mode":"bus","n":9,"arr":["AB019","AB081","AB108","AB111","ADK009","ADK037","C14","Gl004","Gl015"],"lines":"AB019, AB081, AB108, AB111, ADK009, ADK037, C14, Gl004, Gl015"},"geometry":{"type":"LineString","coordinates":[[38.737653,9.049079],[38.737574,9.048985],[38.737556,9.048925],[38.737573,9.048803],[38.737606,9.048752]]}},{"type":"Feature","properties":{"mode":"bus","n":9,"arr":["AB019","AB081","AB108","AB111","ADK009","ADK037","C14","Gl004","Gl015"],"lines":"AB019, AB081, AB108, AB111, ADK009, ADK037, C14, Gl004, Gl015"},"geometry":{"type":"LineString","coordinates":[[38.737831,9.048683],[38.737901,9.048715],[38.737979,9.048789],[38.738299,9.048812],[38.738453,9.048792],[38.7387,9.048666],[38.739161,9.048317],[38.739315,9.048248],[38.739498,9.048206],[38.739804,9.04822],[38.73998,9.048269],[38.740499,9.048486],[38.740629,9.048512],[38.740829,9.048507],[38.740999,9.048477],[38.741158,9.048405],[38.741358,9.048261],[38.741439,9.048175],[38.74215,9.047127],[38.743161,9.045572],[38.744339,9.043836],[38.744474,9.043695],[38.744739,9.043477],[38.745531,9.042946],[38.745785,9.042693],[38.74594,9.042385],[38.746123,9.041658],[38.746219,9.041421],[38.746328,9.041285],[38.746506,9.041125],[38.746841,9.040872],[38.747173,9.040575],[38.747304,9.040343],[38.747835,9.038806],[38.748032,9.038306],[38.748925,9.036522],[38.749284,9.035871]]}},{"type":"Feature","properties":{"mode":"bus","n":8,"arr":["AB019","AB081","AB108","AB111","ADK009","ADK037","C14","Gl015"],"lines":"AB019, AB081, AB108, AB111, ADK009, ADK037, C14, Gl015"},"geometry":{"type":"LineString","coordinates":[[38.737653,9.049079],[38.737779,9.049112],[38.737896,9.049084]]}},{"type":"Feature","properties":{"mode":"bus","n":8,"arr":["AB019","AB081","AB108","AB111","ADK009","ADK037","C14","Gl015"],"lines":"AB019, AB081, AB108, AB111, ADK009, ADK037, C14, Gl015"},"geometry":{"type":"LineString","coordinates":[[38.737606,9.048752],[38.737092,9.047407],[38.736892,9.047175],[38.736681,9.047052],[38.736052,9.046825],[38.735894,9.046793],[38.735706,9.046789],[38.735608,9.046801],[38.735383,9.046878],[38.734725,9.047228],[38.734479,9.047275],[38.734242,9.047272],[38.734016,9.047225],[38.733883,9.047165],[38.733693,9.047022],[38.733473,9.046805],[38.733276,9.046669],[38.73311,9.046589],[38.732872,9.046522],[38.732471,9.046447],[38.732281,9.046437],[38.732162,9.046468]]}},{"type":"Feature","properties":{"mode":"bus","n":8,"arr":["AB019","AB081","AB108","AB111","ADK009","ADK037","C14","Gl015"],"lines":"AB019, AB081, AB108, AB111, ADK009, ADK037, C14, Gl015"},"geometry":{"type":"LineString","coordinates":[[38.732253,9.046111],[38.732306,9.046238],[38.732427,9.046331],[38.732937,9.046431],[38.733293,9.046559],[38.733519,9.046714],[38.733861,9.047026],[38.734044,9.047131],[38.734145,9.047164],[38.734411,9.047192],[38.734595,9.047165],[38.734855,9.047064],[38.735317,9.046815],[38.735519,9.046738],[38.735701,9.046696],[38.735952,9.046702],[38.73617,9.046753],[38.736772,9.046985],[38.73696,9.0471],[38.737151,9.047324],[38.737287,9.047613],[38.737537,9.048323],[38.73769,9.048552],[38.737831,9.048683]]}},{"type":"Feature","properties":{"mode":"bus","n":14,"arr":["AB019","AB047","AB081","AB108","AB111","ADK004","ADK009","ADK026","ADK037","B22","C14","Gl013","Gl015","SH012"],"lines":"AB019, AB047, AB081, AB108, AB111, ADK004, ADK009, ADK026, ADK037, B22, C14, Gl013, Gl015, SH012"},"geometry":{"type":"LineString","coordinates":[[38.732162,9.046468],[38.732081,9.046532],[38.731984,9.046571],[38.731812,9.046573],[38.731689,9.046518],[38.731561,9.046365],[38.731445,9.046304],[38.730993,9.046229],[38.730666,9.046218],[38.729429,9.046385],[38.729154,9.046459],[38.728781,9.046614],[38.728553,9.046761],[38.727939,9.047276],[38.726297,9.048541],[38.725838,9.049051],[38.725267,9.049771],[38.724908,9.050079],[38.724653,9.050245],[38.723326,9.05089],[38.722685,9.051249],[38.722326,9.05139],[38.722065,9.051525],[38.721839,9.051671],[38.721694,9.051831]]}},{"type":"Feature","properties":{"mode":"bus","n":14,"arr":["AB019","AB047","AB081","AB108","AB111","ADK004","ADK009","ADK026","ADK037","B22","C14","Gl013","Gl015","SH012"],"lines":"AB019, AB047, AB081, AB108, AB111, ADK004, ADK009, ADK026, ADK037, B22, C14, Gl013, Gl015, SH012"},"geometry":{"type":"LineString","coordinates":[[38.721582,9.051682],[38.72193,9.051445],[38.722656,9.051047],[38.723125,9.050854],[38.723872,9.050494],[38.724625,9.050117],[38.724834,9.049984],[38.725217,9.049649],[38.725876,9.048806],[38.726215,9.048453],[38.727825,9.047222],[38.728501,9.046659],[38.728748,9.0465],[38.729245,9.046304],[38.730078,9.046134],[38.7308,9.046085],[38.731368,9.04615],[38.731457,9.046144],[38.731519,9.04613],[38.731548,9.046117],[38.731568,9.046093],[38.731627,9.045979],[38.731741,9.045897],[38.731893,9.045863],[38.73206,9.045901]]}},{"type":"Feature","properties":{"mode":"bus","n":14,"arr":["AB019","AB047","AB081","AB108","AB111","ADK004","ADK009","ADK026","ADK037","B22","C14","Gl013","Gl015","SH012"],"lines":"AB019, AB047, AB081, AB108, AB111, ADK004, ADK009, ADK026, ADK037, B22, C14, Gl013, Gl015, SH012"},"geometry":{"type":"LineString","coordinates":[[38.73213,9.045947],[38.732253,9.046111]]}},{"type":"Feature","properties":{"mode":"bus","n":18,"arr":["AB019","AB024","AB028","AB043","AB047","AB081","AB095","AB108","AB111","ADK004","ADK009","ADK026","ADK037","B22","C14","Gl013","Gl015","SH012"],"lines":"AB019, AB024, AB028, AB043, AB047, AB081, AB095, AB108, AB111, ADK004, ADK009, ADK026, ADK037, B22, C14, Gl013, Gl015, SH012"},"geometry":{"type":"LineString","coordinates":[[38.721694,9.051831],[38.721689,9.051947],[38.721599,9.052064],[38.721533,9.052093],[38.721413,9.052093],[38.720797,9.052646],[38.720573,9.052787],[38.720205,9.05297]]}},{"type":"Feature","properties":{"mode":"bus","n":18,"arr":["AB019","AB024","AB028","AB043","AB047","AB081","AB095","AB108","AB111","ADK004","ADK009","ADK026","ADK037","B22","C14","Gl013","Gl015","SH012"],"lines":"AB019, AB024, AB028, AB043, AB047, AB081, AB095, AB108, AB111, ADK004, ADK009, ADK026, ADK037, B22, C14, Gl013, Gl015, SH012"},"geometry":{"type":"LineString","coordinates":[[38.721283,9.051997],[38.721248,9.051875],[38.721287,9.051753],[38.721331,9.051706],[38.721451,9.051656],[38.721582,9.051682]]}},{"type":"Feature","properties":{"mode":"bus","n":27,"arr":["AB019","AB024","AB028","AB043","AB063","AB073","AB081","AB094","AB095","AB108","AB111","ADK004","ADK009","ADK026","ADK031","ADK037","ADK040","ADK055","B22","C14","Gl001","Gl012","Gl015","Kolfa038","Kolfe023","LID011","SH012"],"lines":"AB019, AB024, AB028, AB043, AB063, AB073, AB081, AB094, AB095, AB108, AB111, ADK004, ADK009, ADK026, ADK031, ADK037, ADK040, ADK055, B22, C14, Gl001, Gl012, Gl015, Kolfa038, Kolfe023, LID011, SH012"},"geometry":{"type":"LineString","coordinates":[[38.713507,9.056733],[38.713538,9.056809],[38.713538,9.05689]]}},{"type":"Feature","properties":{"mode":"bus","n":27,"arr":["AB019","AB024","AB028","AB043","AB063","AB073","AB081","AB094","AB095","AB108","AB111","ADK004","ADK009","ADK026","ADK031","ADK037","ADK040","ADK055","B22","C14","Gl001","Gl012","Gl015","Kolfa038","Kolfe023","LID011","SH012"],"lines":"AB019, AB024, AB028, AB043, AB063, AB073, AB081, AB094, AB095, AB108, AB111, ADK004, ADK009, ADK026, ADK031, ADK037, ADK040, ADK055, B22, C14, Gl001, Gl012, Gl015, Kolfa038, Kolfe023, LID011, SH012"},"geometry":{"type":"LineString","coordinates":[[38.713107,9.056847],[38.713157,9.056987]]}},{"type":"Feature","properties":{"mode":"bus","n":27,"arr":["AB019","AB024","AB028","AB043","AB063","AB073","AB081","AB094","AB095","AB108","AB111","ADK004","ADK009","ADK026","ADK031","ADK037","ADK040","ADK055","B22","C14","Gl001","Gl012","Gl015","Kolfa038","Kolfe023","LID011","SH012"],"lines":"AB019, AB024, AB028, AB043, AB063, AB073, AB081, AB094, AB095, AB108, AB111, ADK004, ADK009, ADK026, ADK031, ADK037, ADK040, ADK055, B22, C14, Gl001, Gl012, Gl015, Kolfa038, Kolfe023, LID011, SH012"},"geometry":{"type":"LineString","coordinates":[[38.713335,9.056635],[38.713355,9.056636]]}},{"type":"Feature","properties":{"mode":"bus","n":25,"arr":["AB019","AB024","AB028","AB043","AB063","AB073","AB081","AB094","AB095","AB108","AB111","ADK004","ADK009","ADK026","ADK031","ADK037","ADK040","ADK055","B22","C14","Gl015","Kolfa038","Kolfe023","LID011","SH012"],"lines":"AB019, AB024, AB028, AB043, AB063, AB073, AB081, AB094, AB095, AB108, AB111, ADK004, ADK009, ADK026, ADK031, ADK037, ADK040, ADK055, B22, C14, Gl015, Kolfa038, Kolfe023, LID011, SH012"},"geometry":{"type":"LineString","coordinates":[[38.713323,9.057064],[38.713462,9.057016],[38.713538,9.05689]]}},{"type":"Feature","properties":{"mode":"bus","n":26,"arr":["AB019","AB024","AB028","AB043","AB063","AB073","AB081","AB094","AB095","AB108","AB111","ADK004","ADK009","ADK026","ADK031","ADK037","ADK040","ADK055","B22","C14","Gl001","Gl015","Kolfa038","Kolfe023","LID011","SH012"],"lines":"AB019, AB024, AB028, AB043, AB063, AB073, AB081, AB094, AB095, AB108, AB111, ADK004, ADK009, ADK026, ADK031, ADK037, ADK040, ADK055, B22, C14, Gl001, Gl015, Kolfa038, Kolfe023, LID011, SH012"},"geometry":{"type":"LineString","coordinates":[[38.713306,9.057063],[38.713323,9.057064]]}},{"type":"Feature","properties":{"mode":"bus","n":18,"arr":["AB019","AB024","AB028","AB043","AB081","AB094","AB095","AB108","AB111","ADK004","ADK009","ADK026","ADK037","B22","C14","Gl012","Gl015","SH012"],"lines":"AB019, AB024, AB028, AB043, AB081, AB094, AB095, AB108, AB111, ADK004, ADK009, ADK026, ADK037, B22, C14, Gl012, Gl015, SH012"},"geometry":{"type":"LineString","coordinates":[[38.713107,9.056847],[38.71313,9.056752],[38.713194,9.056677],[38.713335,9.056635]]}},{"type":"Feature","properties":{"mode":"bus","n":10,"arr":["AB019","AB047","AB081","AB108","AB111","ADK009","ADK037","B22","C14","Gl015"],"lines":"AB019, AB047, AB081, AB108, AB111, ADK009, ADK037, B22, C14, Gl015"},"geometry":{"type":"LineString","coordinates":[[38.73206,9.045901],[38.73213,9.045947]]}},{"type":"Feature","properties":{"mode":"bus","n":8,"arr":["AB020","AB030","AB045","AB088","C31","Gl001","Gl012","SH097"],"lines":"AB020, AB030, AB045, AB088, C31, Gl001, Gl012, SH097"},"geometry":{"type":"LineString","coordinates":[[38.733796,9.063112],[38.733748,9.063032]]}},{"type":"Feature","properties":{"mode":"bus","n":8,"arr":["AB020","AB030","AB045","AB088","C31","Gl001","Gl012","SH097"],"lines":"AB020, AB030, AB045, AB088, C31, Gl001, Gl012, SH097"},"geometry":{"type":"LineString","coordinates":[[38.734018,9.062414],[38.734315,9.062218],[38.734543,9.062182]]}},{"type":"Feature","properties":{"mode":"bus","n":8,"arr":["AB020","AB030","AB045","AB088","C31","Gl001","Gl012","SH097"],"lines":"AB020, AB030, AB045, AB088, C31, Gl001, Gl012, SH097"},"geometry":{"type":"LineString","coordinates":[[38.734916,9.062437],[38.734928,9.062502]]}},{"type":"Feature","properties":{"mode":"bus","n":8,"arr":["AB020","AB030","AB045","AB088","C31","Gl001","Gl012","SH097"],"lines":"AB020, AB030, AB045, AB088, C31, Gl001, Gl012, SH097"},"geometry":{"type":"LineString","coordinates":[[38.734757,9.062995],[38.734601,9.063138],[38.734425,9.063248],[38.734238,9.063294],[38.734097,9.063283]]}},{"type":"Feature","properties":{"mode":"bus","n":6,"arr":["AB020","AB030","AB045","AB088","C31","SH097"],"lines":"AB020, AB030, AB045, AB088, C31, SH097"},"geometry":{"type":"LineString","coordinates":[[38.733748,9.063032],[38.73375,9.06286],[38.733787,9.062768],[38.733844,9.062647],[38.734018,9.062414]]}},{"type":"Feature","properties":{"mode":"bus","n":6,"arr":["AB020","AB030","AB045","AB088","C31","SH097"],"lines":"AB020, AB030, AB045, AB088, C31, SH097"},"geometry":{"type":"LineString","coordinates":[[38.737566,9.07136],[38.73506,9.068274],[38.73355,9.066472],[38.733146,9.066021],[38.732811,9.065548],[38.732733,9.065326],[38.732719,9.065049],[38.732749,9.064885],[38.732884,9.064527],[38.73304,9.064149],[38.733247,9.063788],[38.733349,9.063638],[38.733796,9.063112]]}},{"type":"Feature","properties":{"mode":"bus","n":6,"arr":["AB020","AB030","AB045","AB088","C31","SH097"],"lines":"AB020, AB030, AB045, AB088, C31, SH097"},"geometry":{"type":"LineString","coordinates":[[38.734097,9.063283],[38.733877,9.063328],[38.733781,9.063376],[38.7336,9.06353],[38.733372,9.063781],[38.733201,9.064075],[38.732918,9.064709],[38.732847,9.06493],[38.732828,9.065113],[38.732841,9.065269],[38.732907,9.06549],[38.733079,9.065759],[38.733395,9.066164],[38.736174,9.069544],[38.736637,9.070161],[38.737433,9.071095]]}},{"type":"Feature","properties":{"mode":"bus","n":5,"arr":["AB020","AB030","AB045","AB088","C31"],"lines":"AB020, AB030, AB045, AB088, C31"},"geometry":{"type":"LineString","coordinates":[[38.734928,9.062502],[38.734929,9.062608],[38.73487,9.0628],[38.734757,9.062995]]}},{"type":"Feature","properties":{"mode":"bus","n":5,"arr":["AB020","AB030","AB045","AB088","C31"],"lines":"AB020, AB030, AB045, AB088, C31"},"geometry":{"type":"LineString","coordinates":[[38.734543,9.062182],[38.73484,9.062116],[38.734942,9.062063],[38.736361,9.060568],[38.737108,9.059828]]}},{"type":"Feature","properties":{"mode":"bus","n":5,"arr":["AB020","AB030","AB045","AB088","C31"],"lines":"AB020, AB030, AB045, AB088, C31"},"geometry":{"type":"LineString","coordinates":[[38.734973,9.062228],[38.734916,9.062437]]}},{"type":"Feature","properties":{"mode":"bus","n":11,"arr":["AB022","AB032","AB057","AB061","AB070","AB071","AB102","AB128","ADK042","LID010","SH070"],"lines":"AB022, AB032, AB057, AB061, AB070, AB071, AB102, AB128, ADK042, LID010, SH070"},"geometry":{"type":"LineString","coordinates":[[38.776359,9.023228],[38.776469,9.023173],[38.776611,9.023196],[38.776645,9.023228]]}},{"type":"Feature","properties":{"mode":"bus","n":11,"arr":["AB022","AB060","AB079","Bole006","D23","D25","D46","Kal033","LK007","SH066","SH067"],"lines":"AB022, AB060, AB079, Bole006, D23, D25, D46, Kal033, LK007, SH066, SH067"},"geometry":{"type":"LineString","coordinates":[[38.801345,9.019883],[38.801277,9.019787]]}},{"type":"Feature","properties":{"mode":"bus","n":19,"arr":["AB022","AB060","AB061","AB071","AB076","AB079","AB119","AB125","Bole006","D23","D25","D46","Kal033","LK007","SH066","SH067","SH082","SH089","SH096"],"lines":"AB022, AB060, AB061, AB071, AB076, AB079, AB119, AB125, Bole006, D23, D25, D46, Kal033, LK007, SH066, SH067, SH082, SH089, SH096"},"geometry":{"type":"LineString","coordinates":[[38.801277,9.019787],[38.801238,9.019677]]}},{"type":"Feature","properties":{"mode":"bus","n":16,"arr":["AB022","AB061","AB071","AB076","AB079","AB119","AB125","Bole006","D23","D25","D46","Kal033","SH066","SH082","SH089","SH096"],"lines":"AB022, AB061, AB071, AB076, AB079, AB119, AB125, Bole006, D23, D25, D46, Kal033, SH066, SH082, SH089, SH096"},"geometry":{"type":"LineString","coordinates":[[38.801238,9.019677],[38.801231,9.019561],[38.801258,9.019448],[38.801315,9.019346],[38.801438,9.019232]]}},{"type":"Feature","properties":{"mode":"bus","n":19,"arr":["AB022","AB029","AB061","AB071","AB076","AB079","AB119","AB125","Bole006","Bole007","D23","D25","D46","Kal033","SH066","SH067","SH082","SH089","SH096"],"lines":"AB022, AB029, AB061, AB071, AB076, AB079, AB119, AB125, Bole006, Bole007, D23, D25, D46, Kal033, SH066, SH067, SH082, SH089, SH096"},"geometry":{"type":"LineString","coordinates":[[38.801438,9.019232],[38.801473,9.019214]]}},{"type":"Feature","properties":{"mode":"bus","n":11,"arr":["AB022","AB061","AB079","AB119","Bole006","Bole007","D23","D25","D46","SH066","SH067"],"lines":"AB022, AB061, AB079, AB119, Bole006, Bole007, D23, D25, D46, SH066, SH067"},"geometry":{"type":"LineString","coordinates":[[38.80186,9.019234],[38.801748,9.019191],[38.801595,9.019175],[38.801473,9.019214]]}},{"type":"Feature","properties":{"mode":"bus","n":11,"arr":["AB022","AB061","AB079","AB119","Bole006","Bole007","D23","D25","D46","SH066","SH067"],"lines":"AB022, AB061, AB079, AB119, Bole006, Bole007, D23, D25, D46, SH066, SH067"},"geometry":{"type":"LineString","coordinates":[[38.802462,9.01943],[38.801971,9.019315]]}},{"type":"Feature","properties":{"mode":"bus","n":14,"arr":["AB022","AB029","AB060","AB061","AB071","AB079","AB119","Bole006","Bole007","D23","D25","D46","SH066","SH067"],"lines":"AB022, AB029, AB060, AB061, AB071, AB079, AB119, Bole006, Bole007, D23, D25, D46, SH066, SH067"},"geometry":{"type":"LineString","coordinates":[[38.801971,9.019315],[38.80186,9.019234]]}},{"type":"Feature","properties":{"mode":"bus","n":6,"arr":["AB022","Bole022","LK001","LK004","LK013","LK015"],"lines":"AB022, Bole022, LK001, LK004, LK013, LK015"},"geometry":{"type":"LineString","coordinates":[[38.852067,9.001327],[38.852135,9.001474],[38.852112,9.001635]]}},{"type":"Feature","properties":{"mode":"bus","n":6,"arr":["AB022","Bole022","LK001","LK004","LK013","LK015"],"lines":"AB022, Bole022, LK001, LK004, LK013, LK015"},"geometry":{"type":"LineString","coordinates":[[38.851997,9.001762],[38.851921,9.002003],[38.851905,9.00214],[38.851962,9.003828]]}},{"type":"Feature","properties":{"mode":"bus","n":9,"arr":["AB022","Bole022","LK001","LK004","LK006","LK008","LK013","LK015","SH077"],"lines":"AB022, Bole022, LK001, LK004, LK006, LK008, LK013, LK015, SH077"},"geometry":{"type":"LineString","coordinates":[[38.852112,9.001635],[38.851997,9.001762]]}},{"type":"Feature","properties":{"mode":"bus","n":10,"arr":["AB022","AB029","AB032","AB057","AB061","AB070","AB071","AB102","AB128","SH070"],"lines":"AB022, AB029, AB032, AB057, AB061, AB070, AB071, AB102, AB128, SH070"},"geometry":{"type":"LineString","coordinates":[[38.776647,9.0235],[38.776601,9.023538]]}},{"type":"Feature","properties":{"mode":"bus","n":10,"arr":["AB022","AB029","AB032","AB057","AB061","AB070","AB071","AB102","AB128","SH070"],"lines":"AB022, AB029, AB032, AB057, AB061, AB070, AB071, AB102, AB128, SH070"},"geometry":{"type":"LineString","coordinates":[[38.754375,9.017435],[38.757589,9.017742],[38.758003,9.01783],[38.758536,9.017998],[38.7597,9.018501],[38.759992,9.018596],[38.760271,9.018618],[38.760466,9.018581],[38.76065,9.018494],[38.760893,9.018337],[38.76194,9.017563],[38.762056,9.017503],[38.762367,9.017408],[38.763703,9.017202],[38.764502,9.017006],[38.766954,9.016697],[38.768201,9.016514]]}},{"type":"Feature","properties":{"mode":"bus","n":10,"arr":["AB022","AB029","AB032","AB057","AB061","AB070","AB071","AB102","AB128","SH070"],"lines":"AB022, AB029, AB032, AB057, AB061, AB070, AB071, AB102, AB128, SH070"},"geometry":{"type":"LineString","coordinates":[[38.776297,9.023374],[38.775339,9.022722],[38.774787,9.022383],[38.773418,9.021437],[38.773202,9.02131],[38.772992,9.021206],[38.771364,9.020569],[38.771013,9.020419],[38.770884,9.020326],[38.770738,9.020172],[38.770697,9.020055],[38.770477,9.018853]]}},{"type":"Feature","properties":{"mode":"bus","n":9,"arr":["AB022","AB029","AB032","AB057","AB061","AB071","AB102","AB128","SH070"],"lines":"AB022, AB029, AB032, AB057, AB061, AB071, AB102, AB128, SH070"},"geometry":{"type":"LineString","coordinates":[[38.776601,9.023538],[38.776485,9.023565],[38.776375,9.023522]]}},{"type":"Feature","properties":{"mode":"bus","n":9,"arr":["AB022","AB029","AB032","AB057","AB061","AB071","AB102","AB128","SH070"],"lines":"AB022, AB029, AB032, AB057, AB061, AB071, AB102, AB128, SH070"},"geometry":{"type":"LineString","coordinates":[[38.77883,9.023438],[38.776884,9.023439],[38.776647,9.0235]]}},{"type":"Feature","properties":{"mode":"bus","n":12,"arr":["AB022","AB029","AB032","AB057","AB061","AB070","AB071","AB102","AB128","ADK042","LID010","SH070"],"lines":"AB022, AB029, AB032, AB057, AB061, AB070, AB071, AB102, AB128, ADK042, LID010, SH070"},"geometry":{"type":"LineString","coordinates":[[38.776375,9.023522],[38.776317,9.023447],[38.776297,9.023374]]}},{"type":"Feature","properties":{"mode":"bus","n":11,"arr":["AB023","AB080","AB083","AB089","AB112","Gl005","SH035","SH080","YK001","YK006","YK011"],"lines":"AB023, AB080, AB083, AB089, AB112, Gl005, SH035, SH080, YK001, YK006, YK011"},"geometry":{"type":"LineString","coordinates":[[38.777142,9.034716],[38.777216,9.034644]]}},{"type":"Feature","properties":{"mode":"bus","n":11,"arr":["AB023","AB080","AB083","AB089","AB112","Gl005","SH035","SH080","YK001","YK006","YK011"],"lines":"AB023, AB080, AB083, AB089, AB112, Gl005, SH035, SH080, YK001, YK006, YK011"},"geometry":{"type":"LineString","coordinates":[[38.77287,9.03851],[38.773477,9.038293],[38.773579,9.038223],[38.773671,9.038119],[38.7744,9.036133],[38.774617,9.035623],[38.774708,9.035457],[38.774835,9.035287],[38.775034,9.035102],[38.775356,9.034925],[38.775502,9.034886],[38.777123,9.034754]]}},{"type":"Feature","properties":{"mode":"bus","n":17,"arr":["AB025","AB056","AB110","ADK015","ARD002","ARD004","ARD008","Kal012","Kal017","Kal032","Kal035","KRK008","KRK011","KRK014","SH016","SH028","SH086"],"lines":"AB025, AB056, AB110, ADK015, ARD002, ARD004, ARD008, Kal012, Kal017, Kal032, Kal035, KRK008, KRK011, KRK014, SH016, SH028, SH086"},"geometry":{"type":"LineString","coordinates":[[38.759793,8.985671],[38.759944,8.986424],[38.759967,8.986646],[38.759981,8.987022],[38.759959,8.987521],[38.7598,8.988161],[38.75956,8.988996],[38.759368,8.989876],[38.759145,8.991373],[38.75911,8.991875],[38.759151,8.992195],[38.759235,8.992533],[38.759705,8.9938],[38.759866,8.994382],[38.759899,8.994888],[38.759801,8.995544],[38.759554,8.996725],[38.759465,8.997055],[38.759324,8.997465],[38.758819,8.998538],[38.758717,8.998907],[38.758662,8.999279],[38.75885,9.00307],[38.758963,9.00626],[38.75907,9.006869],[38.759165,9.006959],[38.759212,9.007081],[38.759201,9.007211],[38.759136,9.007325],[38.759054,9.007752],[38.759136,9.009336],[38.75923,9.010231]]}},{"type":"Feature","properties":{"mode":"bus","n":17,"arr":["AB025","AB056","AB110","ADK015","ARD002","ARD004","ARD008","Kal012","Kal017","Kal032","Kal035","KRK008","KRK011","KRK014","SH016","SH028","SH086"],"lines":"AB025, AB056, AB110, ADK015, ARD002, ARD004, ARD008, Kal012, Kal017, Kal032, Kal035, KRK008, KRK011, KRK014, SH016, SH028, SH086"},"geometry":{"type":"LineString","coordinates":[[38.758714,9.004193],[38.758492,9.000186],[38.758481,8.999329],[38.758497,8.999119],[38.758563,8.998723],[38.758664,8.998439],[38.758733,8.998255],[38.759097,8.997523],[38.759273,8.997075],[38.759344,8.996833],[38.759644,8.99534],[38.759681,8.99488],[38.759683,8.994643],[38.759655,8.994405],[38.759549,8.993978],[38.759047,8.992555],[38.758955,8.992193],[38.758918,8.991728],[38.759108,8.99021]]}},{"type":"Feature","properties":{"mode":"bus","n":13,"arr":["AB025","AB056","AB110","ARD002","ARD004","ARD008","Kal017","KRK008","KRK011","KRK014","SH016","SH028","SH086"],"lines":"AB025, AB056, AB110, ARD002, ARD004, ARD008, Kal017, KRK008, KRK011, KRK014, SH016, SH028, SH086"},"geometry":{"type":"LineString","coordinates":[[38.759064,9.010378],[38.758971,9.00982],[38.758919,9.009353],[38.758812,9.007738],[38.758746,9.007376],[38.758665,9.0073],[38.758617,9.007201],[38.758609,9.007091],[38.758641,9.006985],[38.75871,9.006898],[38.758793,9.006711],[38.75876,9.005473]]}},{"type":"Feature","properties":{"mode":"bus","n":31,"arr":["AB026","AB051","AB059","AB065","AB066","AB091","AB123","ADK011","ADK028","ADK043","ARD006","Kolfa001","Kolfa011","Kolfa012","Kolfa013","Kolfa017","Kolfa020","Kolfa021","Kolfa026","Kolfa033","Kolfa034","Kolfa041","Kolfe035","LID002","LID003","LID008","LID013","SH009","SH010","SH040","SH071"],"lines":"AB026, AB051, AB059, AB065, AB066, AB091, AB123, ADK011, ADK028, ADK043, ARD006, Kolfa001, Kolfa011, Kolfa012, Kolfa013, Kolfa017, Kolfa020, Kolfa021, Kolfa026, Kolfa033, Kolfa034, Kolfa041, Kolfe035, LID002, LID003, LID008, LID013, SH009, SH010, SH040, SH071"},"geometry":{"type":"LineString","coordinates":[[38.729934,9.016612],[38.729969,9.016619]]}},{"type":"Feature","properties":{"mode":"bus","n":31,"arr":["AB026","AB051","AB059","AB065","AB066","AB091","AB123","ADK011","ADK028","ADK043","ARD006","Kolfa001","Kolfa011","Kolfa012","Kolfa013","Kolfa017","Kolfa020","Kolfa021","Kolfa026","Kolfa033","Kolfa034","Kolfa041","Kolfe035","LID002","LID003","LID008","LID013","SH009","SH010","SH040","SH071"],"lines":"AB026, AB051, AB059, AB065, AB066, AB091, AB123, ADK011, ADK028, ADK043, ARD006, Kolfa001, Kolfa011, Kolfa012, Kolfa013, Kolfa017, Kolfa020, Kolfa021, Kolfa026, Kolfa033, Kolfa034, Kolfa041, Kolfe035, LID002, LID003, LID008, LID013, SH009, SH010, SH040, SH071"},"geometry":{"type":"LineString","coordinates":[[38.729847,9.016481],[38.729851,9.016523]]}},{"type":"Feature","properties":{"mode":"bus","n":30,"arr":["AB026","AB051","AB059","AB065","AB066","AB091","AB123","ADK011","ADK028","ADK043","ARD006","Kolfa001","Kolfa011","Kolfa012","Kolfa013","Kolfa017","Kolfa020","Kolfa021","Kolfa026","Kolfa033","Kolfa034","Kolfa041","Kolfe035","LID002","LID003","LID013","SH009","SH010","SH040","SH071"],"lines":"AB026, AB051, AB059, AB065, AB066, AB091, AB123, ADK011, ADK028, ADK043, ARD006, Kolfa001, Kolfa011, Kolfa012, Kolfa013, Kolfa017, Kolfa020, Kolfa021, Kolfa026, Kolfa033, Kolfa034, Kolfa041, Kolfe035, LID002, LID003, LID013, SH009, SH010, SH040, SH071"},"geometry":{"type":"LineString","coordinates":[[38.729851,9.016523],[38.729934,9.016612]]}},{"type":"Feature","properties":{"mode":"bus","n":30,"arr":["AB026","AB051","AB059","AB065","AB066","AB091","AB123","ADK011","ADK028","ADK043","ARD006","Kolfa001","Kolfa011","Kolfa012","Kolfa013","Kolfa017","Kolfa020","Kolfa021","Kolfa026","Kolfa033","Kolfa034","Kolfa041","Kolfe035","LID002","LID003","LID013","SH009","SH010","SH040","SH071"],"lines":"AB026, AB051, AB059, AB065, AB066, AB091, AB123, ADK011, ADK028, ADK043, ARD006, Kolfa001, Kolfa011, Kolfa012, Kolfa013, Kolfa017, Kolfa020, Kolfa021, Kolfa026, Kolfa033, Kolfa034, Kolfa041, Kolfe035, LID002, LID003, LID013, SH009, SH010, SH040, SH071"},"geometry":{"type":"LineString","coordinates":[[38.729969,9.016619],[38.730612,9.017195],[38.731466,9.017792],[38.731786,9.018093],[38.732228,9.018742],[38.732751,9.019624]]}},{"type":"Feature","properties":{"mode":"bus","n":30,"arr":["AB026","AB051","AB059","AB065","AB066","AB091","AB123","ADK011","ADK028","ADK043","ARD006","Kolfa001","Kolfa011","Kolfa012","Kolfa013","Kolfa017","Kolfa020","Kolfa021","Kolfa026","Kolfa033","Kolfa034","Kolfa041","Kolfe035","LID002","LID003","LID013","SH009","SH010","SH040","SH071"],"lines":"AB026, AB051, AB059, AB065, AB066, AB091, AB123, ADK011, ADK028, ADK043, ARD006, Kolfa001, Kolfa011, Kolfa012, Kolfa013, Kolfa017, Kolfa020, Kolfa021, Kolfa026, Kolfa033, Kolfa034, Kolfa041, Kolfe035, LID002, LID003, LID013, SH009, SH010, SH040, SH071"},"geometry":{"type":"LineString","coordinates":[[38.728551,9.012212],[38.728857,9.014245],[38.728924,9.014553],[38.729359,9.015571],[38.729847,9.016481]]}},{"type":"Feature","properties":{"mode":"bus","n":10,"arr":["AB026","AB050","AB062","AB091","AB099","Lafto015","Lafto019","LID005","LID013","SH069"],"lines":"AB026, AB050, AB062, AB091, AB099, Lafto015, Lafto019, LID005, LID013, SH069"},"geometry":{"type":"LineString","coordinates":[[38.670076,8.950826],[38.669965,8.950748],[38.669884,8.95064],[38.669842,8.950513],[38.669841,8.950379],[38.669883,8.950251],[38.669963,8.950143],[38.670065,8.949909],[38.670085,8.949805],[38.670061,8.949451],[38.669715,8.946784],[38.669392,8.944723],[38.669199,8.943299],[38.668753,8.940717],[38.668711,8.94028],[38.668778,8.939839],[38.669031,8.939004],[38.669057,8.938811],[38.669038,8.938648],[38.668854,8.938363],[38.668624,8.938164],[38.667592,8.937354],[38.6669,8.93673],[38.665083,8.93524],[38.664975,8.935111],[38.664778,8.934942],[38.663964,8.933939]]}},{"type":"Feature","properties":{"mode":"bus","n":10,"arr":["AB026","AB050","AB062","AB091","AB099","Lafto015","Lafto019","LID005","LID013","SH069"],"lines":"AB026, AB050, AB062, AB091, AB099, Lafto015, Lafto019, LID005, LID013, SH069"},"geometry":{"type":"LineString","coordinates":[[38.670671,8.95059],[38.670619,8.950688],[38.670543,8.95077]]}},{"type":"Feature","properties":{"mode":"bus","n":10,"arr":["AB026","AB050","AB062","AB091","AB099","Lafto015","Lafto019","LID005","LID013","SH069"],"lines":"AB026, AB050, AB062, AB091, AB099, Lafto015, Lafto019, LID005, LID013, SH069"},"geometry":{"type":"LineString","coordinates":[[38.664008,8.933855],[38.664842,8.934876],[38.665131,8.93519],[38.666948,8.93667],[38.668729,8.938166],[38.669,8.938455],[38.669061,8.938572],[38.669107,8.93877],[38.66908,8.93903],[38.668887,8.93965],[38.668793,8.94004],[38.668766,8.940355],[38.66937,8.944099],[38.669531,8.945318],[38.669964,8.94809],[38.670152,8.949461]]}},{"type":"Feature","properties":{"mode":"bus","n":7,"arr":["AB026","AB050","AB062","AB091","AB099","LID005","LID013"],"lines":"AB026, AB050, AB062, AB091, AB099, LID005, LID013"},"geometry":{"type":"LineString","coordinates":[[38.670152,8.949461],[38.67018,8.94967],[38.670272,8.949853],[38.670429,8.950055],[38.670572,8.950145],[38.670651,8.950253],[38.670689,8.950362],[38.670696,8.950477],[38.670671,8.95059]]}},{"type":"Feature","properties":{"mode":"bus","n":7,"arr":["AB026","AB050","AB062","AB091","AB099","LID005","LID013"],"lines":"AB026, AB050, AB062, AB091, AB099, LID005, LID013"},"geometry":{"type":"LineString","coordinates":[[38.670873,8.963667],[38.670901,8.963479],[38.670997,8.963117],[38.671345,8.961048],[38.671796,8.958801],[38.67185,8.95836],[38.67181,8.957954],[38.671766,8.957755],[38.671287,8.955886],[38.670851,8.953921],[38.67053,8.951958]]}},{"type":"Feature","properties":{"mode":"bus","n":7,"arr":["AB026","AB050","AB062","AB091","AB099","LID005","LID013"],"lines":"AB026, AB050, AB062, AB091, AB099, LID005, LID013"},"geometry":{"type":"LineString","coordinates":[[38.670543,8.95077],[38.670438,8.951081],[38.670429,8.95119],[38.670524,8.951777],[38.670529,8.951922],[38.670529,8.951932],[38.670528,8.951938],[38.670526,8.951941],[38.670524,8.951939],[38.67052,8.951934],[38.670516,8.951925],[38.670459,8.951791],[38.670342,8.951216],[38.670299,8.951105],[38.670235,8.950996],[38.670076,8.950826]]}},{"type":"Feature","properties":{"mode":"bus","n":10,"arr":["AB026","AB051","AB059","AB065","AB066","AB123","SH009","SH010","SH040","SH071"],"lines":"AB026, AB051, AB059, AB065, AB066, AB123, SH009, SH010, SH040, SH071"},"geometry":{"type":"LineString","coordinates":[[38.734353,9.011425],[38.734405,9.0115],[38.734422,9.011575],[38.734413,9.011656],[38.734377,9.01173]]}},{"type":"Feature","properties":{"mode":"bus","n":7,"arr":["AB029","AB060","AB078","Kolfa037","KRK002","KRK004","YK016"],"lines":"AB029, AB060, AB078, Kolfa037, KRK002, KRK004, YK016"},"geometry":{"type":"LineString","coordinates":[[38.784829,9.015158],[38.785116,9.015185],[38.785799,9.015324],[38.786516,9.015504],[38.787224,9.015616],[38.787282,9.015581],[38.787459,9.015571]]}},{"type":"Feature","properties":{"mode":"bus","n":9,"arr":["AB029","AB078","Bole005","Bole007","Kolfa037","KRK002","KRK004","LK007","YK016"],"lines":"AB029, AB078, Bole005, Bole007, Kolfa037, KRK002, KRK004, LK007, YK016"},"geometry":{"type":"LineString","coordinates":[[38.78894,9.016],[38.787852,9.015777],[38.787648,9.015716],[38.787581,9.015633],[38.787459,9.015571]]}},{"type":"Feature","properties":{"mode":"bus","n":9,"arr":["AB029","AB060","AB061","AB071","AB083","ADK057","Kal033","LK007","SH067"],"lines":"AB029, AB060, AB061, AB071, AB083, ADK057, Kal033, LK007, SH067"},"geometry":{"type":"LineString","coordinates":[[38.801935,9.019917],[38.801977,9.019882]]}},{"type":"Feature","properties":{"mode":"bus","n":11,"arr":["AB029","AB060","AB061","AB071","AB083","ADK042","ADK057","Bole006","Kal033","LK007","SH067"],"lines":"AB029, AB060, AB061, AB071, AB083, ADK042, ADK057, Bole006, Kal033, LK007, SH067"},"geometry":{"type":"LineString","coordinates":[[38.80169,9.020011],[38.801795,9.019989],[38.801935,9.019917]]}},{"type":"Feature","properties":{"mode":"bus","n":10,"arr":["AB029","AB060","AB061","AB071","ADK042","ADK057","Bole006","Kal033","LK007","SH067"],"lines":"AB029, AB060, AB061, AB071, ADK042, ADK057, Bole006, Kal033, LK007, SH067"},"geometry":{"type":"LineString","coordinates":[[38.801483,9.019978],[38.801585,9.020008],[38.80169,9.020011]]}},{"type":"Feature","properties":{"mode":"bus","n":14,"arr":["AB029","AB060","AB061","AB071","ADK042","ADK057","Bole006","D23","D25","D46","Kal033","LK007","SH066","SH067"],"lines":"AB029, AB060, AB061, AB071, ADK042, ADK057, Bole006, D23, D25, D46, Kal033, LK007, SH066, SH067"},"geometry":{"type":"LineString","coordinates":[[38.801483,9.019978],[38.801345,9.019883]]}},{"type":"Feature","properties":{"mode":"bus","n":7,"arr":["AB037","AB105","ADK043","Kolfa024","Kolfa026","Kolfa034","Kolfe042"],"lines":"AB037, AB105, ADK043, Kolfa024, Kolfa026, Kolfa034, Kolfe042"},"geometry":{"type":"LineString","coordinates":[[38.701295,9.017863],[38.701339,9.017778],[38.701347,9.017683],[38.701317,9.017592],[38.701254,9.017518]]}},{"type":"Feature","properties":{"mode":"bus","n":7,"arr":["AB037","AB105","ADK043","Kolfa024","Kolfa026","Kolfa034","Kolfe042"],"lines":"AB037, AB105, ADK043, Kolfa024, Kolfa026, Kolfa034, Kolfe042"},"geometry":{"type":"LineString","coordinates":[[38.701191,9.017482],[38.701175,9.017196],[38.701117,9.016948],[38.701056,9.016782],[38.700852,9.016426],[38.700685,9.01622],[38.700073,9.015628]]}},{"type":"Feature","properties":{"mode":"bus","n":7,"arr":["AB037","AB105","ADK043","Kolfa024","Kolfa026","Kolfa034","Kolfe042"],"lines":"AB037, AB105, ADK043, Kolfa024, Kolfa026, Kolfa034, Kolfe042"},"geometry":{"type":"LineString","coordinates":[[38.69974,9.015585],[38.700477,9.016271],[38.700652,9.016462],[38.700782,9.016661],[38.700878,9.016843],[38.700961,9.017084],[38.700992,9.017281],[38.700979,9.017495]]}},{"type":"Feature","properties":{"mode":"bus","n":6,"arr":["AB047","ADK004","ADK026","B22","Gl013","SH012"],"lines":"AB047, ADK004, ADK026, B22, Gl013, SH012"},"geometry":{"type":"LineString","coordinates":[[38.732253,9.046111],[38.732246,9.046323],[38.732162,9.046468]]}},{"type":"Feature","properties":{"mode":"bus","n":6,"arr":["AB047","ADK004","ADK026","B22","Gl013","SH012"],"lines":"AB047, ADK004, ADK026, B22, Gl013, SH012"},"geometry":{"type":"LineString","coordinates":[[38.73206,9.045901],[38.732256,9.045474],[38.732407,9.045022],[38.73268,9.043369],[38.732706,9.042904],[38.732676,9.042541],[38.732559,9.041897],[38.732474,9.041603]]}},{"type":"Feature","properties":{"mode":"bus","n":12,"arr":["AB048","ADK053","ARD011","Bole015","Bole016","Bole020","KRK012","KRK017","KRK020","SH072","SH099","TX005"],"lines":"AB048, ADK053, ARD011, Bole015, Bole016, Bole020, KRK012, KRK017, KRK020, SH072, SH099, TX005"},"geometry":{"type":"LineString","coordinates":[[38.772511,8.996401],[38.772676,8.996228],[38.773019,8.995765],[38.773398,8.995305],[38.773835,8.994847],[38.774495,8.994221],[38.77452,8.994181],[38.774531,8.99417],[38.774543,8.994165],[38.774559,8.994166],[38.774664,8.994194],[38.774736,8.994171],[38.774816,8.994108],[38.77486,8.994014],[38.774866,8.993957],[38.774874,8.99393],[38.774894,8.993908],[38.775253,8.993638],[38.77591,8.993276],[38.777098,8.992864]]}},{"type":"Feature","properties":{"mode":"bus","n":17,"arr":["AB049","AB061","AB083","AB097","AB101","AB126","AB127","D23","D46","LK001","LK003","LK008","LK009","LK010","SH066","SH067","SH077"],"lines":"AB049, AB061, AB083, AB097, AB101, AB126, AB127, D23, D46, LK001, LK003, LK008, LK009, LK010, SH066, SH067, SH077"},"geometry":{"type":"LineString","coordinates":[[38.876284,9.021589],[38.876219,9.021698]]}},{"type":"Feature","properties":{"mode":"bus","n":17,"arr":["AB049","AB061","AB083","AB097","AB101","AB126","AB127","D23","D46","LK001","LK003","LK008","LK009","LK010","SH066","SH067","SH077"],"lines":"AB049, AB061, AB083, AB097, AB101, AB126, AB127, D23, D46, LK001, LK003, LK008, LK009, LK010, SH066, SH067, SH077"},"geometry":{"type":"LineString","coordinates":[[38.875785,9.021912],[38.875632,9.021891],[38.875506,9.021838],[38.875355,9.021707]]}},{"type":"Feature","properties":{"mode":"bus","n":7,"arr":["AB049","AB061","AB083","AB126","AB127","D46","LK010"],"lines":"AB049, AB061, AB083, AB126, AB127, D46, LK010"},"geometry":{"type":"LineString","coordinates":[[38.876219,9.021698],[38.876027,9.021855],[38.875785,9.021912]]}},{"type":"Feature","properties":{"mode":"bus","n":16,"arr":["AB049","AB061","AB083","AB097","AB101","AB126","AB127","Bole005","D23","D46","LK009","LK010","LK016","SH066","SH067","YK010"],"lines":"AB049, AB061, AB083, AB097, AB101, AB126, AB127, Bole005, D23, D46, LK009, LK010, LK016, SH066, SH067, YK010"},"geometry":{"type":"LineString","coordinates":[[38.851929,9.020363],[38.852105,9.020276],[38.8523,9.020243],[38.852675,9.020349]]}},{"type":"Feature","properties":{"mode":"bus","n":19,"arr":["AB049","AB061","AB083","AB097","AB101","AB126","AB127","D23","D46","LK001","LK002","LK003","LK008","LK009","LK010","LK014","SH066","SH067","SH077"],"lines":"AB049, AB061, AB083, AB097, AB101, AB126, AB127, D23, D46, LK001, LK002, LK003, LK008, LK009, LK010, LK014, SH066, SH067, SH077"},"geometry":{"type":"LineString","coordinates":[[38.875252,9.021251],[38.875301,9.021121]]}},{"type":"Feature","properties":{"mode":"bus","n":19,"arr":["AB049","AB061","AB083","AB097","AB101","AB126","AB127","D23","D46","LK001","LK002","LK003","LK008","LK009","LK010","LK014","SH066","SH067","SH077"],"lines":"AB049, AB061, AB083, AB097, AB101, AB126, AB127, D23, D46, LK001, LK002, LK003, LK008, LK009, LK010, LK014, SH066, SH067, SH077"},"geometry":{"type":"LineString","coordinates":[[38.875787,9.020834],[38.875976,9.020868],[38.876141,9.020966],[38.876262,9.021114]]}},{"type":"Feature","properties":{"mode":"bus","n":17,"arr":["AB049","AB061","AB083","AB097","AB101","AB126","AB127","D23","D46","LK001","LK002","LK003","LK009","LK010","LK014","SH066","SH067"],"lines":"AB049, AB061, AB083, AB097, AB101, AB126, AB127, D23, D46, LK001, LK002, LK003, LK009, LK010, LK014, SH066, SH067"},"geometry":{"type":"LineString","coordinates":[[38.875301,9.021121],[38.875387,9.021002],[38.875503,9.02091],[38.87564,9.020853],[38.875787,9.020834]]}},{"type":"Feature","properties":{"mode":"bus","n":10,"arr":["AB051","AB059","AB090","ADK011","ARD006","Kolfa001","Kolfe035","Kolfe042","SH010","SH071"],"lines":"AB051, AB059, AB090, ADK011, ARD006, Kolfa001, Kolfe035, Kolfe042, SH010, SH071"},"geometry":{"type":"LineString","coordinates":[[38.694012,9.003754],[38.694056,9.003834],[38.694092,9.003981]]}},{"type":"Feature","properties":{"mode":"bus","n":6,"arr":["AB051","AB059","AB090","Kolfe042","SH010","SH071"],"lines":"AB051, AB059, AB090, Kolfe042, SH010, SH071"},"geometry":{"type":"LineString","coordinates":[[38.694003,9.003672],[38.694012,9.003754]]}},{"type":"Feature","properties":{"mode":"bus","n":14,"arr":["AB051","AB059","AB090","ADK011","ADK028","ADK052","ARD006","Kolfa001","Kolfa010","Kolfa018","Kolfe035","Kolfe042","SH010","SH071"],"lines":"AB051, AB059, AB090, ADK011, ADK028, ADK052, ARD006, Kolfa001, Kolfa010, Kolfa018, Kolfe035, Kolfe042, SH010, SH071"},"geometry":{"type":"LineString","coordinates":[[38.694011,9.003621],[38.694003,9.003672]]}},{"type":"Feature","properties":{"mode":"bus","n":14,"arr":["AB051","AB059","AB090","ADK011","ADK028","ADK052","ARD006","Kolfa001","Kolfa010","Kolfa018","Kolfe035","Kolfe042","SH010","SH071"],"lines":"AB051, AB059, AB090, ADK011, ADK028, ADK052, ARD006, Kolfa001, Kolfa010, Kolfa018, Kolfe035, Kolfe042, SH010, SH071"},"geometry":{"type":"LineString","coordinates":[[38.694255,9.003696],[38.694202,9.003597]]}},{"type":"Feature","properties":{"mode":"bus","n":14,"arr":["AB051","AB059","AB090","ADK011","ADK028","ADK052","ARD006","Kolfa001","Kolfa010","Kolfa018","Kolfe035","Kolfe042","SH010","SH071"],"lines":"AB051, AB059, AB090, ADK011, ADK028, ADK052, ARD006, Kolfa001, Kolfa010, Kolfa018, Kolfe035, Kolfe042, SH010, SH071"},"geometry":{"type":"LineString","coordinates":[[38.694341,9.004286],[38.6943,9.004118]]}},{"type":"Feature","properties":{"mode":"bus","n":14,"arr":["AB051","AB059","AB090","ADK011","ADK028","ADK052","ARD006","Kolfa001","Kolfa010","Kolfa018","Kolfe035","Kolfe042","SH010","SH071"],"lines":"AB051, AB059, AB090, ADK011, ADK028, ADK052, ARD006, Kolfa001, Kolfa010, Kolfa018, Kolfe035, Kolfe042, SH010, SH071"},"geometry":{"type":"LineString","coordinates":[[38.694092,9.003981],[38.694186,9.004376]]}},{"type":"Feature","properties":{"mode":"bus","n":12,"arr":["AB051","AB059","AB090","ADK011","ADK028","ADK052","ARD006","Kolfa001","Kolfa010","Kolfa018","Kolfe035","SH071"],"lines":"AB051, AB059, AB090, ADK011, ADK028, ADK052, ARD006, Kolfa001, Kolfa010, Kolfa018, Kolfe035, SH071"},"geometry":{"type":"LineString","coordinates":[[38.694202,9.003597],[38.694088,9.003558],[38.694049,9.003571],[38.694011,9.003621]]}},{"type":"Feature","properties":{"mode":"bus","n":6,"arr":["AB051","AB059","AB090","Kolfa015","Kolfa038","SH071"],"lines":"AB051, AB059, AB090, Kolfa015, Kolfa038, SH071"},"geometry":{"type":"LineString","coordinates":[[38.708516,8.987045],[38.708424,8.987085],[38.70838,8.987174]]}},{"type":"Feature","properties":{"mode":"bus","n":6,"arr":["AB051","AB059","AB090","Kolfa015","Kolfa038","SH071"],"lines":"AB051, AB059, AB090, Kolfa015, Kolfa038, SH071"},"geometry":{"type":"LineString","coordinates":[[38.708025,8.988003],[38.708002,8.987767],[38.708036,8.987701]]}},{"type":"Feature","properties":{"mode":"bus","n":26,"arr":["AB052","AB059","AB123","ADK015","ADK020","ADK021","ADK022","ADK024","ADK038","ADK042","ADK047","ADK053","ADK055","ARD006","Bole016","Bole020","Bole023","Kal012","Kal032","Kal035","Kolfa041","Kolfe035","KRK006","Lafto016","LID003","SH071"],"lines":"AB052, AB059, AB123, ADK015, ADK020, ADK021, ADK022, ADK024, ADK038, ADK042, ADK047, ADK053, ADK055, ARD006, Bole016, Bole020, Bole023, Kal012, Kal032, Kal035, Kolfa041, Kolfe035, KRK006, Lafto016, LID003, SH071"},"geometry":{"type":"LineString","coordinates":[[38.743084,9.028757],[38.743076,9.028736]]}},{"type":"Feature","properties":{"mode":"bus","n":26,"arr":["AB052","AB059","AB123","ADK015","ADK020","ADK021","ADK022","ADK024","ADK038","ADK042","ADK047","ADK053","ADK055","ARD006","Bole016","Bole020","Bole023","Kal012","Kal032","Kal035","Kolfa041","Kolfe035","KRK006","Lafto016","LID003","SH071"],"lines":"AB052, AB059, AB123, ADK015, ADK020, ADK021, ADK022, ADK024, ADK038, ADK042, ADK047, ADK053, ADK055, ARD006, Bole016, Bole020, Bole023, Kal012, Kal032, Kal035, Kolfa041, Kolfe035, KRK006, Lafto016, LID003, SH071"},"geometry":{"type":"LineString","coordinates":[[38.743086,9.028497],[38.743172,9.028361],[38.743232,9.028311],[38.743453,9.028202],[38.74352,9.028208]]}},{"type":"Feature","properties":{"mode":"bus","n":26,"arr":["AB052","AB059","AB123","ADK015","ADK020","ADK021","ADK022","ADK024","ADK038","ADK042","ADK047","ADK053","ADK055","ARD006","Bole016","Bole020","Bole023","Kal012","Kal032","Kal035","Kolfa041","Kolfe035","KRK006","Lafto016","LID003","SH071"],"lines":"AB052, AB059, AB123, ADK015, ADK020, ADK021, ADK022, ADK024, ADK038, ADK042, ADK047, ADK053, ADK055, ARD006, Bole016, Bole020, Bole023, Kal012, Kal032, Kal035, Kolfa041, Kolfe035, KRK006, Lafto016, LID003, SH071"},"geometry":{"type":"LineString","coordinates":[[38.743719,9.028314],[38.743764,9.028456]]}},{"type":"Feature","properties":{"mode":"bus","n":26,"arr":["AB052","AB059","AB123","ADK015","ADK020","ADK021","ADK022","ADK024","ADK038","ADK042","ADK047","ADK053","ADK055","ARD006","Bole016","Bole020","Bole023","Kal012","Kal032","Kal035","Kolfa041","Kolfe035","KRK006","Lafto016","LID003","SH071"],"lines":"AB052, AB059, AB123, ADK015, ADK020, ADK021, ADK022, ADK024, ADK038, ADK042, ADK047, ADK053, ADK055, ARD006, Bole016, Bole020, Bole023, Kal012, Kal032, Kal035, Kolfa041, Kolfe035, KRK006, Lafto016, LID003, SH071"},"geometry":{"type":"LineString","coordinates":[[38.743574,9.028776],[38.743433,9.028855],[38.743332,9.028873]]}},{"type":"Feature","properties":{"mode":"bus","n":17,"arr":["AB052","ADK015","ADK020","ADK021","ADK022","ADK024","ADK042","ADK047","ADK053","ADK055","Bole016","Bole020","Bole023","Kal012","Kal032","Kal035","KRK006"],"lines":"AB052, ADK015, ADK020, ADK021, ADK022, ADK024, ADK042, ADK047, ADK053, ADK055, Bole016, Bole020, Bole023, Kal012, Kal032, Kal035, KRK006"},"geometry":{"type":"LineString","coordinates":[[38.743076,9.028736],[38.743058,9.028688],[38.743086,9.028497]]}},{"type":"Feature","properties":{"mode":"bus","n":23,"arr":["AB052","AB059","AB123","ADK015","ADK020","ADK021","ADK022","ADK024","ADK038","ADK047","ADK053","ADK055","Bole016","Bole020","Bole023","Kal012","Kal032","Kal035","Kolfa041","Kolfe035","KRK006","Lafto016","SH071"],"lines":"AB052, AB059, AB123, ADK015, ADK020, ADK021, ADK022, ADK024, ADK038, ADK047, ADK053, ADK055, Bole016, Bole020, Bole023, Kal012, Kal032, Kal035, Kolfa041, Kolfe035, KRK006, Lafto016, SH071"},"geometry":{"type":"LineString","coordinates":[[38.743764,9.028456],[38.743755,9.028523]]}},{"type":"Feature","properties":{"mode":"bus","n":18,"arr":["AB052","ADK015","ADK020","ADK021","ADK022","ADK024","ADK038","ADK047","ADK053","ADK055","Bole016","Bole020","Bole023","Kal012","Kal032","Kal035","KRK006","Lafto016"],"lines":"AB052, ADK015, ADK020, ADK021, ADK022, ADK024, ADK038, ADK047, ADK053, ADK055, Bole016, Bole020, Bole023, Kal012, Kal032, Kal035, KRK006, Lafto016"},"geometry":{"type":"LineString","coordinates":[[38.743755,9.028523],[38.743661,9.028678],[38.743574,9.028776]]}},{"type":"Feature","properties":{"mode":"bus","n":10,"arr":["AB058","AB070","AB077","AB090","Kolfa008","Kolfa015","Kolfa022","Kolfa038","Kolfe003","SH009"],"lines":"AB058, AB070, AB077, AB090, Kolfa008, Kolfa015, Kolfa022, Kolfa038, Kolfe003, SH009"},"geometry":{"type":"LineString","coordinates":[[38.717011,8.992949],[38.716806,8.992828],[38.716684,8.992796],[38.71604,8.992761]]}},{"type":"Feature","properties":{"mode":"bus","n":10,"arr":["AB059","AB123","ADK038","ADK042","ARD006","Kolfa041","Kolfe035","Lafto016","LID003","SH071"],"lines":"AB059, AB123, ADK038, ADK042, ARD006, Kolfa041, Kolfe035, Lafto016, LID003, SH071"},"geometry":{"type":"LineString","coordinates":[[38.74352,9.028208],[38.743602,9.028234],[38.743719,9.028314]]}},{"type":"Feature","properties":{"mode":"bus","n":5,"arr":["AB059","AB123","Kolfa041","Kolfe035","SH071"],"lines":"AB059, AB123, Kolfa041, Kolfe035, SH071"},"geometry":{"type":"LineString","coordinates":[[38.743755,9.028523],[38.744273,9.029028],[38.744636,9.029416],[38.746425,9.031461],[38.746814,9.031818],[38.746986,9.031938],[38.747221,9.032079],[38.747335,9.032053],[38.747406,9.032085],[38.747456,9.032157],[38.747461,9.032228],[38.747583,9.032394]]}},{"type":"Feature","properties":{"mode":"bus","n":5,"arr":["AB059","AB123","Kolfa041","Kolfe035","SH071"],"lines":"AB059, AB123, Kolfa041, Kolfe035, SH071"},"geometry":{"type":"LineString","coordinates":[[38.749837,9.034343],[38.749651,9.034195],[38.749512,9.034027],[38.749019,9.033256],[38.74882,9.033018],[38.747583,9.032394],[38.747364,9.032346],[38.747268,9.032349],[38.747196,9.032305],[38.747161,9.032243],[38.747158,9.032205],[38.747153,9.032186],[38.74714,9.032171],[38.746679,9.031822],[38.746364,9.031524],[38.745566,9.030596],[38.744172,9.029042],[38.743986,9.028895],[38.743814,9.02883]]}},{"type":"Feature","properties":{"mode":"bus","n":7,"arr":["AB059","AB123","ARD006","Kolfa041","Kolfe035","LID003","SH071"],"lines":"AB059, AB123, ARD006, Kolfa041, Kolfe035, LID003, SH071"},"geometry":{"type":"LineString","coordinates":[[38.743332,9.028873],[38.743243,9.028874],[38.743187,9.028852],[38.743121,9.028814],[38.743084,9.028757]]}},{"type":"Feature","properties":{"mode":"bus","n":10,"arr":["AB059","AB123","ADK028","ARD006","Kolfa020","Kolfa041","Kolfe035","Lafto016","LID003","SH071"],"lines":"AB059, AB123, ADK028, ARD006, Kolfa020, Kolfa041, Kolfe035, Lafto016, LID003, SH071"},"geometry":{"type":"LineString","coordinates":[[38.740827,9.026785],[38.737319,9.024406],[38.736676,9.023932],[38.736056,9.02336],[38.735329,9.022635],[38.733733,9.020968],[38.733586,9.020769],[38.733518,9.020711],[38.733438,9.020682],[38.733282,9.020708],[38.733201,9.020696]]}},{"type":"Feature","properties":{"mode":"bus","n":10,"arr":["AB059","AB123","ADK028","ARD006","Kolfa020","Kolfa041","Kolfe035","Lafto016","LID003","SH071"],"lines":"AB059, AB123, ADK028, ARD006, Kolfa020, Kolfa041, Kolfe035, Lafto016, LID003, SH071"},"geometry":{"type":"LineString","coordinates":[[38.73537,9.022552],[38.7365,9.023676],[38.736842,9.023955],[38.737696,9.024566],[38.740974,9.026781]]}},{"type":"Feature","properties":{"mode":"bus","n":13,"arr":["AB059","AB090","ADK011","ADK028","ADK052","ARD006","Kolfa001","Kolfa010","Kolfa018","Kolfe035","Kolfe042","SH010","SH071"],"lines":"AB059, AB090, ADK011, ADK028, ADK052, ARD006, Kolfa001, Kolfa010, Kolfa018, Kolfe035, Kolfe042, SH010, SH071"},"geometry":{"type":"LineString","coordinates":[[38.6943,9.004118],[38.694241,9.003835],[38.69426,9.003774]]}},{"type":"Feature","properties":{"mode":"bus","n":6,"arr":["AB060","AB106","AB107","AB110","AB121","AB124"],"lines":"AB060, AB106, AB107, AB110, AB121, AB124"},"geometry":{"type":"LineString","coordinates":[[38.820185,8.873879],[38.820136,8.87417],[38.820234,8.874337],[38.820259,8.87449],[38.820223,8.874663],[38.820156,8.874777]]}},{"type":"Feature","properties":{"mode":"bus","n":6,"arr":["AB060","AB106","AB107","AB110","AB121","AB124"],"lines":"AB060, AB106, AB107, AB110, AB121, AB124"},"geometry":{"type":"LineString","coordinates":[[38.820982,8.860926],[38.821243,8.861095],[38.82137,8.86121],[38.821461,8.86132],[38.821627,8.86162],[38.821685,8.861801],[38.821841,8.86257],[38.822139,8.864161],[38.822179,8.864512],[38.822144,8.865038],[38.822044,8.865401],[38.821427,8.866715],[38.821318,8.867049],[38.821208,8.867518],[38.820976,8.868996],[38.820864,8.869257]]}},{"type":"Feature","properties":{"mode":"bus","n":7,"arr":["AB060","AB106","AB107","AB109","AB110","AB121","AB124"],"lines":"AB060, AB106, AB107, AB109, AB110, AB121, AB124"},"geometry":{"type":"LineString","coordinates":[[38.820156,8.874777],[38.820041,8.87488],[38.819897,8.874941]]}},{"type":"Feature","properties":{"mode":"bus","n":10,"arr":["AB060","AB106","AB113","AB120","AB124","AB131","Bole021","D52","SH077","SH091"],"lines":"AB060, AB106, AB113, AB120, AB124, AB131, Bole021, D52, SH077, SH091"},"geometry":{"type":"LineString","coordinates":[[38.815029,8.899082],[38.815176,8.899121],[38.815301,8.899207],[38.815388,8.89933],[38.815428,8.899475]]}},{"type":"Feature","properties":{"mode":"bus","n":10,"arr":["AB060","AB106","AB113","AB120","AB124","AB131","Bole021","D52","SH077","SH091"],"lines":"AB060, AB106, AB113, AB120, AB124, AB131, Bole021, D52, SH077, SH091"},"geometry":{"type":"LineString","coordinates":[[38.814962,8.89992],[38.814769,8.899856],[38.814669,8.899767],[38.814601,8.899652],[38.814572,8.899499]]}},{"type":"Feature","properties":{"mode":"bus","n":10,"arr":["AB060","AB106","AB113","AB120","AB124","AB131","Bole021","D52","SH077","SH091"],"lines":"AB060, AB106, AB113, AB120, AB124, AB131, Bole021, D52, SH077, SH091"},"geometry":{"type":"LineString","coordinates":[[38.814661,8.899245],[38.814687,8.899214]]}},{"type":"Feature","properties":{"mode":"bus","n":5,"arr":["AB060","AB120","AB124","Bole021","SH077"],"lines":"AB060, AB120, AB124, Bole021, SH077"},"geometry":{"type":"LineString","coordinates":[[38.815428,8.899475],[38.815397,8.899647],[38.815328,8.899766]]}},{"type":"Feature","properties":{"mode":"bus","n":8,"arr":["AB060","AB106","AB113","AB120","AB124","Bole021","SH077","SH091"],"lines":"AB060, AB106, AB113, AB120, AB124, Bole021, SH077, SH091"},"geometry":{"type":"LineString","coordinates":[[38.815328,8.899766],[38.815298,8.899798]]}},{"type":"Feature","properties":{"mode":"bus","n":8,"arr":["AB060","AB113","AB120","AB124","AB131","Bole021","D52","SH077"],"lines":"AB060, AB113, AB120, AB124, AB131, Bole021, D52, SH077"},"geometry":{"type":"LineString","coordinates":[[38.818274,8.914631],[38.819735,8.92845],[38.819827,8.929169],[38.81989,8.929312],[38.819995,8.929398],[38.820067,8.929513],[38.820096,8.929628],[38.820091,8.929747],[38.820056,8.929854],[38.819993,8.929948],[38.819934,8.929998],[38.819914,8.930024],[38.81991,8.930057],[38.820397,8.934552],[38.82061,8.93599],[38.820877,8.93714],[38.821737,8.939352],[38.822009,8.939854],[38.822435,8.940562],[38.822737,8.941014],[38.823259,8.941716],[38.82374,8.942296],[38.824584,8.943185],[38.829855,8.948369],[38.831399,8.949952],[38.832461,8.951247],[38.833046,8.952111],[38.833434,8.952726],[38.83391,8.953541],[38.834701,8.955244],[38.834968,8.955899],[38.835209,8.956556],[38.83556,8.957759],[38.835892,8.959271],[38.836006,8.959491],[38.836099,8.959574],[38.836186,8.959739],[38.836186,8.959924],[38.836142,8.96004],[38.836087,8.96011],[38.836072,8.96014],[38.836071,8.960173],[38.836885,8.964858],[38.837809,8.969955],[38.837864,8.970336],[38.837882,8.971077],[38.837833,8.97155],[38.837722,8.972093],[38.837522,8.972663],[38.837359,8.972997],[38.837,8.973592],[38.836714,8.973952],[38.836544,8.974131],[38.836007,8.974604],[38.835476,8.974947],[38.832526,8.976619],[38.831935,8.977056],[38.831428,8.977477],[38.831057,8.977843],[38.830729,8.978206],[38.83022,8.978882],[38.829713,8.979769],[38.829341,8.980635],[38.829114,8.981386],[38.829017,8.98183],[38.828916,8.982553],[38.828882,8.98305],[38.82893,8.98415],[38.829786,8.989583],[38.829951,8.990501],[38.83003,8.990799]]}},{"type":"Feature","properties":{"mode":"bus","n":8,"arr":["AB060","AB113","AB120","AB124","AB131","Bole021","D52","SH077"],"lines":"AB060, AB113, AB120, AB124, AB131, Bole021, D52, SH077"},"geometry":{"type":"LineString","coordinates":[[38.829735,8.990979],[38.829562,8.990165],[38.829149,8.987739],[38.828932,8.986675],[38.82859,8.984613],[38.828503,8.983916],[38.828483,8.983312],[38.828538,8.982342],[38.828677,8.981522],[38.828808,8.981013],[38.828957,8.980541],[38.82923,8.979883],[38.829514,8.979325],[38.829911,8.978656],[38.830142,8.978323],[38.830423,8.97797],[38.830811,8.97754],[38.831199,8.977162],[38.83188,8.976601],[38.83233,8.976297],[38.833782,8.975461],[38.83486,8.974883],[38.835655,8.974401],[38.835844,8.974271],[38.836494,8.9736],[38.836751,8.973264],[38.837019,8.972837],[38.837307,8.972097],[38.837417,8.97166],[38.837465,8.971366],[38.837495,8.970673],[38.837463,8.970325],[38.836491,8.964901],[38.835738,8.960856],[38.8356,8.960215],[38.835495,8.960147],[38.835415,8.960052],[38.835367,8.959937],[38.835356,8.959814],[38.835381,8.959693],[38.835473,8.959561],[38.835487,8.95953],[38.835487,8.959496],[38.835193,8.958043],[38.834916,8.95708],[38.834228,8.955201],[38.833933,8.954523],[38.83343,8.953512],[38.832695,8.952302],[38.832176,8.951541],[38.831849,8.951107],[38.831121,8.950225],[38.830384,8.949419],[38.82951,8.94854],[38.823988,8.9431],[38.82325,8.942298],[38.822784,8.941713],[38.822343,8.9411],[38.821844,8.940319],[38.821405,8.939517],[38.820456,8.937028],[38.820161,8.935534],[38.820094,8.935062],[38.819894,8.933368],[38.819551,8.930102],[38.81954,8.930073],[38.819516,8.930054],[38.819457,8.930028],[38.819318,8.929892],[38.81927,8.929783],[38.819254,8.929664],[38.819274,8.929547],[38.819324,8.929442],[38.819402,8.929355],[38.819431,8.929197],[38.819331,8.928104],[38.817449,8.910352],[38.817314,8.909142],[38.817143,8.907978],[38.816785,8.906066],[38.81639,8.904367],[38.816103,8.903355],[38.814962,8.89992]]}},{"type":"Feature","properties":{"mode":"bus","n":9,"arr":["AB060","AB106","AB113","AB120","AB124","AB131","Bole021","D52","SH077"],"lines":"AB060, AB106, AB113, AB120, AB124, AB131, Bole021, D52, SH077"},"geometry":{"type":"LineString","coordinates":[[38.814572,8.899499],[38.814595,8.899365],[38.814661,8.899245]]}},{"type":"Feature","properties":{"mode":"bus","n":8,"arr":["AB060","AB106","AB107","AB109","AB110","AB121","AB124","Bole021"],"lines":"AB060, AB106, AB107, AB109, AB110, AB121, AB124, Bole021"},"geometry":{"type":"LineString","coordinates":[[38.819497,8.874856],[38.819381,8.874727],[38.819343,8.874648],[38.819317,8.874442]]}},{"type":"Feature","properties":{"mode":"bus","n":6,"arr":["AB060","AB106","AB107","AB121","AB124","Bole021"],"lines":"AB060, AB106, AB107, AB121, AB124, Bole021"},"geometry":{"type":"LineString","coordinates":[[38.819317,8.874442],[38.81935,8.874307],[38.819402,8.874217]]}},{"type":"Feature","properties":{"mode":"bus","n":8,"arr":["AB060","AB106","AB107","AB110","AB121","AB124","Bole021","SH088"],"lines":"AB060, AB106, AB107, AB110, AB121, AB124, Bole021, SH088"},"geometry":{"type":"LineString","coordinates":[[38.819402,8.874217],[38.819509,8.874109],[38.819582,8.874066],[38.819711,8.874031],[38.819731,8.874022],[38.819745,8.874007],[38.819753,8.873987],[38.819794,8.873782]]}},{"type":"Feature","properties":{"mode":"bus","n":6,"arr":["AB060","AB098","AB106","AB107","AB121","Lafto008"],"lines":"AB060, AB098, AB106, AB107, AB121, Lafto008"},"geometry":{"type":"LineString","coordinates":[[38.803461,8.855406],[38.80338,8.855447],[38.803237,8.855477],[38.803026,8.855432],[38.802869,8.855306],[38.802802,8.855179],[38.80278,8.855069]]}},{"type":"Feature","properties":{"mode":"bus","n":7,"arr":["AB060","AB098","AB106","AB107","AB121","Bole002","Lafto008"],"lines":"AB060, AB098, AB106, AB107, AB121, Bole002, Lafto008"},"geometry":{"type":"LineString","coordinates":[[38.803092,8.854625],[38.803272,8.854609]]}},{"type":"Feature","properties":{"mode":"bus","n":11,"arr":["AB063","AB073","AB094","ADK031","ADK040","ADK055","Gl001","Gl012","Kolfa038","Kolfe023","LID011"],"lines":"AB063, AB073, AB094, ADK031, ADK040, ADK055, Gl001, Gl012, Kolfa038, Kolfe023, LID011"},"geometry":{"type":"LineString","coordinates":[[38.713355,9.056636],[38.713442,9.056668],[38.713507,9.056733]]}},{"type":"Feature","properties":{"mode":"bus","n":7,"arr":["AB063","AB073","AB094","AB108","ADK040","ADK055","Gl001"],"lines":"AB063, AB073, AB094, AB108, ADK040, ADK055, Gl001"},"geometry":{"type":"LineString","coordinates":[[38.713157,9.056987],[38.713199,9.057025],[38.713306,9.057063]]}},{"type":"Feature","properties":{"mode":"bus","n":12,"arr":["AB076","AB079","AB119","AB125","D23","D25","D46","SH066","SH082","SH089","SH092","SH096"],"lines":"AB076, AB079, AB119, AB125, D23, D25, D46, SH066, SH082, SH089, SH092, SH096"},"geometry":{"type":"LineString","coordinates":[[38.801294,9.021809],[38.801136,9.021746],[38.801077,9.021684],[38.801024,9.021523]]}},{"type":"Feature","properties":{"mode":"bus","n":12,"arr":["AB076","AB079","AB119","AB125","D23","D25","D46","SH066","SH082","SH089","SH092","SH096"],"lines":"AB076, AB079, AB119, AB125, D23, D25, D46, SH066, SH082, SH089, SH092, SH096"},"geometry":{"type":"LineString","coordinates":[[38.802101,9.021091],[38.802051,9.021022]]}},{"type":"Feature","properties":{"mode":"bus","n":12,"arr":["AB076","AB079","AB119","AB125","D23","D25","D46","SH066","SH082","SH089","SH092","SH096"],"lines":"AB076, AB079, AB119, AB125, D23, D25, D46, SH066, SH082, SH089, SH092, SH096"},"geometry":{"type":"LineString","coordinates":[[38.801238,9.021233],[38.801317,9.021096],[38.801363,9.020948],[38.801522,9.020034]]}},{"type":"Feature","properties":{"mode":"bus","n":12,"arr":["AB076","AB093","AB125","Bole003","Bole011","Kal033","Lafto044","SH082","SH089","SH092","SH096","YK009"],"lines":"AB076, AB093, AB125, Bole003, Bole011, Kal033, Lafto044, SH082, SH089, SH092, SH096, YK009"},"geometry":{"type":"LineString","coordinates":[[38.791053,8.987547],[38.791066,8.987677],[38.791113,8.987798],[38.791191,8.987903],[38.791295,8.987984],[38.791417,8.988034]]}},{"type":"Feature","properties":{"mode":"bus","n":12,"arr":["AB076","AB093","AB125","Bole003","Bole011","Kal033","Lafto044","SH082","SH089","SH092","SH096","YK009"],"lines":"AB076, AB093, AB125, Bole003, Bole011, Kal033, Lafto044, SH082, SH089, SH092, SH096, YK009"},"geometry":{"type":"LineString","coordinates":[[38.791649,8.988039],[38.792081,8.988318],[38.792909,8.989119],[38.793597,8.98983]]}},{"type":"Feature","properties":{"mode":"bus","n":18,"arr":["AB076","ADK015","ARD011","Kal001","Kal002","Kal009","Kal012","Kal022","Kal032","Kal033","Kal035","Lafto028","Lafto044","Lafto045","SH083","SH096","TX005","YK009"],"lines":"AB076, ADK015, ARD011, Kal001, Kal002, Kal009, Kal012, Kal022, Kal032, Kal033, Kal035, Lafto028, Lafto044, Lafto045, SH083, SH096, TX005, YK009"},"geometry":{"type":"LineString","coordinates":[[38.765364,8.935034],[38.765186,8.935043],[38.765079,8.935],[38.764968,8.934894],[38.764919,8.93481]]}},{"type":"Feature","properties":{"mode":"bus","n":6,"arr":["AB076","Kal005","Kal009","Kal023","Lafto008","SH096"],"lines":"AB076, Kal005, Kal009, Kal023, Lafto008, SH096"},"geometry":{"type":"LineString","coordinates":[[38.734358,8.937956],[38.734505,8.937983],[38.734654,8.937981],[38.734801,8.93795]]}},{"type":"Feature","properties":{"mode":"bus","n":5,"arr":["AB077","ADK012","KRK003","Lafto010","TX002"],"lines":"AB077, ADK012, KRK003, Lafto010, TX002"},"geometry":{"type":"LineString","coordinates":[[38.738732,8.995024],[38.738516,8.995126],[38.738398,8.995134],[38.738324,8.995109]]}},{"type":"Feature","properties":{"mode":"bus","n":5,"arr":["AB077","ADK012","KRK003","Lafto010","TX002"],"lines":"AB077, ADK012, KRK003, Lafto010, TX002"},"geometry":{"type":"LineString","coordinates":[[38.73815,8.994996],[38.737923,8.99499],[38.737746,8.995028],[38.737605,8.995087]]}},{"type":"Feature","properties":{"mode":"bus","n":6,"arr":["AB077","AB092","ADK012","KRK003","Lafto010","TX002"],"lines":"AB077, AB092, ADK012, KRK003, Lafto010, TX002"},"geometry":{"type":"LineString","coordinates":[[38.738324,8.995109],[38.73815,8.994996]]}},{"type":"Feature","properties":{"mode":"bus","n":10,"arr":["AB086","AB092","B40","Kal001","Kal005","Lafto002","Lafto006","Lafto013","Lafto028","SH022"],"lines":"AB086, AB092, B40, Kal001, Kal005, Lafto002, Lafto006, Lafto013, Lafto028, SH022"},"geometry":{"type":"LineString","coordinates":[[38.734988,8.936588],[38.734829,8.93651],[38.734656,8.93647],[38.734479,8.93647],[38.734306,8.93651],[38.734148,8.936589],[38.734011,8.936701]]}},{"type":"Feature","properties":{"mode":"bus","n":21,"arr":["AB091","ADK011","ADK028","ADK043","ARD006","Kolfa001","Kolfa011","Kolfa012","Kolfa013","Kolfa017","Kolfa020","Kolfa021","Kolfa026","Kolfa033","Kolfa034","Kolfa041","Kolfe035","LID002","LID003","LID008","LID013"],"lines":"AB091, ADK011, ADK028, ADK043, ARD006, Kolfa001, Kolfa011, Kolfa012, Kolfa013, Kolfa017, Kolfa020, Kolfa021, Kolfa026, Kolfa033, Kolfa034, Kolfa041, Kolfe035, LID002, LID003, LID008, LID013"},"geometry":{"type":"LineString","coordinates":[[38.730059,9.016392],[38.729957,9.016364]]}},{"type":"Feature","properties":{"mode":"bus","n":21,"arr":["AB091","ADK011","ADK028","ADK043","ARD006","Kolfa001","Kolfa011","Kolfa012","Kolfa013","Kolfa017","Kolfa020","Kolfa021","Kolfa026","Kolfa033","Kolfa034","Kolfa041","Kolfe035","LID002","LID003","LID008","LID013"],"lines":"AB091, ADK011, ADK028, ADK043, ARD006, Kolfa001, Kolfa011, Kolfa012, Kolfa013, Kolfa017, Kolfa020, Kolfa021, Kolfa026, Kolfa033, Kolfa034, Kolfa041, Kolfe035, LID002, LID003, LID008, LID013"},"geometry":{"type":"LineString","coordinates":[[38.730097,9.016538],[38.730106,9.016499]]}},{"type":"Feature","properties":{"mode":"bus","n":20,"arr":["AB091","ADK011","ADK028","ADK043","ARD006","Kolfa001","Kolfa011","Kolfa012","Kolfa013","Kolfa017","Kolfa020","Kolfa021","Kolfa026","Kolfa033","Kolfa034","Kolfa041","Kolfe035","LID002","LID003","LID013"],"lines":"AB091, ADK011, ADK028, ADK043, ARD006, Kolfa001, Kolfa011, Kolfa012, Kolfa013, Kolfa017, Kolfa020, Kolfa021, Kolfa026, Kolfa033, Kolfa034, Kolfa041, Kolfe035, LID002, LID003, LID013"},"geometry":{"type":"LineString","coordinates":[[38.730106,9.016499],[38.730059,9.016392]]}},{"type":"Feature","properties":{"mode":"bus","n":20,"arr":["AB091","ADK011","ADK028","ADK043","ARD006","Kolfa001","Kolfa011","Kolfa012","Kolfa013","Kolfa017","Kolfa020","Kolfa021","Kolfa026","Kolfa033","Kolfa034","Kolfa041","Kolfe035","LID002","LID003","LID013"],"lines":"AB091, ADK011, ADK028, ADK043, ARD006, Kolfa001, Kolfa011, Kolfa012, Kolfa013, Kolfa017, Kolfa020, Kolfa021, Kolfa026, Kolfa033, Kolfa034, Kolfa041, Kolfe035, LID002, LID003, LID013"},"geometry":{"type":"LineString","coordinates":[[38.729957,9.016364],[38.729896,9.016317],[38.729755,9.016122],[38.729438,9.015511],[38.729007,9.014537],[38.728901,9.01388],[38.728734,9.012563],[38.728693,9.012201],[38.728711,9.012139],[38.728648,9.011978]]}},{"type":"Feature","properties":{"mode":"bus","n":20,"arr":["AB091","ADK011","ADK028","ADK043","ARD006","Kolfa001","Kolfa011","Kolfa012","Kolfa013","Kolfa017","Kolfa020","Kolfa021","Kolfa026","Kolfa033","Kolfa034","Kolfa041","Kolfe035","LID002","LID003","LID013"],"lines":"AB091, ADK011, ADK028, ADK043, ARD006, Kolfa001, Kolfa011, Kolfa012, Kolfa013, Kolfa017, Kolfa020, Kolfa021, Kolfa026, Kolfa033, Kolfa034, Kolfa041, Kolfe035, LID002, LID003, LID013"},"geometry":{"type":"LineString","coordinates":[[38.732714,9.019411],[38.732061,9.01833],[38.731733,9.017928],[38.731563,9.017772],[38.730493,9.016996],[38.730159,9.016685],[38.730112,9.016614],[38.730097,9.016538]]}},{"type":"Feature","properties":{"mode":"bus","n":18,"arr":["AB091","ADK011","ADK028","ADK043","ARD006","Kolfa001","Kolfa011","Kolfa012","Kolfa013","Kolfa017","Kolfa020","Kolfa021","Kolfa026","Kolfa033","Kolfa034","Kolfa041","Kolfe035","LID003"],"lines":"AB091, ADK011, ADK028, ADK043, ARD006, Kolfa001, Kolfa011, Kolfa012, Kolfa013, Kolfa017, Kolfa020, Kolfa021, Kolfa026, Kolfa033, Kolfa034, Kolfa041, Kolfe035, LID003"},"geometry":{"type":"LineString","coordinates":[[38.733364,9.019968],[38.733204,9.019974]]}},{"type":"Feature","properties":{"mode":"bus","n":18,"arr":["AB091","ADK011","ADK028","ADK043","ARD006","Kolfa001","Kolfa011","Kolfa012","Kolfa013","Kolfa017","Kolfa020","Kolfa021","Kolfa026","Kolfa033","Kolfa034","Kolfa041","Kolfe035","LID003"],"lines":"AB091, ADK011, ADK028, ADK043, ARD006, Kolfa001, Kolfa011, Kolfa012, Kolfa013, Kolfa017, Kolfa020, Kolfa021, Kolfa026, Kolfa033, Kolfa034, Kolfa041, Kolfe035, LID003"},"geometry":{"type":"LineString","coordinates":[[38.733146,9.019994],[38.733037,9.019892],[38.732714,9.019411]]}},{"type":"Feature","properties":{"mode":"bus","n":9,"arr":["AB097","AB101","D23","LK001","LK008","LK009","SH066","SH067","SH077"],"lines":"AB097, AB101, D23, LK001, LK008, LK009, SH066, SH067, SH077"},"geometry":{"type":"LineString","coordinates":[[38.876262,9.021114],[38.876329,9.021349],[38.876284,9.021589]]}},{"type":"Feature","properties":{"mode":"bus","n":6,"arr":["AB098","AB106","AB107","AB121","Bole002","Lafto008"],"lines":"AB098, AB106, AB107, AB121, Bole002, Lafto008"},"geometry":{"type":"LineString","coordinates":[[38.803633,8.854889],[38.803657,8.854989]]}},{"type":"Feature","properties":{"mode":"bus","n":6,"arr":["AB098","AB106","AB107","AB121","Bole002","Lafto008"],"lines":"AB098, AB106, AB107, AB121, Bole002, Lafto008"},"geometry":{"type":"LineString","coordinates":[[38.797604,8.852972],[38.796512,8.852747],[38.795803,8.852639],[38.79449,8.852491],[38.793784,8.852466],[38.792904,8.852475],[38.791529,8.852611],[38.79084,8.852702],[38.78956,8.852923],[38.788353,8.85324],[38.787543,8.853507],[38.786553,8.853869],[38.785571,8.854294],[38.784469,8.854835],[38.78351,8.855374],[38.78235,8.856123],[38.781048,8.857112],[38.778853,8.859163],[38.773373,8.864807],[38.772555,8.865674],[38.771279,8.86707],[38.768991,8.869686]]}},{"type":"Feature","properties":{"mode":"bus","n":6,"arr":["AB098","AB106","AB107","AB121","Bole002","Lafto008"],"lines":"AB098, AB106, AB107, AB121, Bole002, Lafto008"},"geometry":{"type":"LineString","coordinates":[[38.763939,8.874786],[38.771751,8.866004],[38.773066,8.8646],[38.777617,8.859922],[38.778448,8.859028],[38.779091,8.858379],[38.780394,8.857176],[38.780832,8.856801],[38.781198,8.856503],[38.782111,8.855821],[38.782917,8.855286],[38.783782,8.854766],[38.784735,8.854252],[38.785408,8.853927],[38.786124,8.853615],[38.787484,8.853099],[38.788243,8.852853],[38.789093,8.85262],[38.790005,8.852408],[38.790894,8.852252],[38.791572,8.85217],[38.792883,8.852058],[38.793823,8.852044],[38.794687,8.852086],[38.796131,8.852258],[38.796822,8.852386],[38.797792,8.85264],[38.798532,8.852856],[38.799279,8.853106],[38.800088,8.853443],[38.802295,8.854426],[38.802685,8.85457],[38.803092,8.854625]]}},{"type":"Feature","properties":{"mode":"bus","n":8,"arr":["AB100","ADK016","ARD005","Lafto014","Lafto016","Lafto027","Lafto034","SH085"],"lines":"AB100, ADK016, ARD005, Lafto014, Lafto016, Lafto027, Lafto034, SH085"},"geometry":{"type":"LineString","coordinates":[[38.721858,8.978391],[38.721865,8.978463],[38.721948,8.978582]]}},{"type":"Feature","properties":{"mode":"bus","n":8,"arr":["AB100","ADK016","ARD005","Lafto014","Lafto016","Lafto027","Lafto034","SH085"],"lines":"AB100, ADK016, ARD005, Lafto014, Lafto016, Lafto027, Lafto034, SH085"},"geometry":{"type":"LineString","coordinates":[[38.722296,8.978415],[38.722276,8.978316],[38.722208,8.978233]]}},{"type":"Feature","properties":{"mode":"bus","n":8,"arr":["AB100","ADK016","ARD005","Lafto014","Lafto016","Lafto027","Lafto034","SH085"],"lines":"AB100, ADK016, ARD005, Lafto014, Lafto016, Lafto027, Lafto034, SH085"},"geometry":{"type":"LineString","coordinates":[[38.73356,9.003719],[38.732501,9.001813],[38.732358,9.001494],[38.732176,9.000878],[38.731909,8.999746],[38.73172,8.999284],[38.731607,8.999076],[38.731061,8.998271],[38.730714,8.997695]]}},{"type":"Feature","properties":{"mode":"bus","n":8,"arr":["AB100","ADK016","ARD005","Lafto014","Lafto016","Lafto027","Lafto034","SH085"],"lines":"AB100, ADK016, ARD005, Lafto014, Lafto016, Lafto027, Lafto034, SH085"},"geometry":{"type":"LineString","coordinates":[[38.721991,8.978605],[38.722087,8.978766],[38.722134,8.978919],[38.722294,8.979914],[38.72227,8.980271],[38.722213,8.980461],[38.722062,8.980713],[38.721926,8.980846],[38.721713,8.980964],[38.721148,8.98116],[38.720255,8.981423],[38.719964,8.981581],[38.719755,8.981781],[38.719649,8.981918],[38.719555,8.982126],[38.719388,8.982648],[38.71923,8.983201],[38.719184,8.983456],[38.719183,8.983599],[38.719211,8.983779],[38.719276,8.983977],[38.719392,8.984187],[38.719479,8.984284],[38.719968,8.984661],[38.720163,8.984883],[38.720989,8.98606],[38.722017,8.98779],[38.722467,8.988269],[38.722747,8.988488],[38.72307,8.988673]]}},{"type":"Feature","properties":{"mode":"bus","n":8,"arr":["AB100","ADK016","ARD005","Lafto014","Lafto016","Lafto027","Lafto034","SH085"],"lines":"AB100, ADK016, ARD005, Lafto014, Lafto016, Lafto027, Lafto034, SH085"},"geometry":{"type":"LineString","coordinates":[[38.721838,8.969082],[38.721934,8.969212],[38.722114,8.969386],[38.723258,8.970237],[38.723573,8.970511],[38.723945,8.97091],[38.724225,8.971345],[38.724449,8.97183],[38.724561,8.972156],[38.724646,8.972489],[38.724676,8.972795],[38.724654,8.97316],[38.724528,8.974013],[38.724424,8.974323],[38.724226,8.974686],[38.724053,8.974914],[38.723925,8.975045],[38.723595,8.975335],[38.722303,8.976588],[38.722056,8.976901],[38.721971,8.977088],[38.721889,8.97752],[38.721936,8.977929],[38.721908,8.978269]]}},{"type":"Feature","properties":{"mode":"bus","n":8,"arr":["AB100","ADK016","ARD005","Lafto014","Lafto016","Lafto027","Lafto034","SH085"],"lines":"AB100, ADK016, ARD005, Lafto014, Lafto016, Lafto027, Lafto034, SH085"},"geometry":{"type":"LineString","coordinates":[[38.722149,8.978202],[38.722087,8.978089],[38.72203,8.977915],[38.721981,8.977613],[38.72201,8.97734],[38.722091,8.977036],[38.722205,8.976837],[38.723311,8.975741],[38.724077,8.975029],[38.724354,8.974661],[38.724472,8.974451],[38.724633,8.974012],[38.724743,8.973069],[38.72475,8.972801],[38.724727,8.972479],[38.72469,8.972293],[38.724524,8.971801],[38.724295,8.971311],[38.724073,8.970973],[38.723855,8.970692],[38.723628,8.97045],[38.723351,8.970203],[38.722554,8.969574],[38.722212,8.969331],[38.722132,8.969245],[38.721981,8.968996]]}},{"type":"Feature","properties":{"mode":"bus","n":8,"arr":["AB100","ADK016","ARD005","Lafto014","Lafto016","Lafto027","Lafto034","SH085"],"lines":"AB100, ADK016, ARD005, Lafto014, Lafto016, Lafto027, Lafto034, SH085"},"geometry":{"type":"LineString","coordinates":[[38.72316,8.988597],[38.722727,8.988372],[38.722515,8.988209],[38.722256,8.987953],[38.72209,8.98775],[38.721069,8.986014],[38.720157,8.984718],[38.719514,8.984167],[38.719371,8.983944],[38.719281,8.983609],[38.719281,8.983468],[38.719329,8.98323],[38.719646,8.982158],[38.719758,8.981959],[38.719867,8.981818],[38.720035,8.981654],[38.720207,8.981552],[38.720537,8.98143],[38.721591,8.981119],[38.721888,8.980977],[38.722143,8.98077],[38.722342,8.98045],[38.722408,8.980191],[38.722415,8.980014],[38.722267,8.979037],[38.722244,8.978741],[38.72226,8.978525]]}},{"type":"Feature","properties":{"mode":"bus","n":8,"arr":["AB100","ADK016","ARD005","Lafto014","Lafto016","Lafto027","Lafto034","SH085"],"lines":"AB100, ADK016, ARD005, Lafto014, Lafto016, Lafto027, Lafto034, SH085"},"geometry":{"type":"LineString","coordinates":[[38.730821,8.997643],[38.730763,8.997536]]}},{"type":"Feature","properties":{"mode":"bus","n":5,"arr":["AB106","AB107","AB121","Bole002","Lafto008"],"lines":"AB106, AB107, AB121, Bole002, Lafto008"},"geometry":{"type":"LineString","coordinates":[[38.803272,8.854609],[38.803388,8.85464],[38.803492,8.854699],[38.803576,8.854785],[38.803633,8.854889]]}},{"type":"Feature","properties":{"mode":"bus","n":5,"arr":["AB106","AB107","AB121","Bole002","Lafto008"],"lines":"AB106, AB107, AB121, Bole002, Lafto008"},"geometry":{"type":"LineString","coordinates":[[38.768991,8.869686],[38.767932,8.870839],[38.764234,8.874998]]}},{"type":"Feature","properties":{"mode":"bus","n":5,"arr":["AB106","AB107","AB121","Bole002","Lafto008"],"lines":"AB106, AB107, AB121, Bole002, Lafto008"},"geometry":{"type":"LineString","coordinates":[[38.820616,8.869151],[38.820803,8.868291],[38.821101,8.866252],[38.821148,8.865775],[38.821163,8.865326],[38.821128,8.864711],[38.820806,8.863594],[38.820667,8.86328],[38.82028,8.862609],[38.81988,8.862096],[38.819589,8.861798],[38.819033,8.861333],[38.818496,8.861012],[38.817922,8.86071],[38.815339,8.859719],[38.814852,8.859572],[38.814506,8.859493],[38.81394,8.859452],[38.813186,8.859527],[38.812273,8.859669],[38.811897,8.859685],[38.81158,8.859653],[38.811238,8.859591],[38.810687,8.85939],[38.810383,8.859233],[38.810025,8.859001]]}},{"type":"Feature","properties":{"mode":"bus","n":5,"arr":["AB106","AB107","AB121","Bole002","Lafto008"],"lines":"AB106, AB107, AB121, Bole002, Lafto008"},"geometry":{"type":"LineString","coordinates":[[38.762846,8.876551],[38.762551,8.876885]]}},{"type":"Feature","properties":{"mode":"bus","n":5,"arr":["AB106","AB107","AB121","Bole002","Lafto008"],"lines":"AB106, AB107, AB121, Bole002, Lafto008"},"geometry":{"type":"LineString","coordinates":[[38.803657,8.854989],[38.803777,8.855091],[38.804231,8.855283]]}},{"type":"Feature","properties":{"mode":"bus","n":5,"arr":["AB113","AB120","AB131","D52","SH091"],"lines":"AB113, AB120, AB131, D52, SH091"},"geometry":{"type":"LineString","coordinates":[[38.814687,8.899214],[38.814786,8.899137],[38.814903,8.899091],[38.815029,8.899082]]}},{"type":"Feature","properties":{"mode":"bus","n":7,"arr":["AB126","AB127","D46","LK002","LK003","LK006","LK014"],"lines":"AB126, AB127, D46, LK002, LK003, LK006, LK014"},"geometry":{"type":"LineString","coordinates":[[38.876548,9.002399],[38.876466,9.002348]]}},{"type":"Feature","properties":{"mode":"bus","n":7,"arr":["AB126","AB127","D46","LK002","LK003","LK006","LK014"],"lines":"AB126, AB127, D46, LK002, LK003, LK006, LK014"},"geometry":{"type":"LineString","coordinates":[[38.876413,9.002169],[38.876455,9.002082],[38.876533,9.002025],[38.876676,9.002019],[38.876741,9.002058],[38.876773,9.00207],[38.876807,9.002066],[38.877135,9.001963],[38.879439,9.001175],[38.879983,9.000908],[38.884921,8.997549],[38.885109,8.997384],[38.885128,8.997358],[38.885133,8.997326],[38.88513,8.997262],[38.885159,8.997167],[38.885258,8.997056],[38.885136,8.993389],[38.885129,8.99252],[38.885072,8.991591],[38.88493,8.98769],[38.884869,8.985277]]}},{"type":"Feature","properties":{"mode":"bus","n":6,"arr":["AB126","AB127","D46","LK002","LK003","LK014"],"lines":"AB126, AB127, D46, LK002, LK003, LK014"},"geometry":{"type":"LineString","coordinates":[[38.876466,9.002348],[38.876417,9.002265],[38.876413,9.002169]]}},{"type":"Feature","properties":{"mode":"bus","n":6,"arr":["AB126","AB127","D46","LK002","LK003","LK014"],"lines":"AB126, AB127, D46, LK002, LK003, LK014"},"geometry":{"type":"LineString","coordinates":[[38.878226,9.011053],[38.87921,9.014755],[38.879325,9.015305],[38.879338,9.016046],[38.879302,9.021613]]}},{"type":"Feature","properties":{"mode":"bus","n":6,"arr":["AB126","AB127","D46","LK002","LK003","LK014"],"lines":"AB126, AB127, D46, LK002, LK003, LK014"},"geometry":{"type":"LineString","coordinates":[[38.878995,9.014197],[38.878069,9.010737],[38.876836,9.003856],[38.876548,9.002399]]}},{"type":"Feature","properties":{"mode":"bus","n":6,"arr":["AB127","D46","LK002","LK003","LK006","LK014"],"lines":"AB127, D46, LK002, LK003, LK006, LK014"},"geometry":{"type":"LineString","coordinates":[[38.884869,8.985277],[38.88484,8.984923],[38.884628,8.978603],[38.884572,8.9783],[38.884492,8.978168],[38.884467,8.978068],[38.88448,8.977965],[38.88453,8.977874]]}},{"type":"Feature","properties":{"mode":"bus","n":6,"arr":["AB127","D46","LK002","LK003","LK006","LK014"],"lines":"AB127, D46, LK002, LK003, LK006, LK014"},"geometry":{"type":"LineString","coordinates":[[38.890266,8.973311],[38.887859,8.97618],[38.8877,8.976331],[38.887321,8.976656],[38.887071,8.976825],[38.885119,8.978012],[38.885034,8.978072],[38.885001,8.978186],[38.884935,8.978266],[38.885095,8.983811],[38.88523,8.987723],[38.88532,8.989592],[38.885544,8.99668],[38.885591,8.997056],[38.885665,8.997127],[38.885717,8.997253],[38.885717,8.997343],[38.885683,8.997439],[38.885619,8.997518],[38.885482,8.997585],[38.885329,8.997575],[38.885253,8.997529],[38.885232,8.997521],[38.885212,8.997521],[38.885192,8.99753],[38.881118,9.000323],[38.879943,9.001087],[38.879567,9.001273],[38.877168,9.002102],[38.876811,9.002249],[38.876734,9.002369]]}},{"type":"Feature","properties":{"mode":"bus","n":5,"arr":["AB127","LK002","LK003","LK006","LK014"],"lines":"AB127, LK002, LK003, LK006, LK014"},"geometry":{"type":"LineString","coordinates":[[38.88453,8.977874],[38.88461,8.977807],[38.884709,8.977774],[38.884814,8.977777],[38.884877,8.977804],[38.884898,8.977809],[38.884918,8.977805],[38.884935,8.977792],[38.885013,8.977714],[38.886988,8.976521],[38.887424,8.9762],[38.88779,8.97583],[38.890093,8.973056],[38.890536,8.972555]]}},{"type":"Feature","properties":{"mode":"bus","n":10,"arr":["ADK011","ADK028","ADK052","ARD006","Kolfa001","Kolfa010","Kolfa018","Kolfe035","Kolfe042","SH010"],"lines":"ADK011, ADK028, ADK052, ARD006, Kolfa001, Kolfa010, Kolfa018, Kolfe035, Kolfe042, SH010"},"geometry":{"type":"LineString","coordinates":[[38.69426,9.003774],[38.694255,9.003696]]}},{"type":"Feature","properties":{"mode":"bus","n":12,"arr":["ADK020","ADK021","ADK053","Bole015","Bole016","Bole018","Bole019","Bole020","KRK012","KRK017","KRK020","SH072"],"lines":"ADK020, ADK021, ADK053, Bole015, Bole016, Bole018, Bole019, Bole020, KRK012, KRK017, KRK020, SH072"},"geometry":{"type":"LineString","coordinates":[[38.766327,9.006971],[38.766379,9.006837],[38.766736,9.006406],[38.766947,9.006112],[38.767163,9.005756],[38.767867,9.004471],[38.767927,9.004291],[38.767908,9.004176],[38.767933,9.004096],[38.768012,9.004012],[38.768106,9.003988],[38.768136,9.003973],[38.768158,9.003947],[38.769149,9.002085],[38.769301,9.001938]]}},{"type":"Feature","properties":{"mode":"bus","n":6,"arr":["ADK042","ARD006","Bole018","Bole019","LID003","LID010"],"lines":"ADK042, ARD006, Bole018, Bole019, LID003, LID010"},"geometry":{"type":"LineString","coordinates":[[38.751624,9.026845],[38.751755,9.026859]]}},{"type":"Feature","properties":{"mode":"bus","n":5,"arr":["Kolfa037","KRK002","KRK004","LID009","YK016"],"lines":"Kolfa037, KRK002, KRK004, LID009, YK016"},"geometry":{"type":"LineString","coordinates":[[38.787555,9.016041],[38.787455,9.016091],[38.787346,9.016085],[38.78723,9.016033],[38.787152,9.015954],[38.786788,9.015842],[38.785126,9.015442],[38.784918,9.01534]]}},{"type":"Feature","properties":{"mode":"bus","n":13,"arr":["A01","A24","AB029","AB078","AB130","Kolfa036","Kolfa037","KRK002","KRK012","LID004","LID009","SH081","YK016"],"lines":"A01, A24, AB029, AB078, AB130, Kolfa036, Kolfa037, KRK002, KRK012, LID004, LID009, SH081, YK016"},"geometry":{"type":"LineString","coordinates":[[38.74676,9.010459],[38.747667,9.010549],[38.747972,9.010602],[38.748214,9.01069]]}},{"type":"Feature","properties":{"mode":"bus","n":16,"arr":["A01","A24","AB029","AB068","AB078","AB130","Kolfa036","Kolfa037","KRK002","KRK012","KRK013","KRK020","LID004","LID009","SH081","YK016"],"lines":"A01, A24, AB029, AB068, AB078, AB130, Kolfa036, Kolfa037, KRK002, KRK012, KRK013, KRK020, LID004, LID009, SH081, YK016"},"geometry":{"type":"LineString","coordinates":[[38.748214,9.01069],[38.748448,9.0108],[38.749161,9.011199],[38.749301,9.011261],[38.749752,9.011373]]}},{"type":"Feature","properties":{"mode":"bus","n":17,"arr":["A01","A24","AB029","AB068","AB078","AB130","Kolfa036","Kolfa037","KRK002","KRK012","KRK013","KRK020","LID004","LID009","SH072","SH081","YK016"],"lines":"A01, A24, AB029, AB068, AB078, AB130, Kolfa036, Kolfa037, KRK002, KRK012, KRK013, KRK020, LID004, LID009, SH072, SH081, YK016"},"geometry":{"type":"LineString","coordinates":[[38.749752,9.011373],[38.749814,9.011385]]}},{"type":"Feature","properties":{"mode":"bus","n":23,"arr":["A01","A24","AB029","AB068","AB078","AB127","AB130","ADK015","Kal012","Kal032","Kal035","Kolfa036","Kolfa037","KRK002","KRK012","KRK013","KRK020","LID004","LID009","SH072","SH073","SH081","YK016"],"lines":"A01, A24, AB029, AB068, AB078, AB127, AB130, ADK015, Kal012, Kal032, Kal035, Kolfa036, Kolfa037, KRK002, KRK012, KRK013, KRK020, LID004, LID009, SH072, SH073, SH081, YK016"},"geometry":{"type":"LineString","coordinates":[[38.749814,9.011385],[38.752798,9.011691]]}},{"type":"Feature","properties":{"mode":"bus","n":18,"arr":["A01","A24","AB029","AB078","AB127","AB130","Kolfa036","Kolfa037","KRK002","KRK012","KRK013","KRK020","LID004","LID009","SH072","SH073","SH081","YK016"],"lines":"A01, A24, AB029, AB078, AB127, AB130, Kolfa036, Kolfa037, KRK002, KRK012, KRK013, KRK020, LID004, LID009, SH072, SH073, SH081, YK016"},"geometry":{"type":"LineString","coordinates":[[38.752798,9.011691],[38.753003,9.011702]]}},{"type":"Feature","properties":{"mode":"bus","n":20,"arr":["A01","A24","AB029","AB078","AB127","AB130","ARD004","Kolfa036","Kolfa037","KRK002","KRK006","KRK012","KRK013","KRK020","LID004","LID009","SH072","SH073","SH081","YK016"],"lines":"A01, A24, AB029, AB078, AB127, AB130, ARD004, Kolfa036, Kolfa037, KRK002, KRK006, KRK012, KRK013, KRK020, LID004, LID009, SH072, SH073, SH081, YK016"},"geometry":{"type":"LineString","coordinates":[[38.753003,9.011702],[38.753384,9.011747]]}},{"type":"Feature","properties":{"mode":"bus","n":25,"arr":["A01","A24","AB025","AB029","AB031","AB055","AB060","AB068","AB078","AB127","AB130","ARD004","Kolfa036","Kolfa037","KRK002","KRK006","KRK012","KRK013","KRK020","LID004","LID009","SH072","SH073","SH081","YK016"],"lines":"A01, A24, AB025, AB029, AB031, AB055, AB060, AB068, AB078, AB127, AB130, ARD004, Kolfa036, Kolfa037, KRK002, KRK006, KRK012, KRK013, KRK020, LID004, LID009, SH072, SH073, SH081, YK016"},"geometry":{"type":"LineString","coordinates":[[38.753384,9.011747],[38.754428,9.011853]]}},{"type":"Feature","properties":{"mode":"bus","n":27,"arr":["A01","A24","AB025","AB029","AB031","AB055","AB060","AB068","AB078","AB127","AB130","ARD004","Kal017","Kolfa036","Kolfa037","KRK002","KRK006","KRK008","KRK012","KRK013","KRK020","LID004","LID009","SH072","SH073","SH081","YK016"],"lines":"A01, A24, AB025, AB029, AB031, AB055, AB060, AB068, AB078, AB127, AB130, ARD004, Kal017, Kolfa036, Kolfa037, KRK002, KRK006, KRK008, KRK012, KRK013, KRK020, LID004, LID009, SH072, SH073, SH081, YK016"},"geometry":{"type":"LineString","coordinates":[[38.754428,9.011853],[38.755338,9.01196],[38.755942,9.011971]]}},{"type":"Feature","properties":{"mode":"bus","n":27,"arr":["A01","A24","AB025","AB029","AB031","AB055","AB060","AB068","AB078","AB127","AB130","ARD004","Kal017","Kolfa037","KRK002","KRK008","KRK011","KRK012","KRK013","KRK014","KRK017","KRK020","LID009","SH072","SH073","SH081","YK016"],"lines":"A01, A24, AB025, AB029, AB031, AB055, AB060, AB068, AB078, AB127, AB130, ARD004, Kal017, Kolfa037, KRK002, KRK008, KRK011, KRK012, KRK013, KRK014, KRK017, KRK020, LID009, SH072, SH073, SH081, YK016"},"geometry":{"type":"LineString","coordinates":[[38.755942,9.011971],[38.757236,9.011837],[38.758096,9.011701],[38.758966,9.01153]]}},{"type":"Feature","properties":{"mode":"bus","n":22,"arr":["A01","A24","AB029","AB031","AB055","AB060","AB068","AB078","AB127","AB130","ARD004","Kolfa037","KRK002","KRK012","KRK013","KRK017","KRK020","LID009","SH072","SH073","SH081","YK016"],"lines":"A01, A24, AB029, AB031, AB055, AB060, AB068, AB078, AB127, AB130, ARD004, Kolfa037, KRK002, KRK012, KRK013, KRK017, KRK020, LID009, SH072, SH073, SH081, YK016"},"geometry":{"type":"LineString","coordinates":[[38.758966,9.01153],[38.759194,9.011472]]}},{"type":"Feature","properties":{"mode":"bus","n":35,"arr":["A01","A24","AB014","AB029","AB031","AB048","AB052","AB055","AB060","AB068","AB078","AB127","AB130","ADK020","ADK021","ADK053","ARD016","Bole015","Bole016","Bole020","Bole023","Kolfa037","KRK002","KRK012","KRK013","KRK017","KRK020","LID009","SH067","SH072","SH073","SH079","SH081","SH099","YK016"],"lines":"A01, A24, AB014, AB029, AB031, AB048, AB052, AB055, AB060, AB068, AB078, AB127, AB130, ADK020, ADK021, ADK053, ARD016, Bole015, Bole016, Bole020, Bole023, Kolfa037, KRK002, KRK012, KRK013, KRK017, KRK020, LID009, SH067, SH072, SH073, SH079, SH081, SH099, YK016"},"geometry":{"type":"LineString","coordinates":[[38.759194,9.011472],[38.760132,9.011234]]}},{"type":"Feature","properties":{"mode":"bus","n":38,"arr":["A01","A24","AB014","AB029","AB031","AB048","AB052","AB055","AB056","AB060","AB068","AB078","AB110","AB127","AB130","ADK020","ADK021","ADK053","ARD016","Bole015","Bole016","Bole020","Bole023","Kolfa037","KRK002","KRK012","KRK013","KRK017","KRK020","LID009","SH028","SH067","SH072","SH073","SH079","SH081","SH099","YK016"],"lines":"A01, A24, AB014, AB029, AB031, AB048, AB052, AB055, AB056, AB060, AB068, AB078, AB110, AB127, AB130, ADK020, ADK021, ADK053, ARD016, Bole015, Bole016, Bole020, Bole023, Kolfa037, KRK002, KRK012, KRK013, KRK017, KRK020, LID009, SH028, SH067, SH072, SH073, SH079, SH081, SH099, YK016"},"geometry":{"type":"LineString","coordinates":[[38.760132,9.011234],[38.762695,9.010839]]}},{"type":"Feature","properties":{"mode":"bus","n":23,"arr":["A01","A24","AB029","AB031","AB055","AB056","AB060","AB068","AB078","AB110","AB127","AB130","ARD016","Bole023","Kolfa037","KRK002","KRK013","LID009","SH028","SH067","SH073","SH081","YK016"],"lines":"A01, A24, AB029, AB031, AB055, AB056, AB060, AB068, AB078, AB110, AB127, AB130, ARD016, Bole023, Kolfa037, KRK002, KRK013, LID009, SH028, SH067, SH073, SH081, YK016"},"geometry":{"type":"LineString","coordinates":[[38.762695,9.010839],[38.76291,9.010825]]}},{"type":"Feature","properties":{"mode":"bus","n":30,"arr":["A01","AB014","AB031","AB048","AB052","AB055","AB056","AB068","AB110","ADK020","ADK021","ADK053","ARD011","Bole015","Bole016","Bole018","Bole019","Bole020","KRK012","KRK013","KRK017","KRK020","SH015","SH027","SH028","SH072","SH073","SH079","SH099","TX005"],"lines":"A01, AB014, AB031, AB048, AB052, AB055, AB056, AB068, AB110, ADK020, ADK021, ADK053, ARD011, Bole015, Bole016, Bole018, Bole019, Bole020, KRK012, KRK013, KRK017, KRK020, SH015, SH027, SH028, SH072, SH073, SH079, SH099, TX005"},"geometry":{"type":"LineString","coordinates":[[38.76291,9.010825],[38.762763,9.01102]]}},{"type":"Feature","properties":{"mode":"bus","n":13,"arr":["A01","AB031","AB055","AB056","AB068","AB110","ARD011","KRK013","SH015","SH027","SH028","SH073","TX005"],"lines":"A01, AB031, AB055, AB056, AB068, AB110, ARD011, KRK013, SH015, SH027, SH028, SH073, TX005"},"geometry":{"type":"LineString","coordinates":[[38.762763,9.01102],[38.762721,9.011106],[38.762711,9.011387],[38.762972,9.013764],[38.763045,9.013992],[38.763299,9.014317],[38.763373,9.01445],[38.76348,9.014762],[38.7637,9.016835],[38.763703,9.017202],[38.763657,9.017674],[38.763807,9.019165]]}},{"type":"Feature","properties":{"mode":"bus","n":13,"arr":["A01","AB031","AB055","AB056","AB068","AB110","ARD011","KRK013","SH015","SH027","SH028","SH073","TX005"],"lines":"A01, AB031, AB055, AB056, AB068, AB110, ARD011, KRK013, SH015, SH027, SH028, SH073, TX005"},"geometry":{"type":"LineString","coordinates":[[38.76389,9.019918],[38.76409,9.02153],[38.764198,9.021833],[38.764362,9.022025],[38.764512,9.022162],[38.764706,9.022234],[38.765092,9.022331],[38.765581,9.022415],[38.766218,9.022574],[38.766232,9.02258],[38.76624,9.022589],[38.766241,9.0226],[38.766235,9.022614],[38.765935,9.023136],[38.765957,9.023281],[38.765959,9.023613],[38.765966,9.023645],[38.765988,9.023671],[38.7661,9.023755],[38.766222,9.0238],[38.766241,9.023811],[38.766251,9.023828],[38.766254,9.023849],[38.766249,9.023949],[38.766333,9.024064],[38.766501,9.024165],[38.766526,9.024188],[38.766541,9.024219],[38.766619,9.02454],[38.766806,9.024774],[38.767368,9.025259]]}},{"type":"Feature","properties":{"mode":"bus","n":16,"arr":["A01","AB009","AB031","AB055","AB056","AB068","AB110","ARD011","Gl007","Gl009","KRK013","SH015","SH027","SH028","SH073","TX005"],"lines":"A01, AB009, AB031, AB055, AB056, AB068, AB110, ARD011, Gl007, Gl009, KRK013, SH015, SH027, SH028, SH073, TX005"},"geometry":{"type":"LineString","coordinates":[[38.763807,9.019165],[38.76389,9.019918]]}},{"type":"Feature","properties":{"mode":"bus","n":16,"arr":["A01","AB009","AB031","AB055","AB056","AB068","AB110","ARD011","Gl007","Gl009","KRK013","SH015","SH027","SH028","SH073","TX005"],"lines":"A01, AB009, AB031, AB055, AB056, AB068, AB110, ARD011, Gl007, Gl009, KRK013, SH015, SH027, SH028, SH073, TX005"},"geometry":{"type":"LineString","coordinates":[[38.767368,9.025259],[38.766707,9.026228],[38.766424,9.026687],[38.766339,9.026868]]}},{"type":"Feature","properties":{"mode":"bus","n":16,"arr":["A01","AB009","AB031","AB055","AB056","AB068","AB110","ARD011","Gl007","Gl009","KRK013","SH015","SH027","SH028","SH073","TX005"],"lines":"A01, AB009, AB031, AB055, AB056, AB068, AB110, ARD011, Gl007, Gl009, KRK013, SH015, SH027, SH028, SH073, TX005"},"geometry":{"type":"LineString","coordinates":[[38.764661,9.029002],[38.76477,9.028987],[38.764791,9.028988],[38.764805,9.028998],[38.764812,9.029018],[38.764889,9.029475]]}},{"type":"Feature","properties":{"mode":"bus","n":16,"arr":["A01","AB009","AB031","AB055","AB056","AB068","AB110","ARD011","Gl007","Gl009","KRK013","SH015","SH027","SH028","SH073","TX005"],"lines":"A01, AB009, AB031, AB055, AB056, AB068, AB110, ARD011, Gl007, Gl009, KRK013, SH015, SH027, SH028, SH073, TX005"},"geometry":{"type":"LineString","coordinates":[[38.763971,9.029635],[38.763792,9.029834],[38.763714,9.030098],[38.763481,9.032516]]}},{"type":"Feature","properties":{"mode":"bus","n":18,"arr":["A01","AB009","AB031","AB055","AB056","AB068","AB110","ADK042","ARD011","Gl007","Gl009","KRK013","LID010","SH015","SH027","SH028","SH073","TX005"],"lines":"A01, AB009, AB031, AB055, AB056, AB068, AB110, ADK042, ARD011, Gl007, Gl009, KRK013, LID010, SH015, SH027, SH028, SH073, TX005"},"geometry":{"type":"LineString","coordinates":[[38.766339,9.026868],[38.766254,9.02681],[38.766235,9.026801],[38.766217,9.026804],[38.766202,9.026817],[38.765914,9.027186],[38.765844,9.02736],[38.765796,9.027579],[38.765787,9.027599],[38.765773,9.027613],[38.765752,9.02762],[38.764634,9.027794],[38.764348,9.027856],[38.764237,9.027912],[38.764207,9.027973],[38.764207,9.028154],[38.764255,9.028453],[38.764324,9.028583],[38.764411,9.028986],[38.76442,9.029005],[38.764434,9.029016],[38.764455,9.029018],[38.764661,9.029002]]}},{"type":"Feature","properties":{"mode":"bus","n":18,"arr":["A01","AB009","AB031","AB055","AB056","AB068","AB110","ADK042","ARD011","Gl007","Gl009","KRK013","LID010","SH015","SH027","SH028","SH073","TX005"],"lines":"A01, AB009, AB031, AB055, AB056, AB068, AB110, ADK042, ARD011, Gl007, Gl009, KRK013, LID010, SH015, SH027, SH028, SH073, TX005"},"geometry":{"type":"LineString","coordinates":[[38.764889,9.029475],[38.763971,9.029635]]}},{"type":"Feature","properties":{"mode":"bus","n":19,"arr":["A01","AB009","AB031","AB055","AB056","AB068","AB079","AB110","ARD001","ARD011","Gl007","Gl009","KRK013","SH015","SH027","SH028","SH073","TX005","TX008"],"lines":"A01, AB009, AB031, AB055, AB056, AB068, AB079, AB110, ARD001, ARD011, Gl007, Gl009, KRK013, SH015, SH027, SH028, SH073, TX005, TX008"},"geometry":{"type":"LineString","coordinates":[[38.763481,9.032516],[38.763464,9.032646]]}},{"type":"Feature","properties":{"mode":"bus","n":20,"arr":["A01","AB013","AB031","AB055","AB056","AB064","AB068","AB079","AB110","ARD011","Gl007","Gl009","KRK013","SH015","SH027","SH028","SH073","SH095","TX005","TX008"],"lines":"A01, AB013, AB031, AB055, AB056, AB064, AB068, AB079, AB110, ARD011, Gl007, Gl009, KRK013, SH015, SH027, SH028, SH073, SH095, TX005, TX008"},"geometry":{"type":"LineString","coordinates":[[38.763232,9.034316],[38.763384,9.033151]]}},{"type":"Feature","properties":{"mode":"bus","n":21,"arr":["A01","AB013","AB031","AB041","AB055","AB056","AB064","AB068","AB079","AB110","ARD011","Gl007","Gl009","KRK013","SH015","SH027","SH028","SH073","SH095","TX005","TX008"],"lines":"A01, AB013, AB031, AB041, AB055, AB056, AB064, AB068, AB079, AB110, ARD011, Gl007, Gl009, KRK013, SH015, SH027, SH028, SH073, SH095, TX005, TX008"},"geometry":{"type":"LineString","coordinates":[[38.76322,9.034399],[38.763232,9.034316]]}},{"type":"Feature","properties":{"mode":"bus","n":22,"arr":["A01","A08","AB013","AB031","AB041","AB055","AB056","AB064","AB068","AB110","AB122","ARD011","Gl007","Gl009","KRK013","SH027","SH028","SH073","SH087","SH095","TX005","TX008"],"lines":"A01, A08, AB013, AB031, AB041, AB055, AB056, AB064, AB068, AB110, AB122, ARD011, Gl007, Gl009, KRK013, SH027, SH028, SH073, SH087, SH095, TX005, TX008"},"geometry":{"type":"LineString","coordinates":[[38.763098,9.035297],[38.76322,9.034399]]}},{"type":"Feature","properties":{"mode":"bus","n":21,"arr":["A01","A08","AB013","AB031","AB041","AB055","AB056","AB064","AB068","AB110","AB122","Gl007","Gl009","KRK013","SH027","SH028","SH073","SH087","SH095","TX008","YK007"],"lines":"A01, A08, AB013, AB031, AB041, AB055, AB056, AB064, AB068, AB110, AB122, Gl007, Gl009, KRK013, SH027, SH028, SH073, SH087, SH095, TX008, YK007"},"geometry":{"type":"LineString","coordinates":[[38.763098,9.035297],[38.762738,9.037714]]}},{"type":"Feature","properties":{"mode":"bus","n":22,"arr":["A01","A08","AB013","AB017","AB031","AB041","AB055","AB056","AB064","AB068","AB110","AB122","Gl007","Gl009","KRK013","SH027","SH028","SH073","SH087","SH095","TX008","YK007"],"lines":"A01, A08, AB013, AB017, AB031, AB041, AB055, AB056, AB064, AB068, AB110, AB122, Gl007, Gl009, KRK013, SH027, SH028, SH073, SH087, SH095, TX008, YK007"},"geometry":{"type":"LineString","coordinates":[[38.762738,9.037714],[38.762511,9.038717]]}},{"type":"Feature","properties":{"mode":"bus","n":21,"arr":["A01","A08","AB013","AB017","AB031","AB041","AB055","AB056","AB064","AB110","AB122","Gl007","Gl009","KRK013","SH027","SH028","SH073","SH087","SH095","TX008","YK007"],"lines":"A01, A08, AB013, AB017, AB031, AB041, AB055, AB056, AB064, AB110, AB122, Gl007, Gl009, KRK013, SH027, SH028, SH073, SH087, SH095, TX008, YK007"},"geometry":{"type":"LineString","coordinates":[[38.762511,9.038717],[38.762008,9.041038]]}},{"type":"Feature","properties":{"mode":"bus","n":17,"arr":["A01","AB013","AB017","AB031","AB041","AB056","AB064","AB110","AB122","Gl007","Gl009","KRK013","SH027","SH028","SH095","TX008","YK007"],"lines":"A01, AB013, AB017, AB031, AB041, AB056, AB064, AB110, AB122, Gl007, Gl009, KRK013, SH027, SH028, SH095, TX008, YK007"},"geometry":{"type":"LineString","coordinates":[[38.762008,9.041038],[38.76139,9.043368],[38.761383,9.043645]]}},{"type":"Feature","properties":{"mode":"bus","n":19,"arr":["A01","AB017","AB031","AB041","AB056","AB080","AB110","AB122","ADK013","B37","Gl007","Gl009","Gl010","KRK013","SH027","SH028","SH035","TX008","YK006"],"lines":"A01, AB017, AB031, AB041, AB056, AB080, AB110, AB122, ADK013, B37, Gl007, Gl009, Gl010, KRK013, SH027, SH028, SH035, TX008, YK006"},"geometry":{"type":"LineString","coordinates":[[38.761307,9.044092],[38.761317,9.044377],[38.761551,9.046175]]}},{"type":"Feature","properties":{"mode":"bus","n":18,"arr":["A01","AB017","AB031","AB041","AB056","AB080","AB110","AB122","ADK013","B37","Gl009","Gl010","KRK013","SH027","SH028","SH035","TX008","YK006"],"lines":"A01, AB017, AB031, AB041, AB056, AB080, AB110, AB122, ADK013, B37, Gl009, Gl010, KRK013, SH027, SH028, SH035, TX008, YK006"},"geometry":{"type":"LineString","coordinates":[[38.761551,9.046175],[38.761555,9.046204]]}},{"type":"Feature","properties":{"mode":"bus","n":17,"arr":["A01","AB017","AB031","AB041","AB056","AB080","AB110","AB122","ADK013","B37","Gl009","Gl010","KRK013","SH027","SH028","SH035","YK006"],"lines":"A01, AB017, AB031, AB041, AB056, AB080, AB110, AB122, ADK013, B37, Gl009, Gl010, KRK013, SH027, SH028, SH035, YK006"},"geometry":{"type":"LineString","coordinates":[[38.761555,9.046204],[38.761709,9.04765]]}},{"type":"Feature","properties":{"mode":"bus","n":16,"arr":["A01","AB017","AB031","AB041","AB056","AB080","AB122","ADK013","B37","Gl009","Gl010","KRK013","SH027","SH028","SH035","YK006"],"lines":"A01, AB017, AB031, AB041, AB056, AB080, AB122, ADK013, B37, Gl009, Gl010, KRK013, SH027, SH028, SH035, YK006"},"geometry":{"type":"LineString","coordinates":[[38.761709,9.04765],[38.762145,9.050876],[38.762471,9.053597]]}},{"type":"Feature","properties":{"mode":"bus","n":15,"arr":["A01","AB017","AB031","AB056","AB080","AB122","ADK013","B37","Gl009","Gl010","KRK013","SH027","SH028","SH035","YK006"],"lines":"A01, AB017, AB031, AB056, AB080, AB122, ADK013, B37, Gl009, Gl010, KRK013, SH027, SH028, SH035, YK006"},"geometry":{"type":"LineString","coordinates":[[38.762471,9.053597],[38.76263,9.054673],[38.762804,9.056079],[38.762819,9.056355],[38.76279,9.056911],[38.762195,9.059821],[38.761925,9.060666],[38.761782,9.061018]]}},{"type":"Feature","properties":{"mode":"bus","n":10,"arr":["A01","AB017","AB031","AB056","AB080","AB122","B37","SH027","SH028","SH035"],"lines":"A01, AB017, AB031, AB056, AB080, AB122, B37, SH027, SH028, SH035"},"geometry":{"type":"LineString","coordinates":[[38.761782,9.061018],[38.761603,9.061429],[38.761541,9.061542],[38.761451,9.061646]]}},{"type":"Feature","properties":{"mode":"bus","n":11,"arr":["A01","AB016","AB017","AB031","AB056","AB080","AB122","B37","SH027","SH028","SH035"],"lines":"A01, AB016, AB017, AB031, AB056, AB080, AB122, B37, SH027, SH028, SH035"},"geometry":{"type":"LineString","coordinates":[[38.761451,9.061646],[38.761379,9.061824]]}},{"type":"Feature","properties":{"mode":"bus","n":10,"arr":["A01","AB016","AB017","AB056","AB080","AB122","B37","SH027","SH028","SH035"],"lines":"A01, AB016, AB017, AB056, AB080, AB122, B37, SH027, SH028, SH035"},"geometry":{"type":"LineString","coordinates":[[38.761379,9.061824],[38.761329,9.061978]]}},{"type":"Feature","properties":{"mode":"bus","n":9,"arr":["A01","AB016","AB017","AB056","AB080","AB122","SH027","SH028","SH035"],"lines":"A01, AB016, AB017, AB056, AB080, AB122, SH027, SH028, SH035"},"geometry":{"type":"LineString","coordinates":[[38.761329,9.061978],[38.761288,9.062283]]}},{"type":"Feature","properties":{"mode":"bus","n":7,"arr":["A01","AB016","AB017","AB080","AB122","SH027","SH028"],"lines":"A01, AB016, AB017, AB080, AB122, SH027, SH028"},"geometry":{"type":"LineString","coordinates":[[38.761288,9.062283],[38.761254,9.062639]]}},{"type":"Feature","properties":{"mode":"bus","n":10,"arr":["A01","AB016","AB017","AB031","AB056","AB080","AB122","SH027","SH028","SH035"],"lines":"A01, AB016, AB017, AB031, AB056, AB080, AB122, SH027, SH028, SH035"},"geometry":{"type":"LineString","coordinates":[[38.761451,9.061646],[38.761498,9.061407]]}},{"type":"Feature","properties":{"mode":"bus","n":9,"arr":["A01","AB017","AB031","AB056","AB080","AB122","SH027","SH028","SH035"],"lines":"A01, AB017, AB031, AB056, AB080, AB122, SH027, SH028, SH035"},"geometry":{"type":"LineString","coordinates":[[38.761498,9.061407],[38.761683,9.060949]]}},{"type":"Feature","properties":{"mode":"bus","n":14,"arr":["A01","AB017","AB031","AB056","AB080","AB122","ADK013","Gl009","Gl010","KRK013","SH027","SH028","SH035","YK006"],"lines":"A01, AB017, AB031, AB056, AB080, AB122, ADK013, Gl009, Gl010, KRK013, SH027, SH028, SH035, YK006"},"geometry":{"type":"LineString","coordinates":[[38.761683,9.060949],[38.761846,9.060554],[38.762103,9.059798],[38.762701,9.056963],[38.762731,9.056253],[38.762046,9.050866],[38.761949,9.049976],[38.761643,9.047854],[38.761437,9.046205]]}},{"type":"Feature","properties":{"mode":"bus","n":17,"arr":["A01","AB017","AB031","AB056","AB080","AB110","AB122","ADK013","Gl007","Gl009","Gl010","KRK013","SH027","SH028","SH035","TX008","YK006"],"lines":"A01, AB017, AB031, AB056, AB080, AB110, AB122, ADK013, Gl007, Gl009, Gl010, KRK013, SH027, SH028, SH035, TX008, YK006"},"geometry":{"type":"LineString","coordinates":[[38.761437,9.046205],[38.761354,9.045375]]}},{"type":"Feature","properties":{"mode":"bus","n":18,"arr":["A01","AB017","AB031","AB056","AB080","AB110","AB122","ADK013","Gl005","Gl007","Gl009","Gl010","KRK013","SH027","SH028","SH035","TX008","YK006"],"lines":"A01, AB017, AB031, AB056, AB080, AB110, AB122, ADK013, Gl005, Gl007, Gl009, Gl010, KRK013, SH027, SH028, SH035, TX008, YK006"},"geometry":{"type":"LineString","coordinates":[[38.761354,9.045375],[38.761276,9.044773]]}},{"type":"Feature","properties":{"mode":"bus","n":19,"arr":["A01","AB017","AB031","AB053","AB056","AB080","AB110","AB122","ADK013","Gl005","Gl007","Gl009","Gl010","KRK013","SH027","SH028","SH035","TX008","YK006"],"lines":"A01, AB017, AB031, AB053, AB056, AB080, AB110, AB122, ADK013, Gl005, Gl007, Gl009, Gl010, KRK013, SH027, SH028, SH035, TX008, YK006"},"geometry":{"type":"LineString","coordinates":[[38.761276,9.044773],[38.761213,9.044287],[38.761153,9.044103]]}},{"type":"Feature","properties":{"mode":"bus","n":23,"arr":["A01","A08","AB013","AB017","AB031","AB041","AB053","AB055","AB056","AB064","AB068","AB110","AB122","Gl007","Gl009","KRK013","SH027","SH028","SH073","SH087","SH095","TX008","YK007"],"lines":"A01, A08, AB013, AB017, AB031, AB041, AB053, AB055, AB056, AB064, AB068, AB110, AB122, Gl007, Gl009, KRK013, SH027, SH028, SH073, SH087, SH095, TX008, YK007"},"geometry":{"type":"LineString","coordinates":[[38.761141,9.043594],[38.761296,9.043326],[38.761786,9.041528],[38.762194,9.039843],[38.762639,9.037786]]}},{"type":"Feature","properties":{"mode":"bus","n":22,"arr":["A01","A08","AB013","AB031","AB041","AB053","AB055","AB056","AB064","AB068","AB110","AB122","Gl007","Gl009","KRK013","SH027","SH028","SH073","SH087","SH095","TX008","YK007"],"lines":"A01, A08, AB013, AB031, AB041, AB053, AB055, AB056, AB064, AB068, AB110, AB122, Gl007, Gl009, KRK013, SH027, SH028, SH073, SH087, SH095, TX008, YK007"},"geometry":{"type":"LineString","coordinates":[[38.762871,9.036144],[38.762639,9.037786]]}},{"type":"Feature","properties":{"mode":"bus","n":22,"arr":["A01","A08","AB013","AB031","AB041","AB053","AB055","AB056","AB064","AB068","AB110","AB122","ARD011","Gl007","Gl009","KRK013","SH027","SH028","SH073","SH087","SH095","TX008"],"lines":"A01, A08, AB013, AB031, AB041, AB053, AB055, AB056, AB064, AB068, AB110, AB122, ARD011, Gl007, Gl009, KRK013, SH027, SH028, SH073, SH087, SH095, TX008"},"geometry":{"type":"LineString","coordinates":[[38.763108,9.034403],[38.762871,9.036144]]}},{"type":"Feature","properties":{"mode":"bus","n":21,"arr":["A01","AB013","AB031","AB041","AB053","AB055","AB056","AB064","AB068","AB079","AB110","ARD011","Gl007","Gl009","KRK013","SH015","SH027","SH028","SH073","SH095","TX008"],"lines":"A01, AB013, AB031, AB041, AB053, AB055, AB056, AB064, AB068, AB079, AB110, ARD011, Gl007, Gl009, KRK013, SH015, SH027, SH028, SH073, SH095, TX008"},"geometry":{"type":"LineString","coordinates":[[38.763302,9.033137],[38.763108,9.034403]]}},{"type":"Feature","properties":{"mode":"bus","n":18,"arr":["A01","AB013","AB031","AB053","AB055","AB056","AB068","AB081","AB110","ARD009","ARD011","Gl007","Gl009","KRK013","SH015","SH027","SH028","SH073"],"lines":"A01, AB013, AB031, AB053, AB055, AB056, AB068, AB081, AB110, ARD009, ARD011, Gl007, Gl009, KRK013, SH015, SH027, SH028, SH073"},"geometry":{"type":"LineString","coordinates":[[38.76332,9.032643],[38.763332,9.032508]]}},{"type":"Feature","properties":{"mode":"bus","n":16,"arr":["A01","AB031","AB053","AB055","AB056","AB068","AB110","ARD009","ARD011","Gl007","Gl009","KRK013","SH015","SH027","SH028","SH073"],"lines":"A01, AB031, AB053, AB055, AB056, AB068, AB110, ARD009, ARD011, Gl007, Gl009, KRK013, SH015, SH027, SH028, SH073"},"geometry":{"type":"LineString","coordinates":[[38.763332,9.032508],[38.76348,9.030829],[38.763538,9.030417],[38.763552,9.03006],[38.76352,9.029733],[38.763392,9.02913]]}},{"type":"Feature","properties":{"mode":"bus","n":18,"arr":["A01","AB031","AB053","AB055","AB056","AB068","AB110","ADK042","ARD009","ARD011","Gl007","Gl009","KRK013","LID010","SH015","SH027","SH028","SH073"],"lines":"A01, AB031, AB053, AB055, AB056, AB068, AB110, ADK042, ARD009, ARD011, Gl007, Gl009, KRK013, LID010, SH015, SH027, SH028, SH073"},"geometry":{"type":"LineString","coordinates":[[38.763392,9.02913],[38.763174,9.027988],[38.763056,9.027552],[38.762958,9.02734],[38.762521,9.026775]]}},{"type":"Feature","properties":{"mode":"bus","n":17,"arr":["A01","AB009","AB031","AB053","AB055","AB056","AB068","AB110","ARD009","ARD011","Gl007","Gl009","KRK013","SH015","SH027","SH028","SH073"],"lines":"A01, AB009, AB031, AB053, AB055, AB056, AB068, AB110, ARD009, ARD011, Gl007, Gl009, KRK013, SH015, SH027, SH028, SH073"},"geometry":{"type":"LineString","coordinates":[[38.762521,9.026775],[38.762411,9.026616]]}},{"type":"Feature","properties":{"mode":"bus","n":19,"arr":["A01","AB009","AB031","AB053","AB055","AB056","AB068","AB110","ARD009","ARD011","Bole018","Bole019","Gl007","Gl009","KRK013","SH015","SH027","SH028","SH073"],"lines":"A01, AB009, AB031, AB053, AB055, AB056, AB068, AB110, ARD009, ARD011, Bole018, Bole019, Gl007, Gl009, KRK013, SH015, SH027, SH028, SH073"},"geometry":{"type":"LineString","coordinates":[[38.762411,9.026616],[38.761663,9.025634],[38.761469,9.025292],[38.761401,9.025127],[38.761301,9.024712],[38.761291,9.02425],[38.761371,9.023848],[38.761514,9.023526]]}},{"type":"Feature","properties":{"mode":"bus","n":20,"arr":["A01","AB014","AB048","AB052","ADK020","ADK021","ADK053","ARD002","ARD004","ARD008","ARD016","Bole015","Bole016","Bole018","Bole019","Bole020","Bole023","SH016","SH079","SH099"],"lines":"A01, AB014, AB048, AB052, ADK020, ADK021, ADK053, ARD002, ARD004, ARD008, ARD016, Bole015, Bole016, Bole018, Bole019, Bole020, Bole023, SH016, SH079, SH099"},"geometry":{"type":"LineString","coordinates":[[38.752701,9.019233],[38.752801,9.019162],[38.753654,9.018227]]}},{"type":"Feature","properties":{"mode":"bus","n":12,"arr":["A01","AB052","ADK020","ADK021","ADK053","ARD002","ARD004","ARD008","Bole015","Bole016","Bole020","Bole023"],"lines":"A01, AB052, ADK020, ADK021, ADK053, ARD002, ARD004, ARD008, Bole015, Bole016, Bole020, Bole023"},"geometry":{"type":"LineString","coordinates":[[38.752403,9.019277],[38.752701,9.019233]]}},{"type":"Feature","properties":{"mode":"bus","n":10,"arr":["A01","AB052","ADK020","ADK021","ADK053","Bole015","Bole016","Bole020","Bole023","KRK006"],"lines":"A01, AB052, ADK020, ADK021, ADK053, Bole015, Bole016, Bole020, Bole023, KRK006"},"geometry":{"type":"LineString","coordinates":[[38.752403,9.019277],[38.752304,9.019263]]}},{"type":"Feature","properties":{"mode":"bus","n":29,"arr":["A01","A18","AB003","AB005","AB006","AB014","AB037","AB045","AB048","AB103","AB104","AB107","ARD002","ARD004","ARD008","ARD016","C15","C50","Gl011","Kolfa014","KRK016","Lafto014","Lafto017","Lafto025","SH016","SH079","SH099","SH100","SH105"],"lines":"A01, A18, AB003, AB005, AB006, AB014, AB037, AB045, AB048, AB103, AB104, AB107, ARD002, ARD004, ARD008, ARD016, C15, C50, Gl011, Kolfa014, KRK016, Lafto014, Lafto017, Lafto025, SH016, SH079, SH099, SH100, SH105"},"geometry":{"type":"LineString","coordinates":[[38.752304,9.019263],[38.752312,9.019161]]}},{"type":"Feature","properties":{"mode":"bus","n":24,"arr":["A01","A18","AB003","AB005","AB006","AB037","AB045","AB103","AB104","AB107","ADK020","ADK021","ARD004","C15","C50","Gl011","Kolfa014","KRK006","KRK016","Lafto014","Lafto017","Lafto025","SH100","SH105"],"lines":"A01, A18, AB003, AB005, AB006, AB037, AB045, AB103, AB104, AB107, ADK020, ADK021, ARD004, C15, C50, Gl011, Kolfa014, KRK006, KRK016, Lafto014, Lafto017, Lafto025, SH100, SH105"},"geometry":{"type":"LineString","coordinates":[[38.752312,9.019161],[38.752448,9.018038]]}},{"type":"Feature","properties":{"mode":"bus","n":15,"arr":["A01","A18","AB003","AB005","AB006","AB037","AB103","AB104","AB107","C15","C50","Gl011","Kolfa014","SH100","SH105"],"lines":"A01, A18, AB003, AB005, AB006, AB037, AB103, AB104, AB107, C15, C50, Gl011, Kolfa014, SH100, SH105"},"geometry":{"type":"LineString","coordinates":[[38.752169,9.017238],[38.75234,9.017629],[38.752448,9.018038]]}},{"type":"Feature","properties":{"mode":"bus","n":29,"arr":["A01","A18","AB003","AB005","AB006","AB029","AB036","AB037","AB058","AB062","AB067","AB070","AB071","AB073","AB090","AB103","AB104","AB105","AB107","AB128","C15","C50","Gl011","Kolfa014","KRK016","Lafto025","SH070","SH100","SH105"],"lines":"A01, A18, AB003, AB005, AB006, AB029, AB036, AB037, AB058, AB062, AB067, AB070, AB071, AB073, AB090, AB103, AB104, AB105, AB107, AB128, C15, C50, Gl011, Kolfa014, KRK016, Lafto025, SH070, SH100, SH105"},"geometry":{"type":"LineString","coordinates":[[38.750584,9.014679],[38.750687,9.014758],[38.75095,9.015062],[38.751488,9.015978],[38.752169,9.017238]]}},{"type":"Feature","properties":{"mode":"bus","n":28,"arr":["A01","A18","AB003","AB005","AB006","AB036","AB037","AB058","AB062","AB067","AB070","AB071","AB073","AB090","AB103","AB104","AB105","AB107","AB128","C15","C50","Gl011","Kolfa014","KRK016","Lafto025","SH070","SH100","SH105"],"lines":"A01, A18, AB003, AB005, AB006, AB036, AB037, AB058, AB062, AB067, AB070, AB071, AB073, AB090, AB103, AB104, AB105, AB107, AB128, C15, C50, Gl011, Kolfa014, KRK016, Lafto025, SH070, SH100, SH105"},"geometry":{"type":"LineString","coordinates":[[38.748428,9.013161],[38.75,9.014246],[38.750584,9.014679]]}},{"type":"Feature","properties":{"mode":"bus","n":5,"arr":["A01","ADK015","Kal012","Kal032","Kal035"],"lines":"A01, ADK015, Kal012, Kal032, Kal035"},"geometry":{"type":"LineString","coordinates":[[38.748495,9.013104],[38.748428,9.013161]]}},{"type":"Feature","properties":{"mode":"bus","n":6,"arr":["A01","AB127","ADK015","Kal012","Kal032","Kal035"],"lines":"A01, AB127, ADK015, Kal012, Kal032, Kal035"},"geometry":{"type":"LineString","coordinates":[[38.749712,9.011964],[38.748495,9.013104]]}},{"type":"Feature","properties":{"mode":"bus","n":21,"arr":["A01","A24","AB029","AB068","AB078","AB127","AB130","Kolfa036","Kolfa037","KRK002","KRK012","KRK013","KRK020","Lafto017","LID004","LID009","SH067","SH072","SH073","SH081","YK016"],"lines":"A01, A24, AB029, AB068, AB078, AB127, AB130, Kolfa036, Kolfa037, KRK002, KRK012, KRK013, KRK020, Lafto017, LID004, LID009, SH067, SH072, SH073, SH081, YK016"},"geometry":{"type":"LineString","coordinates":[[38.748854,9.011297],[38.749217,9.011463],[38.749515,9.011528]]}},{"type":"Feature","properties":{"mode":"bus","n":18,"arr":["A01","A24","AB029","AB068","AB078","AB130","Kolfa036","Kolfa037","KRK002","KRK012","KRK013","KRK020","Lafto017","LID004","LID009","SH067","SH081","YK016"],"lines":"A01, A24, AB029, AB068, AB078, AB130, Kolfa036, Kolfa037, KRK002, KRK012, KRK013, KRK020, Lafto017, LID004, LID009, SH067, SH081, YK016"},"geometry":{"type":"LineString","coordinates":[[38.748289,9.010935],[38.748854,9.011297]]}},{"type":"Feature","properties":{"mode":"bus","n":16,"arr":["A01","A24","AB029","AB068","AB078","AB130","Kolfa036","Kolfa037","KRK002","KRK012","Lafto017","LID004","LID009","SH067","SH081","YK016"],"lines":"A01, A24, AB029, AB068, AB078, AB130, Kolfa036, Kolfa037, KRK002, KRK012, Lafto017, LID004, LID009, SH067, SH081, YK016"},"geometry":{"type":"LineString","coordinates":[[38.747144,9.010722],[38.74785,9.010795],[38.748289,9.010935]]}},{"type":"Feature","properties":{"mode":"bus","n":17,"arr":["A02","A18","AB067","AB078","AB100","AB103","ADK016","ARD005","Kolfa007","Lafto014","Lafto016","Lafto019","Lafto034","SH069","SH075","SH085","SH105"],"lines":"A02, A18, AB067, AB078, AB100, AB103, ADK016, ARD005, Kolfa007, Lafto014, Lafto016, Lafto019, Lafto034, SH069, SH075, SH085, SH105"},"geometry":{"type":"LineString","coordinates":[[38.712427,8.960415],[38.715052,8.961171],[38.715849,8.961456],[38.716225,8.961629],[38.71699,8.962038],[38.717445,8.962353],[38.718038,8.962811],[38.718247,8.963001],[38.718777,8.963557],[38.719293,8.964201],[38.719908,8.96518],[38.721089,8.967361]]}},{"type":"Feature","properties":{"mode":"bus","n":17,"arr":["A02","A18","AB067","AB078","AB100","AB103","ADK016","ARD005","Kolfa007","Lafto014","Lafto016","Lafto019","Lafto034","SH069","SH075","SH085","SH105"],"lines":"A02, A18, AB067, AB078, AB100, AB103, ADK016, ARD005, Kolfa007, Lafto014, Lafto016, Lafto019, Lafto034, SH069, SH075, SH085, SH105"},"geometry":{"type":"LineString","coordinates":[[38.720906,8.967467],[38.719716,8.965301],[38.719134,8.964318],[38.718427,8.963476],[38.7177,8.962801],[38.716818,8.962172],[38.716181,8.96183],[38.715658,8.961605],[38.712383,8.960613]]}},{"type":"Feature","properties":{"mode":"bus","n":16,"arr":["A18","AB067","AB078","AB100","AB103","ADK016","ARD005","Kolfa007","Lafto014","Lafto016","Lafto019","Lafto034","SH069","SH075","SH085","SH105"],"lines":"A18, AB067, AB078, AB100, AB103, ADK016, ARD005, Kolfa007, Lafto014, Lafto016, Lafto019, Lafto034, SH069, SH075, SH085, SH105"},"geometry":{"type":"LineString","coordinates":[[38.721089,8.967361],[38.7215,8.968071],[38.721854,8.968762]]}},{"type":"Feature","properties":{"mode":"bus","n":12,"arr":["A18","AB067","AB086","AB103","B40","Kolfa006","Lafto002","Lafto003","Lafto020","Lafto021","Lafto031","SH105"],"lines":"A18, AB067, AB086, AB103, B40, Kolfa006, Lafto002, Lafto003, Lafto020, Lafto021, Lafto031, SH105"},"geometry":{"type":"LineString","coordinates":[[38.72263,8.968432],[38.722762,8.968294],[38.722968,8.968138],[38.72599,8.966234]]}},{"type":"Feature","properties":{"mode":"bus","n":13,"arr":["A02","A18","AB067","AB086","AB103","B40","Kolfa006","Lafto002","Lafto003","Lafto020","Lafto021","Lafto031","SH105"],"lines":"A02, A18, AB067, AB086, AB103, B40, Kolfa006, Lafto002, Lafto003, Lafto020, Lafto021, Lafto031, SH105"},"geometry":{"type":"LineString","coordinates":[[38.72599,8.966234],[38.727665,8.96521],[38.728174,8.964955]]}},{"type":"Feature","properties":{"mode":"bus","n":12,"arr":["A02","A18","AB067","AB103","B40","Kolfa006","Lafto002","Lafto003","Lafto020","Lafto021","Lafto031","SH105"],"lines":"A02, A18, AB067, AB103, B40, Kolfa006, Lafto002, Lafto003, Lafto020, Lafto021, Lafto031, SH105"},"geometry":{"type":"LineString","coordinates":[[38.73138,8.964601],[38.731337,8.964564],[38.73112,8.964512],[38.7307,8.96446],[38.730146,8.964482],[38.729658,8.964535],[38.729253,8.964606],[38.728864,8.964707],[38.728174,8.964955]]}},{"type":"Feature","properties":{"mode":"bus","n":16,"arr":["A02","A18","AB067","AB078","AB103","B40","Kal001","Kolfa006","Lafto002","Lafto003","Lafto019","Lafto020","Lafto021","Lafto031","SH075","SH105"],"lines":"A02, A18, AB067, AB078, AB103, B40, Kal001, Kolfa006, Lafto002, Lafto003, Lafto019, Lafto020, Lafto021, Lafto031, SH075, SH105"},"geometry":{"type":"LineString","coordinates":[[38.732098,8.964519],[38.731893,8.964583],[38.731764,8.9646],[38.73138,8.964601]]}},{"type":"Feature","properties":{"mode":"bus","n":14,"arr":["A02","A18","AB067","AB078","AB103","B40","Lafto002","Lafto003","Lafto019","Lafto020","Lafto021","Lafto031","SH075","SH105"],"lines":"A02, A18, AB067, AB078, AB103, B40, Lafto002, Lafto003, Lafto019, Lafto020, Lafto021, Lafto031, SH075, SH105"},"geometry":{"type":"LineString","coordinates":[[38.732803,8.964474],[38.732098,8.964519]]}},{"type":"Feature","properties":{"mode":"bus","n":10,"arr":["A02","A18","AB067","AB078","AB103","Lafto019","Lafto020","Lafto021","SH075","SH105"],"lines":"A02, A18, AB067, AB078, AB103, Lafto019, Lafto020, Lafto021, SH075, SH105"},"geometry":{"type":"LineString","coordinates":[[38.732954,8.964486],[38.732803,8.964474]]}},{"type":"Feature","properties":{"mode":"bus","n":28,"arr":["A02","A04","A10","A18","AB027","AB067","AB078","AB086","AB092","AB103","AB106","AB107","AB117","AB121","ADK012","B40","Kal001","Kal037","Lafto003","Lafto006","Lafto007","Lafto026","Lafto031","Lafto032","SH022","SH074","SH075","SH105"],"lines":"A02, A04, A10, A18, AB027, AB067, AB078, AB086, AB092, AB103, AB106, AB107, AB117, AB121, ADK012, B40, Kal001, Kal037, Lafto003, Lafto006, Lafto007, Lafto026, Lafto031, Lafto032, SH022, SH074, SH075, SH105"},"geometry":{"type":"LineString","coordinates":[[38.732939,8.964587],[38.732954,8.964486]]}},{"type":"Feature","properties":{"mode":"bus","n":23,"arr":["A02","A04","A10","A18","AB027","AB067","AB078","AB092","AB103","AB106","AB107","AB117","AB121","ADK012","Kal037","Lafto006","Lafto007","Lafto026","Lafto032","SH022","SH074","SH075","SH105"],"lines":"A02, A04, A10, A18, AB027, AB067, AB078, AB092, AB103, AB106, AB107, AB117, AB121, ADK012, Kal037, Lafto006, Lafto007, Lafto026, Lafto032, SH022, SH074, SH075, SH105"},"geometry":{"type":"LineString","coordinates":[[38.732543,8.966425],[38.732858,8.965649],[38.732922,8.965437],[38.732956,8.965013],[38.732939,8.964587]]}},{"type":"Feature","properties":{"mode":"bus","n":24,"arr":["A02","A04","A10","A18","AB027","AB067","AB078","AB092","AB103","AB106","AB107","AB117","AB121","ADK012","Kal037","Lafto006","Lafto007","Lafto017","Lafto026","Lafto032","SH022","SH074","SH075","SH105"],"lines":"A02, A04, A10, A18, AB027, AB067, AB078, AB092, AB103, AB106, AB107, AB117, AB121, ADK012, Kal037, Lafto006, Lafto007, Lafto017, Lafto026, Lafto032, SH022, SH074, SH075, SH105"},"geometry":{"type":"LineString","coordinates":[[38.73124,8.972884],[38.731174,8.972685],[38.731142,8.972501],[38.731157,8.972296],[38.731375,8.97122],[38.731423,8.970746],[38.731433,8.970138],[38.731397,8.968598],[38.731436,8.96826],[38.731611,8.967823],[38.731781,8.96757],[38.732274,8.966933],[38.732543,8.966425]]}},{"type":"Feature","properties":{"mode":"bus","n":26,"arr":["A02","A04","A10","A18","AB027","AB067","AB078","AB092","AB103","AB106","AB107","AB117","AB121","ADK012","ADK038","ADK044","Kal037","Lafto006","Lafto007","Lafto017","Lafto026","Lafto032","SH022","SH074","SH075","SH105"],"lines":"A02, A04, A10, A18, AB027, AB067, AB078, AB092, AB103, AB106, AB107, AB117, AB121, ADK012, ADK038, ADK044, Kal037, Lafto006, Lafto007, Lafto017, Lafto026, Lafto032, SH022, SH074, SH075, SH105"},"geometry":{"type":"LineString","coordinates":[[38.731941,8.973628],[38.731612,8.973385],[38.731459,8.973233],[38.731341,8.973073],[38.73124,8.972884]]}},{"type":"Feature","properties":{"mode":"bus","n":28,"arr":["A02","A04","A10","A18","AB002","AB005","AB027","AB067","AB078","AB092","AB103","AB106","AB107","AB117","AB121","ADK012","ADK038","ADK044","Kal037","Lafto006","Lafto007","Lafto017","Lafto026","Lafto032","SH022","SH074","SH075","SH105"],"lines":"A02, A04, A10, A18, AB002, AB005, AB027, AB067, AB078, AB092, AB103, AB106, AB107, AB117, AB121, ADK012, ADK038, ADK044, Kal037, Lafto006, Lafto007, Lafto017, Lafto026, Lafto032, SH022, SH074, SH075, SH105"},"geometry":{"type":"LineString","coordinates":[[38.732247,8.973859],[38.731941,8.973628]]}},{"type":"Feature","properties":{"mode":"bus","n":29,"arr":["A02","A04","A10","A18","AB002","AB027","AB067","AB078","AB092","AB103","AB106","AB107","AB117","AB121","ADK012","ADK038","ADK044","ARD012","Kal037","Lafto006","Lafto007","Lafto017","Lafto025","Lafto026","Lafto032","SH022","SH074","SH075","SH105"],"lines":"A02, A04, A10, A18, AB002, AB027, AB067, AB078, AB092, AB103, AB106, AB107, AB117, AB121, ADK012, ADK038, ADK044, ARD012, Kal037, Lafto006, Lafto007, Lafto017, Lafto025, Lafto026, Lafto032, SH022, SH074, SH075, SH105"},"geometry":{"type":"LineString","coordinates":[[38.734365,8.983283],[38.734282,8.983091],[38.734261,8.982917]]}},{"type":"Feature","properties":{"mode":"bus","n":30,"arr":["A02","A04","A10","A18","AB002","AB027","AB067","AB078","AB092","AB103","AB106","AB107","AB117","AB121","ADK012","ADK038","ADK044","ARD012","Kal037","Lafto006","Lafto007","Lafto017","Lafto024","Lafto025","Lafto026","Lafto032","SH022","SH074","SH075","SH105"],"lines":"A02, A04, A10, A18, AB002, AB027, AB067, AB078, AB092, AB103, AB106, AB107, AB117, AB121, ADK012, ADK038, ADK044, ARD012, Kal037, Lafto006, Lafto007, Lafto017, Lafto024, Lafto025, Lafto026, Lafto032, SH022, SH074, SH075, SH105"},"geometry":{"type":"LineString","coordinates":[[38.738321,8.992549],[38.738244,8.991179],[38.738182,8.99083],[38.738039,8.990389],[38.737706,8.989637],[38.737613,8.989207],[38.737637,8.98543],[38.737577,8.985155],[38.737431,8.984936],[38.737172,8.984682],[38.736452,8.984082],[38.73617,8.983898],[38.735852,8.983766],[38.735115,8.983684],[38.734725,8.983598],[38.73458,8.983516],[38.734458,8.983409],[38.734365,8.983283]]}},{"type":"Feature","properties":{"mode":"bus","n":24,"arr":["A02","A04","A10","A18","AB002","AB027","AB067","AB078","AB092","AB103","AB106","AB107","AB117","AB121","Lafto006","Lafto007","Lafto017","Lafto024","Lafto026","Lafto032","SH022","SH074","SH075","SH105"],"lines":"A02, A04, A10, A18, AB002, AB027, AB067, AB078, AB092, AB103, AB106, AB107, AB117, AB121, Lafto006, Lafto007, Lafto017, Lafto024, Lafto026, Lafto032, SH022, SH074, SH075, SH105"},"geometry":{"type":"LineString","coordinates":[[38.739238,8.9967],[38.738837,8.995827],[38.738599,8.995175],[38.738442,8.994205],[38.738321,8.992549]]}},{"type":"Feature","properties":{"mode":"bus","n":36,"arr":["A02","A04","A09","A10","A18","AB002","AB005","AB027","AB036(S)","AB058(S)","AB067","AB078","AB092","AB103","AB106","AB107","AB117","AB121","ADK038","ADK044","ARD012","Kal037","Kolfa008","Kolfa015","Kolfe003","Lafto006","Lafto007","Lafto017","Lafto024","Lafto025","Lafto026","Lafto032","SH022","SH074","SH075","SH105"],"lines":"A02, A04, A09, A10, A18, AB002, AB005, AB027, AB036(S), AB058(S), AB067, AB078, AB092, AB103, AB106, AB107, AB117, AB121, ADK038, ADK044, ARD012, Kal037, Kolfa008, Kolfa015, Kolfe003, Lafto006, Lafto007, Lafto017, Lafto024, Lafto025, Lafto026, Lafto032, SH022, SH074, SH075, SH105"},"geometry":{"type":"LineString","coordinates":[[38.740091,9.000368],[38.739638,8.999432],[38.739618,8.999356],[38.739568,8.999098],[38.739503,8.998444],[38.739422,8.997372],[38.739354,8.997038],[38.739238,8.9967]]}},{"type":"Feature","properties":{"mode":"bus","n":37,"arr":["A02","A04","A09","A10","A18","AB002","AB004","AB005","AB027","AB036(S)","AB058(S)","AB067","AB078","AB092","AB103","AB106","AB107","AB117","AB121","ADK038","ADK044","ARD012","Kal037","Kolfa008","Kolfa015","Kolfe003","Lafto006","Lafto007","Lafto017","Lafto024","Lafto025","Lafto026","Lafto032","SH022","SH074","SH075","SH105"],"lines":"A02, A04, A09, A10, A18, AB002, AB004, AB005, AB027, AB036(S), AB058(S), AB067, AB078, AB092, AB103, AB106, AB107, AB117, AB121, ADK038, ADK044, ARD012, Kal037, Kolfa008, Kolfa015, Kolfe003, Lafto006, Lafto007, Lafto017, Lafto024, Lafto025, Lafto026, Lafto032, SH022, SH074, SH075, SH105"},"geometry":{"type":"LineString","coordinates":[[38.740091,9.000368],[38.741136,9.002607]]}},{"type":"Feature","properties":{"mode":"bus","n":36,"arr":["A02","A04","A09","A10","A18","AB002","AB004","AB005","AB027","AB034","AB036(S)","AB058(S)","AB067","AB078","AB092","AB103","AB106","AB107","AB117","AB121","ADK038","ADK044","ARD012","Kal037","Kolfa008","Kolfa015","Kolfe003","Lafto017","Lafto024","Lafto025","Lafto026","Lafto032","SH022","SH074","SH075","SH105"],"lines":"A02, A04, A09, A10, A18, AB002, AB004, AB005, AB027, AB034, AB036(S), AB058(S), AB067, AB078, AB092, AB103, AB106, AB107, AB117, AB121, ADK038, ADK044, ARD012, Kal037, Kolfa008, Kolfa015, Kolfe003, Lafto017, Lafto024, Lafto025, Lafto026, Lafto032, SH022, SH074, SH075, SH105"},"geometry":{"type":"LineString","coordinates":[[38.742178,9.004864],[38.741136,9.002607]]}},{"type":"Feature","properties":{"mode":"bus","n":25,"arr":["A02","A04","A09","A10","A18","AB004","AB027","AB034","AB058(S)","AB067","AB092","AB107","AB117","AB121","ADK038","ADK044","ARD012","Kal037","Lafto024","Lafto025","Lafto026","SH022","SH074","SH075","SH105"],"lines":"A02, A04, A09, A10, A18, AB004, AB027, AB034, AB058(S), AB067, AB092, AB107, AB117, AB121, ADK038, ADK044, ARD012, Kal037, Lafto024, Lafto025, Lafto026, SH022, SH074, SH075, SH105"},"geometry":{"type":"LineString","coordinates":[[38.744019,9.008867],[38.742965,9.006587],[38.742418,9.005307],[38.742257,9.005055],[38.742178,9.004864]]}},{"type":"Feature","properties":{"mode":"bus","n":14,"arr":["A18","AB002","AB004","AB005","AB034","AB067","AB092","AB103","AB107","ADK038","ADK044","ARD012","Lafto025","SH105"],"lines":"A18, AB002, AB004, AB005, AB034, AB067, AB092, AB103, AB107, ADK038, ADK044, ARD012, Lafto025, SH105"},"geometry":{"type":"LineString","coordinates":[[38.744123,9.010095],[38.744152,9.009466]]}},{"type":"Feature","properties":{"mode":"bus","n":15,"arr":["A02","A18","AB002","AB004","AB005","AB034","AB067","AB092","AB103","AB107","ADK038","ADK044","ARD012","Lafto025","SH105"],"lines":"A02, A18, AB002, AB004, AB005, AB034, AB067, AB092, AB103, AB107, ADK038, ADK044, ARD012, Lafto025, SH105"},"geometry":{"type":"LineString","coordinates":[[38.744152,9.009466],[38.74406,9.009223]]}},{"type":"Feature","properties":{"mode":"bus","n":26,"arr":["A02","A04","A10","A18","AB002","AB004","AB005","AB027","AB034","AB067","AB092","AB103","AB106","AB107","AB117","AB121","ADK038","ADK044","ARD012","Kal037","Lafto024","Lafto025","Lafto026","SH022","SH074","SH105"],"lines":"A02, A04, A10, A18, AB002, AB004, AB005, AB027, AB034, AB067, AB092, AB103, AB106, AB107, AB117, AB121, ADK038, ADK044, ARD012, Kal037, Lafto024, Lafto025, Lafto026, SH022, SH074, SH105"},"geometry":{"type":"LineString","coordinates":[[38.74406,9.009223],[38.743577,9.008221],[38.742077,9.004967]]}},{"type":"Feature","properties":{"mode":"bus","n":33,"arr":["A02","A04","A10","A18","AB002","AB004","AB005","AB027","AB034","AB067","AB092","AB103","AB106","AB107","AB117","AB121","ADK038","ADK044","ARD012","Kal037","Kolfa008","Kolfa015","Kolfe003","Lafto006","Lafto007","Lafto017","Lafto024","Lafto025","Lafto026","Lafto032","SH022","SH074","SH105"],"lines":"A02, A04, A10, A18, AB002, AB004, AB005, AB027, AB034, AB067, AB092, AB103, AB106, AB107, AB117, AB121, ADK038, ADK044, ARD012, Kal037, Kolfa008, Kolfa015, Kolfe003, Lafto006, Lafto007, Lafto017, Lafto024, Lafto025, Lafto026, Lafto032, SH022, SH074, SH105"},"geometry":{"type":"LineString","coordinates":[[38.742077,9.004967],[38.741011,9.002666]]}},{"type":"Feature","properties":{"mode":"bus","n":33,"arr":["A02","A04","A10","A18","AB002","AB004","AB005","AB027","AB067","AB092","AB103","AB106","AB107","AB117","AB121","ADK038","ADK044","ARD012","Kal037","Kolfa008","Kolfa015","Kolfe003","Lafto006","Lafto007","Lafto017","Lafto024","Lafto025","Lafto026","Lafto032","SH022","SH074","SH075","SH105"],"lines":"A02, A04, A10, A18, AB002, AB004, AB005, AB027, AB067, AB092, AB103, AB106, AB107, AB117, AB121, ADK038, ADK044, ARD012, Kal037, Kolfa008, Kolfa015, Kolfe003, Lafto006, Lafto007, Lafto017, Lafto024, Lafto025, Lafto026, Lafto032, SH022, SH074, SH075, SH105"},"geometry":{"type":"LineString","coordinates":[[38.741011,9.002666],[38.739751,8.999967]]}},{"type":"Feature","properties":{"mode":"bus","n":33,"arr":["A02","A04","A10","A18","AB002","AB005","AB027","AB067","AB092","AB103","AB106","AB107","AB117","AB121","ADK012","ADK038","ADK044","ARD012","Kal037","Kolfa008","Kolfa015","Kolfe003","Lafto006","Lafto007","Lafto017","Lafto024","Lafto025","Lafto026","Lafto032","SH022","SH074","SH075","SH105"],"lines":"A02, A04, A10, A18, AB002, AB005, AB027, AB067, AB092, AB103, AB106, AB107, AB117, AB121, ADK012, ADK038, ADK044, ARD012, Kal037, Kolfa008, Kolfa015, Kolfe003, Lafto006, Lafto007, Lafto017, Lafto024, Lafto025, Lafto026, Lafto032, SH022, SH074, SH075, SH105"},"geometry":{"type":"LineString","coordinates":[[38.739751,8.999967],[38.739554,8.999459],[38.739476,8.999176],[38.739436,8.998924],[38.739292,8.997308]]}},{"type":"Feature","properties":{"mode":"bus","n":28,"arr":["A02","A04","A10","A18","AB002","AB027","AB067","AB103","AB106","AB107","AB117","AB121","ADK012","ADK038","ADK044","ARD012","Kal037","Lafto006","Lafto007","Lafto017","Lafto024","Lafto025","Lafto026","Lafto032","SH022","SH074","SH075","SH105"],"lines":"A02, A04, A10, A18, AB002, AB027, AB067, AB103, AB106, AB107, AB117, AB121, ADK012, ADK038, ADK044, ARD012, Kal037, Lafto006, Lafto007, Lafto017, Lafto024, Lafto025, Lafto026, Lafto032, SH022, SH074, SH075, SH105"},"geometry":{"type":"LineString","coordinates":[[38.739292,8.997308],[38.739153,8.996848],[38.738734,8.995889],[38.738481,8.995195],[38.738298,8.994184],[38.738177,8.992468]]}},{"type":"Feature","properties":{"mode":"bus","n":29,"arr":["A02","A04","A10","A18","AB002","AB027","AB067","AB092","AB103","AB106","AB107","AB117","AB121","ADK012","ADK038","ADK044","ARD012","Kal037","Lafto006","Lafto007","Lafto017","Lafto024","Lafto025","Lafto026","Lafto032","SH022","SH074","SH075","SH105"],"lines":"A02, A04, A10, A18, AB002, AB027, AB067, AB092, AB103, AB106, AB107, AB117, AB121, ADK012, ADK038, ADK044, ARD012, Kal037, Lafto006, Lafto007, Lafto017, Lafto024, Lafto025, Lafto026, Lafto032, SH022, SH074, SH075, SH105"},"geometry":{"type":"LineString","coordinates":[[38.734157,8.983059],[38.734298,8.983373],[38.73442,8.983523],[38.734533,8.983614],[38.734653,8.983674],[38.734884,8.983752],[38.735885,8.983876],[38.736048,8.983936],[38.736316,8.984107],[38.737125,8.984773],[38.737304,8.984953],[38.73746,8.985202],[38.737517,8.985451],[38.737534,8.98605],[38.737507,8.989223],[38.737533,8.989437],[38.737578,8.9896],[38.737831,8.990186],[38.738065,8.990801],[38.738117,8.991047],[38.738147,8.991412],[38.738177,8.992468]]}},{"type":"Feature","properties":{"mode":"bus","n":27,"arr":["A02","A04","A10","A18","AB002","AB005","AB027","AB067","AB092","AB103","AB106","AB107","AB117","AB121","ADK012","ADK038","ADK044","Kal037","Lafto006","Lafto007","Lafto017","Lafto026","Lafto032","SH022","SH074","SH075","SH105"],"lines":"A02, A04, A10, A18, AB002, AB005, AB027, AB067, AB092, AB103, AB106, AB107, AB117, AB121, ADK012, ADK038, ADK044, Kal037, Lafto006, Lafto007, Lafto017, Lafto026, Lafto032, SH022, SH074, SH075, SH105"},"geometry":{"type":"LineString","coordinates":[[38.732029,8.97383],[38.732172,8.97394]]}},{"type":"Feature","properties":{"mode":"bus","n":25,"arr":["A02","A04","A10","A18","AB027","AB067","AB092","AB103","AB106","AB107","AB117","AB121","ADK012","ADK038","ADK044","Kal037","Lafto006","Lafto007","Lafto017","Lafto026","Lafto032","SH022","SH074","SH075","SH105"],"lines":"A02, A04, A10, A18, AB027, AB067, AB092, AB103, AB106, AB107, AB117, AB121, ADK012, ADK038, ADK044, Kal037, Lafto006, Lafto007, Lafto017, Lafto026, Lafto032, SH022, SH074, SH075, SH105"},"geometry":{"type":"LineString","coordinates":[[38.731148,8.972927],[38.731243,8.973108],[38.731387,8.973315],[38.731514,8.97344],[38.732029,8.97383]]}},{"type":"Feature","properties":{"mode":"bus","n":23,"arr":["A02","A04","A10","A18","AB027","AB067","AB092","AB103","AB106","AB107","AB117","AB121","ADK012","Kal037","Lafto006","Lafto007","Lafto017","Lafto026","Lafto032","SH022","SH074","SH075","SH105"],"lines":"A02, A04, A10, A18, AB027, AB067, AB092, AB103, AB106, AB107, AB117, AB121, ADK012, Kal037, Lafto006, Lafto007, Lafto017, Lafto026, Lafto032, SH022, SH074, SH075, SH105"},"geometry":{"type":"LineString","coordinates":[[38.732859,8.965292],[38.732808,8.96551],[38.7326,8.966066],[38.732339,8.966634],[38.732135,8.966968],[38.731601,8.967665],[38.731446,8.96794],[38.731333,8.968274],[38.731307,8.968625],[38.731333,8.970763],[38.731296,8.9712],[38.731085,8.972234],[38.731061,8.972601],[38.731148,8.972927]]}},{"type":"Feature","properties":{"mode":"bus","n":22,"arr":["A02","A04","A10","A18","AB027","AB067","AB092","AB103","AB106","AB107","AB117","AB121","ADK012","Kal037","Lafto006","Lafto007","Lafto026","Lafto032","SH022","SH074","SH075","SH105"],"lines":"A02, A04, A10, A18, AB027, AB067, AB092, AB103, AB106, AB107, AB117, AB121, ADK012, Kal037, Lafto006, Lafto007, Lafto026, Lafto032, SH022, SH074, SH075, SH105"},"geometry":{"type":"LineString","coordinates":[[38.732857,8.964951],[38.732859,8.965292]]}},{"type":"Feature","properties":{"mode":"bus","n":20,"arr":["A04","A10","AB027","AB067","AB092","AB103","AB106","AB107","AB117","AB121","ADK012","Kal037","Lafto006","Lafto007","Lafto026","Lafto032","SH022","SH074","SH075","SH105"],"lines":"A04, A10, AB027, AB067, AB092, AB103, AB106, AB107, AB117, AB121, ADK012, Kal037, Lafto006, Lafto007, Lafto026, Lafto032, SH022, SH074, SH075, SH105"},"geometry":{"type":"LineString","coordinates":[[38.732806,8.96458],[38.732857,8.964951]]}},{"type":"Feature","properties":{"mode":"bus","n":16,"arr":["A02","A18","AB067","AB078","AB086","AB103","B40","Kal001","Kolfa006","Lafto003","Lafto019","Lafto020","Lafto021","Lafto031","SH075","SH105"],"lines":"A02, A18, AB067, AB078, AB086, AB103, B40, Kal001, Kolfa006, Lafto003, Lafto019, Lafto020, Lafto021, Lafto031, SH075, SH105"},"geometry":{"type":"LineString","coordinates":[[38.73135,8.964686],[38.731798,8.964703],[38.732106,8.964635]]}},{"type":"Feature","properties":{"mode":"bus","n":16,"arr":["A02","A18","AB067","AB078","AB086","AB103","B40","Kal001","Kolfa006","Lafto003","Lafto019","Lafto020","Lafto021","Lafto031","SH075","SH105"],"lines":"A02, A18, AB067, AB078, AB086, AB103, B40, Kal001, Kolfa006, Lafto003, Lafto019, Lafto020, Lafto021, Lafto031, SH075, SH105"},"geometry":{"type":"LineString","coordinates":[[38.721981,8.968996],[38.722603,8.968588]]}},{"type":"Feature","properties":{"mode":"bus","n":15,"arr":["A02","A18","AB067","AB078","AB086","AB103","B40","Kal001","Kolfa006","Lafto003","Lafto019","Lafto020","Lafto021","Lafto031","SH105"],"lines":"A02, A18, AB067, AB078, AB086, AB103, B40, Kal001, Kolfa006, Lafto003, Lafto019, Lafto020, Lafto021, Lafto031, SH105"},"geometry":{"type":"LineString","coordinates":[[38.722603,8.968588],[38.722727,8.968548],[38.723167,8.968313],[38.726075,8.966471],[38.727494,8.965592],[38.728089,8.965253],[38.728832,8.964969],[38.729296,8.964843],[38.730148,8.96472],[38.730649,8.96471],[38.7312,8.964728],[38.73135,8.964686]]}},{"type":"Feature","properties":{"mode":"bus","n":18,"arr":["A02","A18","AB067","AB078","AB086","AB103","B40","Kal001","Kolfa006","Kolfa007","Lafto003","Lafto019","Lafto020","Lafto021","Lafto031","SH069","SH075","SH105"],"lines":"A02, A18, AB067, AB078, AB086, AB103, B40, Kal001, Kolfa006, Kolfa007, Lafto003, Lafto019, Lafto020, Lafto021, Lafto031, SH069, SH075, SH105"},"geometry":{"type":"LineString","coordinates":[[38.721838,8.969082],[38.721981,8.968996]]}},{"type":"Feature","properties":{"mode":"bus","n":16,"arr":["A02","A18","AB067","AB078","AB100","AB103","ADK016","ARD005","Lafto014","Lafto016","Lafto019","Lafto027","Lafto034","SH075","SH085","SH105"],"lines":"A02, A18, AB067, AB078, AB100, AB103, ADK016, ARD005, Lafto014, Lafto016, Lafto019, Lafto027, Lafto034, SH075, SH085, SH105"},"geometry":{"type":"LineString","coordinates":[[38.721769,8.968961],[38.721838,8.969082]]}},{"type":"Feature","properties":{"mode":"bus","n":18,"arr":["A02","A18","AB067","AB078","AB100","AB103","ADK016","ARD005","Kolfa007","Lafto014","Lafto016","Lafto019","Lafto021","Lafto027","Lafto034","SH075","SH085","SH105"],"lines":"A02, A18, AB067, AB078, AB100, AB103, ADK016, ARD005, Kolfa007, Lafto014, Lafto016, Lafto019, Lafto021, Lafto027, Lafto034, SH075, SH085, SH105"},"geometry":{"type":"LineString","coordinates":[[38.721769,8.968961],[38.721676,8.968809]]}},{"type":"Feature","properties":{"mode":"bus","n":16,"arr":["A02","A18","AB067","AB078","AB100","AB103","ADK016","ARD005","Kolfa007","Lafto014","Lafto016","Lafto019","Lafto034","SH075","SH085","SH105"],"lines":"A02, A18, AB067, AB078, AB100, AB103, ADK016, ARD005, Kolfa007, Lafto014, Lafto016, Lafto019, Lafto034, SH075, SH085, SH105"},"geometry":{"type":"LineString","coordinates":[[38.721676,8.968809],[38.720906,8.967467]]}},{"type":"Feature","properties":{"mode":"bus","n":16,"arr":["A04","A10","AB027","AB092","AB106","AB107","AB117","AB121","ADK012","Kal037","Lafto006","Lafto007","Lafto026","Lafto032","SH022","SH074"],"lines":"A04, A10, AB027, AB092, AB106, AB107, AB117, AB121, ADK012, Kal037, Lafto006, Lafto007, Lafto026, Lafto032, SH022, SH074"},"geometry":{"type":"LineString","coordinates":[[38.732803,8.964474],[38.732806,8.96458]]}},{"type":"Feature","properties":{"mode":"bus","n":20,"arr":["A04","A10","AB027","AB092","AB106","AB107","AB117","AB121","ADK012","B40","Kal037","Lafto002","Lafto003","Lafto006","Lafto007","Lafto026","Lafto031","Lafto032","SH022","SH074"],"lines":"A04, A10, AB027, AB092, AB106, AB107, AB117, AB121, ADK012, B40, Kal037, Lafto002, Lafto003, Lafto006, Lafto007, Lafto026, Lafto031, Lafto032, SH022, SH074"},"geometry":{"type":"LineString","coordinates":[[38.732875,8.963896],[38.732803,8.964474]]}},{"type":"Feature","properties":{"mode":"bus","n":21,"arr":["A04","A10","AB027","AB092","AB106","AB107","AB117","AB121","ADK012","B40","Kal001","Kal037","Lafto002","Lafto003","Lafto006","Lafto007","Lafto026","Lafto031","Lafto032","SH022","SH074"],"lines":"A04, A10, AB027, AB092, AB106, AB107, AB117, AB121, ADK012, B40, Kal001, Kal037, Lafto002, Lafto003, Lafto006, Lafto007, Lafto026, Lafto031, Lafto032, SH022, SH074"},"geometry":{"type":"LineString","coordinates":[[38.732875,8.963896],[38.732946,8.963346],[38.732938,8.962806]]}},{"type":"Feature","properties":{"mode":"bus","n":11,"arr":["A04","A10","AB106","AB107","AB121","Kal001","Kal037","Lafto026","Lafto032","SH022","SH074"],"lines":"A04, A10, AB106, AB107, AB121, Kal001, Kal037, Lafto026, Lafto032, SH022, SH074"},"geometry":{"type":"LineString","coordinates":[[38.732938,8.962806],[38.732595,8.956732],[38.732454,8.954624]]}},{"type":"Feature","properties":{"mode":"bus","n":22,"arr":["A04","A10","AB027","AB086","AB092","AB106","AB107","AB117","AB121","ADK012","B40","Kal001","Kal037","Lafto002","Lafto003","Lafto006","Lafto007","Lafto026","Lafto031","Lafto032","SH022","SH074"],"lines":"A04, A10, AB027, AB086, AB092, AB106, AB107, AB117, AB121, ADK012, B40, Kal001, Kal037, Lafto002, Lafto003, Lafto006, Lafto007, Lafto026, Lafto031, Lafto032, SH022, SH074"},"geometry":{"type":"LineString","coordinates":[[38.732454,8.954624],[38.732367,8.953277],[38.732366,8.95294],[38.732421,8.9524]]}},{"type":"Feature","properties":{"mode":"bus","n":22,"arr":["A04","A10","AB027","AB086","AB092","AB106","AB107","AB117","AB121","ADK012","B40","Kal001","Kal037","Lafto002","Lafto003","Lafto006","Lafto007","Lafto026","Lafto031","Lafto032","SH022","SH074"],"lines":"A04, A10, AB027, AB086, AB092, AB106, AB107, AB117, AB121, ADK012, B40, Kal001, Kal037, Lafto002, Lafto003, Lafto006, Lafto007, Lafto026, Lafto031, Lafto032, SH022, SH074"},"geometry":{"type":"LineString","coordinates":[[38.733206,8.94975],[38.733325,8.949357]]}},{"type":"Feature","properties":{"mode":"bus","n":11,"arr":["A04","AB086","AB106","AB107","AB121","Kal001","Lafto002","Lafto003","Lafto026","Lafto032","SH022"],"lines":"A04, AB086, AB106, AB107, AB121, Kal001, Lafto002, Lafto003, Lafto026, Lafto032, SH022"},"geometry":{"type":"LineString","coordinates":[[38.732421,8.9524],[38.733206,8.94975]]}},{"type":"Feature","properties":{"mode":"bus","n":20,"arr":["A04","A10","AB027","AB086","AB092","AB106","AB107","AB117","AB121","ADK012","B40","Kal001","Kal037","Lafto002","Lafto003","Lafto006","Lafto007","Lafto026","SH022","SH074"],"lines":"A04, A10, AB027, AB086, AB092, AB106, AB107, AB117, AB121, ADK012, B40, Kal001, Kal037, Lafto002, Lafto003, Lafto006, Lafto007, Lafto026, SH022, SH074"},"geometry":{"type":"LineString","coordinates":[[38.733325,8.949357],[38.733519,8.948608],[38.733644,8.948212]]}},{"type":"Feature","properties":{"mode":"bus","n":21,"arr":["A04","A10","AB027","AB086","AB092","AB106","AB107","AB117","AB121","ADK012","B40","Kal001","Kal037","Lafto002","Lafto003","Lafto006","Lafto007","Lafto009","Lafto026","SH022","SH074"],"lines":"A04, A10, AB027, AB086, AB092, AB106, AB107, AB117, AB121, ADK012, B40, Kal001, Kal037, Lafto002, Lafto003, Lafto006, Lafto007, Lafto009, Lafto026, SH022, SH074"},"geometry":{"type":"LineString","coordinates":[[38.733644,8.948212],[38.733813,8.947735]]}},{"type":"Feature","properties":{"mode":"bus","n":23,"arr":["A04","A10","AB027","AB086","AB092","AB106","AB107","AB117","AB121","ADK012","B40","Kal001","Kal037","Lafto002","Lafto003","Lafto006","Lafto007","Lafto009","Lafto013","Lafto026","Lafto028","SH022","SH074"],"lines":"A04, A10, AB027, AB086, AB092, AB106, AB107, AB117, AB121, ADK012, B40, Kal001, Kal037, Lafto002, Lafto003, Lafto006, Lafto007, Lafto009, Lafto013, Lafto026, Lafto028, SH022, SH074"},"geometry":{"type":"LineString","coordinates":[[38.733813,8.947735],[38.733926,8.947373]]}},{"type":"Feature","properties":{"mode":"bus","n":12,"arr":["A04","AB027","AB086","AB092","AB117","ADK012","B40","Kal037","Lafto006","Lafto007","Lafto013","Lafto028"],"lines":"A04, AB027, AB086, AB092, AB117, ADK012, B40, Kal037, Lafto006, Lafto007, Lafto013, Lafto028"},"geometry":{"type":"LineString","coordinates":[[38.733926,8.947373],[38.733919,8.947209],[38.733998,8.946897],[38.734741,8.944462],[38.734929,8.943768],[38.73506,8.942818],[38.735064,8.941938],[38.73502,8.941519],[38.734906,8.940693],[38.734722,8.939838]]}},{"type":"Feature","properties":{"mode":"bus","n":22,"arr":["A04","A10","AB027","AB086","AB092","AB106","AB117","AB121","ADK012","B40","Kal001","Kal037","Lafto002","Lafto003","Lafto006","Lafto007","Lafto009","Lafto013","Lafto026","Lafto028","SH022","SH074"],"lines":"A04, A10, AB027, AB086, AB092, AB106, AB117, AB121, ADK012, B40, Kal001, Kal037, Lafto002, Lafto003, Lafto006, Lafto007, Lafto009, Lafto013, Lafto026, Lafto028, SH022, SH074"},"geometry":{"type":"LineString","coordinates":[[38.734722,8.939838],[38.734612,8.939209],[38.734562,8.93876]]}},{"type":"Feature","properties":{"mode":"bus","n":18,"arr":["A04","AB027","AB086","AB092","AB106","AB117","AB121","B40","Kal001","Kal037","Lafto002","Lafto003","Lafto006","Lafto009","Lafto013","Lafto026","Lafto028","SH022"],"lines":"A04, AB027, AB086, AB092, AB106, AB117, AB121, B40, Kal001, Kal037, Lafto002, Lafto003, Lafto006, Lafto009, Lafto013, Lafto026, Lafto028, SH022"},"geometry":{"type":"LineString","coordinates":[[38.734562,8.93876],[38.73449,8.938267],[38.734423,8.938073],[38.734358,8.937956]]}},{"type":"Feature","properties":{"mode":"bus","n":15,"arr":["A04","AB027","AB076","AB106","AB117","AB121","Kal009","Kal023","Kal037","Lafto003","Lafto004","Lafto008","Lafto009","Lafto026","SH096"],"lines":"A04, AB027, AB076, AB106, AB117, AB121, Kal009, Kal023, Kal037, Lafto003, Lafto004, Lafto008, Lafto009, Lafto026, SH096"},"geometry":{"type":"LineString","coordinates":[[38.734011,8.936701],[38.734181,8.93644],[38.734222,8.936331],[38.734255,8.936051],[38.734248,8.935845],[38.733916,8.932684],[38.733904,8.932162]]}},{"type":"Feature","properties":{"mode":"bus","n":16,"arr":["A04","AB027","AB076","AB106","AB107","AB117","AB121","Kal009","Kal023","Kal037","Lafto003","Lafto004","Lafto008","Lafto009","Lafto026","SH096"],"lines":"A04, AB027, AB076, AB106, AB107, AB117, AB121, Kal009, Kal023, Kal037, Lafto003, Lafto004, Lafto008, Lafto009, Lafto026, SH096"},"geometry":{"type":"LineString","coordinates":[[38.733904,8.932162],[38.733693,8.930435],[38.733684,8.930019],[38.733704,8.929444],[38.733822,8.927937],[38.734117,8.925419]]}},{"type":"Feature","properties":{"mode":"bus","n":16,"arr":["A04","AB027","AB076","AB106","AB107","AB117","AB121","Kal009","Kal023","Kal037","Lafto003","Lafto004","Lafto008","Lafto009","Lafto026","SH096"],"lines":"A04, AB027, AB076, AB106, AB107, AB117, AB121, Kal009, Kal023, Kal037, Lafto003, Lafto004, Lafto008, Lafto009, Lafto026, SH096"},"geometry":{"type":"LineString","coordinates":[[38.734134,8.931182],[38.734073,8.929923],[38.734092,8.929416],[38.734239,8.927694],[38.734551,8.925019]]}},{"type":"Feature","properties":{"mode":"bus","n":13,"arr":["A04","AB076","AB106","AB107","AB117","AB121","Kal009","Kal023","Kal037","Lafto003","Lafto004","Lafto008","SH096"],"lines":"A04, AB076, AB106, AB107, AB117, AB121, Kal009, Kal023, Kal037, Lafto003, Lafto004, Lafto008, SH096"},"geometry":{"type":"LineString","coordinates":[[38.734589,8.935728],[38.734431,8.934118],[38.734266,8.932709],[38.734134,8.931182]]}},{"type":"Feature","properties":{"mode":"bus","n":12,"arr":["A04","AB076","AB106","AB107","AB117","AB121","Kal009","Kal023","Kal037","Lafto003","Lafto008","SH096"],"lines":"A04, AB076, AB106, AB107, AB117, AB121, Kal009, Kal023, Kal037, Lafto003, Lafto008, SH096"},"geometry":{"type":"LineString","coordinates":[[38.734988,8.936588],[38.734849,8.936436],[38.734702,8.936206],[38.734629,8.935996],[38.734589,8.935728]]}},{"type":"Feature","properties":{"mode":"bus","n":15,"arr":["A04","AB086","AB092","AB106","AB107","AB117","AB121","B40","Kal001","Kal037","Lafto003","Lafto006","Lafto013","Lafto028","SH022"],"lines":"A04, AB086, AB092, AB106, AB107, AB117, AB121, B40, Kal001, Kal037, Lafto003, Lafto006, Lafto013, Lafto028, SH022"},"geometry":{"type":"LineString","coordinates":[[38.734839,8.938321],[38.734801,8.93795]]}},{"type":"Feature","properties":{"mode":"bus","n":19,"arr":["A04","A10","AB086","AB092","AB106","AB107","AB117","AB121","ADK012","B40","Kal001","Kal037","Lafto003","Lafto006","Lafto007","Lafto013","Lafto028","SH022","SH074"],"lines":"A04, A10, AB086, AB092, AB106, AB107, AB117, AB121, ADK012, B40, Kal001, Kal037, Lafto003, Lafto006, Lafto007, Lafto013, Lafto028, SH022, SH074"},"geometry":{"type":"LineString","coordinates":[[38.735024,8.939792],[38.734839,8.938321]]}},{"type":"Feature","properties":{"mode":"bus","n":6,"arr":["A04","A10","AB107","Lafto003","SH022","SH074"],"lines":"A04, A10, AB107, Lafto003, SH022, SH074"},"geometry":{"type":"LineString","coordinates":[[38.735004,8.940369],[38.735024,8.939792]]}},{"type":"Feature","properties":{"mode":"bus","n":9,"arr":["A04","A10","AB027","AB107","Lafto003","Lafto009","Lafto026","SH022","SH074"],"lines":"A04, A10, AB027, AB107, Lafto003, Lafto009, Lafto026, SH022, SH074"},"geometry":{"type":"LineString","coordinates":[[38.73402,8.9474],[38.734974,8.944237],[38.735163,8.943397],[38.735237,8.942691],[38.735237,8.942035],[38.735185,8.941448],[38.735004,8.940369]]}},{"type":"Feature","properties":{"mode":"bus","n":22,"arr":["A04","A10","AB027","AB086","AB092","AB106","AB107","AB117","AB121","ADK012","B40","Kal001","Kal037","Lafto003","Lafto006","Lafto007","Lafto009","Lafto013","Lafto026","Lafto028","SH022","SH074"],"lines":"A04, A10, AB027, AB086, AB092, AB106, AB107, AB117, AB121, ADK012, B40, Kal001, Kal037, Lafto003, Lafto006, Lafto007, Lafto009, Lafto013, Lafto026, Lafto028, SH022, SH074"},"geometry":{"type":"LineString","coordinates":[[38.733758,8.948349],[38.733821,8.948201],[38.73402,8.9474]]}},{"type":"Feature","properties":{"mode":"bus","n":19,"arr":["A04","A10","AB027","AB086","AB092","AB106","AB107","AB117","AB121","ADK012","B40","Kal001","Kal037","Lafto003","Lafto006","Lafto007","Lafto026","SH022","SH074"],"lines":"A04, A10, AB027, AB086, AB092, AB106, AB107, AB117, AB121, ADK012, B40, Kal001, Kal037, Lafto003, Lafto006, Lafto007, Lafto026, SH022, SH074"},"geometry":{"type":"LineString","coordinates":[[38.733437,8.949355],[38.733758,8.948349]]}},{"type":"Feature","properties":{"mode":"bus","n":21,"arr":["A04","A10","AB027","AB086","AB092","AB106","AB107","AB117","AB121","ADK012","B40","Kal001","Kal037","Lafto003","Lafto006","Lafto007","Lafto026","Lafto031","Lafto032","SH022","SH074"],"lines":"A04, A10, AB027, AB086, AB092, AB106, AB107, AB117, AB121, ADK012, B40, Kal001, Kal037, Lafto003, Lafto006, Lafto007, Lafto026, Lafto031, Lafto032, SH022, SH074"},"geometry":{"type":"LineString","coordinates":[[38.733313,8.949766],[38.733437,8.949355]]}},{"type":"Feature","properties":{"mode":"bus","n":21,"arr":["A04","A10","AB027","AB086","AB092","AB106","AB107","AB117","AB121","ADK012","B40","Kal001","Kal037","Lafto003","Lafto006","Lafto007","Lafto026","Lafto031","Lafto032","SH022","SH074"],"lines":"A04, A10, AB027, AB086, AB092, AB106, AB107, AB117, AB121, ADK012, B40, Kal001, Kal037, Lafto003, Lafto006, Lafto007, Lafto026, Lafto031, Lafto032, SH022, SH074"},"geometry":{"type":"LineString","coordinates":[[38.732553,8.954595],[38.732486,8.953151],[38.732502,8.952726],[38.73254,8.952458]]}},{"type":"Feature","properties":{"mode":"bus","n":21,"arr":["A04","A10","AB027","AB086","AB092","AB106","AB107","AB117","AB121","ADK012","B40","Kal001","Kal037","Lafto003","Lafto006","Lafto007","Lafto026","Lafto031","Lafto032","SH022","SH074"],"lines":"A04, A10, AB027, AB086, AB092, AB106, AB107, AB117, AB121, ADK012, B40, Kal001, Kal037, Lafto003, Lafto006, Lafto007, Lafto026, Lafto031, Lafto032, SH022, SH074"},"geometry":{"type":"LineString","coordinates":[[38.732954,8.964486],[38.733069,8.963244],[38.733055,8.962848]]}},{"type":"Feature","properties":{"mode":"bus","n":15,"arr":["A04","AB027","AB086","AB106","AB107","AB121","ADK012","B40","Kal001","Lafto006","Lafto007","Lafto026","Lafto031","Lafto032","SH022"],"lines":"A04, AB027, AB086, AB106, AB107, AB121, ADK012, B40, Kal001, Lafto006, Lafto007, Lafto026, Lafto031, Lafto032, SH022"},"geometry":{"type":"LineString","coordinates":[[38.73254,8.952458],[38.732624,8.952032],[38.733313,8.949766]]}},{"type":"Feature","properties":{"mode":"bus","n":6,"arr":["A04","AB027","AB107","Lafto026","Lafto032","SH022"],"lines":"A04, AB027, AB107, Lafto026, Lafto032, SH022"},"geometry":{"type":"LineString","coordinates":[[38.733055,8.962848],[38.73285,8.959869],[38.732553,8.954595]]}},{"type":"Feature","properties":{"mode":"bus","n":5,"arr":["A05","AB054","KRK001","Lafto001","Lafto030"],"lines":"A05, AB054, KRK001, Lafto001, Lafto030"},"geometry":{"type":"LineString","coordinates":[[38.748613,8.963491],[38.748684,8.964229],[38.748739,8.966464]]}},{"type":"Feature","properties":{"mode":"bus","n":5,"arr":["A05","AB054","KRK001","Lafto001","Lafto030"],"lines":"A05, AB054, KRK001, Lafto001, Lafto030"},"geometry":{"type":"LineString","coordinates":[[38.748674,8.967039],[38.748618,8.964229],[38.748537,8.963497]]}},{"type":"Feature","properties":{"mode":"bus","n":6,"arr":["A05","AB054","C15","KRK001","Lafto001","Lafto030"],"lines":"A05, AB054, C15, KRK001, Lafto001, Lafto030"},"geometry":{"type":"LineString","coordinates":[[38.748739,8.966464],[38.7488,8.970872],[38.748789,8.972856],[38.748968,8.975873]]}},{"type":"Feature","properties":{"mode":"bus","n":6,"arr":["A05","AB054","C15","KRK001","Lafto001","Lafto030"],"lines":"A05, AB054, C15, KRK001, Lafto001, Lafto030"},"geometry":{"type":"LineString","coordinates":[[38.748884,8.975882],[38.748722,8.972852],[38.748712,8.968451],[38.748674,8.967039]]}},{"type":"Feature","properties":{"mode":"bus","n":5,"arr":["A05","AB054","C15","KRK001","Lafto030"],"lines":"A05, AB054, C15, KRK001, Lafto030"},"geometry":{"type":"LineString","coordinates":[[38.748968,8.975873],[38.749084,8.976186]]}},{"type":"Feature","properties":{"mode":"bus","n":5,"arr":["A05","AB054","C15","KRK001","Lafto030"],"lines":"A05, AB054, C15, KRK001, Lafto030"},"geometry":{"type":"LineString","coordinates":[[38.748817,8.976244],[38.748876,8.976076],[38.748884,8.975882]]}},{"type":"Feature","properties":{"mode":"bus","n":6,"arr":["A05","AB034","AB054","C15","Lafto022","Lafto023"],"lines":"A05, AB034, AB054, C15, Lafto022, Lafto023"},"geometry":{"type":"LineString","coordinates":[[38.749177,8.976553],[38.749092,8.976662],[38.749076,8.976746],[38.749101,8.977092]]}},{"type":"Feature","properties":{"mode":"bus","n":7,"arr":["A05","AB034","AB054","C15","Lafto022","Lafto023","Lafto042"],"lines":"A05, AB034, AB054, C15, Lafto022, Lafto023, Lafto042"},"geometry":{"type":"LineString","coordinates":[[38.749101,8.977092],[38.749312,8.978915],[38.749453,8.979348],[38.749774,8.981747],[38.749947,8.9827],[38.750044,8.983457],[38.750095,8.983698],[38.750312,8.984332]]}},{"type":"Feature","properties":{"mode":"bus","n":6,"arr":["A05","AB034","AB054","C15","Lafto023","Lafto042"],"lines":"A05, AB034, AB054, C15, Lafto023, Lafto042"},"geometry":{"type":"LineString","coordinates":[[38.750312,8.984332],[38.750539,8.984873]]}},{"type":"Feature","properties":{"mode":"bus","n":14,"arr":["A05","AB004","AB034","AB054","AB104","ADK024","ADK047","ADK048","B19","C15","Kal006","Kal013","KRK015","Lafto042"],"lines":"A05, AB004, AB034, AB054, AB104, ADK024, ADK047, ADK048, B19, C15, Kal006, Kal013, KRK015, Lafto042"},"geometry":{"type":"LineString","coordinates":[[38.750539,8.984873],[38.74911,8.985385]]}},{"type":"Feature","properties":{"mode":"bus","n":8,"arr":["A05","AB004","AB034","AB054","ADK024","ADK047","ADK048","C15"],"lines":"A05, AB004, AB034, AB054, ADK024, ADK047, ADK048, C15"},"geometry":{"type":"LineString","coordinates":[[38.74911,8.985385],[38.748904,8.985749],[38.748785,8.986042],[38.748713,8.986311],[38.748648,8.986915]]}},{"type":"Feature","properties":{"mode":"bus","n":20,"arr":["A05","AB004","AB006","AB034","AB054","AB104","ADK024","ADK047","ADK048","B19","C15","C50","Kal006","Kal013","KRK001","KRK015","Lafto011","Lafto018","Lafto030","Lafto042"],"lines":"A05, AB004, AB006, AB034, AB054, AB104, ADK024, ADK047, ADK048, B19, C15, C50, Kal006, Kal013, KRK001, KRK015, Lafto011, Lafto018, Lafto030, Lafto042"},"geometry":{"type":"LineString","coordinates":[[38.748648,8.986915],[38.748657,8.987085],[38.748625,8.987517]]}},{"type":"Feature","properties":{"mode":"bus","n":23,"arr":["A05","AB004","AB006","AB034","AB054","AB104","ADK014","ADK022","ADK024","ADK047","ADK048","B19","C15","C50","Kal006","Kal013","KRK001","KRK015","KRK016","Lafto011","Lafto018","Lafto030","Lafto042"],"lines":"A05, AB004, AB006, AB034, AB054, AB104, ADK014, ADK022, ADK024, ADK047, ADK048, B19, C15, C50, Kal006, Kal013, KRK001, KRK015, KRK016, Lafto011, Lafto018, Lafto030, Lafto042"},"geometry":{"type":"LineString","coordinates":[[38.748625,8.987517],[38.747904,8.994513]]}},{"type":"Feature","properties":{"mode":"bus","n":20,"arr":["A05","AB006","AB034","AB054","AB104","ADK022","ADK024","ADK047","ADK048","B19","C15","C50","Kal006","Kal013","KRK001","KRK015","KRK016","Lafto018","Lafto030","Lafto042"],"lines":"A05, AB006, AB034, AB054, AB104, ADK022, ADK024, ADK047, ADK048, B19, C15, C50, Kal006, Kal013, KRK001, KRK015, KRK016, Lafto018, Lafto030, Lafto042"},"geometry":{"type":"LineString","coordinates":[[38.747904,8.994513],[38.747858,8.994755]]}},{"type":"Feature","properties":{"mode":"bus","n":21,"arr":["A05","AB006","AB034","AB054","AB104","ADK022","ADK024","ADK047","ADK048","B19","C15","C50","Kal006","Kal013","KRK001","KRK015","KRK016","Lafto018","Lafto023","Lafto030","Lafto042"],"lines":"A05, AB006, AB034, AB054, AB104, ADK022, ADK024, ADK047, ADK048, B19, C15, C50, Kal006, Kal013, KRK001, KRK015, KRK016, Lafto018, Lafto023, Lafto030, Lafto042"},"geometry":{"type":"LineString","coordinates":[[38.747858,8.994755],[38.747763,8.995512],[38.747575,8.99745],[38.747228,9.000097],[38.746974,9.00274]]}},{"type":"Feature","properties":{"mode":"bus","n":20,"arr":["A05","AB006","AB054","AB104","ADK022","ADK024","ADK047","ADK048","B19","C15","C50","Kal006","Kal013","KRK001","KRK015","KRK016","Lafto018","Lafto023","Lafto030","Lafto042"],"lines":"A05, AB006, AB054, AB104, ADK022, ADK024, ADK047, ADK048, B19, C15, C50, Kal006, Kal013, KRK001, KRK015, KRK016, Lafto018, Lafto023, Lafto030, Lafto042"},"geometry":{"type":"LineString","coordinates":[[38.746974,9.00274],[38.746343,9.009033]]}},{"type":"Feature","properties":{"mode":"bus","n":21,"arr":["A05","AB006","AB054","AB078","AB104","ADK022","ADK024","ADK047","ADK048","B19","C15","C50","Kal006","Kal013","KRK001","KRK015","KRK016","Lafto018","Lafto023","Lafto030","Lafto042"],"lines":"A05, AB006, AB054, AB078, AB104, ADK022, ADK024, ADK047, ADK048, B19, C15, C50, Kal006, Kal013, KRK001, KRK015, KRK016, Lafto018, Lafto023, Lafto030, Lafto042"},"geometry":{"type":"LineString","coordinates":[[38.746202,9.009776],[38.746501,9.006785],[38.746622,9.00532],[38.74689,9.00273]]}},{"type":"Feature","properties":{"mode":"bus","n":22,"arr":["A05","AB006","AB034","AB054","AB078","AB104","ADK022","ADK024","ADK047","ADK048","B19","C15","C50","Kal006","Kal013","KRK001","KRK015","KRK016","Lafto018","Lafto023","Lafto030","Lafto042"],"lines":"A05, AB006, AB034, AB054, AB078, AB104, ADK022, ADK024, ADK047, ADK048, B19, C15, C50, Kal006, Kal013, KRK001, KRK015, KRK016, Lafto018, Lafto023, Lafto030, Lafto042"},"geometry":{"type":"LineString","coordinates":[[38.74689,9.00273],[38.747143,9.000083],[38.747517,8.997171],[38.747802,8.994389]]}},{"type":"Feature","properties":{"mode":"bus","n":20,"arr":["A05","AB006","AB034","AB054","AB078","AB104","ADK022","ADK024","ADK047","ADK048","B19","C15","C50","Kal013","KRK001","KRK016","Lafto018","Lafto023","Lafto030","Lafto042"],"lines":"A05, AB006, AB034, AB054, AB078, AB104, ADK022, ADK024, ADK047, ADK048, B19, C15, C50, Kal013, KRK001, KRK016, Lafto018, Lafto023, Lafto030, Lafto042"},"geometry":{"type":"LineString","coordinates":[[38.747802,8.994389],[38.747828,8.994109]]}},{"type":"Feature","properties":{"mode":"bus","n":23,"arr":["A05","AB004","AB006","AB034","AB054","AB078","AB104","ADK014","ADK022","ADK024","ADK047","ADK048","B19","C15","C50","Kal013","KRK001","KRK016","Lafto011","Lafto018","Lafto023","Lafto030","Lafto042"],"lines":"A05, AB004, AB006, AB034, AB054, AB078, AB104, ADK014, ADK022, ADK024, ADK047, ADK048, B19, C15, C50, Kal013, KRK001, KRK016, Lafto011, Lafto018, Lafto023, Lafto030, Lafto042"},"geometry":{"type":"LineString","coordinates":[[38.747828,8.994109],[38.748191,8.990376],[38.748484,8.987725]]}},{"type":"Feature","properties":{"mode":"bus","n":20,"arr":["A05","AB004","AB006","AB034","AB054","AB078","AB104","ADK024","ADK047","ADK048","B19","C15","C50","Kal013","KRK001","Lafto011","Lafto018","Lafto023","Lafto030","Lafto042"],"lines":"A05, AB004, AB006, AB034, AB054, AB078, AB104, ADK024, ADK047, ADK048, B19, C15, C50, Kal013, KRK001, Lafto011, Lafto018, Lafto023, Lafto030, Lafto042"},"geometry":{"type":"LineString","coordinates":[[38.748484,8.987725],[38.748559,8.987046],[38.748549,8.986942],[38.74848,8.986771]]}},{"type":"Feature","properties":{"mode":"bus","n":17,"arr":["A05","AB004","AB006","AB054","AB078","AB104","ADK024","ADK047","ADK048","B19","C15","Kal013","KRK001","Lafto018","Lafto023","Lafto030","Lafto042"],"lines":"A05, AB004, AB006, AB054, AB078, AB104, ADK024, ADK047, ADK048, B19, C15, Kal013, KRK001, Lafto018, Lafto023, Lafto030, Lafto042"},"geometry":{"type":"LineString","coordinates":[[38.74848,8.986771],[38.748344,8.986488]]}},{"type":"Feature","properties":{"mode":"bus","n":17,"arr":["A05","AB004","AB054","AB077","AB078","AB104","ADK024","ADK047","ADK048","B19","C15","Kal013","KRK001","Lafto018","Lafto023","Lafto030","Lafto042"],"lines":"A05, AB004, AB054, AB077, AB078, AB104, ADK024, ADK047, ADK048, B19, C15, Kal013, KRK001, Lafto018, Lafto023, Lafto030, Lafto042"},"geometry":{"type":"LineString","coordinates":[[38.748344,8.986488],[38.748031,8.985855]]}},{"type":"Feature","properties":{"mode":"bus","n":16,"arr":["A05","AB004","AB054","AB078","AB104","ADK024","ADK047","ADK048","B19","C15","Kal013","KRK001","Lafto018","Lafto023","Lafto030","Lafto042"],"lines":"A05, AB004, AB054, AB078, AB104, ADK024, ADK047, ADK048, B19, C15, Kal013, KRK001, Lafto018, Lafto023, Lafto030, Lafto042"},"geometry":{"type":"LineString","coordinates":[[38.748031,8.985855],[38.747892,8.985571]]}},{"type":"Feature","properties":{"mode":"bus","n":14,"arr":["A05","AB004","AB054","AB077","AB078","AB104","ADK024","ADK047","ADK048","B19","C15","Kal013","Lafto023","Lafto042"],"lines":"A05, AB004, AB054, AB077, AB078, AB104, ADK024, ADK047, ADK048, B19, C15, Kal013, Lafto023, Lafto042"},"geometry":{"type":"LineString","coordinates":[[38.747892,8.985571],[38.74802,8.985519]]}},{"type":"Feature","properties":{"mode":"bus","n":13,"arr":["A05","AB004","AB054","AB078","AB104","ADK024","ADK047","ADK048","B19","C15","Kal013","Lafto023","Lafto042"],"lines":"A05, AB004, AB054, AB078, AB104, ADK024, ADK047, ADK048, B19, C15, Kal013, Lafto023, Lafto042"},"geometry":{"type":"LineString","coordinates":[[38.74802,8.985519],[38.748587,8.985341],[38.749936,8.984816]]}},{"type":"Feature","properties":{"mode":"bus","n":11,"arr":["A05","AB004","AB054","AB104","ADK024","ADK047","ADK048","B19","Kal013","Lafto023","Lafto042"],"lines":"A05, AB004, AB054, AB104, ADK024, ADK047, ADK048, B19, Kal013, Lafto023, Lafto042"},"geometry":{"type":"LineString","coordinates":[[38.749936,8.984816],[38.750151,8.984732]]}},{"type":"Feature","properties":{"mode":"bus","n":7,"arr":["A05","AB054","AB078","C15","Lafto022","Lafto023","Lafto042"],"lines":"A05, AB054, AB078, C15, Lafto022, Lafto023, Lafto042"},"geometry":{"type":"LineString","coordinates":[[38.75008,8.984535],[38.749786,8.983654],[38.749656,8.982664],[38.749603,8.98177],[38.749025,8.977096]]}},{"type":"Feature","properties":{"mode":"bus","n":6,"arr":["A05","AB054","AB078","C15","Lafto022","Lafto023"],"lines":"A05, AB054, AB078, C15, Lafto022, Lafto023"},"geometry":{"type":"LineString","coordinates":[[38.749025,8.977096],[38.748993,8.976866],[38.748875,8.976609]]}},{"type":"Feature","properties":{"mode":"bus","n":24,"arr":["A08","AB012","AB013","AB023","AB055","AB064","AB080","AB089","AB112","ADK008","ADK058","Gl005","SH035","SH073","SH080","SH087","SH095","SH101","YK001","YK006","YK007","YK011","YK012","YK013"],"lines":"A08, AB012, AB013, AB023, AB055, AB064, AB080, AB089, AB112, ADK008, ADK058, Gl005, SH035, SH073, SH080, SH087, SH095, SH101, YK001, YK006, YK007, YK011, YK012, YK013"},"geometry":{"type":"LineString","coordinates":[[38.762595,9.043307],[38.762674,9.043304],[38.762777,9.043336]]}},{"type":"Feature","properties":{"mode":"bus","n":12,"arr":["A08","AB012","AB013","AB055","AB064","SH073","SH087","SH095","SH101","YK007","YK012","YK013"],"lines":"A08, AB012, AB013, AB055, AB064, SH073, SH087, SH095, SH101, YK007, YK012, YK013"},"geometry":{"type":"LineString","coordinates":[[38.762777,9.043336],[38.76284,9.043464]]}},{"type":"Feature","properties":{"mode":"bus","n":24,"arr":["A08","AB012","AB013","AB023","AB055","AB064","AB068","AB080","AB112","ADK008","ADK058","Gl005","SH035","SH073","SH080","SH087","SH095","SH101","YK001","YK006","YK007","YK011","YK012","YK013"],"lines":"A08, AB012, AB013, AB023, AB055, AB064, AB068, AB080, AB112, ADK008, ADK058, Gl005, SH035, SH073, SH080, SH087, SH095, SH101, YK001, YK006, YK007, YK011, YK012, YK013"},"geometry":{"type":"LineString","coordinates":[[38.76284,9.043464],[38.762831,9.043556]]}},{"type":"Feature","properties":{"mode":"bus","n":12,"arr":["A08","AB012","AB055","AB064","SH073","SH087","SH095","SH101","YK007","YK011","YK012","YK013"],"lines":"A08, AB012, AB055, AB064, SH073, SH087, SH095, SH101, YK007, YK011, YK012, YK013"},"geometry":{"type":"LineString","coordinates":[[38.768381,9.046627],[38.768895,9.04693],[38.769285,9.047191],[38.769562,9.047456],[38.76974,9.047705],[38.769878,9.047956],[38.769949,9.048114],[38.770038,9.048438],[38.770249,9.049583],[38.770412,9.050266],[38.770469,9.05043],[38.771229,9.052276],[38.771302,9.052431],[38.771596,9.052853],[38.773963,9.055421],[38.774551,9.056129],[38.774812,9.056379],[38.775193,9.05662],[38.775855,9.056889],[38.776389,9.057012],[38.776765,9.057046],[38.776965,9.057025]]}},{"type":"Feature","properties":{"mode":"bus","n":12,"arr":["A08","AB012","AB055","AB064","SH073","SH087","SH095","SH101","YK007","YK011","YK012","YK013"],"lines":"A08, AB012, AB055, AB064, SH073, SH087, SH095, SH101, YK007, YK011, YK012, YK013"},"geometry":{"type":"LineString","coordinates":[[38.77697,9.057111],[38.776392,9.057088],[38.775831,9.056963],[38.775415,9.056817],[38.775213,9.056722],[38.774868,9.056513],[38.774676,9.056366],[38.774119,9.055756]]}},{"type":"Feature","properties":{"mode":"bus","n":6,"arr":["A08","AB012","AB055","AB064","SH073","SH087"],"lines":"A08, AB012, AB055, AB064, SH073, SH087"},"geometry":{"type":"LineString","coordinates":[[38.778085,9.057158],[38.778402,9.057259],[38.778733,9.057399],[38.778949,9.057575],[38.779629,9.058506],[38.780296,9.059336],[38.780574,9.059615],[38.780817,9.059754],[38.784606,9.061086],[38.788801,9.062422]]}},{"type":"Feature","properties":{"mode":"bus","n":6,"arr":["A08","AB012","AB055","AB064","SH073","SH087"],"lines":"A08, AB012, AB055, AB064, SH073, SH087"},"geometry":{"type":"LineString","coordinates":[[38.788027,9.062268],[38.786148,9.061662],[38.785388,9.061438],[38.783889,9.060938],[38.781906,9.060236],[38.781097,9.059972],[38.780741,9.059826],[38.780596,9.05974],[38.780254,9.05941],[38.779618,9.058639],[38.779128,9.057949],[38.778847,9.057614],[38.778693,9.057495],[38.778379,9.057347],[38.777751,9.057123],[38.777593,9.057092]]}},{"type":"Feature","properties":{"mode":"bus","n":13,"arr":["A08","AB012","AB041","AB055","AB064","SH073","SH087","SH095","SH101","YK007","YK011","YK012","YK013"],"lines":"A08, AB012, AB041, AB055, AB064, SH073, SH087, SH095, SH101, YK007, YK011, YK012, YK013"},"geometry":{"type":"LineString","coordinates":[[38.774119,9.055756],[38.773639,9.055177],[38.771693,9.053115],[38.771467,9.05286],[38.771254,9.052531],[38.771061,9.052157],[38.770952,9.051896],[38.770269,9.050172],[38.769963,9.048515],[38.769837,9.048076],[38.769666,9.047751],[38.769524,9.047547],[38.769368,9.047379],[38.769192,9.04723],[38.768948,9.047069],[38.768576,9.04688],[38.768403,9.046818],[38.768242,9.046801]]}},{"type":"Feature","properties":{"mode":"bus","n":25,"arr":["A08","AB012","AB013","AB023","AB041","AB055","AB064","AB068","AB080","AB112","ADK008","ADK058","Gl005","SH035","SH073","SH080","SH087","SH095","SH101","YK001","YK006","YK007","YK011","YK012","YK013"],"lines":"A08, AB012, AB013, AB023, AB041, AB055, AB064, AB068, AB080, AB112, ADK008, ADK058, Gl005, SH035, SH073, SH080, SH087, SH095, SH101, YK001, YK006, YK007, YK011, YK012, YK013"},"geometry":{"type":"LineString","coordinates":[[38.762756,9.043618],[38.762651,9.043647],[38.762364,9.0436],[38.762232,9.043614],[38.761847,9.043722]]}},{"type":"Feature","properties":{"mode":"bus","n":24,"arr":["A08","AB012","AB013","AB023","AB041","AB055","AB064","AB068","AB080","AB112","ADK008","ADK058","SH035","SH073","SH080","SH087","SH095","SH101","YK001","YK006","YK007","YK011","YK012","YK013"],"lines":"A08, AB012, AB013, AB023, AB041, AB055, AB064, AB068, AB080, AB112, ADK008, ADK058, SH035, SH073, SH080, SH087, SH095, SH101, YK001, YK006, YK007, YK011, YK012, YK013"},"geometry":{"type":"LineString","coordinates":[[38.761847,9.043722],[38.761597,9.043819],[38.761469,9.043916]]}},{"type":"Feature","properties":{"mode":"bus","n":7,"arr":["A09","AB058","AB058(S)","AB065","Kolfe003","Lafto020","SH010"],"lines":"A09, AB058, AB058(S), AB065, Kolfe003, Lafto020, SH010"},"geometry":{"type":"LineString","coordinates":[[38.688775,8.991805],[38.688686,8.991896],[38.686088,8.99391],[38.682727,8.996581],[38.679795,8.998851],[38.678881,8.999578],[38.677933,9.000387]]}},{"type":"Feature","properties":{"mode":"bus","n":7,"arr":["A09","AB058","AB058(S)","AB065","Kolfe003","Lafto020","SH010"],"lines":"A09, AB058, AB058(S), AB065, Kolfe003, Lafto020, SH010"},"geometry":{"type":"LineString","coordinates":[[38.677669,9.000987],[38.677839,9.000756],[38.678072,9.000508],[38.678558,9.000066],[38.679174,8.999597],[38.679689,8.999168],[38.681401,8.997817],[38.685612,8.994548],[38.688886,8.991963]]}},{"type":"Feature","properties":{"mode":"bus","n":7,"arr":["A09","AB058","AB058(S)","AB065","Kolfe003","Kolfe042","Lafto020"],"lines":"A09, AB058, AB058(S), AB065, Kolfe003, Kolfe042, Lafto020"},"geometry":{"type":"LineString","coordinates":[[38.696155,8.983832],[38.696028,8.983916],[38.695035,8.984788],[38.694595,8.985213],[38.694383,8.985483],[38.693597,8.986732],[38.693117,8.987425],[38.691237,8.989641],[38.690709,8.990296],[38.68943,8.991344],[38.689235,8.991473]]}},{"type":"Feature","properties":{"mode":"bus","n":7,"arr":["A09","AB058","AB058(S)","AB065","Kolfe003","Kolfe042","Lafto020"],"lines":"A09, AB058, AB058(S), AB065, Kolfe003, Kolfe042, Lafto020"},"geometry":{"type":"LineString","coordinates":[[38.689358,8.991636],[38.690119,8.991004],[38.690316,8.990868],[38.690781,8.990445],[38.693295,8.987495],[38.693748,8.98684],[38.694534,8.985577],[38.69464,8.985439],[38.69484,8.985222],[38.696247,8.9839]]}},{"type":"Feature","properties":{"mode":"bus","n":10,"arr":["A09","AB058","AB058(S)","AB065","AB086","AB099","Kal001","Kolfe003","Lafto020","SH069"],"lines":"A09, AB058, AB058(S), AB065, AB086, AB099, Kal001, Kolfe003, Lafto020, SH069"},"geometry":{"type":"LineString","coordinates":[[38.696813,8.983107],[38.696521,8.983476],[38.696339,8.983675],[38.696155,8.983832]]}},{"type":"Feature","properties":{"mode":"bus","n":9,"arr":["A09","AB058","AB058(S)","AB065","AB086","Kal001","Kolfe003","Lafto020","SH069"],"lines":"A09, AB058, AB058(S), AB065, AB086, Kal001, Kolfe003, Lafto020, SH069"},"geometry":{"type":"LineString","coordinates":[[38.6971,8.982704],[38.696813,8.983107]]}},{"type":"Feature","properties":{"mode":"bus","n":27,"arr":["A09","AB026","AB036","AB036(S)","AB050","AB058","AB058(S)","AB062","AB065","AB066","AB091","Kolfa013","Kolfa019","Kolfa020","Kolfa021","Kolfa022","Kolfa025","Kolfa033","Kolfa041","Kolfe003","LID002","LID005","LID007","LID013","SH040","SH068","SH100"],"lines":"A09, AB026, AB036, AB036(S), AB050, AB058, AB058(S), AB062, AB065, AB066, AB091, Kolfa013, Kolfa019, Kolfa020, Kolfa021, Kolfa022, Kolfa025, Kolfa033, Kolfa041, Kolfe003, LID002, LID005, LID007, LID013, SH040, SH068, SH100"},"geometry":{"type":"LineString","coordinates":[[38.698923,8.983166],[38.697276,8.982767],[38.6971,8.982704]]}},{"type":"Feature","properties":{"mode":"bus","n":20,"arr":["A09","AB036(S)","AB050","AB058","AB058(S)","AB065","AB091","Kolfa013","Kolfa019","Kolfa020","Kolfa021","Kolfa022","Kolfa025","Kolfa041","LID002","LID005","LID007","LID013","SH068","SH100"],"lines":"A09, AB036(S), AB050, AB058, AB058(S), AB065, AB091, Kolfa013, Kolfa019, Kolfa020, Kolfa021, Kolfa022, Kolfa025, Kolfa041, LID002, LID005, LID007, LID013, SH068, SH100"},"geometry":{"type":"LineString","coordinates":[[38.700724,8.98351],[38.699177,8.983166],[38.698923,8.983166]]}},{"type":"Feature","properties":{"mode":"bus","n":23,"arr":["A09","AB036(S)","AB050","AB058","AB058(S)","AB065","AB091","Kolfa008","Kolfa011","Kolfa013","Kolfa019","Kolfa020","Kolfa021","Kolfa022","Kolfa025","Kolfa041","Kolfe023","LID002","LID005","LID007","LID013","SH068","SH100"],"lines":"A09, AB036(S), AB050, AB058, AB058(S), AB065, AB091, Kolfa008, Kolfa011, Kolfa013, Kolfa019, Kolfa020, Kolfa021, Kolfa022, Kolfa025, Kolfa041, Kolfe023, LID002, LID005, LID007, LID013, SH068, SH100"},"geometry":{"type":"LineString","coordinates":[[38.701562,8.98371],[38.700724,8.98351]]}},{"type":"Feature","properties":{"mode":"bus","n":28,"arr":["A09","AB036(S)","AB050","AB058","AB058(S)","AB065","AB070","AB077","AB091","AB130","Kolfa008","Kolfa011","Kolfa013","Kolfa019","Kolfa020","Kolfa021","Kolfa022","Kolfa025","Kolfa041","Kolfe023","LID002","LID005","LID007","LID013","SH009","SH068","SH081","SH100"],"lines":"A09, AB036(S), AB050, AB058, AB058(S), AB065, AB070, AB077, AB091, AB130, Kolfa008, Kolfa011, Kolfa013, Kolfa019, Kolfa020, Kolfa021, Kolfa022, Kolfa025, Kolfa041, Kolfe023, LID002, LID005, LID007, LID013, SH009, SH068, SH081, SH100"},"geometry":{"type":"LineString","coordinates":[[38.702474,8.983932],[38.701562,8.98371]]}},{"type":"Feature","properties":{"mode":"bus","n":29,"arr":["A09","AB003","AB036(S)","AB050","AB058","AB058(S)","AB065","AB070","AB077","AB091","AB130","Kolfa008","Kolfa011","Kolfa013","Kolfa019","Kolfa020","Kolfa021","Kolfa022","Kolfa025","Kolfa041","Kolfe023","LID002","LID005","LID007","LID013","SH009","SH068","SH081","SH100"],"lines":"A09, AB003, AB036(S), AB050, AB058, AB058(S), AB065, AB070, AB077, AB091, AB130, Kolfa008, Kolfa011, Kolfa013, Kolfa019, Kolfa020, Kolfa021, Kolfa022, Kolfa025, Kolfa041, Kolfe023, LID002, LID005, LID007, LID013, SH009, SH068, SH081, SH100"},"geometry":{"type":"LineString","coordinates":[[38.704971,8.984918],[38.703677,8.984269],[38.7033,8.984138],[38.702474,8.983932]]}},{"type":"Feature","properties":{"mode":"bus","n":31,"arr":["A09","AB003","AB036(S)","AB050","AB058","AB058(S)","AB065","AB070","AB077","AB087","AB091","AB130","Kolfa008","Kolfa011","Kolfa013","Kolfa014","Kolfa019","Kolfa020","Kolfa021","Kolfa022","Kolfa025","Kolfa041","Kolfe023","LID002","LID005","LID007","LID013","SH009","SH068","SH081","SH100"],"lines":"A09, AB003, AB036(S), AB050, AB058, AB058(S), AB065, AB070, AB077, AB087, AB091, AB130, Kolfa008, Kolfa011, Kolfa013, Kolfa014, Kolfa019, Kolfa020, Kolfa021, Kolfa022, Kolfa025, Kolfa041, Kolfe023, LID002, LID005, LID007, LID013, SH009, SH068, SH081, SH100"},"geometry":{"type":"LineString","coordinates":[[38.705631,8.985264],[38.704971,8.984918]]}},{"type":"Feature","properties":{"mode":"bus","n":32,"arr":["A09","AB003","AB036(S)","AB050","AB058","AB058(S)","AB065","AB070","AB077","AB087","AB091","AB130","Kolfa008","Kolfa011","Kolfa013","Kolfa014","Kolfa017","Kolfa019","Kolfa020","Kolfa021","Kolfa022","Kolfa025","Kolfa041","Kolfe023","LID002","LID005","LID007","LID013","SH009","SH068","SH081","SH100"],"lines":"A09, AB003, AB036(S), AB050, AB058, AB058(S), AB065, AB070, AB077, AB087, AB091, AB130, Kolfa008, Kolfa011, Kolfa013, Kolfa014, Kolfa017, Kolfa019, Kolfa020, Kolfa021, Kolfa022, Kolfa025, Kolfa041, Kolfe023, LID002, LID005, LID007, LID013, SH009, SH068, SH081, SH100"},"geometry":{"type":"LineString","coordinates":[[38.707995,8.98664],[38.707975,8.986551],[38.707819,8.986424],[38.705631,8.985264]]}},{"type":"Feature","properties":{"mode":"bus","n":39,"arr":["A09","AB003","AB026","AB036","AB036(S)","AB050","AB058","AB058(S)","AB062","AB065","AB066","AB070","AB077","AB087","AB091","AB130","Kolfa008","Kolfa011","Kolfa013","Kolfa014","Kolfa017","Kolfa019","Kolfa020","Kolfa021","Kolfa022","Kolfa025","Kolfa033","Kolfa041","Kolfe003","Kolfe023","LID002","LID005","LID007","LID013","SH009","SH040","SH068","SH081","SH100"],"lines":"A09, AB003, AB026, AB036, AB036(S), AB050, AB058, AB058(S), AB062, AB065, AB066, AB070, AB077, AB087, AB091, AB130, Kolfa008, Kolfa011, Kolfa013, Kolfa014, Kolfa017, Kolfa019, Kolfa020, Kolfa021, Kolfa022, Kolfa025, Kolfa033, Kolfa041, Kolfe003, Kolfe023, LID002, LID005, LID007, LID013, SH009, SH040, SH068, SH081, SH100"},"geometry":{"type":"LineString","coordinates":[[38.708182,8.986799],[38.707995,8.98664]]}},{"type":"Feature","properties":{"mode":"bus","n":41,"arr":["A09","AB003","AB026","AB036","AB036(S)","AB050","AB058","AB058(S)","AB062","AB065","AB066","AB070","AB077","AB087","AB091","AB130","Kolfa008","Kolfa011","Kolfa013","Kolfa014","Kolfa016","Kolfa017","Kolfa019","Kolfa020","Kolfa021","Kolfa022","Kolfa025","Kolfa033","Kolfa036","Kolfa041","Kolfe003","Kolfe023","LID002","LID005","LID007","LID013","SH009","SH040","SH068","SH081","SH100"],"lines":"A09, AB003, AB026, AB036, AB036(S), AB050, AB058, AB058(S), AB062, AB065, AB066, AB070, AB077, AB087, AB091, AB130, Kolfa008, Kolfa011, Kolfa013, Kolfa014, Kolfa016, Kolfa017, Kolfa019, Kolfa020, Kolfa021, Kolfa022, Kolfa025, Kolfa033, Kolfa036, Kolfa041, Kolfe003, Kolfe023, LID002, LID005, LID007, LID013, SH009, SH040, SH068, SH081, SH100"},"geometry":{"type":"LineString","coordinates":[[38.708516,8.987045],[38.708369,8.986958],[38.708182,8.986799]]}},{"type":"Feature","properties":{"mode":"bus","n":7,"arr":["A09","AB036(S)","AB058(S)","AB077","Kolfa008","Kolfa015","Kolfe003"],"lines":"A09, AB036(S), AB058(S), AB077, Kolfa008, Kolfa015, Kolfe003"},"geometry":{"type":"LineString","coordinates":[[38.71762,8.992324],[38.716783,8.992558],[38.716167,8.992657]]}},{"type":"Feature","properties":{"mode":"bus","n":8,"arr":["A09","AB036(S)","AB058(S)","AB077","Kolfa008","Kolfa015","Kolfe003","TX002"],"lines":"A09, AB036(S), AB058(S), AB077, Kolfa008, Kolfa015, Kolfe003, TX002"},"geometry":{"type":"LineString","coordinates":[[38.71773,8.992249],[38.71762,8.992324]]}},{"type":"Feature","properties":{"mode":"bus","n":10,"arr":["A09","AB036(S)","AB058(S)","AB077","Kolfa008","Kolfa015","Kolfe003","KRK003","Lafto010","TX002"],"lines":"A09, AB036(S), AB058(S), AB077, Kolfa008, Kolfa015, Kolfe003, KRK003, Lafto010, TX002"},"geometry":{"type":"LineString","coordinates":[[38.72307,8.988673],[38.722495,8.989079],[38.7188,8.991508],[38.718458,8.991763],[38.71773,8.992249]]}},{"type":"Feature","properties":{"mode":"bus","n":18,"arr":["A09","AB036(S)","AB058(S)","AB077","AB100","ADK016","ARD005","Kolfa008","Kolfa015","Kolfe003","KRK003","Lafto010","Lafto014","Lafto016","Lafto027","Lafto034","SH085","TX002"],"lines":"A09, AB036(S), AB058(S), AB077, AB100, ADK016, ARD005, Kolfa008, Kolfa015, Kolfe003, KRK003, Lafto010, Lafto014, Lafto016, Lafto027, Lafto034, SH085, TX002"},"geometry":{"type":"LineString","coordinates":[[38.723505,8.988843],[38.72316,8.988597]]}},{"type":"Feature","properties":{"mode":"bus","n":19,"arr":["A09","AB005","AB036(S)","AB058(S)","AB077","AB100","ADK016","ARD005","Kolfa008","Kolfa015","Kolfe003","KRK003","Lafto010","Lafto014","Lafto016","Lafto027","Lafto034","SH085","TX002"],"lines":"A09, AB005, AB036(S), AB058(S), AB077, AB100, ADK016, ARD005, Kolfa008, Kolfa015, Kolfe003, KRK003, Lafto010, Lafto014, Lafto016, Lafto027, Lafto034, SH085, TX002"},"geometry":{"type":"LineString","coordinates":[[38.730763,8.997536],[38.730603,8.997295],[38.729873,8.996357],[38.728762,8.995031],[38.728231,8.994363],[38.726678,8.992563],[38.725643,8.991309],[38.723721,8.989052],[38.723505,8.988843]]}},{"type":"Feature","properties":{"mode":"bus","n":12,"arr":["A09","AB005","AB036(S)","AB058(S)","ADK038","ADK044","ARD012","Kal037","Kolfa008","Kolfa015","Kolfe003","Lafto025"],"lines":"A09, AB005, AB036(S), AB058(S), ADK038, ADK044, ARD012, Kal037, Kolfa008, Kolfa015, Kolfe003, Lafto025"},"geometry":{"type":"LineString","coordinates":[[38.739238,8.9967],[38.739208,8.996438],[38.738937,8.995777],[38.738779,8.995325],[38.738732,8.995024]]}},{"type":"Feature","properties":{"mode":"bus","n":14,"arr":["A09","AB036(S)","AB058(S)","ADK022","ADK038","ARD012","Kolfa004","Kolfa009","Kolfa016","Kolfa019","Kolfa031","Lafto018","Lafto030","LID007"],"lines":"A09, AB036(S), AB058(S), ADK022, ADK038, ARD012, Kolfa004, Kolfa009, Kolfa016, Kolfa019, Kolfa031, Lafto018, Lafto030, LID007"},"geometry":{"type":"LineString","coordinates":[[38.744588,9.011454],[38.744594,9.010898],[38.744526,9.010739]]}},{"type":"Feature","properties":{"mode":"bus","n":36,"arr":["A09","AB002","AB003","AB004","AB034","AB036","AB036(S)","AB037","AB050","AB058","AB058(S)","AB062","AB068","AB070","AB071","AB073","AB090","AB092","AB105","AB130","ADK044","B19","Kolfa004","Kolfa009","Kolfa014","Kolfa016","Kolfa019","Kolfa031","Kolfa036","Kolfa037","Lafto042","LID004","LID007","LID009","SH081","SH100"],"lines":"A09, AB002, AB003, AB004, AB034, AB036, AB036(S), AB037, AB050, AB058, AB058(S), AB062, AB068, AB070, AB071, AB073, AB090, AB092, AB105, AB130, ADK044, B19, Kolfa004, Kolfa009, Kolfa014, Kolfa016, Kolfa019, Kolfa031, Kolfa036, Kolfa037, Lafto042, LID004, LID007, LID009, SH081, SH100"},"geometry":{"type":"LineString","coordinates":[[38.742901,9.010586],[38.74384,9.010469],[38.744117,9.010498]]}},{"type":"Feature","properties":{"mode":"bus","n":37,"arr":["A09","AB002","AB003","AB004","AB034","AB036","AB036(S)","AB037","AB050","AB058","AB058(S)","AB062","AB068","AB070","AB071","AB073","AB090","AB092","AB105","AB130","ADK044","B19","Kolfa004","Kolfa009","Kolfa014","Kolfa016","Kolfa019","Kolfa031","Kolfa036","Kolfa037","Lafto042","LID004","LID007","LID009","SH068","SH081","SH100"],"lines":"A09, AB002, AB003, AB004, AB034, AB036, AB036(S), AB037, AB050, AB058, AB058(S), AB062, AB068, AB070, AB071, AB073, AB090, AB092, AB105, AB130, ADK044, B19, Kolfa004, Kolfa009, Kolfa014, Kolfa016, Kolfa019, Kolfa031, Kolfa036, Kolfa037, Lafto042, LID004, LID007, LID009, SH068, SH081, SH100"},"geometry":{"type":"LineString","coordinates":[[38.737493,9.011257],[38.73894,9.01106],[38.740762,9.010838],[38.740893,9.010841],[38.742901,9.010586]]}},{"type":"Feature","properties":{"mode":"bus","n":31,"arr":["A09","AB003","AB004","AB034","AB036","AB036(S)","AB037","AB050","AB058","AB058(S)","AB062","AB068","AB070","AB073","AB090","AB105","AB130","Kolfa004","Kolfa009","Kolfa014","Kolfa016","Kolfa019","Kolfa031","Kolfa036","Kolfa037","LID004","LID007","LID009","SH068","SH081","SH100"],"lines":"A09, AB003, AB004, AB034, AB036, AB036(S), AB037, AB050, AB058, AB058(S), AB062, AB068, AB070, AB073, AB090, AB105, AB130, Kolfa004, Kolfa009, Kolfa014, Kolfa016, Kolfa019, Kolfa031, Kolfa036, Kolfa037, LID004, LID007, LID009, SH068, SH081, SH100"},"geometry":{"type":"LineString","coordinates":[[38.734377,9.01173],[38.734539,9.011649],[38.734966,9.011574],[38.737493,9.011257]]}},{"type":"Feature","properties":{"mode":"bus","n":59,"arr":["A09","AB003","AB026","AB036","AB036(S)","AB037","AB050","AB051","AB058","AB058(S)","AB059","AB062","AB065","AB066","AB068","AB070","AB073","AB090","AB091","AB105","AB123","AB130","ADK011","ADK028","ADK043","ARD006","Kolfa001","Kolfa004","Kolfa009","Kolfa011","Kolfa012","Kolfa013","Kolfa014","Kolfa016","Kolfa017","Kolfa019","Kolfa020","Kolfa021","Kolfa026","Kolfa031","Kolfa033","Kolfa034","Kolfa036","Kolfa037","Kolfa041","Kolfe035","LID002","LID003","LID004","LID007","LID009","LID013","SH009","SH010","SH040","SH068","SH071","SH081","SH100"],"lines":"A09, AB003, AB026, AB036, AB036(S), AB037, AB050, AB051, AB058, AB058(S), AB059, AB062, AB065, AB066, AB068, AB070, AB073, AB090, AB091, AB105, AB123, AB130, ADK011, ADK028, ADK043, ARD006, Kolfa001, Kolfa004, Kolfa009, Kolfa011, Kolfa012, Kolfa013, Kolfa014, Kolfa016, Kolfa017, Kolfa019, Kolfa020, Kolfa021, Kolfa026, Kolfa031, Kolfa033, Kolfa034, Kolfa036, Kolfa037, Kolfa041, Kolfe035, LID002, LID003, LID004, LID007, LID009, LID013, SH009, SH010, SH040, SH068, SH071, SH081, SH100"},"geometry":{"type":"LineString","coordinates":[[38.722232,9.011783],[38.724083,9.0109],[38.724582,9.010725],[38.724818,9.010698],[38.725016,9.010708],[38.725349,9.01078],[38.725574,9.01086],[38.725827,9.010992],[38.727012,9.011862],[38.727418,9.012072],[38.727745,9.01218],[38.727833,9.012191],[38.728146,9.012215],[38.728551,9.012212]]}},{"type":"Feature","properties":{"mode":"bus","n":56,"arr":["A09","AB003","AB026","AB036","AB036(S)","AB037","AB050","AB051","AB058","AB058(S)","AB059","AB062","AB065","AB066","AB068","AB070","AB073","AB090","AB091","AB105","AB123","AB130","ADK011","ADK028","ADK043","ARD006","Kolfa001","Kolfa004","Kolfa009","Kolfa011","Kolfa012","Kolfa013","Kolfa014","Kolfa016","Kolfa017","Kolfa019","Kolfa020","Kolfa021","Kolfa026","Kolfa031","Kolfa033","Kolfa034","Kolfa036","Kolfa037","Kolfa041","Kolfe035","LID002","LID007","LID013","SH009","SH010","SH040","SH068","SH071","SH081","SH100"],"lines":"A09, AB003, AB026, AB036, AB036(S), AB037, AB050, AB051, AB058, AB058(S), AB059, AB062, AB065, AB066, AB068, AB070, AB073, AB090, AB091, AB105, AB123, AB130, ADK011, ADK028, ADK043, ARD006, Kolfa001, Kolfa004, Kolfa009, Kolfa011, Kolfa012, Kolfa013, Kolfa014, Kolfa016, Kolfa017, Kolfa019, Kolfa020, Kolfa021, Kolfa026, Kolfa031, Kolfa033, Kolfa034, Kolfa036, Kolfa037, Kolfa041, Kolfe035, LID002, LID007, LID013, SH009, SH010, SH040, SH068, SH071, SH081, SH100"},"geometry":{"type":"LineString","coordinates":[[38.721684,9.011932],[38.722232,9.011783]]}},{"type":"Feature","properties":{"mode":"bus","n":55,"arr":["A09","AB003","AB026","AB036","AB036(S)","AB037","AB050","AB051","AB058","AB058(S)","AB059","AB062","AB065","AB066","AB070","AB073","AB090","AB091","AB105","AB123","AB130","ADK011","ADK028","ADK043","ARD006","Kolfa001","Kolfa004","Kolfa009","Kolfa011","Kolfa012","Kolfa013","Kolfa014","Kolfa016","Kolfa017","Kolfa019","Kolfa020","Kolfa021","Kolfa026","Kolfa031","Kolfa033","Kolfa034","Kolfa036","Kolfa037","Kolfa041","Kolfe035","LID002","LID007","LID013","SH009","SH010","SH040","SH068","SH071","SH081","SH100"],"lines":"A09, AB003, AB026, AB036, AB036(S), AB037, AB050, AB051, AB058, AB058(S), AB059, AB062, AB065, AB066, AB070, AB073, AB090, AB091, AB105, AB123, AB130, ADK011, ADK028, ADK043, ARD006, Kolfa001, Kolfa004, Kolfa009, Kolfa011, Kolfa012, Kolfa013, Kolfa014, Kolfa016, Kolfa017, Kolfa019, Kolfa020, Kolfa021, Kolfa026, Kolfa031, Kolfa033, Kolfa034, Kolfa036, Kolfa037, Kolfa041, Kolfe035, LID002, LID007, LID013, SH009, SH010, SH040, SH068, SH071, SH081, SH100"},"geometry":{"type":"LineString","coordinates":[[38.721633,9.011942],[38.721684,9.011932]]}},{"type":"Feature","properties":{"mode":"bus","n":43,"arr":["A09","AB003","AB026","AB036","AB036(S)","AB050","AB051","AB058","AB058(S)","AB059","AB062","AB065","AB066","AB070","AB087","AB090","AB091","AB130","Kolfa011","Kolfa013","Kolfa014","Kolfa016","Kolfa017","Kolfa019","Kolfa020","Kolfa021","Kolfa022","Kolfa025","Kolfa031","Kolfa033","Kolfa036","Kolfa038","Kolfa041","Kolfe023","LID002","LID007","LID013","SH009","SH040","SH068","SH071","SH081","SH100"],"lines":"A09, AB003, AB026, AB036, AB036(S), AB050, AB051, AB058, AB058(S), AB059, AB062, AB065, AB066, AB070, AB087, AB090, AB091, AB130, Kolfa011, Kolfa013, Kolfa014, Kolfa016, Kolfa017, Kolfa019, Kolfa020, Kolfa021, Kolfa022, Kolfa025, Kolfa031, Kolfa033, Kolfa036, Kolfa038, Kolfa041, Kolfe023, LID002, LID007, LID013, SH009, SH040, SH068, SH071, SH081, SH100"},"geometry":{"type":"LineString","coordinates":[[38.721226,9.01154],[38.721257,9.011439],[38.721221,9.011311],[38.721064,9.010955],[38.720973,9.01081],[38.720829,9.010659],[38.720641,9.010511]]}},{"type":"Feature","properties":{"mode":"bus","n":44,"arr":["A09","AB003","AB026","AB036","AB036(S)","AB050","AB051","AB058","AB058(S)","AB059","AB062","AB065","AB066","AB070","AB087","AB090","AB091","AB130","Kolfa011","Kolfa013","Kolfa014","Kolfa016","Kolfa017","Kolfa019","Kolfa020","Kolfa021","Kolfa022","Kolfa025","Kolfa031","Kolfa033","Kolfa036","Kolfa038","Kolfa041","Kolfe023","LID002","LID005","LID007","LID013","SH009","SH040","SH068","SH071","SH081","SH100"],"lines":"A09, AB003, AB026, AB036, AB036(S), AB050, AB051, AB058, AB058(S), AB059, AB062, AB065, AB066, AB070, AB087, AB090, AB091, AB130, Kolfa011, Kolfa013, Kolfa014, Kolfa016, Kolfa017, Kolfa019, Kolfa020, Kolfa021, Kolfa022, Kolfa025, Kolfa031, Kolfa033, Kolfa036, Kolfa038, Kolfa041, Kolfe023, LID002, LID005, LID007, LID013, SH009, SH040, SH068, SH071, SH081, SH100"},"geometry":{"type":"LineString","coordinates":[[38.720641,9.010511],[38.719134,9.007443]]}},{"type":"Feature","properties":{"mode":"bus","n":40,"arr":["A09","AB003","AB026","AB036","AB036(S)","AB050","AB051","AB058","AB058(S)","AB059","AB062","AB065","AB070","AB087","AB090","AB130","Kolfa011","Kolfa013","Kolfa014","Kolfa016","Kolfa017","Kolfa019","Kolfa020","Kolfa021","Kolfa022","Kolfa025","Kolfa031","Kolfa033","Kolfa036","Kolfa038","Kolfa041","Kolfe023","LID002","LID005","LID007","LID013","SH068","SH071","SH081","SH100"],"lines":"A09, AB003, AB026, AB036, AB036(S), AB050, AB051, AB058, AB058(S), AB059, AB062, AB065, AB070, AB087, AB090, AB130, Kolfa011, Kolfa013, Kolfa014, Kolfa016, Kolfa017, Kolfa019, Kolfa020, Kolfa021, Kolfa022, Kolfa025, Kolfa031, Kolfa033, Kolfa036, Kolfa038, Kolfa041, Kolfe023, LID002, LID005, LID007, LID013, SH068, SH071, SH081, SH100"},"geometry":{"type":"LineString","coordinates":[[38.719134,9.007443],[38.718865,9.006906],[38.718685,9.006446],[38.718592,9.005781]]}},{"type":"Feature","properties":{"mode":"bus","n":39,"arr":["A09","AB003","AB026","AB036","AB036(S)","AB050","AB051","AB058","AB058(S)","AB059","AB062","AB065","AB070","AB087","AB090","AB130","Kolfa011","Kolfa013","Kolfa014","Kolfa016","Kolfa017","Kolfa019","Kolfa020","Kolfa021","Kolfa022","Kolfa025","Kolfa033","Kolfa036","Kolfa038","Kolfa041","Kolfe023","LID002","LID005","LID007","LID013","SH068","SH071","SH081","SH100"],"lines":"A09, AB003, AB026, AB036, AB036(S), AB050, AB051, AB058, AB058(S), AB059, AB062, AB065, AB070, AB087, AB090, AB130, Kolfa011, Kolfa013, Kolfa014, Kolfa016, Kolfa017, Kolfa019, Kolfa020, Kolfa021, Kolfa022, Kolfa025, Kolfa033, Kolfa036, Kolfa038, Kolfa041, Kolfe023, LID002, LID005, LID007, LID013, SH068, SH071, SH081, SH100"},"geometry":{"type":"LineString","coordinates":[[38.718592,9.005781],[38.718603,9.005089],[38.718712,9.003465],[38.718747,9.002004],[38.718873,9.000165],[38.718852,8.999541],[38.718588,8.997895],[38.718209,8.995768],[38.718062,8.99522],[38.717997,8.995048],[38.717657,8.99434],[38.717447,8.993846],[38.717463,8.993717]]}},{"type":"Feature","properties":{"mode":"bus","n":43,"arr":["A09","AB003","AB026","AB036","AB036(S)","AB050","AB051","AB058","AB058(S)","AB059","AB062","AB065","AB066","AB070","AB087","AB090","AB091","AB130","Kolfa011","Kolfa013","Kolfa014","Kolfa016","Kolfa017","Kolfa019","Kolfa020","Kolfa021","Kolfa022","Kolfa025","Kolfa033","Kolfa036","Kolfa038","Kolfa041","Kolfe023","LID002","LID005","LID007","LID013","SH009","SH040","SH068","SH071","SH081","SH100"],"lines":"A09, AB003, AB026, AB036, AB036(S), AB050, AB051, AB058, AB058(S), AB059, AB062, AB065, AB066, AB070, AB087, AB090, AB091, AB130, Kolfa011, Kolfa013, Kolfa014, Kolfa016, Kolfa017, Kolfa019, Kolfa020, Kolfa021, Kolfa022, Kolfa025, Kolfa033, Kolfa036, Kolfa038, Kolfa041, Kolfe023, LID002, LID005, LID007, LID013, SH009, SH040, SH068, SH071, SH081, SH100"},"geometry":{"type":"LineString","coordinates":[[38.717463,8.993717],[38.717408,8.993602]]}},{"type":"Feature","properties":{"mode":"bus","n":37,"arr":["A09","AB003","AB026","AB036","AB036(S)","AB050","AB051","AB058(S)","AB059","AB062","AB065","AB066","AB087","AB091","AB130","Kolfa011","Kolfa013","Kolfa014","Kolfa016","Kolfa017","Kolfa019","Kolfa020","Kolfa021","Kolfa025","Kolfa033","Kolfa036","Kolfa041","Kolfe023","LID002","LID005","LID007","LID013","SH040","SH068","SH071","SH081","SH100"],"lines":"A09, AB003, AB026, AB036, AB036(S), AB050, AB051, AB058(S), AB059, AB062, AB065, AB066, AB087, AB091, AB130, Kolfa011, Kolfa013, Kolfa014, Kolfa016, Kolfa017, Kolfa019, Kolfa020, Kolfa021, Kolfa025, Kolfa033, Kolfa036, Kolfa041, Kolfe023, LID002, LID005, LID007, LID013, SH040, SH068, SH071, SH081, SH100"},"geometry":{"type":"LineString","coordinates":[[38.717408,8.993602],[38.717052,8.993212],[38.716751,8.992996],[38.716583,8.99292],[38.71604,8.992761]]}},{"type":"Feature","properties":{"mode":"bus","n":7,"arr":["A09","AB051","AB058(S)","AB059","AB090","Kolfa038","SH071"],"lines":"A09, AB051, AB058(S), AB059, AB090, Kolfa038, SH071"},"geometry":{"type":"LineString","coordinates":[[38.708684,8.987467],[38.70859,8.987454],[38.708375,8.987484]]}},{"type":"Feature","properties":{"mode":"bus","n":8,"arr":["A09","AB051","AB058(S)","AB059","AB090","Kolfa015","Kolfa038","SH071"],"lines":"A09, AB051, AB058(S), AB059, AB090, Kolfa015, Kolfa038, SH071"},"geometry":{"type":"LineString","coordinates":[[38.708036,8.987701],[38.708375,8.987484]]}},{"type":"Feature","properties":{"mode":"bus","n":8,"arr":["A09","AB051","AB058(S)","AB059","AB090","Kolfa015","Kolfa038","SH071"],"lines":"A09, AB051, AB058(S), AB059, AB090, Kolfa015, Kolfa038, SH071"},"geometry":{"type":"LineString","coordinates":[[38.708397,8.987259],[38.708291,8.987426],[38.707953,8.987666],[38.707937,8.987739],[38.70796,8.988022]]}},{"type":"Feature","properties":{"mode":"bus","n":38,"arr":["A09","AB003","AB026","AB036","AB036(S)","AB050","AB058","AB058(S)","AB062","AB065","AB066","AB070","AB077","AB087","AB091","AB130","Kolfa008","Kolfa011","Kolfa013","Kolfa017","Kolfa019","Kolfa020","Kolfa021","Kolfa022","Kolfa025","Kolfa033","Kolfa041","Kolfe003","Kolfe023","LID002","LID005","LID007","LID013","SH009","SH040","SH068","SH081","SH100"],"lines":"A09, AB003, AB026, AB036, AB036(S), AB050, AB058, AB058(S), AB062, AB065, AB066, AB070, AB077, AB087, AB091, AB130, Kolfa008, Kolfa011, Kolfa013, Kolfa017, Kolfa019, Kolfa020, Kolfa021, Kolfa022, Kolfa025, Kolfa033, Kolfa041, Kolfe003, Kolfe023, LID002, LID005, LID007, LID013, SH009, SH040, SH068, SH081, SH100"},"geometry":{"type":"LineString","coordinates":[[38.705356,8.985321],[38.707566,8.986469],[38.707829,8.986638],[38.708194,8.986939],[38.70838,8.987174]]}},{"type":"Feature","properties":{"mode":"bus","n":37,"arr":["A09","AB003","AB026","AB036","AB036(S)","AB050","AB058","AB058(S)","AB062","AB065","AB066","AB070","AB077","AB087","AB091","AB130","Kolfa008","Kolfa011","Kolfa013","Kolfa019","Kolfa020","Kolfa021","Kolfa022","Kolfa025","Kolfa033","Kolfa041","Kolfe003","Kolfe023","LID002","LID005","LID007","LID013","SH009","SH040","SH068","SH081","SH100"],"lines":"A09, AB003, AB026, AB036, AB036(S), AB050, AB058, AB058(S), AB062, AB065, AB066, AB070, AB077, AB087, AB091, AB130, Kolfa008, Kolfa011, Kolfa013, Kolfa019, Kolfa020, Kolfa021, Kolfa022, Kolfa025, Kolfa033, Kolfa041, Kolfe003, Kolfe023, LID002, LID005, LID007, LID013, SH009, SH040, SH068, SH081, SH100"},"geometry":{"type":"LineString","coordinates":[[38.705304,8.985295],[38.705356,8.985321]]}},{"type":"Feature","properties":{"mode":"bus","n":36,"arr":["A09","AB003","AB026","AB036","AB036(S)","AB050","AB058","AB058(S)","AB062","AB065","AB066","AB070","AB077","AB091","AB130","Kolfa008","Kolfa011","Kolfa013","Kolfa019","Kolfa020","Kolfa021","Kolfa022","Kolfa025","Kolfa033","Kolfa041","Kolfe003","Kolfe023","LID002","LID005","LID007","LID013","SH009","SH040","SH068","SH081","SH100"],"lines":"A09, AB003, AB026, AB036, AB036(S), AB050, AB058, AB058(S), AB062, AB065, AB066, AB070, AB077, AB091, AB130, Kolfa008, Kolfa011, Kolfa013, Kolfa019, Kolfa020, Kolfa021, Kolfa022, Kolfa025, Kolfa033, Kolfa041, Kolfe003, Kolfe023, LID002, LID005, LID007, LID013, SH009, SH040, SH068, SH081, SH100"},"geometry":{"type":"LineString","coordinates":[[38.698226,8.9831],[38.703198,8.984273],[38.703581,8.984407],[38.704093,8.984642],[38.705304,8.985295]]}},{"type":"Feature","properties":{"mode":"bus","n":32,"arr":["A09","AB003","AB026","AB036","AB036(S)","AB050","AB058","AB058(S)","AB062","AB065","AB066","AB070","AB077","AB091","AB130","Kolfa013","Kolfa019","Kolfa020","Kolfa021","Kolfa022","Kolfa025","Kolfa033","Kolfa041","Kolfe003","LID002","LID005","LID007","LID013","SH040","SH068","SH081","SH100"],"lines":"A09, AB003, AB026, AB036, AB036(S), AB050, AB058, AB058(S), AB062, AB065, AB066, AB070, AB077, AB091, AB130, Kolfa013, Kolfa019, Kolfa020, Kolfa021, Kolfa022, Kolfa025, Kolfa033, Kolfa041, Kolfe003, LID002, LID005, LID007, LID013, SH040, SH068, SH081, SH100"},"geometry":{"type":"LineString","coordinates":[[38.697184,8.982918],[38.698226,8.9831]]}},{"type":"Feature","properties":{"mode":"bus","n":12,"arr":["A09","AB003","AB058","AB058(S)","AB065","AB070","AB077","AB130","Kal001","Kolfe003","Lafto020","SH081"],"lines":"A09, AB003, AB058, AB058(S), AB065, AB070, AB077, AB130, Kal001, Kolfe003, Lafto020, SH081"},"geometry":{"type":"LineString","coordinates":[[38.697025,8.983104],[38.697184,8.982918]]}},{"type":"Feature","properties":{"mode":"bus","n":7,"arr":["A09","AB003","AB058","AB058(S)","AB065","Kolfe003","Lafto020"],"lines":"A09, AB003, AB058, AB058(S), AB065, Kolfe003, Lafto020"},"geometry":{"type":"LineString","coordinates":[[38.696754,8.983397],[38.697025,8.983104]]}},{"type":"Feature","properties":{"mode":"bus","n":7,"arr":["A09","AB058","AB058(S)","AB065","AB099","Kolfe003","Lafto020"],"lines":"A09, AB058, AB058(S), AB065, AB099, Kolfe003, Lafto020"},"geometry":{"type":"LineString","coordinates":[[38.696352,8.983799],[38.696754,8.983397]]}},{"type":"Feature","properties":{"mode":"bus","n":11,"arr":["A09","AB058","AB058(S)","AB065","AB086","AB099","Kal001","Kolfe003","Kolfe042","Lafto020","SH069"],"lines":"A09, AB058, AB058(S), AB065, AB086, AB099, Kal001, Kolfe003, Kolfe042, Lafto020, SH069"},"geometry":{"type":"LineString","coordinates":[[38.696247,8.9839],[38.696352,8.983799]]}},{"type":"Feature","properties":{"mode":"bus","n":6,"arr":["A09","AB058","AB058(S)","AB065","Lafto020","SH010"],"lines":"A09, AB058, AB058(S), AB065, Lafto020, SH010"},"geometry":{"type":"LineString","coordinates":[[38.677641,9.001028],[38.677669,9.000987]]}},{"type":"Feature","properties":{"mode":"bus","n":6,"arr":["A10","AB092","AB117","Kal037","Lafto003","SH074"],"lines":"A10, AB092, AB117, Kal037, Lafto003, SH074"},"geometry":{"type":"LineString","coordinates":[[38.73254,8.952458],[38.732622,8.952305],[38.732713,8.952029],[38.733145,8.950615],[38.733304,8.950023],[38.733326,8.949881],[38.733313,8.949766]]}},{"type":"Feature","properties":{"mode":"bus","n":15,"arr":["A10","AB086","AB092","AB106","AB117","AB121","ADK012","B40","Kal001","Kal037","Lafto003","Lafto006","Lafto007","Lafto031","SH074"],"lines":"A10, AB086, AB092, AB106, AB117, AB121, ADK012, B40, Kal001, Kal037, Lafto003, Lafto006, Lafto007, Lafto031, SH074"},"geometry":{"type":"LineString","coordinates":[[38.733055,8.962848],[38.733105,8.962487],[38.733099,8.962322],[38.732865,8.958843],[38.732748,8.956647],[38.732721,8.955768],[38.73263,8.954796],[38.732553,8.954595]]}},{"type":"Feature","properties":{"mode":"bus","n":11,"arr":["A10","AB027","AB092","AB117","ADK012","B40","Kal037","Lafto006","Lafto007","Lafto031","SH074"],"lines":"A10, AB027, AB092, AB117, ADK012, B40, Kal037, Lafto006, Lafto007, Lafto031, SH074"},"geometry":{"type":"LineString","coordinates":[[38.732421,8.9524],[38.732458,8.952029],[38.732901,8.950516],[38.733117,8.94986],[38.733206,8.94975]]}},{"type":"Feature","properties":{"mode":"bus","n":11,"arr":["A10","AB106","AB107","AB121","Kal001","Lafto002","Lafto003","Lafto009","Lafto026","SH022","SH074"],"lines":"A10, AB106, AB107, AB121, Kal001, Lafto002, Lafto003, Lafto009, Lafto026, SH022, SH074"},"geometry":{"type":"LineString","coordinates":[[38.733926,8.947373],[38.734888,8.944237],[38.735057,8.943462],[38.735145,8.942781],[38.735128,8.941843],[38.735009,8.940914],[38.734891,8.940359]]}},{"type":"Feature","properties":{"mode":"bus","n":10,"arr":["A10","AB106","AB121","Kal001","Lafto002","Lafto003","Lafto009","Lafto026","SH022","SH074"],"lines":"A10, AB106, AB121, Kal001, Lafto002, Lafto003, Lafto009, Lafto026, SH022, SH074"},"geometry":{"type":"LineString","coordinates":[[38.734891,8.940359],[38.734722,8.939838]]}},{"type":"Feature","properties":{"mode":"bus","n":9,"arr":["A18","AB067","AB078","AB100","AB103","Lafto015","Lafto019","SH069","SH075"],"lines":"A18, AB067, AB078, AB100, AB103, Lafto015, Lafto019, SH069, SH075"},"geometry":{"type":"LineString","coordinates":[[38.698528,8.955634],[38.698837,8.955862],[38.69984,8.956501],[38.700373,8.956761],[38.701601,8.957242],[38.702413,8.957499],[38.709785,8.959616],[38.711891,8.96027],[38.712427,8.960415]]}},{"type":"Feature","properties":{"mode":"bus","n":9,"arr":["A18","AB067","AB078","AB100","AB103","Lafto015","Lafto019","SH069","SH075"],"lines":"A18, AB067, AB078, AB100, AB103, Lafto015, Lafto019, SH069, SH075"},"geometry":{"type":"LineString","coordinates":[[38.712383,8.960613],[38.710332,8.959999],[38.709172,8.959701],[38.706807,8.958985],[38.703777,8.958099],[38.702079,8.95763],[38.701393,8.957413],[38.700439,8.957028],[38.699682,8.956637],[38.699282,8.956391]]}},{"type":"Feature","properties":{"mode":"bus","n":17,"arr":["A18","AB067","AB078","AB100","AB103","ADK016","ARD005","Kolfa007","Lafto014","Lafto016","Lafto019","Lafto027","Lafto034","SH069","SH075","SH085","SH105"],"lines":"A18, AB067, AB078, AB100, AB103, ADK016, ARD005, Kolfa007, Lafto014, Lafto016, Lafto019, Lafto027, Lafto034, SH069, SH075, SH085, SH105"},"geometry":{"type":"LineString","coordinates":[[38.721915,8.968879],[38.721854,8.968762]]}},{"type":"Feature","properties":{"mode":"bus","n":16,"arr":["A18","AB067","AB078","AB086","AB103","B40","Kal001","Kolfa006","Lafto002","Lafto003","Lafto019","Lafto020","Lafto021","Lafto031","SH075","SH105"],"lines":"A18, AB067, AB078, AB086, AB103, B40, Kal001, Kolfa006, Lafto002, Lafto003, Lafto019, Lafto020, Lafto021, Lafto031, SH075, SH105"},"geometry":{"type":"LineString","coordinates":[[38.72263,8.968432],[38.721915,8.968879]]}},{"type":"Feature","properties":{"mode":"bus","n":11,"arr":["A18","AB004","AB034","AB092","AB107","ADK038","ADK044","ARD012","Lafto025","SH075","SH105"],"lines":"A18, AB004, AB034, AB092, AB107, ADK038, ADK044, ARD012, Lafto025, SH075, SH105"},"geometry":{"type":"LineString","coordinates":[[38.744019,9.008867],[38.744233,9.009356],[38.744252,9.009454],[38.744234,9.009655],[38.744249,9.009819],[38.744304,9.010019]]}},{"type":"Feature","properties":{"mode":"bus","n":19,"arr":["A18","AB003","AB005","AB036","AB037","AB058","AB062","AB070","AB071","AB073","AB090","AB103","AB105","AB107","Kolfa014","Lafto017","Lafto025","SH100","SH105"],"lines":"A18, AB003, AB005, AB036, AB037, AB058, AB062, AB070, AB071, AB073, AB090, AB103, AB105, AB107, Kolfa014, Lafto017, Lafto025, SH100, SH105"},"geometry":{"type":"LineString","coordinates":[[38.744847,9.010612],[38.744976,9.010722],[38.746128,9.011492]]}},{"type":"Feature","properties":{"mode":"bus","n":27,"arr":["A18","AB003","AB005","AB006","AB036","AB037","AB058","AB062","AB070","AB071","AB073","AB090","AB103","AB104","AB105","AB107","ADK024","ADK047","ADK048","C15","C50","Kolfa014","KRK016","Lafto017","Lafto025","SH100","SH105"],"lines":"A18, AB003, AB005, AB006, AB036, AB037, AB058, AB062, AB070, AB071, AB073, AB090, AB103, AB104, AB105, AB107, ADK024, ADK047, ADK048, C15, C50, Kolfa014, KRK016, Lafto017, Lafto025, SH100, SH105"},"geometry":{"type":"LineString","coordinates":[[38.746128,9.011492],[38.746255,9.01158]]}},{"type":"Feature","properties":{"mode":"bus","n":28,"arr":["A18","AB003","AB005","AB006","AB036","AB037","AB058","AB062","AB070","AB071","AB073","AB090","AB103","AB104","AB105","AB107","ADK024","ADK047","ADK048","C15","C50","Gl011","Kolfa014","KRK016","Lafto017","Lafto025","SH100","SH105"],"lines":"A18, AB003, AB005, AB006, AB036, AB037, AB058, AB062, AB070, AB071, AB073, AB090, AB103, AB104, AB105, AB107, ADK024, ADK047, ADK048, C15, C50, Gl011, Kolfa014, KRK016, Lafto017, Lafto025, SH100, SH105"},"geometry":{"type":"LineString","coordinates":[[38.746255,9.01158],[38.747715,9.012578]]}},{"type":"Feature","properties":{"mode":"bus","n":32,"arr":["A18","AB003","AB005","AB006","AB036","AB037","AB058","AB062","AB070","AB071","AB073","AB090","AB103","AB104","AB105","AB107","AB127","AB128","ADK024","ADK047","ADK048","C15","C50","Gl011","Kolfa014","KRK016","Lafto017","Lafto025","SH067","SH070","SH100","SH105"],"lines":"A18, AB003, AB005, AB006, AB036, AB037, AB058, AB062, AB070, AB071, AB073, AB090, AB103, AB104, AB105, AB107, AB127, AB128, ADK024, ADK047, ADK048, C15, C50, Gl011, Kolfa014, KRK016, Lafto017, Lafto025, SH067, SH070, SH100, SH105"},"geometry":{"type":"LineString","coordinates":[[38.747715,9.012578],[38.748495,9.013104]]}},{"type":"Feature","properties":{"mode":"bus","n":31,"arr":["A18","AB003","AB005","AB006","AB036","AB037","AB058","AB062","AB070","AB071","AB073","AB090","AB103","AB104","AB105","AB107","AB128","ADK024","ADK047","ADK048","C15","C50","Gl011","Kolfa014","KRK016","Lafto017","Lafto025","SH067","SH070","SH100","SH105"],"lines":"A18, AB003, AB005, AB006, AB036, AB037, AB058, AB062, AB070, AB071, AB073, AB090, AB103, AB104, AB105, AB107, AB128, ADK024, ADK047, ADK048, C15, C50, Gl011, Kolfa014, KRK016, Lafto017, Lafto025, SH067, SH070, SH100, SH105"},"geometry":{"type":"LineString","coordinates":[[38.748495,9.013104],[38.748565,9.01316]]}},{"type":"Feature","properties":{"mode":"bus","n":28,"arr":["A18","AB003","AB005","AB006","AB036","AB037","AB058","AB062","AB070","AB071","AB073","AB090","AB103","AB104","AB105","AB107","AB128","C15","C50","Gl011","Kolfa014","KRK016","Lafto017","Lafto025","SH067","SH070","SH100","SH105"],"lines":"A18, AB003, AB005, AB006, AB036, AB037, AB058, AB062, AB070, AB071, AB073, AB090, AB103, AB104, AB105, AB107, AB128, C15, C50, Gl011, Kolfa014, KRK016, Lafto017, Lafto025, SH067, SH070, SH100, SH105"},"geometry":{"type":"LineString","coordinates":[[38.748565,9.01316],[38.750002,9.014141],[38.750413,9.014387],[38.750712,9.014637],[38.751072,9.01505],[38.751606,9.015912],[38.752009,9.016672],[38.75228,9.017073],[38.752541,9.017134]]}},{"type":"Feature","properties":{"mode":"bus","n":25,"arr":["A18","AB003","AB005","AB006","AB037","AB070","AB071","AB073","AB103","AB104","AB107","AB128","ADK020","ADK021","C15","C50","Gl011","Kolfa014","KRK016","Lafto017","Lafto025","SH067","SH070","SH100","SH105"],"lines":"A18, AB003, AB005, AB006, AB037, AB070, AB071, AB073, AB103, AB104, AB107, AB128, ADK020, ADK021, C15, C50, Gl011, Kolfa014, KRK016, Lafto017, Lafto025, SH067, SH070, SH100, SH105"},"geometry":{"type":"LineString","coordinates":[[38.752541,9.017134],[38.75264,9.017148]]}},{"type":"Feature","properties":{"mode":"bus","n":29,"arr":["A18","AB003","AB005","AB006","AB036","AB037","AB045","AB058","AB062","AB067","AB090","AB103","AB104","AB105","AB107","ADK015","C15","C50","Gl011","Kal012","Kal032","Kal035","Kolfa014","KRK006","KRK016","Lafto017","Lafto025","SH100","SH105"],"lines":"A18, AB003, AB005, AB006, AB036, AB037, AB045, AB058, AB062, AB067, AB090, AB103, AB104, AB105, AB107, ADK015, C15, C50, Gl011, Kal012, Kal032, Kal035, Kolfa014, KRK006, KRK016, Lafto017, Lafto025, SH100, SH105"},"geometry":{"type":"LineString","coordinates":[[38.752626,9.017287],[38.75264,9.017148]]}},{"type":"Feature","properties":{"mode":"bus","n":20,"arr":["A18","AB003","AB005","AB006","AB037","AB045","AB103","AB104","AB107","C15","C50","Gl011","Kal035","Kolfa014","KRK006","KRK016","Lafto017","Lafto025","SH100","SH105"],"lines":"A18, AB003, AB005, AB006, AB037, AB045, AB103, AB104, AB107, C15, C50, Gl011, Kal035, Kolfa014, KRK006, KRK016, Lafto017, Lafto025, SH100, SH105"},"geometry":{"type":"LineString","coordinates":[[38.752403,9.019277],[38.752626,9.017287]]}},{"type":"Feature","properties":{"mode":"bus","n":22,"arr":["A18","AB003","AB005","AB006","AB037","AB045","AB103","AB104","AB107","ARD002","ARD004","ARD008","C15","C50","Gl011","Kal035","Kolfa014","KRK016","Lafto017","Lafto025","SH100","SH105"],"lines":"A18, AB003, AB005, AB006, AB037, AB045, AB103, AB104, AB107, ARD002, ARD004, ARD008, C15, C50, Gl011, Kal035, Kolfa014, KRK016, Lafto017, Lafto025, SH100, SH105"},"geometry":{"type":"LineString","coordinates":[[38.752349,9.019722],[38.752403,9.019277]]}},{"type":"Feature","properties":{"mode":"bus","n":30,"arr":["A18","AB003","AB005","AB006","AB014","AB037","AB045","AB048","AB103","AB104","AB107","ARD002","ARD004","ARD008","ARD016","Bole018","Bole019","C15","C50","Gl011","Kal035","Kolfa014","KRK016","Lafto017","Lafto025","SH016","SH079","SH099","SH100","SH105"],"lines":"A18, AB003, AB005, AB006, AB014, AB037, AB045, AB048, AB103, AB104, AB107, ARD002, ARD004, ARD008, ARD016, Bole018, Bole019, C15, C50, Gl011, Kal035, Kolfa014, KRK016, Lafto017, Lafto025, SH016, SH079, SH099, SH100, SH105"},"geometry":{"type":"LineString","coordinates":[[38.75222,9.021359],[38.752349,9.019722]]}},{"type":"Feature","properties":{"mode":"bus","n":33,"arr":["A18","AB003","AB005","AB006","AB014","AB037","AB045","AB048","AB103","AB104","AB107","ARD002","ARD004","ARD005","ARD008","ARD012","ARD016","Bole018","Bole019","C15","C50","Gl011","Kal035","Kolfa014","KRK016","Lafto014","Lafto017","Lafto025","SH016","SH079","SH099","SH100","SH105"],"lines":"A18, AB003, AB005, AB006, AB014, AB037, AB045, AB048, AB103, AB104, AB107, ARD002, ARD004, ARD005, ARD008, ARD012, ARD016, Bole018, Bole019, C15, C50, Gl011, Kal035, Kolfa014, KRK016, Lafto014, Lafto017, Lafto025, SH016, SH079, SH099, SH100, SH105"},"geometry":{"type":"LineString","coordinates":[[38.75221,9.021444],[38.75222,9.021359]]}},{"type":"Feature","properties":{"mode":"bus","n":33,"arr":["A18","AB003","AB005","AB006","AB014","AB037","AB045","AB048","AB103","AB104","AB107","ARD002","ARD004","ARD005","ARD006","ARD008","ARD012","ARD016","Bole018","Bole019","C15","C50","Kolfa014","KRK016","Lafto014","Lafto017","Lafto025","LID003","SH016","SH079","SH099","SH100","SH105"],"lines":"A18, AB003, AB005, AB006, AB014, AB037, AB045, AB048, AB103, AB104, AB107, ARD002, ARD004, ARD005, ARD006, ARD008, ARD012, ARD016, Bole018, Bole019, C15, C50, Kolfa014, KRK016, Lafto014, Lafto017, Lafto025, LID003, SH016, SH079, SH099, SH100, SH105"},"geometry":{"type":"LineString","coordinates":[[38.751701,9.027293],[38.751619,9.028414],[38.751509,9.029287],[38.751396,9.030474]]}},{"type":"Feature","properties":{"mode":"bus","n":32,"arr":["A18","AB003","AB005","AB006","AB014","AB037","AB045","AB103","AB104","AB107","ARD002","ARD004","ARD005","ARD006","ARD008","ARD012","ARD016","Bole018","Bole019","C15","C50","Kolfa014","KRK016","Lafto014","Lafto017","Lafto025","LID003","SH016","SH079","SH099","SH100","SH105"],"lines":"A18, AB003, AB005, AB006, AB014, AB037, AB045, AB103, AB104, AB107, ARD002, ARD004, ARD005, ARD006, ARD008, ARD012, ARD016, Bole018, Bole019, C15, C50, Kolfa014, KRK016, Lafto014, Lafto017, Lafto025, LID003, SH016, SH079, SH099, SH100, SH105"},"geometry":{"type":"LineString","coordinates":[[38.751396,9.030474],[38.751329,9.031491],[38.751242,9.032382],[38.751278,9.032491],[38.751311,9.032517],[38.751755,9.032577]]}},{"type":"Feature","properties":{"mode":"bus","n":35,"arr":["A18","AB003","AB005","AB006","AB014","AB037","AB041","AB045","AB103","AB104","AB107","ARD002","ARD004","ARD005","ARD006","ARD008","ARD012","ARD016","Bole018","Bole019","C15","C50","Kolfa014","Kolfa042","KRK016","Lafto014","Lafto017","Lafto025","LID003","SH016","SH079","SH099","SH100","SH105","TX001"],"lines":"A18, AB003, AB005, AB006, AB014, AB037, AB041, AB045, AB103, AB104, AB107, ARD002, ARD004, ARD005, ARD006, ARD008, ARD012, ARD016, Bole018, Bole019, C15, C50, Kolfa014, Kolfa042, KRK016, Lafto014, Lafto017, Lafto025, LID003, SH016, SH079, SH099, SH100, SH105, TX001"},"geometry":{"type":"LineString","coordinates":[[38.751755,9.032577],[38.752202,9.032538]]}},{"type":"Feature","properties":{"mode":"bus","n":34,"arr":["A18","AB005","AB006","AB014","AB037","AB041","AB045","AB103","AB104","AB107","ARD002","ARD004","ARD005","ARD006","ARD008","ARD012","ARD016","Bole018","Bole019","C15","C50","Kolfa014","Kolfa042","KRK016","Lafto014","Lafto017","Lafto025","LID003","SH016","SH079","SH099","SH100","SH105","TX001"],"lines":"A18, AB005, AB006, AB014, AB037, AB041, AB045, AB103, AB104, AB107, ARD002, ARD004, ARD005, ARD006, ARD008, ARD012, ARD016, Bole018, Bole019, C15, C50, Kolfa014, Kolfa042, KRK016, Lafto014, Lafto017, Lafto025, LID003, SH016, SH079, SH099, SH100, SH105, TX001"},"geometry":{"type":"LineString","coordinates":[[38.752202,9.032538],[38.752727,9.0325]]}},{"type":"Feature","properties":{"mode":"bus","n":13,"arr":["A18","AB005","AB006","AB037","AB041","AB045","AB104","C50","Gl011","Kolfa042","SH079","SH105","TX001"],"lines":"A18, AB005, AB006, AB037, AB041, AB045, AB104, C50, Gl011, Kolfa042, SH079, SH105, TX001"},"geometry":{"type":"LineString","coordinates":[[38.752727,9.0325],[38.752913,9.032493]]}},{"type":"Feature","properties":{"mode":"bus","n":20,"arr":["A18","AB005","AB006","AB014","AB037","AB041","AB045","AB103","AB104","AB107","C15","C50","Gl011","Kolfa042","SH016","SH079","SH099","SH100","SH105","TX001"],"lines":"A18, AB005, AB006, AB014, AB037, AB041, AB045, AB103, AB104, AB107, C15, C50, Gl011, Kolfa042, SH016, SH079, SH099, SH100, SH105, TX001"},"geometry":{"type":"LineString","coordinates":[[38.752913,9.032493],[38.753894,9.0325],[38.754178,9.032583]]}},{"type":"Feature","properties":{"mode":"bus","n":22,"arr":["A18","AB005","AB006","AB009","AB014","AB037","AB045","AB103","AB104","AB107","AB131","C15","C17","C50","Gl011","Kolfa042","SH016","SH079","SH099","SH100","SH105","TX001"],"lines":"A18, AB005, AB006, AB009, AB014, AB037, AB045, AB103, AB104, AB107, AB131, C15, C17, C50, Gl011, Kolfa042, SH016, SH079, SH099, SH100, SH105, TX001"},"geometry":{"type":"LineString","coordinates":[[38.754178,9.032583],[38.754085,9.032721]]}},{"type":"Feature","properties":{"mode":"bus","n":21,"arr":["A18","AB005","AB006","AB014","AB037","AB045","AB048","AB094","AB103","AB104","AB107","AB131","C15","C17","C50","Gl011","SH016","SH079","SH099","SH100","SH105"],"lines":"A18, AB005, AB006, AB014, AB037, AB045, AB048, AB094, AB103, AB104, AB107, AB131, C15, C17, C50, Gl011, SH016, SH079, SH099, SH100, SH105"},"geometry":{"type":"LineString","coordinates":[[38.754085,9.032721],[38.753798,9.033258]]}},{"type":"Feature","properties":{"mode":"bus","n":19,"arr":["A18","AB005","AB006","AB014","AB037","AB045","AB048","AB094","AB103","AB104","AB107","C15","C50","Gl011","SH016","SH079","SH099","SH100","SH105"],"lines":"A18, AB005, AB006, AB014, AB037, AB045, AB048, AB094, AB103, AB104, AB107, C15, C50, Gl011, SH016, SH079, SH099, SH100, SH105"},"geometry":{"type":"LineString","coordinates":[[38.753691,9.033471],[38.753798,9.033258]]}},{"type":"Feature","properties":{"mode":"bus","n":25,"arr":["A18","AB005","AB006","AB010","AB011","AB014","AB037","AB045","AB048","AB094","AB103","AB104","AB107","AB126","AB129","C15","C50","C51","Gl011","SH016","SH079","SH099","SH100","SH105","YK021"],"lines":"A18, AB005, AB006, AB010, AB011, AB014, AB037, AB045, AB048, AB094, AB103, AB104, AB107, AB126, AB129, C15, C50, C51, Gl011, SH016, SH079, SH099, SH100, SH105, YK021"},"geometry":{"type":"LineString","coordinates":[[38.75329,9.034244],[38.753691,9.033471]]}},{"type":"Feature","properties":{"mode":"bus","n":30,"arr":["A18","AB005","AB006","AB010","AB011","AB014","AB037","AB045","AB048","AB094","AB103","AB104","AB107","AB111","AB126","AB129","ADK037","C15","C31","C50","C51","Gl003","Gl011","Gl015","SH016","SH079","SH099","SH100","SH105","YK021"],"lines":"A18, AB005, AB006, AB010, AB011, AB014, AB037, AB045, AB048, AB094, AB103, AB104, AB107, AB111, AB126, AB129, ADK037, C15, C31, C50, C51, Gl003, Gl011, Gl015, SH016, SH079, SH099, SH100, SH105, YK021"},"geometry":{"type":"LineString","coordinates":[[38.752862,9.035044],[38.75329,9.034244]]}},{"type":"Feature","properties":{"mode":"bus","n":30,"arr":["A18","AB005","AB006","AB014","AB019","AB037","AB045","AB048","AB094","AB103","AB104","AB107","AB108","AB111","AB129","ADK037","C15","C17","C31","C50","C51","Gl003","Gl011","Gl015","SH016","SH079","SH099","SH100","SH105","YK021"],"lines":"A18, AB005, AB006, AB014, AB019, AB037, AB045, AB048, AB094, AB103, AB104, AB107, AB108, AB111, AB129, ADK037, C15, C17, C31, C50, C51, Gl003, Gl011, Gl015, SH016, SH079, SH099, SH100, SH105, YK021"},"geometry":{"type":"LineString","coordinates":[[38.752862,9.035044],[38.752736,9.035295]]}},{"type":"Feature","properties":{"mode":"bus","n":33,"arr":["A18","AB005","AB006","AB014","AB019","AB037","AB045","AB048","AB094","AB103","AB104","AB107","AB108","AB111","AB129","ADK037","ARD001","ARD003","C15","C17","C31","C50","C51","Gl003","Gl008","Gl011","Gl015","SH016","SH079","SH099","SH100","SH105","YK021"],"lines":"A18, AB005, AB006, AB014, AB019, AB037, AB045, AB048, AB094, AB103, AB104, AB107, AB108, AB111, AB129, ADK037, ARD001, ARD003, C15, C17, C31, C50, C51, Gl003, Gl008, Gl011, Gl015, SH016, SH079, SH099, SH100, SH105, YK021"},"geometry":{"type":"LineString","coordinates":[[38.752736,9.035295],[38.752664,9.035465],[38.75264,9.03563]]}},{"type":"Feature","properties":{"mode":"bus","n":8,"arr":["A18","AB003","AB006","AB037","AB045","C50","Gl011","SH079"],"lines":"A18, AB003, AB006, AB037, AB045, C50, Gl011, SH079"},"geometry":{"type":"LineString","coordinates":[[38.752212,9.035597],[38.752205,9.035491],[38.752158,9.035373],[38.751438,9.033876],[38.751308,9.033667],[38.751178,9.033578]]}},{"type":"Feature","properties":{"mode":"bus","n":9,"arr":["A18","AB003","AB006","AB037","AB045","C15","C50","Gl011","SH079"],"lines":"A18, AB003, AB006, AB037, AB045, C15, C50, Gl011, SH079"},"geometry":{"type":"LineString","coordinates":[[38.751178,9.033578],[38.751006,9.033584]]}},{"type":"Feature","properties":{"mode":"bus","n":12,"arr":["A18","AB003","AB006","AB037","AB045","AB048","C15","C50","Gl011","SH016","SH079","SH099"],"lines":"A18, AB003, AB006, AB037, AB045, AB048, C15, C50, Gl011, SH016, SH079, SH099"},"geometry":{"type":"LineString","coordinates":[[38.751006,9.033584],[38.750844,9.033562],[38.750781,9.033524],[38.750709,9.033443],[38.750636,9.033264]]}},{"type":"Feature","properties":{"mode":"bus","n":22,"arr":["A18","AB003","AB005","AB006","AB014","AB037","AB045","AB048","AB103","AB104","AB107","C15","C50","Gl004","Gl011","Kolfa042","SH016","SH079","SH099","SH100","SH105","TX001"],"lines":"A18, AB003, AB005, AB006, AB014, AB037, AB045, AB048, AB103, AB104, AB107, C15, C50, Gl004, Gl011, Kolfa042, SH016, SH079, SH099, SH100, SH105, TX001"},"geometry":{"type":"LineString","coordinates":[[38.750636,9.033264],[38.750998,9.032672]]}},{"type":"Feature","properties":{"mode":"bus","n":20,"arr":["A18","AB003","AB005","AB006","AB014","AB037","AB045","AB048","AB103","AB104","AB107","C15","C50","Gl004","Gl011","SH016","SH079","SH099","SH100","SH105"],"lines":"A18, AB003, AB005, AB006, AB014, AB037, AB045, AB048, AB103, AB104, AB107, C15, C50, Gl004, Gl011, SH016, SH079, SH099, SH100, SH105"},"geometry":{"type":"LineString","coordinates":[[38.750998,9.032672],[38.751093,9.032414],[38.751136,9.032175]]}},{"type":"Feature","properties":{"mode":"bus","n":30,"arr":["A18","AB003","AB005","AB006","AB014","AB037","AB045","AB048","AB103","AB104","AB107","ARD002","ARD004","ARD005","ARD008","ARD012","ARD016","C15","C50","Gl011","Kolfa014","KRK016","Lafto014","Lafto017","Lafto025","SH016","SH079","SH099","SH100","SH105"],"lines":"A18, AB003, AB005, AB006, AB014, AB037, AB045, AB048, AB103, AB104, AB107, ARD002, ARD004, ARD005, ARD008, ARD012, ARD016, C15, C50, Gl011, Kolfa014, KRK016, Lafto014, Lafto017, Lafto025, SH016, SH079, SH099, SH100, SH105"},"geometry":{"type":"LineString","coordinates":[[38.751624,9.026845],[38.752117,9.02143]]}},{"type":"Feature","properties":{"mode":"bus","n":28,"arr":["A18","AB003","AB005","AB006","AB014","AB037","AB045","AB048","AB103","AB104","AB107","ARD002","ARD004","ARD008","ARD016","C15","C50","Gl011","Kolfa014","KRK016","Lafto014","Lafto017","Lafto025","SH016","SH079","SH099","SH100","SH105"],"lines":"A18, AB003, AB005, AB006, AB014, AB037, AB045, AB048, AB103, AB104, AB107, ARD002, ARD004, ARD008, ARD016, C15, C50, Gl011, Kolfa014, KRK016, Lafto014, Lafto017, Lafto025, SH016, SH079, SH099, SH100, SH105"},"geometry":{"type":"LineString","coordinates":[[38.752117,9.02143],[38.752304,9.019263]]}},{"type":"Feature","properties":{"mode":"bus","n":31,"arr":["A18","AB003","AB005","AB006","AB036","AB037","AB050","AB058","AB062","AB067","AB070","AB071","AB073","AB090","AB103","AB104","AB105","AB107","AB128","ADK024","ADK047","ADK048","C15","C50","Gl011","Kolfa014","KRK016","Lafto025","SH070","SH100","SH105"],"lines":"A18, AB003, AB005, AB006, AB036, AB037, AB050, AB058, AB062, AB067, AB070, AB071, AB073, AB090, AB103, AB104, AB105, AB107, AB128, ADK024, ADK047, ADK048, C15, C50, Gl011, Kolfa014, KRK016, Lafto025, SH070, SH100, SH105"},"geometry":{"type":"LineString","coordinates":[[38.746212,9.011645],[38.747276,9.012391],[38.748428,9.013161]]}},{"type":"Feature","properties":{"mode":"bus","n":30,"arr":["A18","AB003","AB005","AB006","AB036","AB037","AB050","AB058","AB062","AB067","AB070","AB071","AB073","AB090","AB103","AB104","AB105","AB107","AB128","ADK024","ADK047","ADK048","C15","C50","Kolfa014","KRK016","Lafto025","SH070","SH100","SH105"],"lines":"A18, AB003, AB005, AB006, AB036, AB037, AB050, AB058, AB062, AB067, AB070, AB071, AB073, AB090, AB103, AB104, AB105, AB107, AB128, ADK024, ADK047, ADK048, C15, C50, Kolfa014, KRK016, Lafto025, SH070, SH100, SH105"},"geometry":{"type":"LineString","coordinates":[[38.746029,9.011535],[38.746212,9.011645]]}},{"type":"Feature","properties":{"mode":"bus","n":23,"arr":["A18","AB003","AB005","AB036","AB037","AB050","AB058","AB062","AB067","AB070","AB071","AB073","AB090","AB103","AB104","AB105","AB107","AB128","Kolfa014","Lafto025","SH070","SH100","SH105"],"lines":"A18, AB003, AB005, AB036, AB037, AB050, AB058, AB062, AB067, AB070, AB071, AB073, AB090, AB103, AB104, AB105, AB107, AB128, Kolfa014, Lafto025, SH070, SH100, SH105"},"geometry":{"type":"LineString","coordinates":[[38.745351,9.011091],[38.746029,9.011535]]}},{"type":"Feature","properties":{"mode":"bus","n":21,"arr":["A18","AB003","AB005","AB036","AB037","AB050","AB058","AB062","AB067","AB070","AB071","AB073","AB090","AB103","AB104","AB105","AB107","Kolfa014","Lafto025","SH100","SH105"],"lines":"A18, AB003, AB005, AB036, AB037, AB050, AB058, AB062, AB067, AB070, AB071, AB073, AB090, AB103, AB104, AB105, AB107, Kolfa014, Lafto025, SH100, SH105"},"geometry":{"type":"LineString","coordinates":[[38.744756,9.010693],[38.745351,9.011091]]}},{"type":"Feature","properties":{"mode":"bus","n":8,"arr":["A18","AB078","AB100","AB103","Lafto015","Lafto019","SH069","SH075"],"lines":"A18, AB078, AB100, AB103, Lafto015, Lafto019, SH069, SH075"},"geometry":{"type":"LineString","coordinates":[[38.699282,8.956391],[38.698426,8.955825]]}},{"type":"Feature","properties":{"mode":"bus","n":10,"arr":["A24","AB060","AB078","AB130","KRK002","KRK004","LID009","LK007","SH067","SH081"],"lines":"A24, AB060, AB078, AB130, KRK002, KRK004, LID009, LK007, SH067, SH081"},"geometry":{"type":"LineString","coordinates":[[38.800484,9.019399],[38.798819,9.019014],[38.798645,9.01891]]}},{"type":"Feature","properties":{"mode":"bus","n":14,"arr":["A24","AB060","AB078","AB127","AB130","Bole005","Bole007","KRK002","KRK004","LID009","LK007","SH067","SH081","YK016"],"lines":"A24, AB060, AB078, AB127, AB130, Bole005, Bole007, KRK002, KRK004, LID009, LK007, SH067, SH081, YK016"},"geometry":{"type":"LineString","coordinates":[[38.798645,9.01891],[38.794743,9.017628],[38.793416,9.017223],[38.79178,9.016878],[38.788986,9.016248]]}},{"type":"Feature","properties":{"mode":"bus","n":7,"arr":["A24","AB060","AB078","AB127","AB130","SH067","SH081"],"lines":"A24, AB060, AB078, AB127, AB130, SH067, SH081"},"geometry":{"type":"LineString","coordinates":[[38.788986,9.016248],[38.784918,9.01534]]}},{"type":"Feature","properties":{"mode":"bus","n":12,"arr":["A24","AB060","AB078","AB127","AB130","Kolfa037","KRK002","KRK004","LID009","SH067","SH081","YK016"],"lines":"A24, AB060, AB078, AB127, AB130, Kolfa037, KRK002, KRK004, LID009, SH067, SH081, YK016"},"geometry":{"type":"LineString","coordinates":[[38.784918,9.01534],[38.782932,9.014888],[38.781646,9.014507],[38.780708,9.014156],[38.77997,9.013806],[38.776696,9.012114]]}},{"type":"Feature","properties":{"mode":"bus","n":13,"arr":["A24","AB060","AB078","AB127","AB130","ARD016","Bole023","Kolfa037","KRK002","LID009","SH067","SH081","YK016"],"lines":"A24, AB060, AB078, AB127, AB130, ARD016, Bole023, Kolfa037, KRK002, LID009, SH067, SH081, YK016"},"geometry":{"type":"LineString","coordinates":[[38.772513,9.01027],[38.771647,9.010265],[38.770871,9.010293],[38.769709,9.010384],[38.763948,9.01099],[38.763606,9.01099],[38.763145,9.010957],[38.762763,9.01102]]}},{"type":"Feature","properties":{"mode":"bus","n":30,"arr":["A24","AB014","AB048","AB052","AB060","AB078","AB127","AB130","ADK020","ADK021","ADK053","ARD016","Bole015","Bole016","Bole018","Bole019","Bole020","Bole023","Kolfa037","KRK002","KRK012","KRK017","KRK020","LID009","SH067","SH072","SH079","SH081","SH099","YK016"],"lines":"A24, AB014, AB048, AB052, AB060, AB078, AB127, AB130, ADK020, ADK021, ADK053, ARD016, Bole015, Bole016, Bole018, Bole019, Bole020, Bole023, Kolfa037, KRK002, KRK012, KRK017, KRK020, LID009, SH067, SH072, SH079, SH081, SH099, YK016"},"geometry":{"type":"LineString","coordinates":[[38.762763,9.01102],[38.76206,9.011112]]}},{"type":"Feature","properties":{"mode":"bus","n":38,"arr":["A24","AB014","AB031","AB048","AB052","AB055","AB056","AB060","AB068","AB078","AB110","AB127","AB130","ADK020","ADK021","ADK053","ARD016","Bole015","Bole016","Bole018","Bole019","Bole020","Bole023","Kolfa037","KRK002","KRK012","KRK013","KRK017","KRK020","LID009","SH028","SH067","SH072","SH073","SH079","SH081","SH099","YK016"],"lines":"A24, AB014, AB031, AB048, AB052, AB055, AB056, AB060, AB068, AB078, AB110, AB127, AB130, ADK020, ADK021, ADK053, ARD016, Bole015, Bole016, Bole018, Bole019, Bole020, Bole023, Kolfa037, KRK002, KRK012, KRK013, KRK017, KRK020, LID009, SH028, SH067, SH072, SH073, SH079, SH081, SH099, YK016"},"geometry":{"type":"LineString","coordinates":[[38.76206,9.011112],[38.75989,9.011457]]}},{"type":"Feature","properties":{"mode":"bus","n":23,"arr":["A24","AB031","AB055","AB056","AB060","AB068","AB078","AB110","AB127","AB130","Kolfa037","KRK002","KRK012","KRK013","KRK017","KRK020","LID009","SH028","SH067","SH072","SH073","SH081","YK016"],"lines":"A24, AB031, AB055, AB056, AB060, AB068, AB078, AB110, AB127, AB130, Kolfa037, KRK002, KRK012, KRK013, KRK017, KRK020, LID009, SH028, SH067, SH072, SH073, SH081, YK016"},"geometry":{"type":"LineString","coordinates":[[38.75989,9.011457],[38.759406,9.011551]]}},{"type":"Feature","properties":{"mode":"bus","n":32,"arr":["A24","AB025","AB031","AB055","AB056","AB060","AB068","AB078","AB110","AB127","AB130","ADK015","Kal012","Kal017","Kal032","Kal035","Kolfa037","KRK002","KRK008","KRK011","KRK012","KRK013","KRK014","KRK017","KRK020","LID009","SH028","SH067","SH072","SH073","SH081","YK016"],"lines":"A24, AB025, AB031, AB055, AB056, AB060, AB068, AB078, AB110, AB127, AB130, ADK015, Kal012, Kal017, Kal032, Kal035, Kolfa037, KRK002, KRK008, KRK011, KRK012, KRK013, KRK014, KRK017, KRK020, LID009, SH028, SH067, SH072, SH073, SH081, YK016"},"geometry":{"type":"LineString","coordinates":[[38.759406,9.011551],[38.759196,9.0116]]}},{"type":"Feature","properties":{"mode":"bus","n":29,"arr":["A24","AB025","AB031","AB055","AB060","AB068","AB078","AB127","AB130","ADK015","Kal012","Kal017","Kal032","Kal035","Kolfa037","KRK002","KRK008","KRK011","KRK012","KRK013","KRK014","KRK017","KRK020","LID009","SH067","SH072","SH073","SH081","YK016"],"lines":"A24, AB025, AB031, AB055, AB060, AB068, AB078, AB127, AB130, ADK015, Kal012, Kal017, Kal032, Kal035, Kolfa037, KRK002, KRK008, KRK011, KRK012, KRK013, KRK014, KRK017, KRK020, LID009, SH067, SH072, SH073, SH081, YK016"},"geometry":{"type":"LineString","coordinates":[[38.755945,9.012126],[38.757485,9.011934],[38.758362,9.011777],[38.759196,9.0116]]}},{"type":"Feature","properties":{"mode":"bus","n":29,"arr":["A24","AB025","AB031","AB055","AB060","AB068","AB078","AB127","AB130","ADK015","Kal012","Kal017","Kal032","Kal035","Kolfa036","Kolfa037","KRK002","KRK006","KRK008","KRK012","KRK013","KRK020","LID004","LID009","SH067","SH072","SH073","SH081","YK016"],"lines":"A24, AB025, AB031, AB055, AB060, AB068, AB078, AB127, AB130, ADK015, Kal012, Kal017, Kal032, Kal035, Kolfa036, Kolfa037, KRK002, KRK006, KRK008, KRK012, KRK013, KRK020, LID004, LID009, SH067, SH072, SH073, SH081, YK016"},"geometry":{"type":"LineString","coordinates":[[38.755324,9.01211],[38.755706,9.012137],[38.755945,9.012126]]}},{"type":"Feature","properties":{"mode":"bus","n":28,"arr":["A24","AB025","AB031","AB055","AB060","AB068","AB078","AB127","AB130","ADK015","Kal012","Kal017","Kal032","Kolfa036","Kolfa037","KRK002","KRK006","KRK008","KRK012","KRK013","KRK020","LID004","LID009","SH067","SH072","SH073","SH081","YK016"],"lines":"A24, AB025, AB031, AB055, AB060, AB068, AB078, AB127, AB130, ADK015, Kal012, Kal017, Kal032, Kolfa036, Kolfa037, KRK002, KRK006, KRK008, KRK012, KRK013, KRK020, LID004, LID009, SH067, SH072, SH073, SH081, YK016"},"geometry":{"type":"LineString","coordinates":[[38.754453,9.012026],[38.755324,9.01211]]}},{"type":"Feature","properties":{"mode":"bus","n":25,"arr":["A24","AB025","AB055","AB060","AB068","AB078","AB127","AB130","ADK015","Kal012","Kal032","Kolfa036","Kolfa037","KRK002","KRK006","KRK012","KRK013","KRK020","LID004","LID009","SH067","SH072","SH073","SH081","YK016"],"lines":"A24, AB025, AB055, AB060, AB068, AB078, AB127, AB130, ADK015, Kal012, Kal032, Kolfa036, Kolfa037, KRK002, KRK006, KRK012, KRK013, KRK020, LID004, LID009, SH067, SH072, SH073, SH081, YK016"},"geometry":{"type":"LineString","coordinates":[[38.753373,9.011905],[38.754453,9.012026]]}},{"type":"Feature","properties":{"mode":"bus","n":22,"arr":["A24","AB025","AB055","AB060","AB068","AB078","AB127","AB130","Kolfa036","Kolfa037","KRK002","KRK006","KRK012","KRK013","KRK020","LID004","LID009","SH067","SH072","SH073","SH081","YK016"],"lines":"A24, AB025, AB055, AB060, AB068, AB078, AB127, AB130, Kolfa036, Kolfa037, KRK002, KRK006, KRK012, KRK013, KRK020, LID004, LID009, SH067, SH072, SH073, SH081, YK016"},"geometry":{"type":"LineString","coordinates":[[38.753154,9.01189],[38.753373,9.011905]]}},{"type":"Feature","properties":{"mode":"bus","n":21,"arr":["A24","AB025","AB055","AB060","AB068","AB078","AB127","AB130","Kolfa036","Kolfa037","KRK002","KRK012","KRK013","KRK020","LID004","LID009","SH067","SH072","SH073","SH081","YK016"],"lines":"A24, AB025, AB055, AB060, AB068, AB078, AB127, AB130, Kolfa036, Kolfa037, KRK002, KRK012, KRK013, KRK020, LID004, LID009, SH067, SH072, SH073, SH081, YK016"},"geometry":{"type":"LineString","coordinates":[[38.753154,9.01189],[38.752977,9.011881]]}},{"type":"Feature","properties":{"mode":"bus","n":18,"arr":["A24","AB068","AB078","AB127","AB130","Kolfa036","Kolfa037","KRK002","KRK012","KRK013","KRK020","LID004","LID009","SH067","SH072","SH073","SH081","YK016"],"lines":"A24, AB068, AB078, AB127, AB130, Kolfa036, Kolfa037, KRK002, KRK012, KRK013, KRK020, LID004, LID009, SH067, SH072, SH073, SH081, YK016"},"geometry":{"type":"LineString","coordinates":[[38.752977,9.011881],[38.752826,9.011869]]}},{"type":"Feature","properties":{"mode":"bus","n":19,"arr":["A24","AB068","AB078","AB127","AB130","Kolfa036","Kolfa037","KRK002","KRK012","KRK013","KRK020","Lafto017","LID004","LID009","SH067","SH072","SH073","SH081","YK016"],"lines":"A24, AB068, AB078, AB127, AB130, Kolfa036, Kolfa037, KRK002, KRK012, KRK013, KRK020, Lafto017, LID004, LID009, SH067, SH072, SH073, SH081, YK016"},"geometry":{"type":"LineString","coordinates":[[38.749515,9.011528],[38.752826,9.011869]]}},{"type":"Feature","properties":{"mode":"bus","n":14,"arr":["A24","AB029","AB060","AB078","AB127","AB130","ARD016","Bole023","Kolfa037","KRK002","LID009","SH067","SH081","YK016"],"lines":"A24, AB029, AB060, AB078, AB127, AB130, ARD016, Bole023, Kolfa037, KRK002, LID009, SH067, SH081, YK016"},"geometry":{"type":"LineString","coordinates":[[38.76291,9.010825],[38.764806,9.010694],[38.767324,9.010468],[38.770366,9.010155],[38.771148,9.01005],[38.772169,9.010043],[38.772598,9.010084]]}},{"type":"Feature","properties":{"mode":"bus","n":10,"arr":["A24","AB029","AB078","AB130","ARD016","Bole023","Kolfa037","LID009","SH067","SH081"],"lines":"A24, AB029, AB078, AB130, ARD016, Bole023, Kolfa037, LID009, SH067, SH081"},"geometry":{"type":"LineString","coordinates":[[38.772598,9.010084],[38.772882,9.01008],[38.773346,9.010191],[38.773904,9.010418],[38.774629,9.010785]]}},{"type":"Feature","properties":{"mode":"bus","n":13,"arr":["A24","AB029","AB060","AB078","AB127","AB130","Kolfa037","KRK002","KRK004","LID009","SH067","SH081","YK016"],"lines":"A24, AB029, AB060, AB078, AB127, AB130, Kolfa037, KRK002, KRK004, LID009, SH067, SH081, YK016"},"geometry":{"type":"LineString","coordinates":[[38.7768,9.011943],[38.780171,9.013701],[38.78074,9.013973],[38.781269,9.014189],[38.783298,9.014802],[38.784829,9.015158]]}},{"type":"Feature","properties":{"mode":"bus","n":6,"arr":["A24","AB127","AB130","LID009","SH067","SH081"],"lines":"A24, AB127, AB130, LID009, SH067, SH081"},"geometry":{"type":"LineString","coordinates":[[38.784829,9.015158],[38.786479,9.015559],[38.789225,9.016132]]}},{"type":"Feature","properties":{"mode":"bus","n":14,"arr":["A24","AB029","AB078","AB127","AB130","Bole005","Bole007","KRK002","KRK004","LID009","LK007","SH067","SH081","YK016"],"lines":"A24, AB029, AB078, AB127, AB130, Bole005, Bole007, KRK002, KRK004, LID009, LK007, SH067, SH081, YK016"},"geometry":{"type":"LineString","coordinates":[[38.798636,9.018715],[38.797031,9.018176],[38.795071,9.017591],[38.794744,9.017469],[38.793418,9.017049],[38.789225,9.016132]]}},{"type":"Feature","properties":{"mode":"bus","n":10,"arr":["A24","AB029","AB078","AB130","Bole007","KRK002","KRK004","LID009","SH067","SH081"],"lines":"A24, AB029, AB078, AB130, Bole007, KRK002, KRK004, LID009, SH067, SH081"},"geometry":{"type":"LineString","coordinates":[[38.800588,9.019071],[38.798799,9.018726],[38.798636,9.018715]]}},{"type":"Feature","properties":{"mode":"bus","n":16,"arr":["AB001","AB011","AB013","AB015","AB017","AB040","AB081","AB129","ADK023","ADK057","ARD001","C17","C51","YK017","YK019","YK021"],"lines":"AB001, AB011, AB013, AB015, AB017, AB040, AB081, AB129, ADK023, ADK057, ARD001, C17, C51, YK017, YK019, YK021"},"geometry":{"type":"LineString","coordinates":[[38.755692,9.039479],[38.755526,9.039417],[38.754898,9.039046],[38.752803,9.037877]]}},{"type":"Feature","properties":{"mode":"bus","n":22,"arr":["AB001","AB009","AB010","AB011","AB013","AB015","AB017","AB040","AB041","AB081","AB089","AB126","AB129","AB131","ADK023","ADK057","ARD001","C17","C51","YK017","YK019","YK021"],"lines":"AB001, AB009, AB010, AB011, AB013, AB015, AB017, AB040, AB041, AB081, AB089, AB126, AB129, AB131, ADK023, ADK057, ARD001, C17, C51, YK017, YK019, YK021"},"geometry":{"type":"LineString","coordinates":[[38.758283,9.035998],[38.757697,9.036616],[38.757426,9.036988],[38.757352,9.037131],[38.757254,9.037373],[38.756756,9.039309],[38.756634,9.039608],[38.756541,9.039701],[38.75641,9.03977],[38.756146,9.039829],[38.756017,9.039812],[38.755916,9.039779],[38.75583,9.039722],[38.75576,9.039639],[38.755692,9.039479]]}},{"type":"Feature","properties":{"mode":"bus","n":21,"arr":["AB001","AB009","AB010","AB011","AB013","AB015","AB040","AB041","AB081","AB089","AB126","AB129","AB131","ADK023","ADK057","ARD001","C17","C51","YK017","YK019","YK021"],"lines":"AB001, AB009, AB010, AB011, AB013, AB015, AB040, AB041, AB081, AB089, AB126, AB129, AB131, ADK023, ADK057, ARD001, C17, C51, YK017, YK019, YK021"},"geometry":{"type":"LineString","coordinates":[[38.762706,9.033181],[38.760152,9.034342],[38.759885,9.034511],[38.759668,9.034679],[38.758283,9.035998]]}},{"type":"Feature","properties":{"mode":"bus","n":21,"arr":["AB001","AB009","AB010","AB011","AB013","AB015","AB040","AB041","AB081","AB089","AB126","AB129","AB131","ADK057","ARD001","ARD009","C17","C51","YK017","YK019","YK021"],"lines":"AB001, AB009, AB010, AB011, AB013, AB015, AB040, AB041, AB081, AB089, AB126, AB129, AB131, ADK057, ARD001, ARD009, C17, C51, YK017, YK019, YK021"},"geometry":{"type":"LineString","coordinates":[[38.763142,9.032984],[38.762706,9.033181]]}},{"type":"Feature","properties":{"mode":"bus","n":20,"arr":["AB001","AB010","AB011","AB015","AB040","AB064","AB079","AB081","AB126","AB129","AB131","ADK057","ARD001","C17","C51","SH095","TX008","YK017","YK019","YK021"],"lines":"AB001, AB010, AB011, AB015, AB040, AB064, AB079, AB081, AB126, AB129, AB131, ADK057, ARD001, C17, C51, SH095, TX008, YK017, YK019, YK021"},"geometry":{"type":"LineString","coordinates":[[38.763601,9.032747],[38.7646,9.032292]]}},{"type":"Feature","properties":{"mode":"bus","n":22,"arr":["AB001","AB010","AB011","AB015","AB040","AB064","AB079","AB081","AB126","AB129","AB131","ADK057","ARD001","ARD007","C17","C51","SH095","TX008","YK008","YK017","YK019","YK021"],"lines":"AB001, AB010, AB011, AB015, AB040, AB064, AB079, AB081, AB126, AB129, AB131, ADK057, ARD001, ARD007, C17, C51, SH095, TX008, YK008, YK017, YK019, YK021"},"geometry":{"type":"LineString","coordinates":[[38.7646,9.032292],[38.764929,9.032199],[38.76521,9.032155]]}},{"type":"Feature","properties":{"mode":"bus","n":23,"arr":["AB001","AB010","AB011","AB015","AB040","AB046","AB064","AB079","AB081","AB126","AB129","AB131","ADK057","ARD001","ARD007","C17","C51","SH095","TX008","YK008","YK017","YK019","YK021"],"lines":"AB001, AB010, AB011, AB015, AB040, AB046, AB064, AB079, AB081, AB126, AB129, AB131, ADK057, ARD001, ARD007, C17, C51, SH095, TX008, YK008, YK017, YK019, YK021"},"geometry":{"type":"LineString","coordinates":[[38.76521,9.032155],[38.765409,9.032158]]}},{"type":"Feature","properties":{"mode":"bus","n":24,"arr":["AB001","AB010","AB011","AB015","AB033","AB040","AB046","AB064","AB079","AB081","AB126","AB129","AB131","ADK057","ARD001","ARD007","C17","C51","SH095","TX008","YK008","YK017","YK019","YK021"],"lines":"AB001, AB010, AB011, AB015, AB033, AB040, AB046, AB064, AB079, AB081, AB126, AB129, AB131, ADK057, ARD001, ARD007, C17, C51, SH095, TX008, YK008, YK017, YK019, YK021"},"geometry":{"type":"LineString","coordinates":[[38.765409,9.032158],[38.765595,9.032185],[38.765886,9.032306],[38.766081,9.032432],[38.766408,9.032691],[38.766598,9.032878]]}},{"type":"Feature","properties":{"mode":"bus","n":25,"arr":["AB001","AB010","AB011","AB015","AB033","AB040","AB046","AB064","AB079","AB081","AB126","AB129","AB131","ADK057","ARD001","ARD007","C17","C51","SH095","TX006","TX008","YK008","YK017","YK019","YK021"],"lines":"AB001, AB010, AB011, AB015, AB033, AB040, AB046, AB064, AB079, AB081, AB126, AB129, AB131, ADK057, ARD001, ARD007, C17, C51, SH095, TX006, TX008, YK008, YK017, YK019, YK021"},"geometry":{"type":"LineString","coordinates":[[38.766598,9.032878],[38.766802,9.033035],[38.767157,9.033223],[38.76746,9.033263],[38.767898,9.033175],[38.768174,9.033039],[38.768291,9.032933],[38.768999,9.032103],[38.769165,9.031929],[38.769324,9.031819],[38.769748,9.031601],[38.770101,9.031452],[38.770231,9.031417],[38.770618,9.031385],[38.771071,9.03141],[38.771602,9.031545],[38.771825,9.031627],[38.772064,9.031784],[38.772411,9.032084],[38.772812,9.032326],[38.77313,9.032399],[38.773925,9.032453],[38.774574,9.032554],[38.774909,9.032627],[38.77527,9.032775],[38.775375,9.032846],[38.775752,9.033205],[38.777007,9.034419],[38.777216,9.034644]]}},{"type":"Feature","properties":{"mode":"bus","n":26,"arr":["AB001","AB010","AB011","AB023","AB033","AB064","AB079","AB083","AB089","AB126","AB129","ADK057","ARD001","ARD007","C17","C51","Gl005","TX006","TX008","YK001","YK006","YK008","YK011","YK017","YK019","YK021"],"lines":"AB001, AB010, AB011, AB023, AB033, AB064, AB079, AB083, AB089, AB126, AB129, ADK057, ARD001, ARD007, C17, C51, Gl005, TX006, TX008, YK001, YK006, YK008, YK011, YK017, YK019, YK021"},"geometry":{"type":"LineString","coordinates":[[38.779936,9.034592],[38.779937,9.034525],[38.77997,9.034454],[38.780971,9.033413],[38.783986,9.031583],[38.78435,9.031388],[38.784558,9.031312]]}},{"type":"Feature","properties":{"mode":"bus","n":10,"arr":["AB001","AB015","AB040","AB080","AB081","AB112","SH035","SH080","SH095","YK008"],"lines":"AB001, AB015, AB040, AB080, AB081, AB112, SH035, SH080, SH095, YK008"},"geometry":{"type":"LineString","coordinates":[[38.788487,9.028988],[38.789619,9.028339]]}},{"type":"Feature","properties":{"mode":"bus","n":9,"arr":["AB001","AB015","AB040","AB080","AB081","AB112","SH035","SH080","SH095"],"lines":"AB001, AB015, AB040, AB080, AB081, AB112, SH035, SH080, SH095"},"geometry":{"type":"LineString","coordinates":[[38.789619,9.028339],[38.790829,9.027591],[38.795042,9.025088],[38.795598,9.024751],[38.79572,9.024647]]}},{"type":"Feature","properties":{"mode":"bus","n":34,"arr":["AB001","AB010","AB011","AB015","AB023","AB033","AB040","AB046","AB064","AB079","AB080","AB081","AB083","AB089","AB112","AB126","AB129","AB131","ADK057","ARD001","ARD007","C17","C51","Gl005","SH035","SH080","SH095","TX006","TX008","YK001","YK006","YK011","YK017","YK019"],"lines":"AB001, AB010, AB011, AB015, AB023, AB033, AB040, AB046, AB064, AB079, AB080, AB081, AB083, AB089, AB112, AB126, AB129, AB131, ADK057, ARD001, ARD007, C17, C51, Gl005, SH035, SH080, SH095, TX006, TX008, YK001, YK006, YK011, YK017, YK019"},"geometry":{"type":"LineString","coordinates":[[38.79572,9.024647],[38.795848,9.024581]]}},{"type":"Feature","properties":{"mode":"bus","n":31,"arr":["AB001","AB010","AB011","AB015","AB023","AB033","AB040","AB064","AB079","AB080","AB083","AB089","AB112","AB126","AB129","ADK057","ARD001","ARD007","C17","C51","Gl005","SH035","SH080","SH095","TX006","TX008","YK001","YK006","YK011","YK017","YK019"],"lines":"AB001, AB010, AB011, AB015, AB023, AB033, AB040, AB064, AB079, AB080, AB083, AB089, AB112, AB126, AB129, ADK057, ARD001, ARD007, C17, C51, Gl005, SH035, SH080, SH095, TX006, TX008, YK001, YK006, YK011, YK017, YK019"},"geometry":{"type":"LineString","coordinates":[[38.795848,9.024581],[38.795948,9.024522]]}},{"type":"Feature","properties":{"mode":"bus","n":37,"arr":["AB001","AB010","AB011","AB015","AB022","AB023","AB032","AB033","AB040","AB057","AB064","AB079","AB080","AB083","AB089","AB102","AB112","AB126","AB128","AB129","ADK057","ARD001","ARD007","C17","C51","Gl005","SH035","SH070","SH080","SH095","TX006","TX008","YK001","YK006","YK011","YK017","YK019"],"lines":"AB001, AB010, AB011, AB015, AB022, AB023, AB032, AB033, AB040, AB057, AB064, AB079, AB080, AB083, AB089, AB102, AB112, AB126, AB128, AB129, ADK057, ARD001, ARD007, C17, C51, Gl005, SH035, SH070, SH080, SH095, TX006, TX008, YK001, YK006, YK011, YK017, YK019"},"geometry":{"type":"LineString","coordinates":[[38.795948,9.024522],[38.796235,9.024357]]}},{"type":"Feature","properties":{"mode":"bus","n":20,"arr":["AB001","AB010","AB011","AB022","AB023","AB032","AB040","AB079","AB080","AB083","AB089","AB112","AB126","AB129","ADK057","C17","C51","SH035","SH080","SH095"],"lines":"AB001, AB010, AB011, AB022, AB023, AB032, AB040, AB079, AB080, AB083, AB089, AB112, AB126, AB129, ADK057, C17, C51, SH035, SH080, SH095"},"geometry":{"type":"LineString","coordinates":[[38.796235,9.024357],[38.798559,9.023008],[38.799725,9.02243]]}},{"type":"Feature","properties":{"mode":"bus","n":35,"arr":["AB001","AB010","AB011","AB022","AB023","AB032","AB033","AB040","AB057","AB064","AB079","AB080","AB083","AB089","AB102","AB112","AB126","AB128","AB129","ADK057","ARD001","ARD007","C17","C51","Gl005","SH035","SH070","SH080","SH095","TX006","TX008","YK001","YK006","YK011","YK019"],"lines":"AB001, AB010, AB011, AB022, AB023, AB032, AB033, AB040, AB057, AB064, AB079, AB080, AB083, AB089, AB102, AB112, AB126, AB128, AB129, ADK057, ARD001, ARD007, C17, C51, Gl005, SH035, SH070, SH080, SH095, TX006, TX008, YK001, YK006, YK011, YK019"},"geometry":{"type":"LineString","coordinates":[[38.799725,9.02243],[38.799747,9.022418]]}},{"type":"Feature","properties":{"mode":"bus","n":29,"arr":["AB001","AB010","AB011","AB022","AB023","AB032","AB033","AB040","AB057","AB064","AB079","AB080","AB083","AB089","AB102","AB112","AB126","AB128","AB129","ADK057","C17","C51","SH035","SH070","SH080","SH095","TX006","YK001","YK019"],"lines":"AB001, AB010, AB011, AB022, AB023, AB032, AB033, AB040, AB057, AB064, AB079, AB080, AB083, AB089, AB102, AB112, AB126, AB128, AB129, ADK057, C17, C51, SH035, SH070, SH080, SH095, TX006, YK001, YK019"},"geometry":{"type":"LineString","coordinates":[[38.799747,9.022418],[38.799993,9.022277]]}},{"type":"Feature","properties":{"mode":"bus","n":28,"arr":["AB001","AB010","AB011","AB022","AB023","AB032","AB033","AB040","AB057","AB064","AB079","AB080","AB083","AB089","AB102","AB112","AB126","AB128","AB129","ADK057","C51","SH035","SH070","SH080","SH095","TX006","YK001","YK019"],"lines":"AB001, AB010, AB011, AB022, AB023, AB032, AB033, AB040, AB057, AB064, AB079, AB080, AB083, AB089, AB102, AB112, AB126, AB128, AB129, ADK057, C51, SH035, SH070, SH080, SH095, TX006, YK001, YK019"},"geometry":{"type":"LineString","coordinates":[[38.799993,9.022277],[38.800496,9.021936]]}},{"type":"Feature","properties":{"mode":"bus","n":25,"arr":["AB001","AB010","AB011","AB023","AB032","AB033","AB040","AB057","AB064","AB080","AB083","AB089","AB102","AB112","AB126","AB128","AB129","C51","SH035","SH070","SH080","SH095","TX006","YK001","YK019"],"lines":"AB001, AB010, AB011, AB023, AB032, AB033, AB040, AB057, AB064, AB080, AB083, AB089, AB102, AB112, AB126, AB128, AB129, C51, SH035, SH070, SH080, SH095, TX006, YK001, YK019"},"geometry":{"type":"LineString","coordinates":[[38.800496,9.021936],[38.80091,9.021646]]}},{"type":"Feature","properties":{"mode":"bus","n":22,"arr":["AB001","AB010","AB011","AB023","AB032","AB033","AB040","AB057","AB064","AB080","AB083","AB089","AB102","AB126","AB128","AB129","C51","SH035","SH070","TX006","YK001","YK019"],"lines":"AB001, AB010, AB011, AB023, AB032, AB033, AB040, AB057, AB064, AB080, AB083, AB089, AB102, AB126, AB128, AB129, C51, SH035, SH070, TX006, YK001, YK019"},"geometry":{"type":"LineString","coordinates":[[38.80091,9.021646],[38.801024,9.021523]]}},{"type":"Feature","properties":{"mode":"bus","n":18,"arr":["AB001","AB010","AB011","AB023","AB032","AB033","AB040","AB057","AB083","AB089","AB102","AB126","AB128","AB129","C51","SH070","TX006","YK019"],"lines":"AB001, AB010, AB011, AB023, AB032, AB033, AB040, AB057, AB083, AB089, AB102, AB126, AB128, AB129, C51, SH070, TX006, YK019"},"geometry":{"type":"LineString","coordinates":[[38.801614,9.021236],[38.80152,9.021295]]}},{"type":"Feature","properties":{"mode":"bus","n":19,"arr":["AB001","AB010","AB011","AB023","AB032","AB033","AB040","AB057","AB083","AB089","AB102","AB119","AB126","AB128","AB129","C51","SH070","TX006","YK019"],"lines":"AB001, AB010, AB011, AB023, AB032, AB033, AB040, AB057, AB083, AB089, AB102, AB119, AB126, AB128, AB129, C51, SH070, TX006, YK019"},"geometry":{"type":"LineString","coordinates":[[38.801888,9.021105],[38.801614,9.021236]]}},{"type":"Feature","properties":{"mode":"bus","n":27,"arr":["AB001","AB010","AB011","AB023","AB032","AB033","AB040","AB057","AB076","AB079","AB083","AB089","AB093","AB102","AB119","AB125","AB126","AB128","AB129","C51","SH070","SH082","SH089","SH092","SH096","TX006","YK019"],"lines":"AB001, AB010, AB011, AB023, AB032, AB033, AB040, AB057, AB076, AB079, AB083, AB089, AB093, AB102, AB119, AB125, AB126, AB128, AB129, C51, SH070, SH082, SH089, SH092, SH096, TX006, YK019"},"geometry":{"type":"LineString","coordinates":[[38.80197,9.021064],[38.801888,9.021105]]}},{"type":"Feature","properties":{"mode":"bus","n":31,"arr":["AB001","AB010","AB011","AB023","AB032","AB033","AB040","AB044","AB057","AB076","AB079","AB083","AB089","AB093","AB102","AB119","AB125","AB126","AB128","AB129","C51","D23","D25","D46","SH066","SH070","SH082","SH089","SH096","TX006","YK019"],"lines":"AB001, AB010, AB011, AB023, AB032, AB033, AB040, AB044, AB057, AB076, AB079, AB083, AB089, AB093, AB102, AB119, AB125, AB126, AB128, AB129, C51, D23, D25, D46, SH066, SH070, SH082, SH089, SH096, TX006, YK019"},"geometry":{"type":"LineString","coordinates":[[38.802051,9.021022],[38.80197,9.021064]]}},{"type":"Feature","properties":{"mode":"bus","n":32,"arr":["AB001","AB010","AB011","AB023","AB032","AB033","AB040","AB044","AB057","AB076","AB079","AB083","AB089","AB093","AB102","AB119","AB125","AB126","AB128","AB129","C51","D23","D25","D46","SH066","SH070","SH082","SH089","SH092","SH096","TX006","YK019"],"lines":"AB001, AB010, AB011, AB023, AB032, AB033, AB040, AB044, AB057, AB076, AB079, AB083, AB089, AB093, AB102, AB119, AB125, AB126, AB128, AB129, C51, D23, D25, D46, SH066, SH070, SH082, SH089, SH092, SH096, TX006, YK019"},"geometry":{"type":"LineString","coordinates":[[38.802238,9.020909],[38.802051,9.021022]]}},{"type":"Feature","properties":{"mode":"bus","n":26,"arr":["AB001","AB007","AB010","AB011","AB023","AB032","AB033","AB040","AB044","AB057","AB079","AB083","AB089","AB102","AB126","AB128","AB129","C51","D23","D25","D46","SH004","SH066","SH070","TX006","YK019"],"lines":"AB001, AB007, AB010, AB011, AB023, AB032, AB033, AB040, AB044, AB057, AB079, AB083, AB089, AB102, AB126, AB128, AB129, C51, D23, D25, D46, SH004, SH066, SH070, TX006, YK019"},"geometry":{"type":"LineString","coordinates":[[38.802655,9.020666],[38.802238,9.020909]]}},{"type":"Feature","properties":{"mode":"bus","n":22,"arr":["AB001","AB007","AB010","AB011","AB023","AB032","AB033","AB040","AB044","AB057","AB079","AB083","AB089","AB102","AB126","AB128","AB129","C51","SH004","SH070","TX006","YK019"],"lines":"AB001, AB007, AB010, AB011, AB023, AB032, AB033, AB040, AB044, AB057, AB079, AB083, AB089, AB102, AB126, AB128, AB129, C51, SH004, SH070, TX006, YK019"},"geometry":{"type":"LineString","coordinates":[[38.802823,9.020563],[38.802655,9.020666]]}},{"type":"Feature","properties":{"mode":"bus","n":21,"arr":["AB001","AB007","AB010","AB011","AB023","AB032","AB033","AB040","AB044","AB057","AB083","AB089","AB102","AB126","AB128","AB129","C51","SH004","SH070","TX006","YK019"],"lines":"AB001, AB007, AB010, AB011, AB023, AB032, AB033, AB040, AB044, AB057, AB083, AB089, AB102, AB126, AB128, AB129, C51, SH004, SH070, TX006, YK019"},"geometry":{"type":"LineString","coordinates":[[38.802823,9.020563],[38.803221,9.020374],[38.803387,9.020327],[38.803666,9.020314],[38.803878,9.020341]]}},{"type":"Feature","properties":{"mode":"bus","n":25,"arr":["AB001","AB007","AB010","AB011","AB023","AB032","AB033","AB040","AB044","AB057","AB083","AB089","AB102","AB126","AB128","AB129","C51","LK005","SH004","SH070","TX006","YK002","YK004","YK014","YK019"],"lines":"AB001, AB007, AB010, AB011, AB023, AB032, AB033, AB040, AB044, AB057, AB083, AB089, AB102, AB126, AB128, AB129, C51, LK005, SH004, SH070, TX006, YK002, YK004, YK014, YK019"},"geometry":{"type":"LineString","coordinates":[[38.803878,9.020341],[38.804139,9.020425],[38.804816,9.020763],[38.805083,9.02087],[38.805462,9.020963],[38.806142,9.021035],[38.80942,9.021484],[38.80977,9.021481],[38.810105,9.021435]]}},{"type":"Feature","properties":{"mode":"bus","n":26,"arr":["AB001","AB007","AB010","AB011","AB023","AB032","AB033","AB040","AB044","AB057","AB083","AB089","AB102","AB126","AB128","AB129","C51","LK005","SH004","SH070","TX006","YK002","YK004","YK014","YK016","YK019"],"lines":"AB001, AB007, AB010, AB011, AB023, AB032, AB033, AB040, AB044, AB057, AB083, AB089, AB102, AB126, AB128, AB129, C51, LK005, SH004, SH070, TX006, YK002, YK004, YK014, YK016, YK019"},"geometry":{"type":"LineString","coordinates":[[38.810105,9.021435],[38.811365,9.021285],[38.81209,9.021221],[38.812589,9.021199],[38.813043,9.021258]]}},{"type":"Feature","properties":{"mode":"bus","n":27,"arr":["AB001","AB007","AB010","AB011","AB023","AB032","AB033","AB040","AB044","AB057","AB083","AB089","AB102","AB126","AB128","AB129","C51","Kal033","LK005","SH004","SH070","TX006","YK002","YK004","YK014","YK016","YK019"],"lines":"AB001, AB007, AB010, AB011, AB023, AB032, AB033, AB040, AB044, AB057, AB083, AB089, AB102, AB126, AB128, AB129, C51, Kal033, LK005, SH004, SH070, TX006, YK002, YK004, YK014, YK016, YK019"},"geometry":{"type":"LineString","coordinates":[[38.813043,9.021258],[38.81373,9.021437],[38.814947,9.021847],[38.815377,9.02203],[38.815844,9.02232]]}},{"type":"Feature","properties":{"mode":"bus","n":25,"arr":["AB001","AB007","AB010","AB011","AB032","AB033","AB040","AB044","AB057","AB083","AB089","AB102","AB126","AB128","AB129","C51","Kal033","LK005","SH004","SH070","TX006","YK004","YK014","YK016","YK019"],"lines":"AB001, AB007, AB010, AB011, AB032, AB033, AB040, AB044, AB057, AB083, AB089, AB102, AB126, AB128, AB129, C51, Kal033, LK005, SH004, SH070, TX006, YK004, YK014, YK016, YK019"},"geometry":{"type":"LineString","coordinates":[[38.818418,9.023816],[38.818745,9.023855],[38.819852,9.023923]]}},{"type":"Feature","properties":{"mode":"bus","n":23,"arr":["AB001","AB007","AB010","AB011","AB032","AB033","AB040","AB044","AB057","AB083","AB089","AB102","AB126","AB128","AB129","C51","LK005","SH004","SH070","TX006","YK004","YK014","YK019"],"lines":"AB001, AB007, AB010, AB011, AB032, AB033, AB040, AB044, AB057, AB083, AB089, AB102, AB126, AB128, AB129, C51, LK005, SH004, SH070, TX006, YK004, YK014, YK019"},"geometry":{"type":"LineString","coordinates":[[38.819852,9.023923],[38.819872,9.023926]]}},{"type":"Feature","properties":{"mode":"bus","n":22,"arr":["AB001","AB007","AB010","AB011","AB032","AB033","AB040","AB044","AB057","AB083","AB089","AB102","AB126","AB128","AB129","C51","LK005","SH004","SH070","TX006","YK004","YK014"],"lines":"AB001, AB007, AB010, AB011, AB032, AB033, AB040, AB044, AB057, AB083, AB089, AB102, AB126, AB128, AB129, C51, LK005, SH004, SH070, TX006, YK004, YK014"},"geometry":{"type":"LineString","coordinates":[[38.819872,9.023926],[38.820814,9.024133],[38.821986,9.024457]]}},{"type":"Feature","properties":{"mode":"bus","n":20,"arr":["AB001","AB007","AB010","AB011","AB032","AB033","AB040","AB044","AB057","AB089","AB102","AB128","AB129","C51","LK005","SH004","SH070","TX006","YK004","YK014"],"lines":"AB001, AB007, AB010, AB011, AB032, AB033, AB040, AB044, AB057, AB089, AB102, AB128, AB129, C51, LK005, SH004, SH070, TX006, YK004, YK014"},"geometry":{"type":"LineString","coordinates":[[38.821986,9.024457],[38.8242,9.025103],[38.825993,9.025553]]}},{"type":"Feature","properties":{"mode":"bus","n":19,"arr":["AB001","AB007","AB010","AB032","AB033","AB040","AB044","AB057","AB089","AB102","AB128","AB129","C51","LK005","SH004","SH070","TX006","YK004","YK014"],"lines":"AB001, AB007, AB010, AB032, AB033, AB040, AB044, AB057, AB089, AB102, AB128, AB129, C51, LK005, SH004, SH070, TX006, YK004, YK014"},"geometry":{"type":"LineString","coordinates":[[38.825993,9.025553],[38.826657,9.025724],[38.827282,9.025926],[38.828658,9.026456],[38.830365,9.02715]]}},{"type":"Feature","properties":{"mode":"bus","n":19,"arr":["AB001","AB007","AB010","AB032","AB033","AB040","AB044","AB057","AB089","AB102","AB128","AB129","C51","LK005","SH004","SH070","TX006","YK004","YK014"],"lines":"AB001, AB007, AB010, AB032, AB033, AB040, AB044, AB057, AB089, AB102, AB128, AB129, C51, LK005, SH004, SH070, TX006, YK004, YK014"},"geometry":{"type":"LineString","coordinates":[[38.827369,9.026061],[38.826673,9.025854]]}},{"type":"Feature","properties":{"mode":"bus","n":18,"arr":["AB001","AB007","AB010","AB033","AB040","AB044","AB057","AB089","AB102","AB128","AB129","C51","LK005","SH004","SH070","TX006","YK004","YK014"],"lines":"AB001, AB007, AB010, AB033, AB040, AB044, AB057, AB089, AB102, AB128, AB129, C51, LK005, SH004, SH070, TX006, YK004, YK014"},"geometry":{"type":"LineString","coordinates":[[38.830365,9.02715],[38.83094,9.027456],[38.831855,9.027986],[38.832197,9.028136],[38.833882,9.028549],[38.834335,9.028716],[38.83552,9.029255],[38.836364,9.02961],[38.837955,9.030128],[38.839071,9.030524],[38.840608,9.031207],[38.84677,9.034124]]}},{"type":"Feature","properties":{"mode":"bus","n":18,"arr":["AB001","AB007","AB010","AB033","AB040","AB044","AB057","AB089","AB102","AB128","AB129","C51","LK005","SH004","SH070","TX006","YK004","YK014"],"lines":"AB001, AB007, AB010, AB033, AB040, AB044, AB057, AB089, AB102, AB128, AB129, C51, LK005, SH004, SH070, TX006, YK004, YK014"},"geometry":{"type":"LineString","coordinates":[[38.846702,9.034198],[38.842739,9.032312],[38.841399,9.031706],[38.840325,9.031181],[38.839283,9.030716],[38.838578,9.030437],[38.83634,9.029704],[38.835729,9.029451],[38.834182,9.028754],[38.833445,9.028523],[38.832433,9.028294],[38.831984,9.028149],[38.83148,9.027883],[38.830907,9.027532],[38.830339,9.027232],[38.828626,9.026532],[38.827369,9.026061]]}},{"type":"Feature","properties":{"mode":"bus","n":17,"arr":["AB001","AB007","AB033","AB040","AB044","AB057","AB089","AB102","AB128","AB129","C51","LK005","SH004","SH070","TX006","YK004","YK014"],"lines":"AB001, AB007, AB033, AB040, AB044, AB057, AB089, AB102, AB128, AB129, C51, LK005, SH004, SH070, TX006, YK004, YK014"},"geometry":{"type":"LineString","coordinates":[[38.84677,9.034124],[38.847259,9.034294],[38.848048,9.034493],[38.852614,9.035459],[38.85466,9.036014]]}},{"type":"Feature","properties":{"mode":"bus","n":17,"arr":["AB001","AB007","AB033","AB040","AB044","AB057","AB089","AB102","AB128","AB129","C51","LK005","SH004","SH070","TX006","YK004","YK014"],"lines":"AB001, AB007, AB033, AB040, AB044, AB057, AB089, AB102, AB128, AB129, C51, LK005, SH004, SH070, TX006, YK004, YK014"},"geometry":{"type":"LineString","coordinates":[[38.854525,9.036089],[38.853356,9.035746],[38.852771,9.035607],[38.847725,9.034521],[38.847206,9.034387],[38.846886,9.034283],[38.846702,9.034198]]}},{"type":"Feature","properties":{"mode":"bus","n":16,"arr":["AB001","AB007","AB040","AB044","AB057","AB089","AB102","AB128","AB129","C51","LK005","SH004","SH070","TX006","YK004","YK014"],"lines":"AB001, AB007, AB040, AB044, AB057, AB089, AB102, AB128, AB129, C51, LK005, SH004, SH070, TX006, YK004, YK014"},"geometry":{"type":"LineString","coordinates":[[38.85466,9.036014],[38.858232,9.03702],[38.859128,9.037306],[38.859507,9.037463],[38.862388,9.038788],[38.862944,9.039066],[38.86334,9.039326],[38.863586,9.039539],[38.864032,9.039988],[38.864269,9.040343]]}},{"type":"Feature","properties":{"mode":"bus","n":16,"arr":["AB001","AB007","AB040","AB044","AB057","AB089","AB102","AB128","AB129","C51","LK005","SH004","SH070","TX006","YK004","YK014"],"lines":"AB001, AB007, AB040, AB044, AB057, AB089, AB102, AB128, AB129, C51, LK005, SH004, SH070, TX006, YK004, YK014"},"geometry":{"type":"LineString","coordinates":[[38.864226,9.04045],[38.86403,9.040147],[38.863578,9.039673],[38.863192,9.039346],[38.862923,9.039168],[38.861981,9.038709],[38.859464,9.037557],[38.858822,9.037318],[38.858172,9.037107],[38.854525,9.036089]]}},{"type":"Feature","properties":{"mode":"bus","n":15,"arr":["AB001","AB007","AB044","AB057","AB089","AB102","AB128","AB129","C51","LK005","SH004","SH070","TX006","YK004","YK014"],"lines":"AB001, AB007, AB044, AB057, AB089, AB102, AB128, AB129, C51, LK005, SH004, SH070, TX006, YK004, YK014"},"geometry":{"type":"LineString","coordinates":[[38.864269,9.040343],[38.864309,9.040409]]}},{"type":"Feature","properties":{"mode":"bus","n":12,"arr":["AB001","AB007","AB044","AB089","AB128","AB129","C51","LK005","SH004","SH070","TX006","YK014"],"lines":"AB001, AB007, AB044, AB089, AB128, AB129, C51, LK005, SH004, SH070, TX006, YK014"},"geometry":{"type":"LineString","coordinates":[[38.864309,9.040409],[38.864463,9.040667],[38.864486,9.04069],[38.864518,9.040698],[38.864771,9.040698],[38.864896,9.040728]]}},{"type":"Feature","properties":{"mode":"bus","n":12,"arr":["AB001","AB007","AB044","AB089","AB128","AB129","C51","LK005","SH004","SH070","TX006","YK014"],"lines":"AB001, AB007, AB044, AB089, AB128, AB129, C51, LK005, SH004, SH070, TX006, YK014"},"geometry":{"type":"LineString","coordinates":[[38.865372,9.041132],[38.865181,9.040968],[38.864969,9.040857],[38.864712,9.040807],[38.864477,9.040824],[38.864455,9.040822],[38.864437,9.040813],[38.864423,9.040796],[38.864226,9.04045]]}},{"type":"Feature","properties":{"mode":"bus","n":12,"arr":["AB001","AB007","AB044","AB089","AB128","AB129","C51","LK005","LK012","SH004","SH070","YK014"],"lines":"AB001, AB007, AB044, AB089, AB128, AB129, C51, LK005, LK012, SH004, SH070, YK014"},"geometry":{"type":"LineString","coordinates":[[38.864896,9.040728],[38.865094,9.040789],[38.865195,9.040844],[38.865444,9.041054],[38.866225,9.042057],[38.866567,9.042404],[38.866826,9.042625],[38.867126,9.042841],[38.868056,9.043427],[38.868222,9.04357],[38.868409,9.043801],[38.868523,9.04406],[38.868548,9.044217],[38.868574,9.044877],[38.868653,9.045328],[38.869202,9.047332],[38.869408,9.047865],[38.87384,9.057075],[38.873984,9.057288],[38.874181,9.05748],[38.874558,9.057701]]}},{"type":"Feature","properties":{"mode":"bus","n":12,"arr":["AB001","AB007","AB044","AB089","AB128","AB129","C51","LK005","LK012","SH004","SH070","YK014"],"lines":"AB001, AB007, AB044, AB089, AB128, AB129, C51, LK005, LK012, SH004, SH070, YK014"},"geometry":{"type":"LineString","coordinates":[[38.874228,9.05764],[38.873986,9.057452],[38.873876,9.057321],[38.873682,9.056978],[38.871156,9.051785],[38.870216,9.049768],[38.869217,9.047713],[38.869071,9.047307],[38.868541,9.04531],[38.868469,9.044792],[38.868436,9.044217],[38.868411,9.044079],[38.868303,9.043836],[38.868221,9.043718],[38.86803,9.043544],[38.867064,9.042913],[38.866569,9.04254],[38.866383,9.042364],[38.865942,9.041866],[38.865372,9.041132]]}},{"type":"Feature","properties":{"mode":"bus","n":13,"arr":["AB001","AB007","AB044","AB089","AB128","AB129","C51","LK005","LK012","SH004","SH070","SH077","YK014"],"lines":"AB001, AB007, AB044, AB089, AB128, AB129, C51, LK005, LK012, SH004, SH070, SH077, YK014"},"geometry":{"type":"LineString","coordinates":[[38.874558,9.057701],[38.874687,9.057748]]}},{"type":"Feature","properties":{"mode":"bus","n":7,"arr":["AB001","AB007","AB044","AB089","LK005","LK012","SH077"],"lines":"AB001, AB007, AB044, AB089, LK005, LK012, SH077"},"geometry":{"type":"LineString","coordinates":[[38.874687,9.057748],[38.875402,9.057796],[38.875804,9.057783],[38.875952,9.057756],[38.876368,9.057614],[38.87746,9.056966]]}},{"type":"Feature","properties":{"mode":"bus","n":7,"arr":["AB001","AB007","AB044","AB089","LK005","LK012","SH077"],"lines":"AB001, AB007, AB044, AB089, LK005, LK012, SH077"},"geometry":{"type":"LineString","coordinates":[[38.877569,9.057084],[38.877421,9.057133],[38.87711,9.057286],[38.876442,9.057684],[38.876196,9.057787],[38.875987,9.057841],[38.875776,9.057873],[38.875134,9.05787],[38.874783,9.057854],[38.874631,9.057823]]}},{"type":"Feature","properties":{"mode":"bus","n":6,"arr":["AB001","AB007","AB044","AB089","LK005","LK012"],"lines":"AB001, AB007, AB044, AB089, LK005, LK012"},"geometry":{"type":"LineString","coordinates":[[38.874631,9.057823],[38.874348,9.057718],[38.874228,9.05764]]}},{"type":"Feature","properties":{"mode":"bus","n":21,"arr":["AB001","AB007","AB010","AB011","AB032","AB033","AB040","AB044","AB057","AB089","AB102","AB126","AB128","AB129","C51","LK005","SH004","SH070","TX006","YK004","YK014"],"lines":"AB001, AB007, AB010, AB011, AB032, AB033, AB040, AB044, AB057, AB089, AB102, AB126, AB128, AB129, C51, LK005, SH004, SH070, TX006, YK004, YK014"},"geometry":{"type":"LineString","coordinates":[[38.826673,9.025854],[38.82379,9.025076],[38.82074,9.024201],[38.819923,9.024038]]}},{"type":"Feature","properties":{"mode":"bus","n":26,"arr":["AB001","AB007","AB010","AB011","AB023","AB032","AB033","AB040","AB044","AB057","AB089","AB102","AB126","AB128","AB129","C51","Kal033","LK005","SH004","SH070","TX006","YK002","YK004","YK014","YK016","YK019"],"lines":"AB001, AB007, AB010, AB011, AB023, AB032, AB033, AB040, AB044, AB057, AB089, AB102, AB126, AB128, AB129, C51, Kal033, LK005, SH004, SH070, TX006, YK002, YK004, YK014, YK016, YK019"},"geometry":{"type":"LineString","coordinates":[[38.817852,9.023693],[38.817248,9.023332],[38.815647,9.022294],[38.81506,9.021989]]}},{"type":"Feature","properties":{"mode":"bus","n":27,"arr":["AB001","AB007","AB010","AB011","AB022","AB023","AB032","AB033","AB040","AB044","AB057","AB089","AB102","AB126","AB128","AB129","C51","Kal033","LK005","SH004","SH070","TX006","YK002","YK004","YK014","YK016","YK019"],"lines":"AB001, AB007, AB010, AB011, AB022, AB023, AB032, AB033, AB040, AB044, AB057, AB089, AB102, AB126, AB128, AB129, C51, Kal033, LK005, SH004, SH070, TX006, YK002, YK004, YK014, YK016, YK019"},"geometry":{"type":"LineString","coordinates":[[38.81506,9.021989],[38.814272,9.021704],[38.813397,9.021425],[38.812751,9.0213],[38.812561,9.021281],[38.811892,9.021309],[38.810217,9.021502]]}},{"type":"Feature","properties":{"mode":"bus","n":24,"arr":["AB001","AB007","AB010","AB011","AB022","AB023","AB032","AB033","AB040","AB044","AB057","AB089","AB102","AB126","AB128","AB129","C51","SH004","SH070","TX006","YK002","YK004","YK014","YK019"],"lines":"AB001, AB007, AB010, AB011, AB022, AB023, AB032, AB033, AB040, AB044, AB057, AB089, AB102, AB126, AB128, AB129, C51, SH004, SH070, TX006, YK002, YK004, YK014, YK019"},"geometry":{"type":"LineString","coordinates":[[38.810217,9.021502],[38.809792,9.021558],[38.809416,9.02157],[38.805323,9.021023],[38.804987,9.020934],[38.804126,9.020502],[38.803819,9.020384],[38.803634,9.020371],[38.803373,9.020398],[38.803173,9.020465],[38.802834,9.020656]]}},{"type":"Feature","properties":{"mode":"bus","n":22,"arr":["AB001","AB007","AB010","AB011","AB022","AB023","AB032","AB033","AB040","AB044","AB057","AB089","AB102","AB126","AB128","AB129","C51","SH004","SH070","TX006","YK004","YK019"],"lines":"AB001, AB007, AB010, AB011, AB022, AB023, AB032, AB033, AB040, AB044, AB057, AB089, AB102, AB126, AB128, AB129, C51, SH004, SH070, TX006, YK004, YK019"},"geometry":{"type":"LineString","coordinates":[[38.802834,9.020656],[38.802101,9.021091]]}},{"type":"Feature","properties":{"mode":"bus","n":34,"arr":["AB001","AB007","AB010","AB011","AB022","AB023","AB032","AB033","AB040","AB044","AB057","AB076","AB079","AB089","AB102","AB119","AB125","AB126","AB128","AB129","C51","D23","D25","D46","SH004","SH066","SH070","SH082","SH089","SH092","SH096","TX006","YK004","YK019"],"lines":"AB001, AB007, AB010, AB011, AB022, AB023, AB032, AB033, AB040, AB044, AB057, AB076, AB079, AB089, AB102, AB119, AB125, AB126, AB128, AB129, C51, D23, D25, D46, SH004, SH066, SH070, SH082, SH089, SH092, SH096, TX006, YK004, YK019"},"geometry":{"type":"LineString","coordinates":[[38.802101,9.021091],[38.801812,9.021279],[38.801702,9.021409],[38.801607,9.021603]]}},{"type":"Feature","properties":{"mode":"bus","n":23,"arr":["AB001","AB010","AB011","AB022","AB023","AB032","AB033","AB040","AB044","AB046","AB057","AB079","AB083","AB089","AB102","AB126","AB128","AB129","AB131","C51","SH070","TX006","YK019"],"lines":"AB001, AB010, AB011, AB022, AB023, AB032, AB033, AB040, AB044, AB046, AB057, AB079, AB083, AB089, AB102, AB126, AB128, AB129, AB131, C51, SH070, TX006, YK019"},"geometry":{"type":"LineString","coordinates":[[38.800474,9.022136],[38.800907,9.021889],[38.801122,9.021824],[38.801294,9.021809]]}},{"type":"Feature","properties":{"mode":"bus","n":27,"arr":["AB001","AB010","AB011","AB022","AB023","AB032","AB033","AB040","AB046","AB057","AB064","AB079","AB080","AB083","AB089","AB102","AB112","AB126","AB128","AB129","AB131","C51","SH035","SH070","SH080","TX006","YK019"],"lines":"AB001, AB010, AB011, AB022, AB023, AB032, AB033, AB040, AB046, AB057, AB064, AB079, AB080, AB083, AB089, AB102, AB112, AB126, AB128, AB129, AB131, C51, SH035, SH070, SH080, TX006, YK019"},"geometry":{"type":"LineString","coordinates":[[38.800221,9.022295],[38.800474,9.022136]]}},{"type":"Feature","properties":{"mode":"bus","n":22,"arr":["AB001","AB010","AB011","AB022","AB023","AB033","AB040","AB046","AB064","AB079","AB080","AB083","AB089","AB112","AB126","AB129","AB131","C51","SH035","SH080","TX006","YK019"],"lines":"AB001, AB010, AB011, AB022, AB023, AB033, AB040, AB046, AB064, AB079, AB080, AB083, AB089, AB112, AB126, AB129, AB131, C51, SH035, SH080, TX006, YK019"},"geometry":{"type":"LineString","coordinates":[[38.800221,9.022295],[38.800019,9.022405]]}},{"type":"Feature","properties":{"mode":"bus","n":25,"arr":["AB001","AB010","AB011","AB015","AB022","AB023","AB033","AB040","AB046","AB064","AB079","AB080","AB081","AB083","AB089","AB112","AB126","AB129","AB131","C51","SH035","SH080","SH095","TX006","YK019"],"lines":"AB001, AB010, AB011, AB015, AB022, AB023, AB033, AB040, AB046, AB064, AB079, AB080, AB081, AB083, AB089, AB112, AB126, AB129, AB131, C51, SH035, SH080, SH095, TX006, YK019"},"geometry":{"type":"LineString","coordinates":[[38.800019,9.022405],[38.799844,9.022501]]}},{"type":"Feature","properties":{"mode":"bus","n":33,"arr":["AB001","AB010","AB011","AB015","AB022","AB023","AB033","AB040","AB046","AB064","AB079","AB080","AB081","AB083","AB089","AB112","AB126","AB129","AB131","ARD001","ARD007","C17","C51","Gl005","SH035","SH080","SH095","TX006","TX008","YK001","YK006","YK011","YK019"],"lines":"AB001, AB010, AB011, AB015, AB022, AB023, AB033, AB040, AB046, AB064, AB079, AB080, AB081, AB083, AB089, AB112, AB126, AB129, AB131, ARD001, ARD007, C17, C51, Gl005, SH035, SH080, SH095, TX006, TX008, YK001, YK006, YK011, YK019"},"geometry":{"type":"LineString","coordinates":[[38.799844,9.022501],[38.79862,9.023122],[38.79603,9.024646]]}},{"type":"Feature","properties":{"mode":"bus","n":35,"arr":["AB001","AB010","AB011","AB015","AB022","AB023","AB033","AB040","AB046","AB064","AB079","AB080","AB081","AB083","AB089","AB112","AB126","AB129","AB131","ADK057","ARD001","ARD007","C17","C51","Gl005","SH035","SH080","SH095","TX006","TX008","YK001","YK006","YK011","YK017","YK019"],"lines":"AB001, AB010, AB011, AB015, AB022, AB023, AB033, AB040, AB046, AB064, AB079, AB080, AB081, AB083, AB089, AB112, AB126, AB129, AB131, ADK057, ARD001, ARD007, C17, C51, Gl005, SH035, SH080, SH095, TX006, TX008, YK001, YK006, YK011, YK017, YK019"},"geometry":{"type":"LineString","coordinates":[[38.79603,9.024646],[38.794923,9.025288]]}},{"type":"Feature","properties":{"mode":"bus","n":36,"arr":["AB001","AB010","AB011","AB015","AB022","AB023","AB033","AB040","AB046","AB064","AB079","AB080","AB081","AB083","AB089","AB112","AB126","AB129","AB131","ADK057","ARD001","ARD007","C17","C51","Gl005","SH035","SH080","SH095","TX006","TX008","YK001","YK006","YK011","YK017","YK019","YK021"],"lines":"AB001, AB010, AB011, AB015, AB022, AB023, AB033, AB040, AB046, AB064, AB079, AB080, AB081, AB083, AB089, AB112, AB126, AB129, AB131, ADK057, ARD001, ARD007, C17, C51, Gl005, SH035, SH080, SH095, TX006, TX008, YK001, YK006, YK011, YK017, YK019, YK021"},"geometry":{"type":"LineString","coordinates":[[38.794923,9.025288],[38.791438,9.027364],[38.789693,9.028434]]}},{"type":"Feature","properties":{"mode":"bus","n":37,"arr":["AB001","AB010","AB011","AB015","AB022","AB023","AB033","AB040","AB046","AB064","AB079","AB080","AB081","AB083","AB089","AB112","AB126","AB129","AB131","ADK057","ARD001","ARD007","C17","C51","Gl005","SH035","SH080","SH095","TX006","TX008","YK001","YK006","YK008","YK011","YK017","YK019","YK021"],"lines":"AB001, AB010, AB011, AB015, AB022, AB023, AB033, AB040, AB046, AB064, AB079, AB080, AB081, AB083, AB089, AB112, AB126, AB129, AB131, ADK057, ARD001, ARD007, C17, C51, Gl005, SH035, SH080, SH095, TX006, TX008, YK001, YK006, YK008, YK011, YK017, YK019, YK021"},"geometry":{"type":"LineString","coordinates":[[38.789693,9.028434],[38.789006,9.028816],[38.786759,9.030197],[38.785941,9.030667]]}},{"type":"Feature","properties":{"mode":"bus","n":25,"arr":["AB001","AB010","AB011","AB015","AB033","AB040","AB046","AB064","AB079","AB081","AB089","AB126","AB129","AB131","ADK057","ARD001","ARD007","C17","C51","SH095","TX008","YK008","YK017","YK019","YK021"],"lines":"AB001, AB010, AB011, AB015, AB033, AB040, AB046, AB064, AB079, AB081, AB089, AB126, AB129, AB131, ADK057, ARD001, ARD007, C17, C51, SH095, TX008, YK008, YK017, YK019, YK021"},"geometry":{"type":"LineString","coordinates":[[38.764804,9.032331],[38.764989,9.032278]]}},{"type":"Feature","properties":{"mode":"bus","n":22,"arr":["AB001","AB010","AB011","AB015","AB033","AB040","AB064","AB079","AB081","AB089","AB126","AB129","AB131","ADK057","ARD001","C17","C51","SH095","TX008","YK017","YK019","YK021"],"lines":"AB001, AB010, AB011, AB015, AB033, AB040, AB064, AB079, AB081, AB089, AB126, AB129, AB131, ADK057, ARD001, C17, C51, SH095, TX008, YK017, YK019, YK021"},"geometry":{"type":"LineString","coordinates":[[38.764359,9.032514],[38.764804,9.032331]]}},{"type":"Feature","properties":{"mode":"bus","n":21,"arr":["AB001","AB010","AB011","AB015","AB040","AB064","AB079","AB081","AB089","AB126","AB129","AB131","ADK057","ARD001","C17","C51","SH095","TX008","YK017","YK019","YK021"],"lines":"AB001, AB010, AB011, AB015, AB040, AB064, AB079, AB081, AB089, AB126, AB129, AB131, ADK057, ARD001, C17, C51, SH095, TX008, YK017, YK019, YK021"},"geometry":{"type":"LineString","coordinates":[[38.763649,9.032856],[38.764359,9.032514]]}},{"type":"Feature","properties":{"mode":"bus","n":17,"arr":["AB002","AB004","AB018","AB024","AB026","AB030","AB041","AB043","AB051","AB063","AB085","AB088","AB091","AB095","AB118","SH076","SH085"],"lines":"AB002, AB004, AB018, AB024, AB026, AB030, AB041, AB043, AB051, AB063, AB085, AB088, AB091, AB095, AB118, SH076, SH085"},"geometry":{"type":"LineString","coordinates":[[38.737049,9.030553],[38.737281,9.030232]]}},{"type":"Feature","properties":{"mode":"bus","n":18,"arr":["AB002","AB004","AB018","AB021","AB024","AB026","AB028","AB034","AB043","AB047","AB051","AB063","AB085","AB091","AB095","AB118","SH076","SH085"],"lines":"AB002, AB004, AB018, AB021, AB024, AB026, AB028, AB034, AB043, AB047, AB051, AB063, AB085, AB091, AB095, AB118, SH076, SH085"},"geometry":{"type":"LineString","coordinates":[[38.737281,9.030232],[38.737549,9.029871]]}},{"type":"Feature","properties":{"mode":"bus","n":21,"arr":["AB002","AB004","AB018","AB021","AB024","AB026","AB028","AB034","AB043","AB047","AB051","AB063","AB065","AB066","AB085","AB091","AB095","AB100","AB118","SH076","SH085"],"lines":"AB002, AB004, AB018, AB021, AB024, AB026, AB028, AB034, AB043, AB047, AB051, AB063, AB065, AB066, AB085, AB091, AB095, AB100, AB118, SH076, SH085"},"geometry":{"type":"LineString","coordinates":[[38.737549,9.029871],[38.737027,9.029633],[38.736934,9.029647],[38.736371,9.029581],[38.735362,9.029432]]}},{"type":"Feature","properties":{"mode":"bus","n":31,"arr":["AB002","AB004","AB018","AB021","AB024","AB026","AB028","AB034","AB043","AB047","AB051","AB063","AB065","AB066","AB085","AB091","AB095","AB100","AB118","ADK002","ADK043","ADK044","Kolfa001","Kolfa011","Kolfa012","Kolfa013","Kolfa033","Kolfa034","Lafto034","SH076","SH085"],"lines":"AB002, AB004, AB018, AB021, AB024, AB026, AB028, AB034, AB043, AB047, AB051, AB063, AB065, AB066, AB085, AB091, AB095, AB100, AB118, ADK002, ADK043, ADK044, Kolfa001, Kolfa011, Kolfa012, Kolfa013, Kolfa033, Kolfa034, Lafto034, SH076, SH085"},"geometry":{"type":"LineString","coordinates":[[38.735362,9.029432],[38.733272,9.029157]]}},{"type":"Feature","properties":{"mode":"bus","n":21,"arr":["AB002","AB004","AB024","AB026","AB034","AB051","AB065","AB066","AB091","AB100","ADK002","ADK043","ADK044","Kolfa001","Kolfa011","Kolfa012","Kolfa013","Kolfa033","Kolfa034","Lafto034","SH085"],"lines":"AB002, AB004, AB024, AB026, AB034, AB051, AB065, AB066, AB091, AB100, ADK002, ADK043, ADK044, Kolfa001, Kolfa011, Kolfa012, Kolfa013, Kolfa033, Kolfa034, Lafto034, SH085"},"geometry":{"type":"LineString","coordinates":[[38.733272,9.029157],[38.732964,9.029099]]}},{"type":"Feature","properties":{"mode":"bus","n":20,"arr":["AB002","AB004","AB026","AB034","AB051","AB065","AB066","AB091","AB100","ADK002","ADK043","ADK044","Kolfa001","Kolfa011","Kolfa012","Kolfa013","Kolfa033","Kolfa034","Lafto034","SH085"],"lines":"AB002, AB004, AB026, AB034, AB051, AB065, AB066, AB091, AB100, ADK002, ADK043, ADK044, Kolfa001, Kolfa011, Kolfa012, Kolfa013, Kolfa033, Kolfa034, Lafto034, SH085"},"geometry":{"type":"LineString","coordinates":[[38.732964,9.029099],[38.732836,9.029075]]}},{"type":"Feature","properties":{"mode":"bus","n":33,"arr":["AB002","AB004","AB026","AB034","AB051","AB065","AB066","AB091","AB100","AB118","ADK011","ADK012","ADK014","ADK016","ADK043","ADK044","B19","Kolfa001","Kolfa011","Kolfa012","Kolfa013","Kolfa017","Kolfa021","Kolfa033","Kolfa034","Lafto011","Lafto027","Lafto034","Lafto042","SH009","SH010","SH040","SH085"],"lines":"AB002, AB004, AB026, AB034, AB051, AB065, AB066, AB091, AB100, AB118, ADK011, ADK012, ADK014, ADK016, ADK043, ADK044, B19, Kolfa001, Kolfa011, Kolfa012, Kolfa013, Kolfa017, Kolfa021, Kolfa033, Kolfa034, Lafto011, Lafto027, Lafto034, Lafto042, SH009, SH010, SH040, SH085"},"geometry":{"type":"LineString","coordinates":[[38.732836,9.029075],[38.732842,9.029022]]}},{"type":"Feature","properties":{"mode":"bus","n":32,"arr":["AB002","AB004","AB026","AB034","AB051","AB065","AB066","AB091","AB100","ADK011","ADK012","ADK014","ADK016","ADK043","ADK044","B19","Kolfa001","Kolfa011","Kolfa012","Kolfa013","Kolfa017","Kolfa021","Kolfa033","Kolfa034","Lafto011","Lafto027","Lafto034","Lafto042","SH009","SH010","SH040","SH085"],"lines":"AB002, AB004, AB026, AB034, AB051, AB065, AB066, AB091, AB100, ADK011, ADK012, ADK014, ADK016, ADK043, ADK044, B19, Kolfa001, Kolfa011, Kolfa012, Kolfa013, Kolfa017, Kolfa021, Kolfa033, Kolfa034, Lafto011, Lafto027, Lafto034, Lafto042, SH009, SH010, SH040, SH085"},"geometry":{"type":"LineString","coordinates":[[38.732842,9.029022],[38.732888,9.028844],[38.732976,9.028279]]}},{"type":"Feature","properties":{"mode":"bus","n":32,"arr":["AB002","AB004","AB026","AB034","AB051","AB065","AB066","AB091","AB100","ADK011","ADK012","ADK014","ADK016","ADK043","ADK044","B19","Kolfa001","Kolfa011","Kolfa012","Kolfa013","Kolfa017","Kolfa021","Kolfa033","Kolfa034","Lafto011","Lafto027","Lafto034","Lafto042","SH009","SH010","SH040","SH085"],"lines":"AB002, AB004, AB026, AB034, AB051, AB065, AB066, AB091, AB100, ADK011, ADK012, ADK014, ADK016, ADK043, ADK044, B19, Kolfa001, Kolfa011, Kolfa012, Kolfa013, Kolfa017, Kolfa021, Kolfa033, Kolfa034, Lafto011, Lafto027, Lafto034, Lafto042, SH009, SH010, SH040, SH085"},"geometry":{"type":"LineString","coordinates":[[38.733032,9.028765],[38.733121,9.02832]]}},{"type":"Feature","properties":{"mode":"bus","n":18,"arr":["AB002","AB004","AB034","AB092","AB100","ADK012","ADK014","ADK016","ADK044","ARD005","B19","Lafto011","Lafto014","Lafto016","Lafto027","Lafto034","Lafto042","SH085"],"lines":"AB002, AB004, AB034, AB092, AB100, ADK012, ADK014, ADK016, ADK044, ARD005, B19, Lafto011, Lafto014, Lafto016, Lafto027, Lafto034, Lafto042, SH085"},"geometry":{"type":"LineString","coordinates":[[38.734727,9.016415],[38.734735,9.016513]]}},{"type":"Feature","properties":{"mode":"bus","n":16,"arr":["AB002","AB004","AB034","AB092","AB100","ADK012","ADK014","ADK016","ARD005","B19","Lafto011","Lafto014","Lafto016","Lafto027","Lafto034","SH085"],"lines":"AB002, AB004, AB034, AB092, AB100, ADK012, ADK014, ADK016, ARD005, B19, Lafto011, Lafto014, Lafto016, Lafto027, Lafto034, SH085"},"geometry":{"type":"LineString","coordinates":[[38.734427,9.013725],[38.734727,9.016415]]}},{"type":"Feature","properties":{"mode":"bus","n":31,"arr":["AB002","AB003","AB004","AB034","AB036","AB037","AB050","AB058","AB062","AB068","AB070","AB073","AB090","AB092","AB105","AB130","B19","Kolfa004","Kolfa009","Kolfa014","Kolfa016","Kolfa019","Kolfa031","Kolfa036","Kolfa037","LID004","LID007","LID009","SH068","SH081","SH100"],"lines":"AB002, AB003, AB004, AB034, AB036, AB037, AB050, AB058, AB062, AB068, AB070, AB073, AB090, AB092, AB105, AB130, B19, Kolfa004, Kolfa009, Kolfa014, Kolfa016, Kolfa019, Kolfa031, Kolfa036, Kolfa037, LID004, LID007, LID009, SH068, SH081, SH100"},"geometry":{"type":"LineString","coordinates":[[38.734353,9.011425],[38.734447,9.01146],[38.734541,9.011467],[38.735564,9.011318],[38.737379,9.011104]]}},{"type":"Feature","properties":{"mode":"bus","n":34,"arr":["AB002","AB003","AB004","AB034","AB036","AB037","AB050","AB058","AB062","AB068","AB070","AB071","AB073","AB090","AB092","AB105","AB130","ADK044","B19","Kolfa004","Kolfa009","Kolfa014","Kolfa016","Kolfa019","Kolfa031","Kolfa036","Kolfa037","Lafto042","LID004","LID007","LID009","SH068","SH081","SH100"],"lines":"AB002, AB003, AB004, AB034, AB036, AB037, AB050, AB058, AB062, AB068, AB070, AB071, AB073, AB090, AB092, AB105, AB130, ADK044, B19, Kolfa004, Kolfa009, Kolfa014, Kolfa016, Kolfa019, Kolfa031, Kolfa036, Kolfa037, Lafto042, LID004, LID007, LID009, SH068, SH081, SH100"},"geometry":{"type":"LineString","coordinates":[[38.737379,9.011104],[38.738914,9.010895],[38.74049,9.010711]]}},{"type":"Feature","properties":{"mode":"bus","n":33,"arr":["AB002","AB003","AB004","AB034","AB036","AB037","AB050","AB058","AB062","AB070","AB071","AB073","AB090","AB092","AB105","AB130","ADK044","B19","Kolfa004","Kolfa009","Kolfa014","Kolfa016","Kolfa019","Kolfa031","Kolfa036","Kolfa037","Lafto042","LID004","LID007","LID009","SH068","SH081","SH100"],"lines":"AB002, AB003, AB004, AB034, AB036, AB037, AB050, AB058, AB062, AB070, AB071, AB073, AB090, AB092, AB105, AB130, ADK044, B19, Kolfa004, Kolfa009, Kolfa014, Kolfa016, Kolfa019, Kolfa031, Kolfa036, Kolfa037, Lafto042, LID004, LID007, LID009, SH068, SH081, SH100"},"geometry":{"type":"LineString","coordinates":[[38.74049,9.010711],[38.740799,9.010613],[38.743807,9.010253]]}},{"type":"Feature","properties":{"mode":"bus","n":32,"arr":["AB002","AB003","AB004","AB034","AB036","AB037","AB050","AB058","AB062","AB070","AB071","AB073","AB090","AB092","AB105","AB130","ADK044","B19","Kolfa004","Kolfa009","Kolfa014","Kolfa016","Kolfa019","Kolfa031","Kolfa036","Kolfa037","Lafto042","LID004","LID007","LID009","SH081","SH100"],"lines":"AB002, AB003, AB004, AB034, AB036, AB037, AB050, AB058, AB062, AB070, AB071, AB073, AB090, AB092, AB105, AB130, ADK044, B19, Kolfa004, Kolfa009, Kolfa014, Kolfa016, Kolfa019, Kolfa031, Kolfa036, Kolfa037, Lafto042, LID004, LID007, LID009, SH081, SH100"},"geometry":{"type":"LineString","coordinates":[[38.743807,9.010253],[38.744065,9.01017]]}},{"type":"Feature","properties":{"mode":"bus","n":11,"arr":["AB002","AB005","AB036(S)","AB078","AB103","AB106","Kolfa008","Kolfa015","Kolfe003","Lafto017","Lafto032"],"lines":"AB002, AB005, AB036(S), AB078, AB103, AB106, Kolfa008, Kolfa015, Kolfe003, Lafto017, Lafto032"},"geometry":{"type":"LineString","coordinates":[[38.745195,9.005128],[38.744268,9.005019],[38.742178,9.004864]]}},{"type":"Feature","properties":{"mode":"bus","n":13,"arr":["AB002","AB005","AB036(S)","AB078","AB103","AB106","Kolfa008","Kolfa015","Kolfe003","Lafto006","Lafto007","Lafto017","Lafto032"],"lines":"AB002, AB005, AB036(S), AB078, AB103, AB106, Kolfa008, Kolfa015, Kolfe003, Lafto006, Lafto007, Lafto017, Lafto032"},"geometry":{"type":"LineString","coordinates":[[38.745195,9.005128],[38.744859,9.008437]]}},{"type":"Feature","properties":{"mode":"bus","n":7,"arr":["AB002","AB005","AB036(S)","AB078","AB103","AB106","Lafto017"],"lines":"AB002, AB005, AB036(S), AB078, AB103, AB106, Lafto017"},"geometry":{"type":"LineString","coordinates":[[38.744859,9.008437],[38.744758,9.009498]]}},{"type":"Feature","properties":{"mode":"bus","n":6,"arr":["AB002","AB005","AB036(S)","AB078","AB103","Lafto017"],"lines":"AB002, AB005, AB036(S), AB078, AB103, Lafto017"},"geometry":{"type":"LineString","coordinates":[[38.744758,9.009498],[38.744714,9.009817],[38.74472,9.010107]]}},{"type":"Feature","properties":{"mode":"bus","n":6,"arr":["AB002","AB071","AB092","ADK044","B19","Lafto042"],"lines":"AB002, AB071, AB092, ADK044, B19, Lafto042"},"geometry":{"type":"LineString","coordinates":[[38.737715,9.012869],[38.737493,9.011257]]}},{"type":"Feature","properties":{"mode":"bus","n":24,"arr":["AB002","AB004","AB026","AB034","AB051","AB059","AB065","AB066","AB100","AB123","ADK012","ADK014","ADK016","ARD005","Lafto011","Lafto014","Lafto016","Lafto027","Lafto034","SH009","SH010","SH040","SH071","SH085"],"lines":"AB002, AB004, AB026, AB034, AB051, AB059, AB065, AB066, AB100, AB123, ADK012, ADK014, ADK016, ARD005, Lafto011, Lafto014, Lafto016, Lafto027, Lafto034, SH009, SH010, SH040, SH071, SH085"},"geometry":{"type":"LineString","coordinates":[[38.734882,9.016418],[38.734748,9.01525],[38.734475,9.013277]]}},{"type":"Feature","properties":{"mode":"bus","n":22,"arr":["AB002","AB004","AB026","AB034","AB051","AB059","AB065","AB066","AB100","AB123","ADK012","ADK014","ADK016","Lafto011","Lafto016","Lafto027","Lafto034","SH009","SH010","SH040","SH071","SH085"],"lines":"AB002, AB004, AB026, AB034, AB051, AB059, AB065, AB066, AB100, AB123, ADK012, ADK014, ADK016, Lafto011, Lafto016, Lafto027, Lafto034, SH009, SH010, SH040, SH071, SH085"},"geometry":{"type":"LineString","coordinates":[[38.734891,9.016515],[38.734882,9.016418]]}},{"type":"Feature","properties":{"mode":"bus","n":24,"arr":["AB002","AB004","AB026","AB034","AB051","AB059","AB065","AB066","AB100","AB123","ADK012","ADK014","ADK016","ADK044","Lafto011","Lafto016","Lafto027","Lafto034","Lafto042","SH009","SH010","SH040","SH071","SH085"],"lines":"AB002, AB004, AB026, AB034, AB051, AB059, AB065, AB066, AB100, AB123, ADK012, ADK014, ADK016, ADK044, Lafto011, Lafto016, Lafto027, Lafto034, Lafto042, SH009, SH010, SH040, SH071, SH085"},"geometry":{"type":"LineString","coordinates":[[38.735059,9.018042],[38.734891,9.016515]]}},{"type":"Feature","properties":{"mode":"bus","n":25,"arr":["AB002","AB004","AB026","AB034","AB051","AB059","AB065","AB066","AB100","AB123","ADK012","ADK014","ADK016","ADK044","B19","Lafto011","Lafto016","Lafto027","Lafto034","Lafto042","SH009","SH010","SH040","SH071","SH085"],"lines":"AB002, AB004, AB026, AB034, AB051, AB059, AB065, AB066, AB100, AB123, ADK012, ADK014, ADK016, ADK044, B19, Lafto011, Lafto016, Lafto027, Lafto034, Lafto042, SH009, SH010, SH040, SH071, SH085"},"geometry":{"type":"LineString","coordinates":[[38.735047,9.018319],[38.735059,9.018042]]}},{"type":"Feature","properties":{"mode":"bus","n":22,"arr":["AB002","AB004","AB026","AB034","AB051","AB065","AB066","AB100","ADK012","ADK014","ADK016","ADK044","B19","Lafto011","Lafto016","Lafto027","Lafto034","Lafto042","SH009","SH010","SH040","SH085"],"lines":"AB002, AB004, AB026, AB034, AB051, AB065, AB066, AB100, ADK012, ADK014, ADK016, ADK044, B19, Lafto011, Lafto016, Lafto027, Lafto034, Lafto042, SH009, SH010, SH040, SH085"},"geometry":{"type":"LineString","coordinates":[[38.733364,9.019968],[38.733444,9.019729],[38.733567,9.019569],[38.733766,9.019394],[38.734433,9.019044],[38.734651,9.0189],[38.734829,9.018722],[38.734954,9.018531],[38.735047,9.018319]]}},{"type":"Feature","properties":{"mode":"bus","n":13,"arr":["AB002","AB004","AB026","AB034","AB051","AB065","AB091","AB100","Kolfa001","Kolfa011","Kolfa012","Kolfa013","SH085"],"lines":"AB002, AB004, AB026, AB034, AB051, AB065, AB091, AB100, Kolfa001, Kolfa011, Kolfa012, Kolfa013, SH085"},"geometry":{"type":"LineString","coordinates":[[38.733276,9.029074],[38.733104,9.028942],[38.733032,9.028765]]}},{"type":"Feature","properties":{"mode":"bus","n":21,"arr":["AB002","AB004","AB026","AB034","AB051","AB065","AB066","AB091","AB100","AB118","ADK002","ADK043","ADK044","Kolfa001","Kolfa011","Kolfa012","Kolfa013","Kolfa033","Kolfa034","Lafto034","SH085"],"lines":"AB002, AB004, AB026, AB034, AB051, AB065, AB066, AB091, AB100, AB118, ADK002, ADK043, ADK044, Kolfa001, Kolfa011, Kolfa012, Kolfa013, Kolfa033, Kolfa034, Lafto034, SH085"},"geometry":{"type":"LineString","coordinates":[[38.735374,9.029364],[38.733276,9.029074]]}},{"type":"Feature","properties":{"mode":"bus","n":11,"arr":["AB002","AB004","AB026","AB034","AB051","AB065","AB066","AB091","AB100","AB118","SH085"],"lines":"AB002, AB004, AB026, AB034, AB051, AB065, AB066, AB091, AB100, AB118, SH085"},"geometry":{"type":"LineString","coordinates":[[38.737027,9.029633],[38.737003,9.029595],[38.736909,9.029565],[38.735374,9.029364]]}},{"type":"Feature","properties":{"mode":"bus","n":29,"arr":["AB005","AB006","AB008","AB012","AB013","AB016","AB020","AB023","AB030","AB040","AB045","AB048","AB088","AB104","ADK008","ADK013","ADK023","ADK057","ADK058","B37","C17","C31","C50","Gl010","Gl011","SH079","YK013","YK017","YK019"],"lines":"AB005, AB006, AB008, AB012, AB013, AB016, AB020, AB023, AB030, AB040, AB045, AB048, AB088, AB104, ADK008, ADK013, ADK023, ADK057, ADK058, B37, C17, C31, C50, Gl010, Gl011, SH079, YK013, YK017, YK019"},"geometry":{"type":"LineString","coordinates":[[38.752279,9.036587],[38.752282,9.036564]]}},{"type":"Feature","properties":{"mode":"bus","n":34,"arr":["AB003","AB005","AB006","AB008","AB012","AB013","AB016","AB020","AB023","AB030","AB037","AB040","AB045","AB048","AB088","AB104","AB129","ADK008","ADK013","ADK023","ADK057","ADK058","B37","C17","C31","C50","C51","Gl010","Gl011","SH079","SH099","YK013","YK017","YK019"],"lines":"AB003, AB005, AB006, AB008, AB012, AB013, AB016, AB020, AB023, AB030, AB037, AB040, AB045, AB048, AB088, AB104, AB129, ADK008, ADK013, ADK023, ADK057, ADK058, B37, C17, C31, C50, C51, Gl010, Gl011, SH079, SH099, YK013, YK017, YK019"},"geometry":{"type":"LineString","coordinates":[[38.752279,9.036092],[38.752282,9.036564]]}},{"type":"Feature","properties":{"mode":"bus","n":34,"arr":["AB003","AB026","AB036","AB050","AB051","AB058","AB059","AB062","AB065","AB070","AB087","AB090","AB091","AB130","Kolfa011","Kolfa014","Kolfa016","Kolfa017","Kolfa019","Kolfa020","Kolfa021","Kolfa022","Kolfa025","Kolfa036","Kolfa038","Kolfa041","LID002","LID005","LID007","LID013","SH068","SH071","SH081","SH100"],"lines":"AB003, AB026, AB036, AB050, AB051, AB058, AB059, AB062, AB065, AB070, AB087, AB090, AB091, AB130, Kolfa011, Kolfa014, Kolfa016, Kolfa017, Kolfa019, Kolfa020, Kolfa021, Kolfa022, Kolfa025, Kolfa036, Kolfa038, Kolfa041, LID002, LID005, LID007, LID013, SH068, SH071, SH081, SH100"},"geometry":{"type":"LineString","coordinates":[[38.719341,9.007196],[38.718981,9.006319],[38.718889,9.005919],[38.718841,9.005591],[38.718853,9.005107],[38.718948,9.00379],[38.719025,9.001576],[38.719116,9.000169],[38.719098,8.999539],[38.718851,8.997955],[38.718415,8.995457],[38.718256,8.995003],[38.717982,8.994363],[38.717696,8.993794],[38.717632,8.993704],[38.717548,8.993658]]}},{"type":"Feature","properties":{"mode":"bus","n":39,"arr":["AB003","AB026","AB036","AB050","AB051","AB058","AB059","AB062","AB065","AB066","AB070","AB087","AB090","AB091","AB130","Kolfa011","Kolfa013","Kolfa014","Kolfa016","Kolfa017","Kolfa019","Kolfa020","Kolfa021","Kolfa022","Kolfa025","Kolfa033","Kolfa036","Kolfa038","Kolfa041","LID002","LID005","LID007","LID013","SH009","SH040","SH068","SH071","SH081","SH100"],"lines":"AB003, AB026, AB036, AB050, AB051, AB058, AB059, AB062, AB065, AB066, AB070, AB087, AB090, AB091, AB130, Kolfa011, Kolfa013, Kolfa014, Kolfa016, Kolfa017, Kolfa019, Kolfa020, Kolfa021, Kolfa022, Kolfa025, Kolfa033, Kolfa036, Kolfa038, Kolfa041, LID002, LID005, LID007, LID013, SH009, SH040, SH068, SH071, SH081, SH100"},"geometry":{"type":"LineString","coordinates":[[38.719714,9.007952],[38.719341,9.007196]]}},{"type":"Feature","properties":{"mode":"bus","n":16,"arr":["AB003","AB026","AB036","AB058","AB062","AB065","AB070","AB087","AB090","AB091","Kolfa020","Kolfa021","Kolfa022","Kolfa025","Kolfa038","LID005"],"lines":"AB003, AB026, AB036, AB058, AB062, AB065, AB070, AB087, AB090, AB091, Kolfa020, Kolfa021, Kolfa022, Kolfa025, Kolfa038, LID005"},"geometry":{"type":"LineString","coordinates":[[38.720661,9.009969],[38.720294,9.009227],[38.719714,9.007952]]}},{"type":"Feature","properties":{"mode":"bus","n":15,"arr":["AB003","AB026","AB036","AB058","AB062","AB065","AB070","AB087","AB090","AB091","Kolfa020","Kolfa021","Kolfa022","Kolfa025","Kolfa038"],"lines":"AB003, AB026, AB036, AB058, AB062, AB065, AB070, AB087, AB090, AB091, Kolfa020, Kolfa021, Kolfa022, Kolfa025, Kolfa038"},"geometry":{"type":"LineString","coordinates":[[38.721532,9.011459],[38.721362,9.011308],[38.721138,9.01084],[38.720661,9.009969]]}},{"type":"Feature","properties":{"mode":"bus","n":29,"arr":["AB003","AB026","AB036","AB037","AB058","AB062","AB065","AB070","AB073","AB090","AB091","AB105","AB123","ADK011","ADK028","ADK043","ARD006","Kolfa001","Kolfa004","Kolfa009","Kolfa012","Kolfa020","Kolfa021","Kolfa026","Kolfa031","Kolfa034","Kolfa037","Kolfe035","SH010"],"lines":"AB003, AB026, AB036, AB037, AB058, AB062, AB065, AB070, AB073, AB090, AB091, AB105, AB123, ADK011, ADK028, ADK043, ARD006, Kolfa001, Kolfa004, Kolfa009, Kolfa012, Kolfa020, Kolfa021, Kolfa026, Kolfa031, Kolfa034, Kolfa037, Kolfe035, SH010"},"geometry":{"type":"LineString","coordinates":[[38.722052,9.011579],[38.721791,9.01159],[38.721662,9.011546]]}},{"type":"Feature","properties":{"mode":"bus","n":30,"arr":["AB003","AB026","AB036","AB037","AB058","AB062","AB065","AB068","AB070","AB073","AB090","AB091","AB105","AB123","ADK011","ADK028","ADK043","ARD006","Kolfa001","Kolfa004","Kolfa009","Kolfa012","Kolfa020","Kolfa021","Kolfa026","Kolfa031","Kolfa034","Kolfa037","Kolfe035","SH010"],"lines":"AB003, AB026, AB036, AB037, AB058, AB062, AB065, AB068, AB070, AB073, AB090, AB091, AB105, AB123, ADK011, ADK028, ADK043, ARD006, Kolfa001, Kolfa004, Kolfa009, Kolfa012, Kolfa020, Kolfa021, Kolfa026, Kolfa031, Kolfa034, Kolfa037, Kolfe035, SH010"},"geometry":{"type":"LineString","coordinates":[[38.722507,9.011431],[38.722343,9.0115],[38.722052,9.011579]]}},{"type":"Feature","properties":{"mode":"bus","n":56,"arr":["AB003","AB026","AB036","AB037","AB050","AB051","AB058","AB059","AB062","AB065","AB066","AB068","AB070","AB073","AB090","AB091","AB105","AB123","AB130","ADK011","ADK028","ADK043","ARD006","Kolfa001","Kolfa004","Kolfa009","Kolfa011","Kolfa012","Kolfa013","Kolfa014","Kolfa016","Kolfa017","Kolfa019","Kolfa020","Kolfa021","Kolfa026","Kolfa031","Kolfa033","Kolfa034","Kolfa036","Kolfa037","Kolfa041","Kolfe035","LID002","LID003","LID004","LID007","LID009","LID013","SH009","SH010","SH040","SH068","SH071","SH081","SH100"],"lines":"AB003, AB026, AB036, AB037, AB050, AB051, AB058, AB059, AB062, AB065, AB066, AB068, AB070, AB073, AB090, AB091, AB105, AB123, AB130, ADK011, ADK028, ADK043, ARD006, Kolfa001, Kolfa004, Kolfa009, Kolfa011, Kolfa012, Kolfa013, Kolfa014, Kolfa016, Kolfa017, Kolfa019, Kolfa020, Kolfa021, Kolfa026, Kolfa031, Kolfa033, Kolfa034, Kolfa036, Kolfa037, Kolfa041, Kolfe035, LID002, LID003, LID004, LID007, LID009, LID013, SH009, SH010, SH040, SH068, SH071, SH081, SH100"},"geometry":{"type":"LineString","coordinates":[[38.728648,9.011978],[38.727994,9.011973],[38.727601,9.01191],[38.727355,9.011827],[38.726972,9.011607],[38.725879,9.010815],[38.725553,9.010655],[38.725181,9.010535],[38.72472,9.010515],[38.724359,9.010594],[38.724068,9.0107],[38.723314,9.011069],[38.722507,9.011431]]}},{"type":"Feature","properties":{"mode":"bus","n":37,"arr":["AB003","AB026","AB036","AB037","AB050","AB051","AB058","AB059","AB062","AB065","AB066","AB068","AB070","AB073","AB090","AB105","AB123","AB130","Kolfa004","Kolfa009","Kolfa014","Kolfa016","Kolfa019","Kolfa031","Kolfa034","Kolfa036","Kolfa037","LID004","LID007","LID009","SH009","SH010","SH040","SH068","SH071","SH081","SH100"],"lines":"AB003, AB026, AB036, AB037, AB050, AB051, AB058, AB059, AB062, AB065, AB066, AB068, AB070, AB073, AB090, AB105, AB123, AB130, Kolfa004, Kolfa009, Kolfa014, Kolfa016, Kolfa019, Kolfa031, Kolfa034, Kolfa036, Kolfa037, LID004, LID007, LID009, SH009, SH010, SH040, SH068, SH071, SH081, SH100"},"geometry":{"type":"LineString","coordinates":[[38.728648,9.011978],[38.728697,9.011976]]}},{"type":"Feature","properties":{"mode":"bus","n":36,"arr":["AB003","AB026","AB036","AB037","AB050","AB051","AB058","AB059","AB062","AB065","AB066","AB068","AB070","AB073","AB090","AB105","AB123","AB130","Kolfa004","Kolfa009","Kolfa014","Kolfa016","Kolfa019","Kolfa031","Kolfa036","Kolfa037","LID004","LID007","LID009","SH009","SH010","SH040","SH068","SH071","SH081","SH100"],"lines":"AB003, AB026, AB036, AB037, AB050, AB051, AB058, AB059, AB062, AB065, AB066, AB068, AB070, AB073, AB090, AB105, AB123, AB130, Kolfa004, Kolfa009, Kolfa014, Kolfa016, Kolfa019, Kolfa031, Kolfa036, Kolfa037, LID004, LID007, LID009, SH009, SH010, SH040, SH068, SH071, SH081, SH100"},"geometry":{"type":"LineString","coordinates":[[38.728697,9.011976],[38.73016,9.011884],[38.732118,9.01172],[38.733787,9.011559],[38.733915,9.011531],[38.733974,9.011497]]}},{"type":"Feature","properties":{"mode":"bus","n":6,"arr":["AB004","AB026","AB051","AB063","AB091","SH085"],"lines":"AB004, AB026, AB051, AB063, AB091, SH085"},"geometry":{"type":"LineString","coordinates":[[38.737165,9.031492],[38.737317,9.031595]]}},{"type":"Feature","properties":{"mode":"bus","n":7,"arr":["AB004","AB026","AB051","AB063","AB085","AB091","SH085"],"lines":"AB004, AB026, AB051, AB063, AB085, AB091, SH085"},"geometry":{"type":"LineString","coordinates":[[38.737012,9.031384],[38.737165,9.031492]]}},{"type":"Feature","properties":{"mode":"bus","n":10,"arr":["AB004","AB024","AB026","AB051","AB063","AB085","AB091","AB095","AB118","SH085"],"lines":"AB004, AB024, AB026, AB051, AB063, AB085, AB091, AB095, AB118, SH085"},"geometry":{"type":"LineString","coordinates":[[38.73659,9.031166],[38.736883,9.031293],[38.737012,9.031384]]}},{"type":"Feature","properties":{"mode":"bus","n":17,"arr":["AB004","AB012","AB018","AB021","AB024","AB026","AB030","AB041","AB051","AB063","AB085","AB088","AB091","AB095","AB118","SH076","SH085"],"lines":"AB004, AB012, AB018, AB021, AB024, AB026, AB030, AB041, AB051, AB063, AB085, AB088, AB091, AB095, AB118, SH076, SH085"},"geometry":{"type":"LineString","coordinates":[[38.73659,9.031166],[38.737049,9.030553]]}},{"type":"Feature","properties":{"mode":"bus","n":7,"arr":["AB004","AB104","ADK024","ADK047","ADK048","B19","Kal013"],"lines":"AB004, AB104, ADK024, ADK047, ADK048, B19, Kal013"},"geometry":{"type":"LineString","coordinates":[[38.750151,8.984732],[38.750425,8.984597],[38.751594,8.984112]]}},{"type":"Feature","properties":{"mode":"bus","n":9,"arr":["AB004","AB104","ADK024","ADK047","ADK048","B19","Kal013","KRK009","KRK011"],"lines":"AB004, AB104, ADK024, ADK047, ADK048, B19, Kal013, KRK009, KRK011"},"geometry":{"type":"LineString","coordinates":[[38.751594,8.984112],[38.751872,8.983994]]}},{"type":"Feature","properties":{"mode":"bus","n":10,"arr":["AB004","AB104","ADK024","ADK047","ADK048","B19","Kal013","KRK009","KRK011","Lafto012"],"lines":"AB004, AB104, ADK024, ADK047, ADK048, B19, Kal013, KRK009, KRK011, Lafto012"},"geometry":{"type":"LineString","coordinates":[[38.751872,8.983994],[38.752531,8.983787],[38.753153,8.983503],[38.755624,8.982478],[38.757311,8.981749]]}},{"type":"Feature","properties":{"mode":"bus","n":9,"arr":["AB004","AB104","ADK024","ADK047","ADK048","B19","Kal013","KRK011","Lafto012"],"lines":"AB004, AB104, ADK024, ADK047, ADK048, B19, Kal013, KRK011, Lafto012"},"geometry":{"type":"LineString","coordinates":[[38.757311,8.981749],[38.757845,8.981379],[38.75811,8.981164]]}},{"type":"Feature","properties":{"mode":"bus","n":8,"arr":["AB004","AB104","ADK024","ADK047","ADK048","B19","Kal013","Lafto012"],"lines":"AB004, AB104, ADK024, ADK047, ADK048, B19, Kal013, Lafto012"},"geometry":{"type":"LineString","coordinates":[[38.75811,8.981164],[38.758615,8.980612],[38.758897,8.980204],[38.759012,8.979987],[38.759324,8.979222],[38.759438,8.978461],[38.759488,8.978309]]}},{"type":"Feature","properties":{"mode":"bus","n":26,"arr":["AB004","AB025","AB056","AB104","AB110","ADK015","ADK024","ADK047","ADK048","ARD002","ARD004","ARD008","B19","Kal006","Kal012","Kal013","Kal017","Kal032","Kal035","KRK008","KRK014","KRK015","Lafto012","SH016","SH028","SH086"],"lines":"AB004, AB025, AB056, AB104, AB110, ADK015, ADK024, ADK047, ADK048, ARD002, ARD004, ARD008, B19, Kal006, Kal012, Kal013, Kal017, Kal032, Kal035, KRK008, KRK014, KRK015, Lafto012, SH016, SH028, SH086"},"geometry":{"type":"LineString","coordinates":[[38.759488,8.978309],[38.759495,8.977803],[38.759528,8.977556],[38.760203,8.974795],[38.761126,8.971422],[38.761359,8.970729],[38.762311,8.968838],[38.76242,8.968507],[38.762669,8.96701],[38.763898,8.958867],[38.76391,8.958575],[38.763882,8.95828]]}},{"type":"Feature","properties":{"mode":"bus","n":26,"arr":["AB004","AB025","AB056","AB104","AB110","ADK015","ADK024","ADK047","ADK048","ARD002","ARD004","ARD008","B19","Kal006","Kal012","Kal013","Kal017","Kal032","Kal035","KRK008","KRK014","KRK015","Lafto012","SH016","SH028","SH086"],"lines":"AB004, AB025, AB056, AB104, AB110, ADK015, ADK024, ADK047, ADK048, ARD002, ARD004, ARD008, B19, Kal006, Kal012, Kal013, Kal017, Kal032, Kal035, KRK008, KRK014, KRK015, Lafto012, SH016, SH028, SH086"},"geometry":{"type":"LineString","coordinates":[[38.764029,8.957777],[38.764077,8.95869],[38.764037,8.95905],[38.763589,8.961894],[38.763403,8.963248],[38.762735,8.967606],[38.762552,8.96866],[38.762474,8.968903],[38.7616,8.970624],[38.761438,8.971016],[38.761255,8.971612],[38.760367,8.97485],[38.759932,8.976499],[38.759753,8.977352],[38.759681,8.977509],[38.759643,8.977682],[38.759597,8.97809],[38.759649,8.97867],[38.759792,8.979156],[38.760074,8.979897],[38.760206,8.980567],[38.760226,8.981105]]}},{"type":"Feature","properties":{"mode":"bus","n":26,"arr":["AB004","AB025","AB056","AB104","AB110","ADK015","ADK024","ADK047","ADK048","ARD004","ARD008","B19","Kal006","Kal012","Kal013","Kal017","Kal032","Kal035","KRK008","KRK014","KRK015","Lafto012","Lafto039","SH016","SH028","SH086"],"lines":"AB004, AB025, AB056, AB104, AB110, ADK015, ADK024, ADK047, ADK048, ARD004, ARD008, B19, Kal006, Kal012, Kal013, Kal017, Kal032, Kal035, KRK008, KRK014, KRK015, Lafto012, Lafto039, SH016, SH028, SH086"},"geometry":{"type":"LineString","coordinates":[[38.76381,8.957544],[38.763882,8.95828]]}},{"type":"Feature","properties":{"mode":"bus","n":26,"arr":["AB004","AB025","AB056","AB104","AB110","ADK015","ADK024","ADK047","ADK048","ARD004","ARD008","B19","Kal006","Kal012","Kal013","Kal017","Kal032","Kal035","KRK008","KRK014","KRK015","Lafto012","Lafto039","SH016","SH028","SH086"],"lines":"AB004, AB025, AB056, AB104, AB110, ADK015, ADK024, ADK047, ADK048, ARD004, ARD008, B19, Kal006, Kal012, Kal013, Kal017, Kal032, Kal035, KRK008, KRK014, KRK015, Lafto012, Lafto039, SH016, SH028, SH086"},"geometry":{"type":"LineString","coordinates":[[38.763567,8.953198],[38.763763,8.955335],[38.763882,8.956219],[38.764029,8.957777]]}},{"type":"Feature","properties":{"mode":"bus","n":22,"arr":["AB004","AB025","AB056","AB104","AB110","ADK024","ADK047","ADK048","ARD004","ARD008","B19","Kal006","Kal013","Kal017","KRK008","KRK014","KRK015","Lafto012","Lafto039","SH016","SH028","SH086"],"lines":"AB004, AB025, AB056, AB104, AB110, ADK024, ADK047, ADK048, ARD004, ARD008, B19, Kal006, Kal013, Kal017, KRK008, KRK014, KRK015, Lafto012, Lafto039, SH016, SH028, SH086"},"geometry":{"type":"LineString","coordinates":[[38.763555,8.954699],[38.76381,8.957544]]}},{"type":"Feature","properties":{"mode":"bus","n":28,"arr":["AB004","AB025","AB056","AB104","AB110","ADK047","ADK048","ARD004","B19","Kal003","Kal011","Kal013","Kal017","Kal021","Kal023","Kal027","KRK008","KRK015","Lafto008","Lafto012","Lafto038","Lafto039","Lafto043","SH016","SH028","SH086","SH090","SH091"],"lines":"AB004, AB025, AB056, AB104, AB110, ADK047, ADK048, ARD004, B19, Kal003, Kal011, Kal013, Kal017, Kal021, Kal023, Kal027, KRK008, KRK015, Lafto008, Lafto012, Lafto038, Lafto039, Lafto043, SH016, SH028, SH086, SH090, SH091"},"geometry":{"type":"LineString","coordinates":[[38.763405,8.953329],[38.763555,8.954699]]}},{"type":"Feature","properties":{"mode":"bus","n":26,"arr":["AB004","AB025","AB056","AB104","AB110","ADK047","ADK048","ARD004","B19","Kal003","Kal011","Kal013","Kal017","Kal021","Kal027","KRK008","KRK015","Lafto012","Lafto038","Lafto039","Lafto043","SH016","SH028","SH086","SH090","SH091"],"lines":"AB004, AB025, AB056, AB104, AB110, ADK047, ADK048, ARD004, B19, Kal003, Kal011, Kal013, Kal017, Kal021, Kal027, KRK008, KRK015, Lafto012, Lafto038, Lafto039, Lafto043, SH016, SH028, SH086, SH090, SH091"},"geometry":{"type":"LineString","coordinates":[[38.764832,8.947793],[38.763536,8.950637],[38.763367,8.95102],[38.763301,8.951255],[38.763267,8.951516],[38.763263,8.951795],[38.763405,8.953329]]}},{"type":"Feature","properties":{"mode":"bus","n":25,"arr":["AB004","AB025","AB056","AB104","AB110","ADK047","ADK048","ARD004","B19","Kal003","Kal011","Kal013","Kal017","Kal021","KRK008","KRK015","Lafto012","Lafto038","Lafto039","Lafto043","SH016","SH028","SH086","SH090","SH091"],"lines":"AB004, AB025, AB056, AB104, AB110, ADK047, ADK048, ARD004, B19, Kal003, Kal011, Kal013, Kal017, Kal021, KRK008, KRK015, Lafto012, Lafto038, Lafto039, Lafto043, SH016, SH028, SH086, SH090, SH091"},"geometry":{"type":"LineString","coordinates":[[38.76612,8.945004],[38.764832,8.947793]]}},{"type":"Feature","properties":{"mode":"bus","n":24,"arr":["AB004","AB025","AB098","AB104","AB109","AB110","ADK047","ADK048","ARD004","Kal003","Kal011","Kal013","Kal017","Kal021","KRK008","KRK015","Lafto012","Lafto038","Lafto039","Lafto043","SH086","SH090","SH091","SH093"],"lines":"AB004, AB025, AB098, AB104, AB109, AB110, ADK047, ADK048, ARD004, Kal003, Kal011, Kal013, Kal017, Kal021, KRK008, KRK015, Lafto012, Lafto038, Lafto039, Lafto043, SH086, SH090, SH091, SH093"},"geometry":{"type":"LineString","coordinates":[[38.766197,8.94484],[38.76612,8.945004]]}},{"type":"Feature","properties":{"mode":"bus","n":23,"arr":["AB004","AB025","AB098","AB104","AB109","AB110","ARD004","Kal003","Kal011","Kal013","Kal017","Kal021","Kal030","Kal034","KRK008","Lafto012","Lafto038","Lafto039","Lafto043","SH086","SH090","SH091","SH093"],"lines":"AB004, AB025, AB098, AB104, AB109, AB110, ARD004, Kal003, Kal011, Kal013, Kal017, Kal021, Kal030, Kal034, KRK008, Lafto012, Lafto038, Lafto039, Lafto043, SH086, SH090, SH091, SH093"},"geometry":{"type":"LineString","coordinates":[[38.764256,8.936034],[38.763913,8.936569],[38.76281,8.938153],[38.762708,8.93834],[38.762642,8.93849],[38.762573,8.938756],[38.762548,8.939025],[38.762573,8.939217],[38.762654,8.939491],[38.762748,8.939699],[38.762917,8.939924],[38.766098,8.94309],[38.766274,8.943327],[38.766349,8.943459],[38.766414,8.943651],[38.766445,8.943807],[38.766457,8.944151],[38.766354,8.944491],[38.766197,8.94484]]}},{"type":"Feature","properties":{"mode":"bus","n":16,"arr":["AB004","AB098","AB104","AB110","ARD004","Kal003","Kal011","Kal013","Kal017","Kal021","KRK008","Lafto012","SH086","SH090","SH091","SH093"],"lines":"AB004, AB098, AB104, AB110, ARD004, Kal003, Kal011, Kal013, Kal017, Kal021, KRK008, Lafto012, SH086, SH090, SH091, SH093"},"geometry":{"type":"LineString","coordinates":[[38.764256,8.936034],[38.764572,8.935487],[38.764861,8.935058],[38.764919,8.93481]]}},{"type":"Feature","properties":{"mode":"bus","n":29,"arr":["AB004","AB098","AB104","AB110","ADK015","ARD004","ARD011","Kal002","Kal003","Kal011","Kal012","Kal013","Kal017","Kal021","Kal022","Kal032","Kal033","Kal035","KRK008","Lafto012","Lafto028","Lafto045","SH083","SH086","SH090","SH091","SH093","TX005","YK009"],"lines":"AB004, AB098, AB104, AB110, ADK015, ARD004, ARD011, Kal002, Kal003, Kal011, Kal012, Kal013, Kal017, Kal021, Kal022, Kal032, Kal033, Kal035, KRK008, Lafto012, Lafto028, Lafto045, SH083, SH086, SH090, SH091, SH093, TX005, YK009"},"geometry":{"type":"LineString","coordinates":[[38.766736,8.932242],[38.766636,8.93231],[38.766087,8.93316],[38.765744,8.933645],[38.765459,8.933837]]}},{"type":"Feature","properties":{"mode":"bus","n":36,"arr":["AB004","AB025","AB098","AB104","AB109","AB110","ADK015","ARD004","ARD011","Kal002","Kal003","Kal011","Kal012","Kal013","Kal017","Kal021","Kal022","Kal030","Kal032","Kal033","Kal034","Kal035","KRK008","Lafto012","Lafto028","Lafto038","Lafto039","Lafto043","Lafto045","SH083","SH086","SH090","SH091","SH093","TX005","YK009"],"lines":"AB004, AB025, AB098, AB104, AB109, AB110, ADK015, ARD004, ARD011, Kal002, Kal003, Kal011, Kal012, Kal013, Kal017, Kal021, Kal022, Kal030, Kal032, Kal033, Kal034, Kal035, KRK008, Lafto012, Lafto028, Lafto038, Lafto039, Lafto043, Lafto045, SH083, SH086, SH090, SH091, SH093, TX005, YK009"},"geometry":{"type":"LineString","coordinates":[[38.767022,8.931856],[38.766736,8.932242]]}},{"type":"Feature","properties":{"mode":"bus","n":34,"arr":["AB004","AB025","AB098","AB104","AB109","AB110","ADK015","ARD004","Kal002","Kal003","Kal011","Kal012","Kal013","Kal017","Kal021","Kal022","Kal030","Kal032","Kal033","Kal034","Kal035","KRK008","Lafto012","Lafto028","Lafto038","Lafto039","Lafto043","Lafto045","SH083","SH086","SH090","SH091","SH093","YK009"],"lines":"AB004, AB025, AB098, AB104, AB109, AB110, ADK015, ARD004, Kal002, Kal003, Kal011, Kal012, Kal013, Kal017, Kal021, Kal022, Kal030, Kal032, Kal033, Kal034, Kal035, KRK008, Lafto012, Lafto028, Lafto038, Lafto039, Lafto043, Lafto045, SH083, SH086, SH090, SH091, SH093, YK009"},"geometry":{"type":"LineString","coordinates":[[38.767741,8.928507],[38.767898,8.928829],[38.768002,8.929311],[38.768029,8.929727],[38.76795,8.930307],[38.76778,8.930662],[38.767022,8.931856]]}},{"type":"Feature","properties":{"mode":"bus","n":35,"arr":["AB004","AB025","AB098","AB104","AB109","AB110","ADK015","ARD004","Kal002","Kal003","Kal009","Kal011","Kal012","Kal013","Kal017","Kal021","Kal022","Kal030","Kal032","Kal033","Kal034","Kal035","KRK008","Lafto012","Lafto028","Lafto038","Lafto039","Lafto043","Lafto045","SH083","SH086","SH090","SH091","SH093","YK009"],"lines":"AB004, AB025, AB098, AB104, AB109, AB110, ADK015, ARD004, Kal002, Kal003, Kal009, Kal011, Kal012, Kal013, Kal017, Kal021, Kal022, Kal030, Kal032, Kal033, Kal034, Kal035, KRK008, Lafto012, Lafto028, Lafto038, Lafto039, Lafto043, Lafto045, SH083, SH086, SH090, SH091, SH093, YK009"},"geometry":{"type":"LineString","coordinates":[[38.764025,8.922147],[38.764282,8.922656],[38.7645,8.923023],[38.766086,8.925585],[38.767741,8.928507]]}},{"type":"Feature","properties":{"mode":"bus","n":27,"arr":["AB004","AB025","AB098","AB109","AB110","ADK015","ARD004","Kal002","Kal009","Kal011","Kal012","Kal013","Kal017","Kal030","Kal032","Kal033","Kal034","Kal035","KRK008","Lafto012","Lafto028","Lafto038","Lafto039","Lafto043","Lafto045","SH083","YK009"],"lines":"AB004, AB025, AB098, AB109, AB110, ADK015, ARD004, Kal002, Kal009, Kal011, Kal012, Kal013, Kal017, Kal030, Kal032, Kal033, Kal034, Kal035, KRK008, Lafto012, Lafto028, Lafto038, Lafto039, Lafto043, Lafto045, SH083, YK009"},"geometry":{"type":"LineString","coordinates":[[38.763107,8.913201],[38.763039,8.913525],[38.763018,8.914276],[38.763025,8.915519],[38.763084,8.916349],[38.763654,8.921061],[38.763732,8.921388],[38.763845,8.921728],[38.764025,8.922147]]}},{"type":"Feature","properties":{"mode":"bus","n":28,"arr":["AB004","AB025","AB098","AB109","AB110","ADK015","ARD004","Kal001","Kal002","Kal009","Kal011","Kal012","Kal013","Kal017","Kal030","Kal032","Kal033","Kal034","Kal035","KRK008","Lafto012","Lafto028","Lafto038","Lafto039","Lafto043","Lafto045","SH083","YK009"],"lines":"AB004, AB025, AB098, AB109, AB110, ADK015, ARD004, Kal001, Kal002, Kal009, Kal011, Kal012, Kal013, Kal017, Kal030, Kal032, Kal033, Kal034, Kal035, KRK008, Lafto012, Lafto028, Lafto038, Lafto039, Lafto043, Lafto045, SH083, YK009"},"geometry":{"type":"LineString","coordinates":[[38.76321,8.912831],[38.763107,8.913201]]}},{"type":"Feature","properties":{"mode":"bus","n":36,"arr":["AB004","AB025","AB098","AB104","AB109","AB110","ADK015","ARD004","Kal001","Kal002","Kal003","Kal009","Kal011","Kal012","Kal013","Kal017","Kal021","Kal022","Kal030","Kal032","Kal033","Kal034","Kal035","KRK008","Lafto012","Lafto028","Lafto038","Lafto039","Lafto043","Lafto045","SH083","SH086","SH090","SH091","SH093","YK009"],"lines":"AB004, AB025, AB098, AB104, AB109, AB110, ADK015, ARD004, Kal001, Kal002, Kal003, Kal009, Kal011, Kal012, Kal013, Kal017, Kal021, Kal022, Kal030, Kal032, Kal033, Kal034, Kal035, KRK008, Lafto012, Lafto028, Lafto038, Lafto039, Lafto043, Lafto045, SH083, SH086, SH090, SH091, SH093, YK009"},"geometry":{"type":"LineString","coordinates":[[38.771566,8.896086],[38.770541,8.897154],[38.769595,8.898046],[38.768272,8.899409],[38.76785,8.900021],[38.767619,8.900461],[38.767246,8.90141],[38.767101,8.902027],[38.766881,8.902738],[38.766578,8.903545],[38.766197,8.904704],[38.765402,8.906867],[38.764734,8.908565],[38.764248,8.909953],[38.764038,8.910701],[38.763574,8.912002],[38.76321,8.912831]]}},{"type":"Feature","properties":{"mode":"bus","n":34,"arr":["AB004","AB025","AB098","AB104","AB109","AB110","ADK015","ARD004","Kal001","Kal002","Kal003","Kal009","Kal011","Kal012","Kal013","Kal017","Kal021","Kal022","Kal030","Kal032","Kal033","Kal034","Kal035","KRK008","Lafto012","Lafto028","Lafto038","Lafto039","Lafto043","Lafto045","SH090","SH091","SH093","YK009"],"lines":"AB004, AB025, AB098, AB104, AB109, AB110, ADK015, ARD004, Kal001, Kal002, Kal003, Kal009, Kal011, Kal012, Kal013, Kal017, Kal021, Kal022, Kal030, Kal032, Kal033, Kal034, Kal035, KRK008, Lafto012, Lafto028, Lafto038, Lafto039, Lafto043, Lafto045, SH090, SH091, SH093, YK009"},"geometry":{"type":"LineString","coordinates":[[38.771795,8.895863],[38.771566,8.896086]]}},{"type":"Feature","properties":{"mode":"bus","n":33,"arr":["AB004","AB025","AB098","AB109","AB110","ADK015","ARD004","Kal001","Kal002","Kal003","Kal009","Kal011","Kal012","Kal013","Kal017","Kal021","Kal022","Kal030","Kal032","Kal033","Kal034","Kal035","KRK008","Lafto012","Lafto028","Lafto038","Lafto039","Lafto043","Lafto045","SH090","SH091","SH093","YK009"],"lines":"AB004, AB025, AB098, AB109, AB110, ADK015, ARD004, Kal001, Kal002, Kal003, Kal009, Kal011, Kal012, Kal013, Kal017, Kal021, Kal022, Kal030, Kal032, Kal033, Kal034, Kal035, KRK008, Lafto012, Lafto028, Lafto038, Lafto039, Lafto043, Lafto045, SH090, SH091, SH093, YK009"},"geometry":{"type":"LineString","coordinates":[[38.772027,8.895636],[38.771795,8.895863]]}},{"type":"Feature","properties":{"mode":"bus","n":31,"arr":["AB004","AB025","AB098","AB109","AB110","ADK015","ARD004","Kal002","Kal003","Kal009","Kal011","Kal012","Kal013","Kal017","Kal021","Kal022","Kal030","Kal032","Kal033","Kal034","Kal035","KRK008","Lafto012","Lafto038","Lafto039","Lafto043","Lafto045","SH090","SH091","SH093","YK009"],"lines":"AB004, AB025, AB098, AB109, AB110, ADK015, ARD004, Kal002, Kal003, Kal009, Kal011, Kal012, Kal013, Kal017, Kal021, Kal022, Kal030, Kal032, Kal033, Kal034, Kal035, KRK008, Lafto012, Lafto038, Lafto039, Lafto043, Lafto045, SH090, SH091, SH093, YK009"},"geometry":{"type":"LineString","coordinates":[[38.772259,8.895409],[38.772027,8.895636]]}},{"type":"Feature","properties":{"mode":"bus","n":35,"arr":["AB004","AB025","AB098","AB109","AB110","ADK015","ARD004","ARD011","Kal001","Kal002","Kal003","Kal009","Kal011","Kal012","Kal013","Kal017","Kal021","Kal022","Kal030","Kal032","Kal033","Kal034","Kal035","KRK008","Lafto012","Lafto028","Lafto038","Lafto039","Lafto043","Lafto045","SH090","SH091","SH093","TX005","YK009"],"lines":"AB004, AB025, AB098, AB109, AB110, ADK015, ARD004, ARD011, Kal001, Kal002, Kal003, Kal009, Kal011, Kal012, Kal013, Kal017, Kal021, Kal022, Kal030, Kal032, Kal033, Kal034, Kal035, KRK008, Lafto012, Lafto028, Lafto038, Lafto039, Lafto043, Lafto045, SH090, SH091, SH093, TX005, YK009"},"geometry":{"type":"LineString","coordinates":[[38.771935,8.896021],[38.771106,8.896864],[38.770188,8.897707]]}},{"type":"Feature","properties":{"mode":"bus","n":38,"arr":["AB004","AB025","AB098","AB104","AB109","AB110","ADK015","ARD004","ARD011","Kal001","Kal002","Kal003","Kal009","Kal011","Kal012","Kal013","Kal017","Kal021","Kal022","Kal030","Kal032","Kal033","Kal034","Kal035","KRK008","Lafto012","Lafto028","Lafto038","Lafto039","Lafto043","Lafto045","SH083","SH086","SH090","SH091","SH093","TX005","YK009"],"lines":"AB004, AB025, AB098, AB104, AB109, AB110, ADK015, ARD004, ARD011, Kal001, Kal002, Kal003, Kal009, Kal011, Kal012, Kal013, Kal017, Kal021, Kal022, Kal030, Kal032, Kal033, Kal034, Kal035, KRK008, Lafto012, Lafto028, Lafto038, Lafto039, Lafto043, Lafto045, SH083, SH086, SH090, SH091, SH093, TX005, YK009"},"geometry":{"type":"LineString","coordinates":[[38.770188,8.897707],[38.76933,8.898554],[38.768539,8.899298],[38.768288,8.899599],[38.768077,8.899924],[38.767889,8.900277],[38.767463,8.901363],[38.767263,8.902157],[38.767016,8.902927],[38.766369,8.90477],[38.76568,8.906657],[38.765283,8.907574],[38.764849,8.908751],[38.763746,8.912078],[38.763557,8.91249],[38.763322,8.913163]]}},{"type":"Feature","properties":{"mode":"bus","n":38,"arr":["AB004","AB025","AB098","AB104","AB109","AB110","ADK015","ARD004","ARD011","Kal001","Kal002","Kal003","Kal009","Kal011","Kal012","Kal013","Kal017","Kal021","Kal022","Kal030","Kal032","Kal033","Kal034","Kal035","KRK008","Lafto012","Lafto028","Lafto038","Lafto039","Lafto043","Lafto045","SH083","SH086","SH090","SH091","SH093","TX005","YK009"],"lines":"AB004, AB025, AB098, AB104, AB109, AB110, ADK015, ARD004, ARD011, Kal001, Kal002, Kal003, Kal009, Kal011, Kal012, Kal013, Kal017, Kal021, Kal022, Kal030, Kal032, Kal033, Kal034, Kal035, KRK008, Lafto012, Lafto028, Lafto038, Lafto039, Lafto043, Lafto045, SH083, SH086, SH090, SH091, SH093, TX005, YK009"},"geometry":{"type":"LineString","coordinates":[[38.764164,8.921865],[38.764469,8.922521],[38.764815,8.923158],[38.765795,8.924726],[38.7668,8.926456],[38.767515,8.927734],[38.76783,8.928228],[38.768071,8.928713],[38.768186,8.929052],[38.768245,8.929558],[38.768245,8.929817],[38.768126,8.930377],[38.767821,8.93098],[38.766948,8.932306]]}},{"type":"Feature","properties":{"mode":"bus","n":23,"arr":["AB004","ADK015","ARD004","ARD011","Kal001","Kal002","Kal003","Kal009","Kal012","Kal013","Kal017","Kal022","Kal032","Kal033","KRK008","Lafto012","Lafto028","Lafto045","SH083","SH086","SH090","TX005","YK009"],"lines":"AB004, ADK015, ARD004, ARD011, Kal001, Kal002, Kal003, Kal009, Kal012, Kal013, Kal017, Kal022, Kal032, Kal033, KRK008, Lafto012, Lafto028, Lafto045, SH083, SH086, SH090, TX005, YK009"},"geometry":{"type":"LineString","coordinates":[[38.766948,8.932306],[38.766914,8.932448],[38.766079,8.933766],[38.766009,8.93391],[38.765947,8.93424]]}},{"type":"Feature","properties":{"mode":"bus","n":14,"arr":["AB004","AB086","ADK015","ARD004","B40","Kal003","Kal012","Kal013","Kal017","Kal032","KRK008","Lafto012","SH086","SH090"],"lines":"AB004, AB086, ADK015, ARD004, B40, Kal003, Kal012, Kal013, Kal017, Kal032, KRK008, Lafto012, SH086, SH090"},"geometry":{"type":"LineString","coordinates":[[38.765364,8.935034],[38.765139,8.935213],[38.764715,8.935877],[38.764437,8.936242]]}},{"type":"Feature","properties":{"mode":"bus","n":29,"arr":["AB004","AB025","AB086","AB098","AB104","AB109","AB110","ADK015","ARD004","B40","Kal003","Kal011","Kal012","Kal013","Kal017","Kal021","Kal030","Kal032","Kal034","Kal035","KRK008","Lafto012","Lafto038","Lafto039","Lafto043","SH086","SH090","SH091","SH093"],"lines":"AB004, AB025, AB086, AB098, AB104, AB109, AB110, ADK015, ARD004, B40, Kal003, Kal011, Kal012, Kal013, Kal017, Kal021, Kal030, Kal032, Kal034, Kal035, KRK008, Lafto012, Lafto038, Lafto039, Lafto043, SH086, SH090, SH091, SH093"},"geometry":{"type":"LineString","coordinates":[[38.764437,8.936242],[38.76439,8.936308],[38.764293,8.936547],[38.764148,8.936794]]}},{"type":"Feature","properties":{"mode":"bus","n":29,"arr":["AB004","AB025","AB086","AB098","AB104","AB109","AB110","ADK015","ARD004","B40","Kal003","Kal011","Kal012","Kal013","Kal017","Kal021","Kal030","Kal032","Kal034","Kal035","KRK008","Lafto012","Lafto038","Lafto039","Lafto043","SH086","SH090","SH091","SH093"],"lines":"AB004, AB025, AB086, AB098, AB104, AB109, AB110, ADK015, ARD004, B40, Kal003, Kal011, Kal012, Kal013, Kal017, Kal021, Kal030, Kal032, Kal034, Kal035, KRK008, Lafto012, Lafto038, Lafto039, Lafto043, SH086, SH090, SH091, SH093"},"geometry":{"type":"LineString","coordinates":[[38.766642,8.943825],[38.766637,8.944192],[38.766603,8.944352]]}},{"type":"Feature","properties":{"mode":"bus","n":22,"arr":["AB004","AB025","AB086","AB098","AB104","AB109","AB110","ADK015","ARD004","B40","Kal003","Kal011","Kal012","Kal013","Kal017","Kal032","Kal035","KRK008","Lafto012","SH086","SH090","SH093"],"lines":"AB004, AB025, AB086, AB098, AB104, AB109, AB110, ADK015, ARD004, B40, Kal003, Kal011, Kal012, Kal013, Kal017, Kal032, Kal035, KRK008, Lafto012, SH086, SH090, SH093"},"geometry":{"type":"LineString","coordinates":[[38.764148,8.936794],[38.763886,8.93719],[38.763038,8.938203],[38.762898,8.938421],[38.762794,8.938682],[38.762758,8.938887],[38.762784,8.939249],[38.762818,8.939392],[38.762873,8.939534],[38.762984,8.939723],[38.763175,8.939927],[38.766245,8.942994],[38.766385,8.943166],[38.766507,8.943376],[38.766642,8.943825]]}},{"type":"Feature","properties":{"mode":"bus","n":25,"arr":["AB004","AB025","AB104","AB109","AB110","ADK015","ARD004","Kal003","Kal011","Kal012","Kal013","Kal017","Kal021","Kal030","Kal032","Kal034","Kal035","KRK008","Lafto012","Lafto038","Lafto039","Lafto043","SH086","SH090","SH091"],"lines":"AB004, AB025, AB104, AB109, AB110, ADK015, ARD004, Kal003, Kal011, Kal012, Kal013, Kal017, Kal021, Kal030, Kal032, Kal034, Kal035, KRK008, Lafto012, Lafto038, Lafto039, Lafto043, SH086, SH090, SH091"},"geometry":{"type":"LineString","coordinates":[[38.766603,8.944352],[38.766532,8.944571]]}},{"type":"Feature","properties":{"mode":"bus","n":26,"arr":["AB004","AB025","AB104","AB109","AB110","ADK015","ARD004","Kal003","Kal011","Kal012","Kal013","Kal017","Kal021","Kal027","Kal030","Kal032","Kal034","Kal035","KRK008","Lafto012","Lafto038","Lafto039","Lafto043","SH086","SH090","SH091"],"lines":"AB004, AB025, AB104, AB109, AB110, ADK015, ARD004, Kal003, Kal011, Kal012, Kal013, Kal017, Kal021, Kal027, Kal030, Kal032, Kal034, Kal035, KRK008, Lafto012, Lafto038, Lafto039, Lafto043, SH086, SH090, SH091"},"geometry":{"type":"LineString","coordinates":[[38.766532,8.944571],[38.766396,8.944855]]}},{"type":"Feature","properties":{"mode":"bus","n":27,"arr":["AB004","AB025","AB104","AB109","AB110","ADK015","ADK047","ADK048","ARD004","Kal003","Kal011","Kal012","Kal013","Kal017","Kal021","Kal027","Kal032","Kal035","KRK008","KRK015","Lafto012","Lafto038","Lafto039","Lafto043","SH086","SH090","SH091"],"lines":"AB004, AB025, AB104, AB109, AB110, ADK015, ADK047, ADK048, ARD004, Kal003, Kal011, Kal012, Kal013, Kal017, Kal021, Kal027, Kal032, Kal035, KRK008, KRK015, Lafto012, Lafto038, Lafto039, Lafto043, SH086, SH090, SH091"},"geometry":{"type":"LineString","coordinates":[[38.766396,8.944855],[38.766298,8.945069]]}},{"type":"Feature","properties":{"mode":"bus","n":30,"arr":["AB004","AB025","AB104","AB109","AB110","ADK015","ADK047","ADK048","ARD004","B19","Kal003","Kal011","Kal012","Kal013","Kal017","Kal021","Kal027","Kal032","Kal035","KRK008","KRK015","Lafto012","Lafto038","Lafto039","Lafto043","SH016","SH028","SH086","SH090","SH091"],"lines":"AB004, AB025, AB104, AB109, AB110, ADK015, ADK047, ADK048, ARD004, B19, Kal003, Kal011, Kal012, Kal013, Kal017, Kal021, Kal027, Kal032, Kal035, KRK008, KRK015, Lafto012, Lafto038, Lafto039, Lafto043, SH016, SH028, SH086, SH090, SH091"},"geometry":{"type":"LineString","coordinates":[[38.766298,8.945069],[38.765953,8.945836]]}},{"type":"Feature","properties":{"mode":"bus","n":30,"arr":["AB004","AB025","AB056","AB104","AB110","ADK015","ADK047","ADK048","ARD004","B19","Kal003","Kal011","Kal012","Kal013","Kal017","Kal021","Kal027","Kal032","Kal035","KRK008","KRK015","Lafto012","Lafto038","Lafto039","Lafto043","SH016","SH028","SH086","SH090","SH091"],"lines":"AB004, AB025, AB056, AB104, AB110, ADK015, ADK047, ADK048, ARD004, B19, Kal003, Kal011, Kal012, Kal013, Kal017, Kal021, Kal027, Kal032, Kal035, KRK008, KRK015, Lafto012, Lafto038, Lafto039, Lafto043, SH016, SH028, SH086, SH090, SH091"},"geometry":{"type":"LineString","coordinates":[[38.765953,8.945836],[38.763832,8.950378],[38.763546,8.951046],[38.763472,8.951377],[38.763452,8.951793],[38.763567,8.953198]]}},{"type":"Feature","properties":{"mode":"bus","n":10,"arr":["AB004","AB104","ADK024","ADK047","ADK048","B19","Kal006","Kal013","KRK015","Lafto012"],"lines":"AB004, AB104, ADK024, ADK047, ADK048, B19, Kal006, Kal013, KRK015, Lafto012"},"geometry":{"type":"LineString","coordinates":[[38.760226,8.981105],[38.760278,8.981278],[38.760334,8.981379],[38.760401,8.981462],[38.760507,8.981525],[38.760604,8.981554],[38.760698,8.981555],[38.760864,8.981508],[38.760951,8.981451],[38.761063,8.981288],[38.761083,8.98111],[38.761062,8.98102],[38.760962,8.980865],[38.760695,8.980714]]}},{"type":"Feature","properties":{"mode":"bus","n":11,"arr":["AB004","AB104","ADK024","ADK047","ADK048","B19","Kal006","Kal013","KRK009","KRK015","Lafto012"],"lines":"AB004, AB104, ADK024, ADK047, ADK048, B19, Kal006, Kal013, KRK009, KRK015, Lafto012"},"geometry":{"type":"LineString","coordinates":[[38.760695,8.980714],[38.760194,8.980769],[38.759303,8.981048],[38.758372,8.981422],[38.757961,8.98162]]}},{"type":"Feature","properties":{"mode":"bus","n":12,"arr":["AB004","AB104","ADK024","ADK047","ADK048","B19","Kal006","Kal013","KRK009","KRK011","KRK015","Lafto012"],"lines":"AB004, AB104, ADK024, ADK047, ADK048, B19, Kal006, Kal013, KRK009, KRK011, KRK015, Lafto012"},"geometry":{"type":"LineString","coordinates":[[38.757961,8.98162],[38.754694,8.982971],[38.753025,8.983689],[38.752398,8.983976],[38.752172,8.984134]]}},{"type":"Feature","properties":{"mode":"bus","n":11,"arr":["AB004","AB104","ADK024","ADK047","ADK048","B19","Kal006","Kal013","KRK009","KRK011","KRK015"],"lines":"AB004, AB104, ADK024, ADK047, ADK048, B19, Kal006, Kal013, KRK009, KRK011, KRK015"},"geometry":{"type":"LineString","coordinates":[[38.752172,8.984134],[38.752111,8.984182],[38.751783,8.984324]]}},{"type":"Feature","properties":{"mode":"bus","n":9,"arr":["AB004","AB104","ADK024","ADK047","ADK048","B19","Kal006","Kal013","KRK015"],"lines":"AB004, AB104, ADK024, ADK047, ADK048, B19, Kal006, Kal013, KRK015"},"geometry":{"type":"LineString","coordinates":[[38.751783,8.984324],[38.750539,8.984873]]}},{"type":"Feature","properties":{"mode":"bus","n":12,"arr":["AB004","AB026","AB034","AB051","AB059","AB065","AB066","AB123","SH009","SH010","SH040","SH071"],"lines":"AB004, AB026, AB034, AB051, AB059, AB065, AB066, AB123, SH009, SH010, SH040, SH071"},"geometry":{"type":"LineString","coordinates":[[38.734448,9.013086],[38.734443,9.012684],[38.734343,9.011894],[38.734345,9.011761]]}},{"type":"Feature","properties":{"mode":"bus","n":23,"arr":["AB004","AB026","AB034","AB051","AB059","AB065","AB066","AB100","AB123","ADK012","ADK014","ADK016","ARD005","Lafto011","Lafto014","Lafto016","Lafto027","Lafto034","SH009","SH010","SH040","SH071","SH085"],"lines":"AB004, AB026, AB034, AB051, AB059, AB065, AB066, AB100, AB123, ADK012, ADK014, ADK016, ARD005, Lafto011, Lafto014, Lafto016, Lafto027, Lafto034, SH009, SH010, SH040, SH071, SH085"},"geometry":{"type":"LineString","coordinates":[[38.734475,9.013277],[38.734448,9.013086]]}},{"type":"Feature","properties":{"mode":"bus","n":6,"arr":["AB004","AB065","AB066","AB091","AB100","SH085"],"lines":"AB004, AB065, AB066, AB091, AB100, SH085"},"geometry":{"type":"LineString","coordinates":[[38.737707,9.029966],[38.737549,9.029871]]}},{"type":"Feature","properties":{"mode":"bus","n":38,"arr":["AB005","AB006","AB008","AB012","AB013","AB015","AB016","AB017","AB020","AB023","AB030","AB037","AB040","AB045","AB048","AB081","AB088","AB089","AB094","AB104","ADK008","ADK013","ADK023","ADK058","ARD001","ARD003","B37","C31","C50","Gl003","Gl008","Gl010","Gl011","SH079","YK013","YK017","YK019","YK021"],"lines":"AB005, AB006, AB008, AB012, AB013, AB015, AB016, AB017, AB020, AB023, AB030, AB037, AB040, AB045, AB048, AB081, AB088, AB089, AB094, AB104, ADK008, ADK013, ADK023, ADK058, ARD001, ARD003, B37, C31, C50, Gl003, Gl008, Gl010, Gl011, SH079, YK013, YK017, YK019, YK021"},"geometry":{"type":"LineString","coordinates":[[38.752408,9.036392],[38.752441,9.036237],[38.752507,9.036106]]}},{"type":"Feature","properties":{"mode":"bus","n":22,"arr":["AB005","AB008","AB012","AB013","AB016","AB020","AB023","AB030","AB040","AB088","AB104","AB131","ADK008","ADK013","ADK023","ADK057","ADK058","B37","Gl010","YK013","YK017","YK019"],"lines":"AB005, AB008, AB012, AB013, AB016, AB020, AB023, AB030, AB040, AB088, AB104, AB131, ADK008, ADK013, ADK023, ADK057, ADK058, B37, Gl010, YK013, YK017, YK019"},"geometry":{"type":"LineString","coordinates":[[38.751374,9.035849],[38.751876,9.035851],[38.752117,9.0359]]}},{"type":"Feature","properties":{"mode":"bus","n":28,"arr":["AB005","AB008","AB012","AB013","AB014","AB016","AB020","AB023","AB030","AB040","AB059","AB088","AB103","AB104","AB123","ADK008","ADK013","ADK023","ADK057","ADK058","B37","Gl010","SH071","SH100","SH105","YK013","YK017","YK019"],"lines":"AB005, AB008, AB012, AB013, AB014, AB016, AB020, AB023, AB030, AB040, AB059, AB088, AB103, AB104, AB123, ADK008, ADK013, ADK023, ADK057, ADK058, B37, Gl010, SH071, SH100, SH105, YK013, YK017, YK019"},"geometry":{"type":"LineString","coordinates":[[38.750265,9.035764],[38.750523,9.03587],[38.750658,9.035891],[38.751374,9.035849]]}},{"type":"Feature","properties":{"mode":"bus","n":29,"arr":["AB005","AB008","AB012","AB013","AB014","AB016","AB020","AB023","AB030","AB040","AB059","AB088","AB103","AB104","AB107","AB123","ADK008","ADK013","ADK023","ADK057","ADK058","B37","Gl010","SH071","SH100","SH105","YK013","YK017","YK019"],"lines":"AB005, AB008, AB012, AB013, AB014, AB016, AB020, AB023, AB030, AB040, AB059, AB088, AB103, AB104, AB107, AB123, ADK008, ADK013, ADK023, ADK057, ADK058, B37, Gl010, SH071, SH100, SH105, YK013, YK017, YK019"},"geometry":{"type":"LineString","coordinates":[[38.74974,9.035538],[38.750265,9.035764]]}},{"type":"Feature","properties":{"mode":"bus","n":12,"arr":["AB005","AB014","AB059","AB103","AB104","AB107","AB123","Gl004","Kolfa042","SH071","SH100","SH105"],"lines":"AB005, AB014, AB059, AB103, AB104, AB107, AB123, Gl004, Kolfa042, SH071, SH100, SH105"},"geometry":{"type":"LineString","coordinates":[[38.749678,9.03523],[38.749852,9.034906]]}},{"type":"Feature","properties":{"mode":"bus","n":13,"arr":["AB005","AB014","AB059","AB103","AB104","AB107","AB123","Gl004","Kolfa042","SH071","SH100","SH105","TX001"],"lines":"AB005, AB014, AB059, AB103, AB104, AB107, AB123, Gl004, Kolfa042, SH071, SH100, SH105, TX001"},"geometry":{"type":"LineString","coordinates":[[38.749852,9.034906],[38.75006,9.034476]]}},{"type":"Feature","properties":{"mode":"bus","n":10,"arr":["AB005","AB014","AB103","AB104","AB107","Gl004","Kolfa042","SH100","SH105","TX001"],"lines":"AB005, AB014, AB103, AB104, AB107, Gl004, Kolfa042, SH100, SH105, TX001"},"geometry":{"type":"LineString","coordinates":[[38.75006,9.034476],[38.750331,9.033966],[38.750636,9.033264]]}},{"type":"Feature","properties":{"mode":"bus","n":5,"arr":["AB005","AB092","Kolfa008","Kolfa015","Kolfe003"],"lines":"AB005, AB092, Kolfa008, Kolfa015, Kolfe003"},"geometry":{"type":"LineString","coordinates":[[38.739292,8.997308],[38.739208,8.997205],[38.738961,8.996719],[38.738541,8.995769],[38.738423,8.995446]]}},{"type":"Feature","properties":{"mode":"bus","n":9,"arr":["AB005","AB077","ADK012","Kolfa008","Kolfa015","Kolfe003","KRK003","Lafto010","TX002"],"lines":"AB005, AB077, ADK012, Kolfa008, Kolfa015, Kolfe003, KRK003, Lafto010, TX002"},"geometry":{"type":"LineString","coordinates":[[38.730821,8.997643],[38.731025,8.997538],[38.732158,8.996827],[38.732386,8.996713],[38.732608,8.996643],[38.73302,8.996581],[38.733253,8.996578],[38.734561,8.996708],[38.734818,8.996671],[38.735155,8.996568],[38.735328,8.996482],[38.736484,8.995724],[38.737605,8.995087]]}},{"type":"Feature","properties":{"mode":"bus","n":8,"arr":["AB005","AB077","Kolfa008","Kolfa015","Kolfe003","KRK003","Lafto010","TX002"],"lines":"AB005, AB077, Kolfa008, Kolfa015, Kolfe003, KRK003, Lafto010, TX002"},"geometry":{"type":"LineString","coordinates":[[38.730821,8.997643],[38.730714,8.997695]]}},{"type":"Feature","properties":{"mode":"bus","n":16,"arr":["AB005","AB077","AB100","ADK016","ARD005","Kolfa008","Kolfa015","Kolfe003","KRK003","Lafto010","Lafto014","Lafto016","Lafto027","Lafto034","SH085","TX002"],"lines":"AB005, AB077, AB100, ADK016, ARD005, Kolfa008, Kolfa015, Kolfe003, KRK003, Lafto010, Lafto014, Lafto016, Lafto027, Lafto034, SH085, TX002"},"geometry":{"type":"LineString","coordinates":[[38.730714,8.997695],[38.730463,8.997286],[38.729822,8.99644],[38.728678,8.995103],[38.727137,8.993214],[38.725562,8.991388],[38.724106,8.989642],[38.723567,8.989019],[38.723469,8.988935]]}},{"type":"Feature","properties":{"mode":"bus","n":11,"arr":["AB005","AB100","ADK016","ARD005","Kolfa015","KRK003","Lafto014","Lafto016","Lafto027","Lafto034","SH085"],"lines":"AB005, AB100, ADK016, ARD005, Kolfa015, KRK003, Lafto014, Lafto016, Lafto027, Lafto034, SH085"},"geometry":{"type":"LineString","coordinates":[[38.723469,8.988935],[38.723167,8.988741]]}},{"type":"Feature","properties":{"mode":"bus","n":9,"arr":["AB005","AB100","ADK016","ARD005","Lafto014","Lafto016","Lafto027","Lafto034","SH085"],"lines":"AB005, AB100, ADK016, ARD005, Lafto014, Lafto016, Lafto027, Lafto034, SH085"},"geometry":{"type":"LineString","coordinates":[[38.72307,8.988673],[38.723167,8.988741]]}},{"type":"Feature","properties":{"mode":"bus","n":20,"arr":["AB006","AB020","AB030","AB045","AB048","AB088","AB104","AB112","ARD003","C31","C50","Gl002","Gl006","Gl008","Gl011","Gl018","SH079","SH080","SH103","YK001"],"lines":"AB006, AB020, AB030, AB045, AB048, AB088, AB104, AB112, ARD003, C31, C50, Gl002, Gl006, Gl008, Gl011, Gl018, SH079, SH080, SH103, YK001"},"geometry":{"type":"LineString","coordinates":[[38.73746,9.059491],[38.737697,9.059254]]}},{"type":"Feature","properties":{"mode":"bus","n":21,"arr":["AB006","AB020","AB030","AB045","AB048","AB088","AB094","AB104","AB112","ARD003","C31","C50","Gl002","Gl006","Gl008","Gl011","Gl018","SH079","SH080","SH103","YK001"],"lines":"AB006, AB020, AB030, AB045, AB048, AB088, AB094, AB104, AB112, ARD003, C31, C50, Gl002, Gl006, Gl008, Gl011, Gl018, SH079, SH080, SH103, YK001"},"geometry":{"type":"LineString","coordinates":[[38.737697,9.059254],[38.738706,9.058261],[38.739059,9.058065],[38.739223,9.058014],[38.739511,9.057877],[38.739779,9.057668],[38.739935,9.057508],[38.742847,9.053249]]}},{"type":"Feature","properties":{"mode":"bus","n":21,"arr":["AB006","AB020","AB030","AB045","AB048","AB088","AB094","AB104","AB112","ARD003","C31","C50","Gl002","Gl006","Gl008","Gl011","Gl018","SH079","SH080","SH103","YK001"],"lines":"AB006, AB020, AB030, AB045, AB048, AB088, AB094, AB104, AB112, ARD003, C31, C50, Gl002, Gl006, Gl008, Gl011, Gl018, SH079, SH080, SH103, YK001"},"geometry":{"type":"LineString","coordinates":[[38.742959,9.053269],[38.742523,9.053933],[38.74108,9.055995],[38.740007,9.057583],[38.739753,9.057827],[38.739572,9.057953],[38.738879,9.058267],[38.738715,9.058377],[38.738395,9.058664],[38.737893,9.059202]]}},{"type":"Feature","properties":{"mode":"bus","n":20,"arr":["AB006","AB020","AB030","AB045","AB048","AB088","AB094","AB104","AB112","ARD003","C31","C50","Gl002","Gl008","Gl011","Gl018","SH079","SH080","SH103","YK001"],"lines":"AB006, AB020, AB030, AB045, AB048, AB088, AB094, AB104, AB112, ARD003, C31, C50, Gl002, Gl008, Gl011, Gl018, SH079, SH080, SH103, YK001"},"geometry":{"type":"LineString","coordinates":[[38.742847,9.053249],[38.744077,9.051419],[38.746301,9.048194]]}},{"type":"Feature","properties":{"mode":"bus","n":20,"arr":["AB006","AB020","AB030","AB045","AB048","AB088","AB094","AB104","AB112","ARD003","C31","C50","Gl002","Gl008","Gl011","Gl018","SH079","SH080","SH103","YK001"],"lines":"AB006, AB020, AB030, AB045, AB048, AB088, AB094, AB104, AB112, ARD003, C31, C50, Gl002, Gl008, Gl011, Gl018, SH079, SH080, SH103, YK001"},"geometry":{"type":"LineString","coordinates":[[38.746497,9.048084],[38.742959,9.053269]]}},{"type":"Feature","properties":{"mode":"bus","n":23,"arr":["AB006","AB008","AB020","AB030","AB045","AB048","AB088","AB094","AB104","AB112","ADK017","ARD003","C31","C50","Gl002","Gl003","Gl008","Gl011","Gl018","SH079","SH080","SH103","YK001"],"lines":"AB006, AB008, AB020, AB030, AB045, AB048, AB088, AB094, AB104, AB112, ADK017, ARD003, C31, C50, Gl002, Gl003, Gl008, Gl011, Gl018, SH079, SH080, SH103, YK001"},"geometry":{"type":"LineString","coordinates":[[38.746301,9.048194],[38.746446,9.047984],[38.747239,9.046616],[38.748473,9.044408]]}},{"type":"Feature","properties":{"mode":"bus","n":23,"arr":["AB006","AB008","AB020","AB030","AB045","AB048","AB088","AB094","AB104","AB112","ADK017","ARD003","C31","C50","Gl002","Gl003","Gl008","Gl011","Gl018","SH079","SH080","SH103","YK001"],"lines":"AB006, AB008, AB020, AB030, AB045, AB048, AB088, AB094, AB104, AB112, ADK017, ARD003, C31, C50, Gl002, Gl003, Gl008, Gl011, Gl018, SH079, SH080, SH103, YK001"},"geometry":{"type":"LineString","coordinates":[[38.748508,9.044574],[38.746926,9.047367],[38.746497,9.048084]]}},{"type":"Feature","properties":{"mode":"bus","n":20,"arr":["AB006","AB008","AB020","AB030","AB045","AB048","AB088","AB094","AB104","AB112","ARD003","C31","C50","Gl003","Gl008","Gl011","SH079","SH080","SH103","YK001"],"lines":"AB006, AB008, AB020, AB030, AB045, AB048, AB088, AB094, AB104, AB112, ARD003, C31, C50, Gl003, Gl008, Gl011, SH079, SH080, SH103, YK001"},"geometry":{"type":"LineString","coordinates":[[38.748473,9.044408],[38.748506,9.044351]]}},{"type":"Feature","properties":{"mode":"bus","n":17,"arr":["AB006","AB008","AB020","AB030","AB045","AB048","AB088","AB094","AB104","ARD003","C31","C50","Gl003","Gl008","Gl011","SH079","SH103"],"lines":"AB006, AB008, AB020, AB030, AB045, AB048, AB088, AB094, AB104, ARD003, C31, C50, Gl003, Gl008, Gl011, SH079, SH103"},"geometry":{"type":"LineString","coordinates":[[38.748506,9.044351],[38.749828,9.042053],[38.750948,9.039945],[38.751208,9.039415],[38.751671,9.038616],[38.752001,9.037931]]}},{"type":"Feature","properties":{"mode":"bus","n":17,"arr":["AB006","AB008","AB020","AB030","AB045","AB048","AB088","AB094","AB104","ARD003","C31","C50","Gl003","Gl008","Gl011","SH079","SH103"],"lines":"AB006, AB008, AB020, AB030, AB045, AB048, AB088, AB094, AB104, ARD003, C31, C50, Gl003, Gl008, Gl011, SH079, SH103"},"geometry":{"type":"LineString","coordinates":[[38.751746,9.038664],[38.75138,9.039382],[38.750777,9.040456],[38.750558,9.040913],[38.748594,9.044423]]}},{"type":"Feature","properties":{"mode":"bus","n":15,"arr":["AB006","AB008","AB020","AB030","AB045","AB048","AB088","AB104","ARD003","C31","C50","Gl003","Gl008","Gl011","SH079"],"lines":"AB006, AB008, AB020, AB030, AB045, AB048, AB088, AB104, ARD003, C31, C50, Gl003, Gl008, Gl011, SH079"},"geometry":{"type":"LineString","coordinates":[[38.752001,9.037931],[38.752046,9.037795]]}},{"type":"Feature","properties":{"mode":"bus","n":7,"arr":["AB006","ADK024","ADK047","ADK048","C15","C50","KRK016"],"lines":"AB006, ADK024, ADK047, ADK048, C15, C50, KRK016"},"geometry":{"type":"LineString","coordinates":[[38.746136,9.010635],[38.746029,9.011535]]}},{"type":"Feature","properties":{"mode":"bus","n":8,"arr":["AB006","AB078","ADK024","ADK047","ADK048","C15","C50","KRK016"],"lines":"AB006, AB078, ADK024, ADK047, ADK048, C15, C50, KRK016"},"geometry":{"type":"LineString","coordinates":[[38.746156,9.010402],[38.746136,9.010635]]}},{"type":"Feature","properties":{"mode":"bus","n":14,"arr":["AB006","AB078","AB104","ADK022","ADK024","ADK047","ADK048","B19","C15","C50","KRK016","Lafto018","Lafto030","Lafto042"],"lines":"AB006, AB078, AB104, ADK022, ADK024, ADK047, ADK048, B19, C15, C50, KRK016, Lafto018, Lafto030, Lafto042"},"geometry":{"type":"LineString","coordinates":[[38.746194,9.009876],[38.746156,9.010402]]}},{"type":"Feature","properties":{"mode":"bus","n":17,"arr":["AB006","AB078","AB104","ADK022","ADK024","ADK047","ADK048","B19","C15","C50","Kal013","KRK001","KRK016","Lafto018","Lafto023","Lafto030","Lafto042"],"lines":"AB006, AB078, AB104, ADK022, ADK024, ADK047, ADK048, B19, C15, C50, Kal013, KRK001, KRK016, Lafto018, Lafto023, Lafto030, Lafto042"},"geometry":{"type":"LineString","coordinates":[[38.746194,9.009876],[38.746202,9.009776]]}},{"type":"Feature","properties":{"mode":"bus","n":12,"arr":["AB006","AB104","B19","C50","Kal006","Kal013","KRK001","KRK015","Lafto011","Lafto018","Lafto030","Lafto042"],"lines":"AB006, AB104, B19, C50, Kal006, Kal013, KRK001, KRK015, Lafto011, Lafto018, Lafto030, Lafto042"},"geometry":{"type":"LineString","coordinates":[[38.748295,8.986099],[38.748463,8.986414],[38.748648,8.986915]]}},{"type":"Feature","properties":{"mode":"bus","n":15,"arr":["AB006","AB054","AB104","ADK022","ADK024","ADK047","ADK048","B19","C15","C50","KRK001","KRK016","Lafto018","Lafto030","Lafto042"],"lines":"AB006, AB054, AB104, ADK022, ADK024, ADK047, ADK048, B19, C15, C50, KRK001, KRK016, Lafto018, Lafto030, Lafto042"},"geometry":{"type":"LineString","coordinates":[[38.746343,9.009033],[38.746279,9.009846]]}},{"type":"Feature","properties":{"mode":"bus","n":13,"arr":["AB006","AB104","ADK022","ADK024","ADK047","ADK048","B19","C15","C50","KRK016","Lafto018","Lafto030","Lafto042"],"lines":"AB006, AB104, ADK022, ADK024, ADK047, ADK048, B19, C15, C50, KRK016, Lafto018, Lafto030, Lafto042"},"geometry":{"type":"LineString","coordinates":[[38.746279,9.009846],[38.746218,9.010642]]}},{"type":"Feature","properties":{"mode":"bus","n":8,"arr":["AB006","AB104","ADK024","ADK047","ADK048","C15","C50","KRK016"],"lines":"AB006, AB104, ADK024, ADK047, ADK048, C15, C50, KRK016"},"geometry":{"type":"LineString","coordinates":[[38.746218,9.010642],[38.746128,9.011492]]}},{"type":"Feature","properties":{"mode":"bus","n":16,"arr":["AB006","AB008","AB020","AB030","AB045","AB048","AB088","AB094","AB104","ARD003","C31","C50","Gl003","Gl008","Gl011","SH079"],"lines":"AB006, AB008, AB020, AB030, AB045, AB048, AB088, AB094, AB104, ARD003, C31, C50, Gl003, Gl008, Gl011, SH079"},"geometry":{"type":"LineString","coordinates":[[38.752201,9.037855],[38.752088,9.037979],[38.751746,9.038664]]}},{"type":"Feature","properties":{"mode":"bus","n":20,"arr":["AB006","AB008","AB020","AB030","AB045","AB048","AB088","AB094","AB104","ADK017","ARD003","C31","C50","Gl002","Gl003","Gl008","Gl011","Gl018","SH079","SH103"],"lines":"AB006, AB008, AB020, AB030, AB045, AB048, AB088, AB094, AB104, ADK017, ARD003, C31, C50, Gl002, Gl003, Gl008, Gl011, Gl018, SH079, SH103"},"geometry":{"type":"LineString","coordinates":[[38.748594,9.044423],[38.748557,9.044491]]}},{"type":"Feature","properties":{"mode":"bus","n":21,"arr":["AB006","AB008","AB020","AB030","AB045","AB048","AB088","AB094","AB104","ADK017","ARD003","C31","C50","Gl002","Gl003","Gl008","Gl011","Gl018","SH079","SH103","YK001"],"lines":"AB006, AB008, AB020, AB030, AB045, AB048, AB088, AB094, AB104, ADK017, ARD003, C31, C50, Gl002, Gl003, Gl008, Gl011, Gl018, SH079, SH103, YK001"},"geometry":{"type":"LineString","coordinates":[[38.748557,9.044491],[38.748508,9.044574]]}},{"type":"Feature","properties":{"mode":"bus","n":6,"arr":["AB007","AB044","AB089","LK005","LK012","SH077"],"lines":"AB007, AB044, AB089, LK005, LK012, SH077"},"geometry":{"type":"LineString","coordinates":[[38.877912,9.05706],[38.877717,9.057059],[38.877569,9.057084]]}},{"type":"Feature","properties":{"mode":"bus","n":6,"arr":["AB007","AB044","AB089","LK005","LK012","SH077"],"lines":"AB007, AB044, AB089, LK005, LK012, SH077"},"geometry":{"type":"LineString","coordinates":[[38.87746,9.056966],[38.877877,9.056726],[38.878008,9.056672]]}},{"type":"Feature","properties":{"mode":"bus","n":26,"arr":["AB008","AB012","AB013","AB015","AB016","AB017","AB020","AB023","AB030","AB040","AB041","AB088","AB089","ADK008","ADK013","ADK023","ADK057","ADK058","ARD013","B37","Gl010","Kolfa042","TX001","YK013","YK017","YK019"],"lines":"AB008, AB012, AB013, AB015, AB016, AB017, AB020, AB023, AB030, AB040, AB041, AB088, AB089, ADK008, ADK013, ADK023, ADK057, ADK058, ARD013, B37, Gl010, Kolfa042, TX001, YK013, YK017, YK019"},"geometry":{"type":"LineString","coordinates":[[38.749459,9.035412],[38.748718,9.035075],[38.748149,9.034925],[38.747163,9.034736],[38.745924,9.034596]]}},{"type":"Feature","properties":{"mode":"bus","n":26,"arr":["AB008","AB012","AB013","AB015","AB016","AB017","AB020","AB023","AB030","AB040","AB041","AB088","AB089","ADK008","ADK013","ADK023","ADK057","ADK058","ARD013","B37","Gl010","Kolfa042","TX001","YK013","YK017","YK019"],"lines":"AB008, AB012, AB013, AB015, AB016, AB017, AB020, AB023, AB030, AB040, AB041, AB088, AB089, ADK008, ADK013, ADK023, ADK057, ADK058, ARD013, B37, Gl010, Kolfa042, TX001, YK013, YK017, YK019"},"geometry":{"type":"LineString","coordinates":[[38.743314,9.034143],[38.746662,9.034485]]}},{"type":"Feature","properties":{"mode":"bus","n":25,"arr":["AB008","AB012","AB013","AB015","AB016","AB017","AB020","AB023","AB030","AB040","AB041","AB088","AB089","ADK008","ADK013","ADK023","ADK057","ADK058","ARD013","B37","Gl010","Kolfa042","YK013","YK017","YK019"],"lines":"AB008, AB012, AB013, AB015, AB016, AB017, AB020, AB023, AB030, AB040, AB041, AB088, AB089, ADK008, ADK013, ADK023, ADK057, ADK058, ARD013, B37, Gl010, Kolfa042, YK013, YK017, YK019"},"geometry":{"type":"LineString","coordinates":[[38.745924,9.034596],[38.745026,9.03453],[38.743238,9.034299]]}},{"type":"Feature","properties":{"mode":"bus","n":28,"arr":["AB008","AB012","AB013","AB015","AB016","AB017","AB020","AB023","AB030","AB040","AB041","AB088","AB089","ADK008","ADK013","ADK015","ADK023","ADK057","ADK058","ARD013","B37","Bole016","Gl010","Kal012","Kolfa042","YK013","YK017","YK019"],"lines":"AB008, AB012, AB013, AB015, AB016, AB017, AB020, AB023, AB030, AB040, AB041, AB088, AB089, ADK008, ADK013, ADK015, ADK023, ADK057, ADK058, ARD013, B37, Bole016, Gl010, Kal012, Kolfa042, YK013, YK017, YK019"},"geometry":{"type":"LineString","coordinates":[[38.743238,9.034299],[38.742386,9.034178]]}},{"type":"Feature","properties":{"mode":"bus","n":29,"arr":["AB008","AB012","AB013","AB015","AB016","AB017","AB020","AB023","AB030","AB040","AB041","AB088","AB089","ADK008","ADK013","ADK015","ADK023","ADK057","ADK058","ARD013","B37","Bole016","Gl010","Kal012","Kolfa042","TX001","YK013","YK017","YK019"],"lines":"AB008, AB012, AB013, AB015, AB016, AB017, AB020, AB023, AB030, AB040, AB041, AB088, AB089, ADK008, ADK013, ADK015, ADK023, ADK057, ADK058, ARD013, B37, Bole016, Gl010, Kal012, Kolfa042, TX001, YK013, YK017, YK019"},"geometry":{"type":"LineString","coordinates":[[38.742203,9.033987],[38.743314,9.034143]]}},{"type":"Feature","properties":{"mode":"bus","n":25,"arr":["AB008","AB012","AB013","AB015","AB016","AB017","AB020","AB023","AB030","AB040","AB088","AB089","ADK008","ADK013","ADK023","ADK057","ADK058","ARD013","B37","Gl010","Kolfa042","TX001","YK013","YK017","YK019"],"lines":"AB008, AB012, AB013, AB015, AB016, AB017, AB020, AB023, AB030, AB040, AB088, AB089, ADK008, ADK013, ADK023, ADK057, ADK058, ARD013, B37, Gl010, Kolfa042, TX001, YK013, YK017, YK019"},"geometry":{"type":"LineString","coordinates":[[38.746662,9.034485],[38.74816,9.034742],[38.748844,9.034933],[38.749265,9.035102]]}},{"type":"Feature","properties":{"mode":"bus","n":23,"arr":["AB008","AB012","AB013","AB015","AB016","AB017","AB020","AB023","AB030","AB040","AB088","AB089","ADK008","ADK013","ADK023","ADK057","ADK058","B37","Gl010","Kolfa042","YK013","YK017","YK019"],"lines":"AB008, AB012, AB013, AB015, AB016, AB017, AB020, AB023, AB030, AB040, AB088, AB089, ADK008, ADK013, ADK023, ADK057, ADK058, B37, Gl010, Kolfa042, YK013, YK017, YK019"},"geometry":{"type":"LineString","coordinates":[[38.749265,9.035102],[38.749564,9.035239]]}},{"type":"Feature","properties":{"mode":"bus","n":33,"arr":["AB008","AB012","AB013","AB015","AB016","AB017","AB019","AB020","AB023","AB030","AB040","AB048","AB059","AB081","AB088","AB089","AB108","AB111","AB123","ADK008","ADK013","ADK023","ADK037","ADK057","ADK058","B37","C14","Gl010","Gl015","SH071","YK013","YK017","YK019"],"lines":"AB008, AB012, AB013, AB015, AB016, AB017, AB019, AB020, AB023, AB030, AB040, AB048, AB059, AB081, AB088, AB089, AB108, AB111, AB123, ADK008, ADK013, ADK023, ADK037, ADK057, ADK058, B37, C14, Gl010, Gl015, SH071, YK013, YK017, YK019"},"geometry":{"type":"LineString","coordinates":[[38.751121,9.035756],[38.750711,9.035745],[38.750311,9.035662],[38.749992,9.035513]]}},{"type":"Feature","properties":{"mode":"bus","n":32,"arr":["AB008","AB012","AB013","AB015","AB016","AB017","AB019","AB020","AB023","AB030","AB040","AB048","AB059","AB081","AB088","AB089","AB108","AB111","AB123","ADK008","ADK013","ADK023","ADK037","ADK057","ADK058","B37","Gl010","Gl015","SH071","YK013","YK017","YK019"],"lines":"AB008, AB012, AB013, AB015, AB016, AB017, AB019, AB020, AB023, AB030, AB040, AB048, AB059, AB081, AB088, AB089, AB108, AB111, AB123, ADK008, ADK013, ADK023, ADK037, ADK057, ADK058, B37, Gl010, Gl015, SH071, YK013, YK017, YK019"},"geometry":{"type":"LineString","coordinates":[[38.751121,9.035756],[38.751435,9.035735]]}},{"type":"Feature","properties":{"mode":"bus","n":31,"arr":["AB008","AB012","AB013","AB015","AB016","AB017","AB019","AB020","AB023","AB030","AB040","AB048","AB081","AB088","AB089","AB108","AB111","AB123","ADK008","ADK013","ADK023","ADK037","ADK057","ADK058","B37","Gl010","Gl015","SH071","YK013","YK017","YK019"],"lines":"AB008, AB012, AB013, AB015, AB016, AB017, AB019, AB020, AB023, AB030, AB040, AB048, AB081, AB088, AB089, AB108, AB111, AB123, ADK008, ADK013, ADK023, ADK037, ADK057, ADK058, B37, Gl010, Gl015, SH071, YK013, YK017, YK019"},"geometry":{"type":"LineString","coordinates":[[38.751435,9.035735],[38.751844,9.035729],[38.752152,9.035666]]}},{"type":"Feature","properties":{"mode":"bus","n":11,"arr":["AB009","AB010","AB015","AB017","AB041","AB081","AB089","AB126","AB131","C17","YK021"],"lines":"AB009, AB010, AB015, AB017, AB041, AB081, AB089, AB126, AB131, C17, YK021"},"geometry":{"type":"LineString","coordinates":[[38.75555,9.037984],[38.755713,9.037665],[38.755782,9.037428],[38.75578,9.037211],[38.755728,9.036911],[38.755559,9.036163],[38.755445,9.035896],[38.755126,9.035327],[38.755075,9.035184],[38.754774,9.03327],[38.754693,9.033087],[38.754602,9.032957]]}},{"type":"Feature","properties":{"mode":"bus","n":15,"arr":["AB009","AB010","AB011","AB015","AB017","AB041","AB081","AB089","AB126","AB129","AB131","ADK057","C17","C51","YK021"],"lines":"AB009, AB010, AB011, AB015, AB017, AB041, AB081, AB089, AB126, AB129, AB131, ADK057, C17, C51, YK021"},"geometry":{"type":"LineString","coordinates":[[38.755692,9.039479],[38.755632,9.039356],[38.755543,9.03907],[38.755468,9.038602],[38.755451,9.038364],[38.755465,9.038203],[38.75555,9.037984]]}},{"type":"Feature","properties":{"mode":"bus","n":10,"arr":["AB009","AB010","AB015","AB017","AB041","AB081","AB089","AB126","AB131","C17"],"lines":"AB009, AB010, AB015, AB017, AB041, AB081, AB089, AB126, AB131, C17"},"geometry":{"type":"LineString","coordinates":[[38.754602,9.032957],[38.754344,9.032733]]}},{"type":"Feature","properties":{"mode":"bus","n":8,"arr":["AB009","AB010","AB015","AB017","AB041","AB081","AB089","AB126"],"lines":"AB009, AB010, AB015, AB017, AB041, AB081, AB089, AB126"},"geometry":{"type":"LineString","coordinates":[[38.754344,9.032733],[38.754085,9.032721]]}},{"type":"Feature","properties":{"mode":"bus","n":15,"arr":["AB009","AB010","AB015","AB017","AB041","AB048","AB081","AB089","AB094","AB126","Gl011","Kolfa042","SH079","SH099","TX001"],"lines":"AB009, AB010, AB015, AB017, AB041, AB048, AB081, AB089, AB094, AB126, Gl011, Kolfa042, SH079, SH099, TX001"},"geometry":{"type":"LineString","coordinates":[[38.754085,9.032721],[38.753646,9.032724],[38.753401,9.032781]]}},{"type":"Feature","properties":{"mode":"bus","n":16,"arr":["AB009","AB015","AB017","AB019","AB041","AB048","AB081","AB089","AB094","AB126","Gl011","Kolfa042","SH016","SH079","SH099","TX001"],"lines":"AB009, AB015, AB017, AB019, AB041, AB048, AB081, AB089, AB094, AB126, Gl011, Kolfa042, SH016, SH079, SH099, TX001"},"geometry":{"type":"LineString","coordinates":[[38.753401,9.032781],[38.752917,9.03291]]}},{"type":"Feature","properties":{"mode":"bus","n":14,"arr":["AB015","AB017","AB019","AB041","AB048","AB081","AB089","AB126","Gl011","Kolfa042","SH016","SH079","SH099","TX001"],"lines":"AB015, AB017, AB019, AB041, AB048, AB081, AB089, AB126, Gl011, Kolfa042, SH016, SH079, SH099, TX001"},"geometry":{"type":"LineString","coordinates":[[38.752917,9.03291],[38.752871,9.032923]]}},{"type":"Feature","properties":{"mode":"bus","n":17,"arr":["AB009","AB031","AB053","AB055","AB056","AB068","AB110","ARD011","Bole018","Bole019","Gl007","Gl009","KRK013","SH015","SH027","SH028","SH073"],"lines":"AB009, AB031, AB053, AB055, AB056, AB068, AB110, ARD011, Bole018, Bole019, Gl007, Gl009, KRK013, SH015, SH027, SH028, SH073"},"geometry":{"type":"LineString","coordinates":[[38.761514,9.023526],[38.76162,9.02334],[38.76199,9.022954],[38.762457,9.022676],[38.763149,9.02245],[38.763342,9.02234],[38.763526,9.022051],[38.763568,9.021912],[38.763594,9.021638],[38.763302,9.019227]]}},{"type":"Feature","properties":{"mode":"bus","n":5,"arr":["AB010","AB011","AB126","AB129","C51"],"lines":"AB010, AB011, AB126, AB129, C51"},"geometry":{"type":"LineString","coordinates":[[38.754862,9.037554],[38.754737,9.03725],[38.754387,9.036676],[38.754247,9.036244],[38.754153,9.035828],[38.753972,9.035587],[38.752862,9.035044]]}},{"type":"Feature","properties":{"mode":"bus","n":7,"arr":["AB010","AB011","AB126","AB129","AB131","ADK057","C51"],"lines":"AB010, AB011, AB126, AB129, AB131, ADK057, C51"},"geometry":{"type":"LineString","coordinates":[[38.75555,9.037984],[38.755366,9.037893],[38.754862,9.037554]]}},{"type":"Feature","properties":{"mode":"bus","n":26,"arr":["AB010","AB011","AB023","AB033","AB046","AB064","AB079","AB083","AB089","AB126","AB129","AB131","ADK057","ARD001","ARD007","C17","C51","Gl005","TX006","TX008","YK001","YK006","YK011","YK017","YK019","YK021"],"lines":"AB010, AB011, AB023, AB033, AB046, AB064, AB079, AB083, AB089, AB126, AB129, AB131, ADK057, ARD001, ARD007, C17, C51, Gl005, TX006, TX008, YK001, YK006, YK011, YK017, YK019, YK021"},"geometry":{"type":"LineString","coordinates":[[38.788487,9.028988],[38.788576,9.028867],[38.789041,9.028572],[38.794774,9.025158]]}},{"type":"Feature","properties":{"mode":"bus","n":25,"arr":["AB010","AB011","AB023","AB033","AB046","AB064","AB079","AB083","AB089","AB126","AB129","AB131","ADK057","ARD001","ARD007","C17","C51","Gl005","TX006","TX008","YK001","YK006","YK011","YK017","YK019"],"lines":"AB010, AB011, AB023, AB033, AB046, AB064, AB079, AB083, AB089, AB126, AB129, AB131, ADK057, ARD001, ARD007, C17, C51, Gl005, TX006, TX008, YK001, YK006, YK011, YK017, YK019"},"geometry":{"type":"LineString","coordinates":[[38.794774,9.025158],[38.795559,9.0247],[38.79572,9.024647]]}},{"type":"Feature","properties":{"mode":"bus","n":25,"arr":["AB011","AB022","AB049","AB061","AB079","AB083","AB097","AB101","AB119","AB126","AB127","Bole005","Bole006","Bole007","D23","D25","D46","LK004","LK009","LK010","LK013","LK016","SH066","SH067","YK010"],"lines":"AB011, AB022, AB049, AB061, AB079, AB083, AB097, AB101, AB119, AB126, AB127, Bole005, Bole006, Bole007, D23, D25, D46, LK004, LK009, LK010, LK013, LK016, SH066, SH067, YK010"},"geometry":{"type":"LineString","coordinates":[[38.825897,9.019715],[38.827314,9.020321],[38.828476,9.020773],[38.829749,9.021316],[38.830422,9.021551],[38.830805,9.021654],[38.83141,9.021729],[38.832032,9.021741],[38.838888,9.021442],[38.839259,9.021443],[38.840849,9.021363],[38.841817,9.02134],[38.850884,9.020858],[38.85119,9.020824],[38.851412,9.020762],[38.851732,9.02059]]}},{"type":"Feature","properties":{"mode":"bus","n":25,"arr":["AB011","AB022","AB049","AB061","AB079","AB083","AB097","AB101","AB119","AB126","AB127","Bole005","Bole006","Bole007","D23","D25","D46","LK004","LK009","LK010","LK013","LK016","SH066","SH067","YK010"],"lines":"AB011, AB022, AB049, AB061, AB079, AB083, AB097, AB101, AB119, AB126, AB127, Bole005, Bole006, Bole007, D23, D25, D46, LK004, LK009, LK010, LK013, LK016, SH066, SH067, YK010"},"geometry":{"type":"LineString","coordinates":[[38.851778,9.021293],[38.8514,9.02114],[38.851279,9.021112],[38.850924,9.021103],[38.843458,9.021485],[38.83974,9.02161],[38.832171,9.021953],[38.831606,9.021962],[38.831179,9.021934],[38.830716,9.021872],[38.830357,9.021781],[38.82855,9.021083],[38.826866,9.020372]]}},{"type":"Feature","properties":{"mode":"bus","n":11,"arr":["AB011","AB022","AB079","AB119","Bole006","Bole007","D25","LK001","LK004","LK013","LK015"],"lines":"AB011, AB022, AB079, AB119, Bole006, Bole007, D25, LK001, LK004, LK013, LK015"},"geometry":{"type":"LineString","coordinates":[[38.851929,9.020363],[38.852117,9.019835],[38.852127,9.019676],[38.852091,9.018364],[38.852076,9.015265],[38.851963,9.010937]]}},{"type":"Feature","properties":{"mode":"bus","n":11,"arr":["AB011","AB022","AB079","AB119","Bole006","Bole007","D25","LK001","LK004","LK013","LK015"],"lines":"AB011, AB022, AB079, AB119, Bole006, Bole007, D25, LK001, LK004, LK013, LK015"},"geometry":{"type":"LineString","coordinates":[[38.851938,9.010039],[38.851937,9.00992]]}},{"type":"Feature","properties":{"mode":"bus","n":11,"arr":["AB011","AB022","AB079","AB119","Bole006","Bole007","D25","LK001","LK004","LK013","LK015"],"lines":"AB011, AB022, AB079, AB119, Bole006, Bole007, D25, LK001, LK004, LK013, LK015"},"geometry":{"type":"LineString","coordinates":[[38.852218,9.01002],[38.852383,9.016658],[38.852375,9.017731],[38.852413,9.019538],[38.852421,9.019717],[38.852481,9.019973],[38.852675,9.020349]]}},{"type":"Feature","properties":{"mode":"bus","n":12,"arr":["AB011","AB022","AB079","AB119","Bole006","Bole007","Bole010","D25","LK001","LK004","LK013","LK015"],"lines":"AB011, AB022, AB079, AB119, Bole006, Bole007, Bole010, D25, LK001, LK004, LK013, LK015"},"geometry":{"type":"LineString","coordinates":[[38.851963,9.010937],[38.851938,9.010039]]}},{"type":"Feature","properties":{"mode":"bus","n":12,"arr":["AB011","AB022","AB079","AB119","Bole006","Bole007","Bole022","D25","LK001","LK004","LK013","LK015"],"lines":"AB011, AB022, AB079, AB119, Bole006, Bole007, Bole022, D25, LK001, LK004, LK013, LK015"},"geometry":{"type":"LineString","coordinates":[[38.851937,9.00992],[38.85194,9.008592],[38.851841,9.007578],[38.851769,9.004873]]}},{"type":"Feature","properties":{"mode":"bus","n":12,"arr":["AB011","AB022","AB079","AB119","Bole006","Bole007","Bole022","D25","LK001","LK004","LK013","LK015"],"lines":"AB011, AB022, AB079, AB119, Bole006, Bole007, Bole022, D25, LK001, LK004, LK013, LK015"},"geometry":{"type":"LineString","coordinates":[[38.852052,9.005034],[38.852087,9.006401],[38.85219,9.008296],[38.852218,9.01002]]}},{"type":"Feature","properties":{"mode":"bus","n":13,"arr":["AB011","AB022","AB079","AB119","Bole006","Bole007","Bole008","Bole022","D25","LK001","LK004","LK013","LK015"],"lines":"AB011, AB022, AB079, AB119, Bole006, Bole007, Bole008, Bole022, D25, LK001, LK004, LK013, LK015"},"geometry":{"type":"LineString","coordinates":[[38.851769,9.004873],[38.851775,9.004287]]}},{"type":"Feature","properties":{"mode":"bus","n":13,"arr":["AB011","AB022","AB079","AB119","Bole006","Bole007","Bole008","Bole022","D25","LK001","LK004","LK013","LK015"],"lines":"AB011, AB022, AB079, AB119, Bole006, Bole007, Bole008, Bole022, D25, LK001, LK004, LK013, LK015"},"geometry":{"type":"LineString","coordinates":[[38.851988,9.004017],[38.852032,9.004391],[38.852052,9.005034]]}},{"type":"Feature","properties":{"mode":"bus","n":11,"arr":["AB011","AB022","AB079","AB119","Bole008","Bole022","D25","LK001","LK004","LK013","LK015"],"lines":"AB011, AB022, AB079, AB119, Bole008, Bole022, D25, LK001, LK004, LK013, LK015"},"geometry":{"type":"LineString","coordinates":[[38.851775,9.004287],[38.851773,9.004083],[38.851818,9.003753],[38.851802,9.002116],[38.851726,9.001779]]}},{"type":"Feature","properties":{"mode":"bus","n":11,"arr":["AB011","AB022","AB079","AB119","Bole008","Bole022","D25","LK001","LK004","LK013","LK015"],"lines":"AB011, AB022, AB079, AB119, Bole008, Bole022, D25, LK001, LK004, LK013, LK015"},"geometry":{"type":"LineString","coordinates":[[38.851976,9.003961],[38.851988,9.004017]]}},{"type":"Feature","properties":{"mode":"bus","n":9,"arr":["AB011","AB042","AB079","AB119","D25","LK006","LK008","SH077","SH078"],"lines":"AB011, AB042, AB079, AB119, D25, LK006, LK008, SH077, SH078"},"geometry":{"type":"LineString","coordinates":[[38.852067,9.001327],[38.852374,9.001342],[38.853102,9.001289],[38.854772,9.001064],[38.855176,9.001051],[38.856015,9.001108],[38.856541,9.001199],[38.856893,9.001289],[38.857317,9.001434],[38.857819,9.001647],[38.858392,9.001957]]}},{"type":"Feature","properties":{"mode":"bus","n":6,"arr":["AB011","AB042","AB079","AB119","D25","SH078"],"lines":"AB011, AB042, AB079, AB119, D25, SH078"},"geometry":{"type":"LineString","coordinates":[[38.858392,9.001957],[38.858974,9.000797],[38.859591,8.999429],[38.859817,8.998977],[38.860309,8.998091]]}},{"type":"Feature","properties":{"mode":"bus","n":6,"arr":["AB011","AB042","AB079","AB119","D25","SH078"],"lines":"AB011, AB042, AB079, AB119, D25, SH078"},"geometry":{"type":"LineString","coordinates":[[38.861535,8.995383],[38.860943,8.994662],[38.85914,8.992353],[38.858743,8.991768],[38.858545,8.99129],[38.858346,8.990516],[38.8581,8.989379]]}},{"type":"Feature","properties":{"mode":"bus","n":6,"arr":["AB011","AB042","AB079","AB119","D25","SH078"],"lines":"AB011, AB042, AB079, AB119, D25, SH078"},"geometry":{"type":"LineString","coordinates":[[38.858241,8.989494],[38.858466,8.990509],[38.858686,8.991341],[38.858787,8.991614],[38.858873,8.991777],[38.859256,8.992358],[38.861033,8.994587]]}},{"type":"Feature","properties":{"mode":"bus","n":6,"arr":["AB011","AB042","AB079","AB119","D25","SH078"],"lines":"AB011, AB042, AB079, AB119, D25, SH078"},"geometry":{"type":"LineString","coordinates":[[38.860369,8.998143],[38.86019,8.99844]]}},{"type":"Feature","properties":{"mode":"bus","n":5,"arr":["AB011","AB042","AB079","AB119","SH078"],"lines":"AB011, AB042, AB079, AB119, SH078"},"geometry":{"type":"LineString","coordinates":[[38.8581,8.989379],[38.856984,8.984266]]}},{"type":"Feature","properties":{"mode":"bus","n":5,"arr":["AB011","AB042","AB079","AB119","SH078"],"lines":"AB011, AB042, AB079, AB119, SH078"},"geometry":{"type":"LineString","coordinates":[[38.858206,8.98934],[38.858241,8.989494]]}},{"type":"Feature","properties":{"mode":"bus","n":6,"arr":["AB011","AB022","AB042","AB079","AB119","SH078"],"lines":"AB011, AB022, AB042, AB079, AB119, SH078"},"geometry":{"type":"LineString","coordinates":[[38.857075,8.984242],[38.857393,8.985591],[38.85794,8.988187],[38.858206,8.98934]]}},{"type":"Feature","properties":{"mode":"bus","n":7,"arr":["AB011","AB079","AB119","D25","LK006","LK008","SH077"],"lines":"AB011, AB079, AB119, D25, LK006, LK008, SH077"},"geometry":{"type":"LineString","coordinates":[[38.858484,9.002007],[38.859813,9.002746],[38.860157,9.00298]]}},{"type":"Feature","properties":{"mode":"bus","n":7,"arr":["AB011","AB079","AB119","D25","LK006","LK008","SH077"],"lines":"AB011, AB079, AB119, D25, LK006, LK008, SH077"},"geometry":{"type":"LineString","coordinates":[[38.859954,9.003296],[38.859065,9.002772],[38.857768,9.002047],[38.85731,9.00185],[38.856856,9.001691],[38.856221,9.001541],[38.85538,9.001449],[38.85376,9.00148]]}},{"type":"Feature","properties":{"mode":"bus","n":23,"arr":["AB011","AB022","AB061","AB079","AB083","AB097","AB119","AB126","AB127","Bole005","Bole006","Bole007","D23","D25","D46","LK004","LK009","LK010","LK013","LK016","SH066","SH067","YK010"],"lines":"AB011, AB022, AB061, AB079, AB083, AB097, AB119, AB126, AB127, Bole005, Bole006, Bole007, D23, D25, D46, LK004, LK009, LK010, LK013, LK016, SH066, SH067, YK010"},"geometry":{"type":"LineString","coordinates":[[38.826866,9.020372],[38.826063,9.020061]]}},{"type":"Feature","properties":{"mode":"bus","n":15,"arr":["AB011","AB013","AB015","AB017","AB040","AB081","AB129","ADK023","ADK057","ARD001","C17","C51","YK017","YK019","YK021"],"lines":"AB011, AB013, AB015, AB017, AB040, AB081, AB129, ADK023, ADK057, ARD001, C17, C51, YK017, YK019, YK021"},"geometry":{"type":"LineString","coordinates":[[38.752803,9.037877],[38.752403,9.037668]]}},{"type":"Feature","properties":{"mode":"bus","n":22,"arr":["AB012","AB023","AB030","AB052","AB088","ADK008","ADK013","ADK015","ADK023","ADK024","ADK053","ADK055","ARD013","B37","Bole016","Bole020","Kal012","Kal035","Kolfa042","KRK006","TX001","YK019"],"lines":"AB012, AB023, AB030, AB052, AB088, ADK008, ADK013, ADK015, ADK023, ADK024, ADK053, ADK055, ARD013, B37, Bole016, Bole020, Kal012, Kal035, Kolfa042, KRK006, TX001, YK019"},"geometry":{"type":"LineString","coordinates":[[38.735705,9.034376],[38.736329,9.034467],[38.736659,9.034491],[38.736875,9.034482],[38.737266,9.034411],[38.737804,9.034266]]}},{"type":"Feature","properties":{"mode":"bus","n":23,"arr":["AB012","AB023","AB030","AB052","AB088","ADK008","ADK013","ADK015","ADK023","ADK024","ADK053","ADK055","ARD013","B37","Bole016","Bole020","Kal012","Kal032","Kal035","Kolfa042","KRK006","TX001","YK019"],"lines":"AB012, AB023, AB030, AB052, AB088, ADK008, ADK013, ADK015, ADK023, ADK024, ADK053, ADK055, ARD013, B37, Bole016, Bole020, Kal012, Kal032, Kal035, Kolfa042, KRK006, TX001, YK019"},"geometry":{"type":"LineString","coordinates":[[38.737804,9.034266],[38.739272,9.033868],[38.739642,9.033798],[38.740291,9.03374]]}},{"type":"Feature","properties":{"mode":"bus","n":23,"arr":["AB012","AB023","AB030","AB041","AB052","AB088","ADK008","ADK013","ADK015","ADK023","ADK024","ADK053","ADK055","ARD013","B37","Bole016","Bole020","Kal012","Kal032","Kolfa042","KRK006","TX001","YK019"],"lines":"AB012, AB023, AB030, AB041, AB052, AB088, ADK008, ADK013, ADK015, ADK023, ADK024, ADK053, ADK055, ARD013, B37, Bole016, Bole020, Kal012, Kal032, Kolfa042, KRK006, TX001, YK019"},"geometry":{"type":"LineString","coordinates":[[38.741181,9.033843],[38.740291,9.03374]]}},{"type":"Feature","properties":{"mode":"bus","n":28,"arr":["AB012","AB023","AB030","AB041","AB052","AB088","ADK008","ADK013","ADK015","ADK023","ADK024","ADK053","ADK055","ADK057","ADK058","ARD013","B37","Bole016","Bole020","Gl010","Kal012","Kal032","Kolfa042","KRK006","TX001","YK013","YK017","YK019"],"lines":"AB012, AB023, AB030, AB041, AB052, AB088, ADK008, ADK013, ADK015, ADK023, ADK024, ADK053, ADK055, ADK057, ADK058, ARD013, B37, Bole016, Bole020, Gl010, Kal012, Kal032, Kolfa042, KRK006, TX001, YK013, YK017, YK019"},"geometry":{"type":"LineString","coordinates":[[38.741181,9.033843],[38.741335,9.033871]]}},{"type":"Feature","properties":{"mode":"bus","n":18,"arr":["AB012","AB023","AB030","AB041","AB088","ADK008","ADK013","ADK023","ADK057","ADK058","ARD013","B37","Gl010","Kolfa042","TX001","YK013","YK017","YK019"],"lines":"AB012, AB023, AB030, AB041, AB088, ADK008, ADK013, ADK023, ADK057, ADK058, ARD013, B37, Gl010, Kolfa042, TX001, YK013, YK017, YK019"},"geometry":{"type":"LineString","coordinates":[[38.741335,9.033871],[38.741708,9.033916]]}},{"type":"Feature","properties":{"mode":"bus","n":24,"arr":["AB012","AB023","AB030","AB041","AB088","ADK008","ADK013","ADK015","ADK023","ADK024","ADK055","ADK057","ADK058","ARD013","B37","Bole016","Gl010","Kal012","Kolfa042","KRK006","TX001","YK013","YK017","YK019"],"lines":"AB012, AB023, AB030, AB041, AB088, ADK008, ADK013, ADK015, ADK023, ADK024, ADK055, ADK057, ADK058, ARD013, B37, Bole016, Gl010, Kal012, Kolfa042, KRK006, TX001, YK013, YK017, YK019"},"geometry":{"type":"LineString","coordinates":[[38.741708,9.033916],[38.742057,9.033966]]}},{"type":"Feature","properties":{"mode":"bus","n":21,"arr":["AB012","AB023","AB030","AB041","AB088","ADK008","ADK013","ADK015","ADK023","ADK057","ADK058","ARD013","B37","Bole016","Gl010","Kal012","Kolfa042","TX001","YK013","YK017","YK019"],"lines":"AB012, AB023, AB030, AB041, AB088, ADK008, ADK013, ADK015, ADK023, ADK057, ADK058, ARD013, B37, Bole016, Gl010, Kal012, Kolfa042, TX001, YK013, YK017, YK019"},"geometry":{"type":"LineString","coordinates":[[38.742057,9.033966],[38.742203,9.033987]]}},{"type":"Feature","properties":{"mode":"bus","n":10,"arr":["AB012","AB016","AB023","AB089","ADK008","ADK013","ADK058","B37","Gl010","YK013"],"lines":"AB012, AB016, AB023, AB089, ADK008, ADK013, ADK058, B37, Gl010, YK013"},"geometry":{"type":"LineString","coordinates":[[38.752392,9.037745],[38.752547,9.03805],[38.752581,9.038157]]}},{"type":"Feature","properties":{"mode":"bus","n":11,"arr":["AB012","AB016","AB023","AB089","ADK008","ADK013","ADK058","B37","Gl010","SH101","YK013"],"lines":"AB012, AB016, AB023, AB089, ADK008, ADK013, ADK058, B37, Gl010, SH101, YK013"},"geometry":{"type":"LineString","coordinates":[[38.752581,9.038157],[38.752764,9.038614]]}},{"type":"Feature","properties":{"mode":"bus","n":12,"arr":["AB012","AB016","AB023","AB089","ADK008","ADK013","ADK058","B37","Gl010","SH101","YK012","YK013"],"lines":"AB012, AB016, AB023, AB089, ADK008, ADK013, ADK058, B37, Gl010, SH101, YK012, YK013"},"geometry":{"type":"LineString","coordinates":[[38.752764,9.038614],[38.753121,9.039643],[38.753334,9.040169],[38.753951,9.04188],[38.754556,9.043732],[38.754596,9.044071],[38.754581,9.044209],[38.754552,9.044329],[38.754353,9.044807]]}},{"type":"Feature","properties":{"mode":"bus","n":6,"arr":["AB012","AB089","ADK058","B37","Gl010","SH101"],"lines":"AB012, AB089, ADK058, B37, Gl010, SH101"},"geometry":{"type":"LineString","coordinates":[[38.754353,9.044807],[38.754353,9.044918],[38.754393,9.045062]]}},{"type":"Feature","properties":{"mode":"bus","n":14,"arr":["AB012","AB023","AB089","AB112","ADK008","ADK013","ADK058","B37","Gl010","SH080","SH101","YK001","YK012","YK013"],"lines":"AB012, AB023, AB089, AB112, ADK008, ADK013, ADK058, B37, Gl010, SH080, SH101, YK001, YK012, YK013"},"geometry":{"type":"LineString","coordinates":[[38.755627,9.045396],[38.755947,9.045186],[38.75749,9.043819],[38.757873,9.043642],[38.758079,9.043584],[38.758295,9.043552],[38.758649,9.043551],[38.758898,9.043584],[38.759104,9.043638],[38.759826,9.043866],[38.760023,9.043903],[38.76039,9.043918],[38.760562,9.043904],[38.76096,9.043766]]}},{"type":"Feature","properties":{"mode":"bus","n":20,"arr":["AB012","AB013","AB023","AB064","AB080","AB089","AB112","ADK008","ADK058","Gl005","SH035","SH080","SH095","SH101","YK001","YK006","YK007","YK011","YK012","YK013"],"lines":"AB012, AB013, AB023, AB064, AB080, AB089, AB112, ADK008, ADK058, Gl005, SH035, SH080, SH095, SH101, YK001, YK006, YK007, YK011, YK012, YK013"},"geometry":{"type":"LineString","coordinates":[[38.761447,9.043723],[38.762338,9.043491],[38.762595,9.043307]]}},{"type":"Feature","properties":{"mode":"bus","n":12,"arr":["AB012","AB023","AB112","ADK008","ADK013","ADK058","Gl010","SH080","SH101","YK001","YK012","YK013"],"lines":"AB012, AB023, AB112, ADK008, ADK013, ADK058, Gl010, SH080, SH101, YK001, YK012, YK013"},"geometry":{"type":"LineString","coordinates":[[38.761013,9.044019],[38.760627,9.044021],[38.760195,9.044052],[38.760006,9.044036],[38.75906,9.043755],[38.758641,9.043674],[38.75835,9.043685],[38.758054,9.043743],[38.757861,9.043807],[38.757628,9.043922],[38.757435,9.044059],[38.757237,9.044216],[38.756038,9.045305],[38.755649,9.0456]]}},{"type":"Feature","properties":{"mode":"bus","n":11,"arr":["AB012","AB016","AB023","ADK008","ADK013","ADK058","B37","Gl010","SH101","YK012","YK013"],"lines":"AB012, AB016, AB023, ADK008, ADK013, ADK058, B37, Gl010, SH101, YK012, YK013"},"geometry":{"type":"LineString","coordinates":[[38.754159,9.045053],[38.754442,9.044412],[38.754513,9.044146],[38.754529,9.044005],[38.754512,9.04385],[38.75372,9.041429],[38.752662,9.03863]]}},{"type":"Feature","properties":{"mode":"bus","n":10,"arr":["AB012","AB016","AB023","ADK008","ADK013","ADK058","B37","Gl010","SH101","YK013"],"lines":"AB012, AB016, AB023, ADK008, ADK013, ADK058, B37, Gl010, SH101, YK013"},"geometry":{"type":"LineString","coordinates":[[38.752662,9.03863],[38.752379,9.037968],[38.752256,9.037847]]}},{"type":"Feature","properties":{"mode":"bus","n":24,"arr":["AB012","AB013","AB015","AB023","AB030","AB040","AB041","AB088","AB089","ADK008","ADK013","ADK015","ADK023","ADK057","ADK058","ARD013","B37","Bole016","Gl010","Kal012","Kolfa042","YK013","YK017","YK019"],"lines":"AB012, AB013, AB015, AB023, AB030, AB040, AB041, AB088, AB089, ADK008, ADK013, ADK015, ADK023, ADK057, ADK058, ARD013, B37, Bole016, Gl010, Kal012, Kolfa042, YK013, YK017, YK019"},"geometry":{"type":"LineString","coordinates":[[38.742386,9.034178],[38.742015,9.034123]]}},{"type":"Feature","properties":{"mode":"bus","n":27,"arr":["AB012","AB013","AB015","AB023","AB030","AB040","AB041","AB088","AB089","ADK008","ADK013","ADK015","ADK023","ADK024","ADK055","ADK057","ADK058","ARD013","B37","Bole016","Gl010","Kal012","Kolfa042","KRK006","YK013","YK017","YK019"],"lines":"AB012, AB013, AB015, AB023, AB030, AB040, AB041, AB088, AB089, ADK008, ADK013, ADK015, ADK023, ADK024, ADK055, ADK057, ADK058, ARD013, B37, Bole016, Gl010, Kal012, Kolfa042, KRK006, YK013, YK017, YK019"},"geometry":{"type":"LineString","coordinates":[[38.742015,9.034123],[38.741771,9.034084]]}},{"type":"Feature","properties":{"mode":"bus","n":32,"arr":["AB012","AB013","AB015","AB023","AB030","AB040","AB041","AB052","AB088","AB089","ADK008","ADK013","ADK015","ADK023","ADK024","ADK053","ADK055","ADK057","ADK058","ARD013","B37","Bole016","Bole020","Gl010","Kal012","Kal032","Kal035","Kolfa042","KRK006","YK013","YK017","YK019"],"lines":"AB012, AB013, AB015, AB023, AB030, AB040, AB041, AB052, AB088, AB089, ADK008, ADK013, ADK015, ADK023, ADK024, ADK053, ADK055, ADK057, ADK058, ARD013, B37, Bole016, Bole020, Gl010, Kal012, Kal032, Kal035, Kolfa042, KRK006, YK013, YK017, YK019"},"geometry":{"type":"LineString","coordinates":[[38.741771,9.034084],[38.741331,9.034023]]}},{"type":"Feature","properties":{"mode":"bus","n":23,"arr":["AB012","AB023","AB030","AB041","AB052","AB088","ADK008","ADK013","ADK015","ADK023","ADK024","ADK053","ADK055","ARD013","B37","Bole016","Bole020","Kal012","Kal032","Kal035","Kolfa042","KRK006","YK019"],"lines":"AB012, AB023, AB030, AB041, AB052, AB088, ADK008, ADK013, ADK015, ADK023, ADK024, ADK053, ADK055, ARD013, B37, Bole016, Bole020, Kal012, Kal032, Kal035, Kolfa042, KRK006, YK019"},"geometry":{"type":"LineString","coordinates":[[38.741331,9.034023],[38.740465,9.033925],[38.740156,9.033917],[38.739834,9.033939],[38.739401,9.034006],[38.738503,9.034228],[38.738101,9.034348]]}},{"type":"Feature","properties":{"mode":"bus","n":22,"arr":["AB012","AB023","AB030","AB041","AB052","AB088","ADK008","ADK013","ADK015","ADK023","ADK024","ADK053","ADK055","ARD013","B37","Bole016","Bole020","Kal012","Kal035","Kolfa042","KRK006","YK019"],"lines":"AB012, AB023, AB030, AB041, AB052, AB088, ADK008, ADK013, ADK015, ADK023, ADK024, ADK053, ADK055, ARD013, B37, Bole016, Bole020, Kal012, Kal035, Kolfa042, KRK006, YK019"},"geometry":{"type":"LineString","coordinates":[[38.738101,9.034348],[38.73729,9.034543],[38.736772,9.034624],[38.735731,9.034511],[38.734436,9.034311]]}},{"type":"Feature","properties":{"mode":"bus","n":11,"arr":["AB012","AB023","AB030","AB041","AB052","AB088","ADK055","ARD013","B37","Kal035","Kolfa042"],"lines":"AB012, AB023, AB030, AB041, AB052, AB088, ADK055, ARD013, B37, Kal035, Kolfa042"},"geometry":{"type":"LineString","coordinates":[[38.734436,9.034311],[38.734183,9.034273]]}},{"type":"Feature","properties":{"mode":"bus","n":32,"arr":["AB012","AB018","AB021","AB023","AB024","AB028","AB030","AB041","AB043","AB047","AB052","AB063","AB085","AB088","ADK008","ADK013","ADK015","ADK023","ADK024","ADK053","ADK055","ARD013","B37","Bole016","Bole020","Kal012","Kal035","Kolfa042","KRK006","SH076","TX001","YK019"],"lines":"AB012, AB018, AB021, AB023, AB024, AB028, AB030, AB041, AB043, AB047, AB052, AB063, AB085, AB088, ADK008, ADK013, ADK015, ADK023, ADK024, ADK053, ADK055, ARD013, B37, Bole016, Bole020, Kal012, Kal035, Kolfa042, KRK006, SH076, TX001, YK019"},"geometry":{"type":"LineString","coordinates":[[38.734184,9.034168],[38.734811,9.034259]]}},{"type":"Feature","properties":{"mode":"bus","n":13,"arr":["AB012","AB018","AB021","AB024","AB028","AB030","AB041","AB043","AB047","AB063","AB085","AB088","SH076"],"lines":"AB012, AB018, AB021, AB024, AB028, AB030, AB041, AB043, AB047, AB063, AB085, AB088, SH076"},"geometry":{"type":"LineString","coordinates":[[38.734811,9.034259],[38.734845,9.034051],[38.734839,9.03384],[38.734865,9.033704],[38.736578,9.031222]]}},{"type":"Feature","properties":{"mode":"bus","n":9,"arr":["AB012","AB018","AB021","AB030","AB041","AB063","AB085","AB088","SH076"],"lines":"AB012, AB018, AB021, AB030, AB041, AB063, AB085, AB088, SH076"},"geometry":{"type":"LineString","coordinates":[[38.736578,9.031222],[38.73659,9.031166]]}},{"type":"Feature","properties":{"mode":"bus","n":5,"arr":["AB014","AB093","Kal004","Kal027","SH082"],"lines":"AB014, AB093, Kal004, Kal027, SH082"},"geometry":{"type":"LineString","coordinates":[[38.786284,8.951761],[38.785431,8.949116],[38.785298,8.948587]]}},{"type":"Feature","properties":{"mode":"bus","n":5,"arr":["AB014","AB093","Kal004","Kal027","SH082"],"lines":"AB014, AB093, Kal004, Kal027, SH082"},"geometry":{"type":"LineString","coordinates":[[38.786173,8.951724],[38.785533,8.949799],[38.785311,8.949037]]}},{"type":"Feature","properties":{"mode":"bus","n":13,"arr":["AB014","AB048","AB076","AB093","Bole001","Bole011","Bole012","Kal002","Kal033","Lafto044","SH082","SH096","YK009"],"lines":"AB014, AB048, AB076, AB093, Bole001, Bole011, Bole012, Kal002, Kal033, Lafto044, SH082, SH096, YK009"},"geometry":{"type":"LineString","coordinates":[[38.789908,8.985973],[38.789722,8.985861],[38.78944,8.985736],[38.7891,8.985629],[38.787834,8.985336],[38.785578,8.984666],[38.78283,8.983785],[38.781061,8.983143],[38.779878,8.982688],[38.778565,8.982147]]}},{"type":"Feature","properties":{"mode":"bus","n":19,"arr":["AB014","AB048","AB076","AB093","AB125","ARD011","Bole001","Bole011","Bole012","Kal002","Kal033","Lafto044","SH082","SH083","SH089","SH092","SH096","TX005","YK009"],"lines":"AB014, AB048, AB076, AB093, AB125, ARD011, Bole001, Bole011, Bole012, Kal002, Kal033, Lafto044, SH082, SH083, SH089, SH092, SH096, TX005, YK009"},"geometry":{"type":"LineString","coordinates":[[38.790627,8.986502],[38.789908,8.985973]]}},{"type":"Feature","properties":{"mode":"bus","n":18,"arr":["AB014","AB048","AB076","AB093","AB125","ARD011","Bole001","Bole011","Bole012","Kal002","Kal033","Lafto044","SH082","SH089","SH092","SH096","TX005","YK009"],"lines":"AB014, AB048, AB076, AB093, AB125, ARD011, Bole001, Bole011, Bole012, Kal002, Kal033, Lafto044, SH082, SH089, SH092, SH096, TX005, YK009"},"geometry":{"type":"LineString","coordinates":[[38.790885,8.98674],[38.790627,8.986502]]}},{"type":"Feature","properties":{"mode":"bus","n":17,"arr":["AB014","AB048","AB076","AB093","AB125","ARD011","Bole001","Bole011","Bole012","Kal033","Lafto044","SH082","SH089","SH092","SH096","TX005","YK009"],"lines":"AB014, AB048, AB076, AB093, AB125, ARD011, Bole001, Bole011, Bole012, Kal033, Lafto044, SH082, SH089, SH092, SH096, TX005, YK009"},"geometry":{"type":"LineString","coordinates":[[38.791199,8.987003],[38.790885,8.98674]]}},{"type":"Feature","properties":{"mode":"bus","n":15,"arr":["AB014","AB048","AB076","AB093","AB125","ARD011","Bole011","Kal033","Lafto044","SH082","SH089","SH092","SH096","TX005","YK009"],"lines":"AB014, AB048, AB076, AB093, AB125, ARD011, Bole011, Kal033, Lafto044, SH082, SH089, SH092, SH096, TX005, YK009"},"geometry":{"type":"LineString","coordinates":[[38.7912,8.987004],[38.791199,8.987003]]}},{"type":"Feature","properties":{"mode":"bus","n":5,"arr":["AB014","AB048","AB052","ARD011","TX005"],"lines":"AB014, AB048, AB052, ARD011, TX005"},"geometry":{"type":"LineString","coordinates":[[38.789861,8.988697],[38.79064,8.988333]]}},{"type":"Feature","properties":{"mode":"bus","n":16,"arr":["AB014","AB048","AB052","ADK020","ADK053","ARD011","Bole019","Bole020","KRK012","KRK017","SH015","SH027","SH072","SH079","SH099","TX005"],"lines":"AB014, AB048, AB052, ADK020, ADK053, ARD011, Bole019, Bole020, KRK012, KRK017, SH015, SH027, SH072, SH079, SH099, TX005"},"geometry":{"type":"LineString","coordinates":[[38.778551,8.992592],[38.780466,8.992245],[38.781605,8.991956],[38.783514,8.991223],[38.786393,8.990056],[38.787614,8.989608],[38.789861,8.988697]]}},{"type":"Feature","properties":{"mode":"bus","n":21,"arr":["AB014","AB048","AB052","ADK020","ADK021","ADK053","ARD011","Bole015","Bole016","Bole018","Bole019","Bole020","KRK012","KRK017","KRK020","SH015","SH027","SH072","SH079","SH099","TX005"],"lines":"AB014, AB048, AB052, ADK020, ADK021, ADK053, ARD011, Bole015, Bole016, Bole018, Bole019, Bole020, KRK012, KRK017, KRK020, SH015, SH027, SH072, SH079, SH099, TX005"},"geometry":{"type":"LineString","coordinates":[[38.777098,8.992864],[38.778551,8.992592]]}},{"type":"Feature","properties":{"mode":"bus","n":21,"arr":["AB014","AB048","AB052","ADK020","ADK021","ADK053","ARD011","Bole015","Bole016","Bole018","Bole019","Bole020","KRK012","KRK017","KRK020","SH015","SH027","SH072","SH079","SH099","TX005"],"lines":"AB014, AB048, AB052, ADK020, ADK021, ADK053, ARD011, Bole015, Bole016, Bole018, Bole019, Bole020, KRK012, KRK017, KRK020, SH015, SH027, SH072, SH079, SH099, TX005"},"geometry":{"type":"LineString","coordinates":[[38.772511,8.996401],[38.771991,8.997255],[38.771294,8.998586],[38.771029,8.99902],[38.7698,9.00128],[38.76939,9.001985]]}},{"type":"Feature","properties":{"mode":"bus","n":21,"arr":["AB014","AB048","AB052","ADK020","ADK021","ADK053","ARD011","Bole015","Bole016","Bole018","Bole019","Bole020","KRK012","KRK017","KRK020","SH015","SH027","SH072","SH079","SH099","TX005"],"lines":"AB014, AB048, AB052, ADK020, ADK021, ADK053, ARD011, Bole015, Bole016, Bole018, Bole019, Bole020, KRK012, KRK017, KRK020, SH015, SH027, SH072, SH079, SH099, TX005"},"geometry":{"type":"LineString","coordinates":[[38.766396,9.007044],[38.765379,9.008171],[38.76462,9.008958],[38.76291,9.010825]]}},{"type":"Feature","properties":{"mode":"bus","n":9,"arr":["AB014","AB052","ADK020","ADK021","Bole018","Bole019","SH015","SH027","SH079"],"lines":"AB014, AB052, ADK020, ADK021, Bole018, Bole019, SH015, SH027, SH079"},"geometry":{"type":"LineString","coordinates":[[38.772511,8.996401],[38.772648,8.996118],[38.773288,8.995327],[38.77437,8.994241],[38.774993,8.993729],[38.775594,8.99336],[38.775994,8.99317],[38.776708,8.992924],[38.777098,8.992864]]}},{"type":"Feature","properties":{"mode":"bus","n":15,"arr":["AB014","AB048","AB052","ADK020","ADK021","ADK053","ARD016","Bole015","Bole016","Bole018","Bole019","Bole020","Bole023","SH079","SH099"],"lines":"AB014, AB048, AB052, ADK020, ADK021, ADK053, ARD016, Bole015, Bole016, Bole018, Bole019, Bole020, Bole023, SH079, SH099"},"geometry":{"type":"LineString","coordinates":[[38.75989,9.011457],[38.759339,9.011894]]}},{"type":"Feature","properties":{"mode":"bus","n":19,"arr":["AB014","AB048","AB052","ADK020","ADK021","ADK053","ARD002","ARD004","ARD008","ARD016","Bole015","Bole016","Bole018","Bole019","Bole020","Bole023","SH016","SH079","SH099"],"lines":"AB014, AB048, AB052, ADK020, ADK021, ADK053, ARD002, ARD004, ARD008, ARD016, Bole015, Bole016, Bole018, Bole019, Bole020, Bole023, SH016, SH079, SH099"},"geometry":{"type":"LineString","coordinates":[[38.759339,9.011894],[38.758644,9.012714]]}},{"type":"Feature","properties":{"mode":"bus","n":19,"arr":["AB014","AB048","AB052","ADK020","ADK021","ADK053","ARD002","ARD004","ARD008","ARD016","Bole015","Bole016","Bole018","Bole019","Bole020","Bole023","SH016","SH079","SH099"],"lines":"AB014, AB048, AB052, ADK020, ADK021, ADK053, ARD002, ARD004, ARD008, ARD016, Bole015, Bole016, Bole018, Bole019, Bole020, Bole023, SH016, SH079, SH099"},"geometry":{"type":"LineString","coordinates":[[38.753654,9.018227],[38.754224,9.017574],[38.754375,9.017435]]}},{"type":"Feature","properties":{"mode":"bus","n":20,"arr":["AB014","AB048","AB052","AB073","ADK020","ADK021","ADK053","ARD002","ARD004","ARD008","ARD016","Bole015","Bole016","Bole018","Bole019","Bole020","Bole023","SH016","SH079","SH099"],"lines":"AB014, AB048, AB052, AB073, ADK020, ADK021, ADK053, ARD002, ARD004, ARD008, ARD016, Bole015, Bole016, Bole018, Bole019, Bole020, Bole023, SH016, SH079, SH099"},"geometry":{"type":"LineString","coordinates":[[38.754375,9.017435],[38.755089,9.016612],[38.757127,9.014343],[38.758644,9.012714]]}},{"type":"Feature","properties":{"mode":"bus","n":8,"arr":["AB014","AB048","ARD016","Bole018","Bole019","SH016","SH079","SH099"],"lines":"AB014, AB048, ARD016, Bole018, Bole019, SH016, SH079, SH099"},"geometry":{"type":"LineString","coordinates":[[38.752349,9.019722],[38.752701,9.019233]]}},{"type":"Feature","properties":{"mode":"bus","n":14,"arr":["AB014","AB048","AB052","ADK053","ARD002","ARD008","ARD016","Bole015","Bole016","Bole020","Bole023","SH016","SH079","SH099"],"lines":"AB014, AB048, AB052, ADK053, ARD002, ARD008, ARD016, Bole015, Bole016, Bole020, Bole023, SH016, SH079, SH099"},"geometry":{"type":"LineString","coordinates":[[38.752312,9.019161],[38.752526,9.019155],[38.75269,9.019091],[38.753618,9.018067],[38.754153,9.017512],[38.75421,9.017415],[38.754309,9.017315]]}},{"type":"Feature","properties":{"mode":"bus","n":18,"arr":["AB014","AB048","AB052","AB073","ADK020","ADK021","ADK053","ARD002","ARD008","ARD016","Bole015","Bole016","Bole020","Bole023","SH016","SH067","SH079","SH099"],"lines":"AB014, AB048, AB052, AB073, ADK020, ADK021, ADK053, ARD002, ARD008, ARD016, Bole015, Bole016, Bole020, Bole023, SH016, SH067, SH079, SH099"},"geometry":{"type":"LineString","coordinates":[[38.754309,9.017315],[38.754766,9.016849],[38.755516,9.016002],[38.756575,9.014782],[38.757188,9.014042],[38.75852,9.012599]]}},{"type":"Feature","properties":{"mode":"bus","n":17,"arr":["AB014","AB048","AB052","ADK020","ADK021","ADK053","ARD002","ARD008","ARD016","Bole015","Bole016","Bole020","Bole023","SH016","SH067","SH079","SH099"],"lines":"AB014, AB048, AB052, ADK020, ADK021, ADK053, ARD002, ARD008, ARD016, Bole015, Bole016, Bole020, Bole023, SH016, SH067, SH079, SH099"},"geometry":{"type":"LineString","coordinates":[[38.75852,9.012599],[38.758989,9.012077],[38.759084,9.011946],[38.759193,9.011736],[38.759196,9.0116]]}},{"type":"Feature","properties":{"mode":"bus","n":20,"arr":["AB014","AB048","AB052","AB056","AB110","ADK020","ADK021","ADK053","ARD002","ARD008","ARD016","Bole015","Bole016","Bole020","Bole023","SH016","SH028","SH067","SH079","SH099"],"lines":"AB014, AB048, AB052, AB056, AB110, ADK020, ADK021, ADK053, ARD002, ARD008, ARD016, Bole015, Bole016, Bole020, Bole023, SH016, SH028, SH067, SH079, SH099"},"geometry":{"type":"LineString","coordinates":[[38.759196,9.0116],[38.759194,9.011472]]}},{"type":"Feature","properties":{"mode":"bus","n":22,"arr":["AB014","AB048","AB052","AB053","ADK020","ADK021","ADK053","ARD011","Bole015","Bole016","Bole018","Bole019","Bole020","KRK012","KRK017","KRK020","SH015","SH027","SH072","SH079","SH099","TX005"],"lines":"AB014, AB048, AB052, AB053, ADK020, ADK021, ADK053, ARD011, Bole015, Bole016, Bole018, Bole019, Bole020, KRK012, KRK017, KRK020, SH015, SH027, SH072, SH079, SH099, TX005"},"geometry":{"type":"LineString","coordinates":[[38.762695,9.010839],[38.764781,9.008595],[38.766327,9.006971]]}},{"type":"Feature","properties":{"mode":"bus","n":22,"arr":["AB014","AB048","AB052","AB053","ADK020","ADK021","ADK053","ARD011","Bole015","Bole016","Bole018","Bole019","Bole020","KRK012","KRK017","KRK020","SH015","SH027","SH072","SH079","SH099","TX005"],"lines":"AB014, AB048, AB052, AB053, ADK020, ADK021, ADK053, ARD011, Bole015, Bole016, Bole018, Bole019, Bole020, KRK012, KRK017, KRK020, SH015, SH027, SH072, SH079, SH099, TX005"},"geometry":{"type":"LineString","coordinates":[[38.769301,9.001938],[38.770172,9.000272],[38.770512,8.999699],[38.770759,8.999221],[38.771426,8.998035],[38.771864,8.997179],[38.772148,8.996682],[38.772436,8.996269]]}},{"type":"Feature","properties":{"mode":"bus","n":22,"arr":["AB014","AB048","AB052","AB053","ADK020","ADK021","ADK053","ARD011","Bole015","Bole016","Bole018","Bole019","Bole020","KRK012","KRK017","KRK020","SH015","SH027","SH072","SH079","SH099","TX005"],"lines":"AB014, AB048, AB052, AB053, ADK020, ADK021, ADK053, ARD011, Bole015, Bole016, Bole018, Bole019, Bole020, KRK012, KRK017, KRK020, SH015, SH027, SH072, SH079, SH099, TX005"},"geometry":{"type":"LineString","coordinates":[[38.778576,8.992462],[38.777076,8.992736]]}},{"type":"Feature","properties":{"mode":"bus","n":10,"arr":["AB014","AB048","AB052","AB053","ARD011","SH015","SH027","SH079","SH099","TX005"],"lines":"AB014, AB048, AB052, AB053, ARD011, SH015, SH027, SH079, SH099, TX005"},"geometry":{"type":"LineString","coordinates":[[38.766327,9.006971],[38.76667,9.006612],[38.766924,9.006286],[38.767113,9.005991],[38.76827,9.003896],[38.768485,9.003446],[38.769301,9.001938]]}},{"type":"Feature","properties":{"mode":"bus","n":14,"arr":["AB014","AB048","AB052","ADK020","ADK053","Bole019","Bole020","KRK012","KRK017","SH015","SH027","SH072","SH079","SH099"],"lines":"AB014, AB048, AB052, ADK020, ADK053, Bole019, Bole020, KRK012, KRK017, SH015, SH027, SH072, SH079, SH099"},"geometry":{"type":"LineString","coordinates":[[38.789774,8.988565],[38.785201,8.990364],[38.784134,8.990814],[38.781699,8.991757],[38.781038,8.991951],[38.780407,8.992108],[38.778576,8.992462]]}},{"type":"Feature","properties":{"mode":"bus","n":13,"arr":["AB014","AB076","AB093","AB125","Bole003","Bole011","Kal033","Lafto044","SH082","SH089","SH092","SH096","YK009"],"lines":"AB014, AB076, AB093, AB125, Bole003, Bole011, Kal033, Lafto044, SH082, SH089, SH092, SH096, YK009"},"geometry":{"type":"LineString","coordinates":[[38.790364,8.986725],[38.79073,8.987032],[38.79106,8.987485]]}},{"type":"Feature","properties":{"mode":"bus","n":12,"arr":["AB014","AB076","AB093","AB125","Bole011","Kal033","Lafto044","SH082","SH089","SH092","SH096","YK009"],"lines":"AB014, AB076, AB093, AB125, Bole011, Kal033, Lafto044, SH082, SH089, SH092, SH096, YK009"},"geometry":{"type":"LineString","coordinates":[[38.790362,8.986724],[38.790364,8.986725]]}},{"type":"Feature","properties":{"mode":"bus","n":14,"arr":["AB014","AB076","AB093","AB125","Bole001","Bole011","Bole012","Kal033","Lafto044","SH082","SH089","SH092","SH096","YK009"],"lines":"AB014, AB076, AB093, AB125, Bole001, Bole011, Bole012, Kal033, Lafto044, SH082, SH089, SH092, SH096, YK009"},"geometry":{"type":"LineString","coordinates":[[38.78982,8.986366],[38.790073,8.986511],[38.790362,8.986724]]}},{"type":"Feature","properties":{"mode":"bus","n":7,"arr":["AB014","AB076","AB093","AB125","SH082","SH089","SH096"],"lines":"AB014, AB076, AB093, AB125, SH082, SH089, SH096"},"geometry":{"type":"LineString","coordinates":[[38.778241,8.982202],[38.779213,8.982598],[38.782131,8.983713],[38.783055,8.984027],[38.786825,8.985235],[38.788327,8.985681],[38.788826,8.985809],[38.788947,8.98591],[38.789299,8.986054],[38.78974,8.986283],[38.78982,8.986366]]}},{"type":"Feature","properties":{"mode":"bus","n":14,"arr":["AB015","AB017","AB019","AB041","AB048","AB081","AB089","AB111","Gl011","Kolfa042","SH016","SH079","SH099","TX001"],"lines":"AB015, AB017, AB019, AB041, AB048, AB081, AB089, AB111, Gl011, Kolfa042, SH016, SH079, SH099, TX001"},"geometry":{"type":"LineString","coordinates":[[38.752871,9.032923],[38.752717,9.032965]]}},{"type":"Feature","properties":{"mode":"bus","n":12,"arr":["AB015","AB017","AB019","AB041","AB048","AB081","AB089","AB111","Kolfa042","SH016","SH099","TX001"],"lines":"AB015, AB017, AB019, AB041, AB048, AB081, AB089, AB111, Kolfa042, SH016, SH099, TX001"},"geometry":{"type":"LineString","coordinates":[[38.752717,9.032965],[38.752617,9.032995]]}},{"type":"Feature","properties":{"mode":"bus","n":11,"arr":["AB015","AB017","AB019","AB041","AB048","AB081","AB089","AB111","Kolfa042","SH016","SH099"],"lines":"AB015, AB017, AB019, AB041, AB048, AB081, AB089, AB111, Kolfa042, SH016, SH099"},"geometry":{"type":"LineString","coordinates":[[38.752617,9.032995],[38.752553,9.033014]]}},{"type":"Feature","properties":{"mode":"bus","n":15,"arr":["AB015","AB017","AB019","AB041","AB048","AB081","AB089","AB111","ADK037","ARD013","Gl004","Gl015","Kolfa042","SH016","SH099"],"lines":"AB015, AB017, AB019, AB041, AB048, AB081, AB089, AB111, ADK037, ARD013, Gl004, Gl015, Kolfa042, SH016, SH099"},"geometry":{"type":"LineString","coordinates":[[38.752553,9.033014],[38.752287,9.033096]]}},{"type":"Feature","properties":{"mode":"bus","n":17,"arr":["AB015","AB017","AB019","AB041","AB048","AB081","AB089","AB108","AB111","ADK037","ARD013","C14","Gl004","Gl015","Kolfa042","SH016","SH099"],"lines":"AB015, AB017, AB019, AB041, AB048, AB081, AB089, AB108, AB111, ADK037, ARD013, C14, Gl004, Gl015, Kolfa042, SH016, SH099"},"geometry":{"type":"LineString","coordinates":[[38.752287,9.033096],[38.751503,9.033347]]}},{"type":"Feature","properties":{"mode":"bus","n":18,"arr":["AB015","AB017","AB019","AB041","AB048","AB081","AB089","AB108","AB111","ADK037","ARD013","C14","Gl004","Gl015","Kolfa042","SH016","SH099","TX001"],"lines":"AB015, AB017, AB019, AB041, AB048, AB081, AB089, AB108, AB111, ADK037, ARD013, C14, Gl004, Gl015, Kolfa042, SH016, SH099, TX001"},"geometry":{"type":"LineString","coordinates":[[38.751503,9.033347],[38.751006,9.033584]]}},{"type":"Feature","properties":{"mode":"bus","n":16,"arr":["AB015","AB017","AB019","AB041","AB048","AB081","AB089","AB108","AB111","ADK037","ARD013","C14","Gl004","Gl015","Kolfa042","TX001"],"lines":"AB015, AB017, AB019, AB041, AB048, AB081, AB089, AB108, AB111, ADK037, ARD013, C14, Gl004, Gl015, Kolfa042, TX001"},"geometry":{"type":"LineString","coordinates":[[38.75016,9.034529],[38.750469,9.033984],[38.750621,9.033813],[38.751006,9.033584]]}},{"type":"Feature","properties":{"mode":"bus","n":19,"arr":["AB015","AB017","AB019","AB041","AB048","AB059","AB081","AB089","AB108","AB111","AB123","ADK037","ARD013","C14","Gl004","Gl015","Kolfa042","SH071","TX001"],"lines":"AB015, AB017, AB019, AB041, AB048, AB059, AB081, AB089, AB108, AB111, AB123, ADK037, ARD013, C14, Gl004, Gl015, Kolfa042, SH071, TX001"},"geometry":{"type":"LineString","coordinates":[[38.749843,9.035111],[38.75016,9.034529]]}},{"type":"Feature","properties":{"mode":"bus","n":10,"arr":["AB015","AB040","AB046","AB080","AB081","AB112","AB131","SH035","SH080","SH095"],"lines":"AB015, AB040, AB046, AB080, AB081, AB112, AB131, SH035, SH080, SH095"},"geometry":{"type":"LineString","coordinates":[[38.779936,9.034592],[38.780746,9.033732],[38.781057,9.033453],[38.784377,9.031454],[38.784558,9.031312]]}},{"type":"Feature","properties":{"mode":"bus","n":17,"arr":["AB015","AB033","AB057","AB064","AB102","AB128","ARD001","ARD007","Gl005","SH070","TX006","TX008","YK001","YK006","YK011","YK017","YK019"],"lines":"AB015, AB033, AB057, AB064, AB102, AB128, ARD001, ARD007, Gl005, SH070, TX006, TX008, YK001, YK006, YK011, YK017, YK019"},"geometry":{"type":"LineString","coordinates":[[38.796235,9.024357],[38.796298,9.02425],[38.797467,9.023544],[38.79831,9.023069],[38.799434,9.022495]]}},{"type":"Feature","properties":{"mode":"bus","n":6,"arr":["AB016","AB023","ADK008","ADK013","YK012","YK013"],"lines":"AB016, AB023, ADK008, ADK013, YK012, YK013"},"geometry":{"type":"LineString","coordinates":[[38.754353,9.044807],[38.754288,9.045016]]}},{"type":"Feature","properties":{"mode":"bus","n":9,"arr":["AB016","AB023","AB112","ADK008","ADK013","SH080","YK001","YK012","YK013"],"lines":"AB016, AB023, AB112, ADK008, ADK013, SH080, YK001, YK012, YK013"},"geometry":{"type":"LineString","coordinates":[[38.754288,9.045016],[38.754393,9.045062]]}},{"type":"Feature","properties":{"mode":"bus","n":10,"arr":["AB018","AB021","AB028","AB043","AB047","AB063","AB085","AB095","AB118","SH076"],"lines":"AB018, AB021, AB028, AB043, AB047, AB063, AB085, AB095, AB118, SH076"},"geometry":{"type":"LineString","coordinates":[[38.732925,9.029306],[38.73303,9.029235],[38.733272,9.029157]]}},{"type":"Feature","properties":{"mode":"bus","n":24,"arr":["AB018","AB021","AB024","AB028","AB043","AB047","AB063","AB085","AB095","AB118","ADK011","ADK012","ADK014","ADK016","B19","Kolfa017","Kolfa021","Lafto011","Lafto027","Lafto042","SH009","SH010","SH040","SH076"],"lines":"AB018, AB021, AB024, AB028, AB043, AB047, AB063, AB085, AB095, AB118, ADK011, ADK012, ADK014, ADK016, B19, Kolfa017, Kolfa021, Lafto011, Lafto027, Lafto042, SH009, SH010, SH040, SH076"},"geometry":{"type":"LineString","coordinates":[[38.732898,9.029467],[38.732925,9.029306]]}},{"type":"Feature","properties":{"mode":"bus","n":26,"arr":["AB018","AB021","AB024","AB028","AB043","AB047","AB063","AB085","AB095","AB118","ADK006","ADK011","ADK012","ADK014","ADK016","ADK045","B19","Kolfa017","Kolfa021","Lafto011","Lafto027","Lafto042","SH009","SH010","SH040","SH076"],"lines":"AB018, AB021, AB024, AB028, AB043, AB047, AB063, AB085, AB095, AB118, ADK006, ADK011, ADK012, ADK014, ADK016, ADK045, B19, Kolfa017, Kolfa021, Lafto011, Lafto027, Lafto042, SH009, SH010, SH040, SH076"},"geometry":{"type":"LineString","coordinates":[[38.732542,9.031808],[38.732898,9.029467]]}},{"type":"Feature","properties":{"mode":"bus","n":25,"arr":["AB018","AB021","AB024","AB028","AB043","AB047","AB063","AB085","AB095","AB118","ADK006","ADK011","ADK012","ADK014","ADK016","ADK045","B19","B35","Kolfa017","Kolfa021","Lafto011","Lafto027","Lafto042","SH040","SH076"],"lines":"AB018, AB021, AB024, AB028, AB043, AB047, AB063, AB085, AB095, AB118, ADK006, ADK011, ADK012, ADK014, ADK016, ADK045, B19, B35, Kolfa017, Kolfa021, Lafto011, Lafto027, Lafto042, SH040, SH076"},"geometry":{"type":"LineString","coordinates":[[38.732379,9.033026],[38.732542,9.031808]]}},{"type":"Feature","properties":{"mode":"bus","n":14,"arr":["AB018","AB021","AB024","AB028","AB043","AB047","AB063","AB085","AB095","AB118","ADK006","ADK045","B35","SH076"],"lines":"AB018, AB021, AB024, AB028, AB043, AB047, AB063, AB085, AB095, AB118, ADK006, ADK045, B35, SH076"},"geometry":{"type":"LineString","coordinates":[[38.732214,9.033959],[38.732379,9.033026]]}},{"type":"Feature","properties":{"mode":"bus","n":20,"arr":["AB018","AB021","AB024","AB028","AB030","AB041","AB043","AB063","AB085","AB088","AB095","AB118","ADK006","ADK045","ADK055","ARD013","B35","Kal035","Kolfa042","SH076"],"lines":"AB018, AB021, AB024, AB028, AB030, AB041, AB043, AB063, AB085, AB088, AB095, AB118, ADK006, ADK045, ADK055, ARD013, B35, Kal035, Kolfa042, SH076"},"geometry":{"type":"LineString","coordinates":[[38.732214,9.033959],[38.73209,9.033939]]}},{"type":"Feature","properties":{"mode":"bus","n":17,"arr":["AB018","AB021","AB024","AB028","AB043","AB063","AB085","AB095","AB118","ADK006","ADK045","ADK055","ARD013","B35","Kal035","Kolfa042","SH076"],"lines":"AB018, AB021, AB024, AB028, AB043, AB063, AB085, AB095, AB118, ADK006, ADK045, ADK055, ARD013, B35, Kal035, Kolfa042, SH076"},"geometry":{"type":"LineString","coordinates":[[38.73209,9.033939],[38.731822,9.033915]]}},{"type":"Feature","properties":{"mode":"bus","n":18,"arr":["AB018","AB021","AB024","AB028","AB043","AB063","AB085","AB095","AB118","ADK006","ADK045","ADK055","ARD013","B35","Kal035","Kolfa042","SH076","TX001"],"lines":"AB018, AB021, AB024, AB028, AB043, AB063, AB085, AB095, AB118, ADK006, ADK045, ADK055, ARD013, B35, Kal035, Kolfa042, SH076, TX001"},"geometry":{"type":"LineString","coordinates":[[38.731822,9.033915],[38.73121,9.033845]]}},{"type":"Feature","properties":{"mode":"bus","n":20,"arr":["AB018","AB021","AB024","AB028","AB043","AB063","AB085","AB095","AB118","ADK006","ADK039","ADK040","ADK045","ADK055","ARD013","B35","B35B","Kolfa042","SH076","TX001"],"lines":"AB018, AB021, AB024, AB028, AB043, AB063, AB085, AB095, AB118, ADK006, ADK039, ADK040, ADK045, ADK055, ARD013, B35, B35B, Kolfa042, SH076, TX001"},"geometry":{"type":"LineString","coordinates":[[38.73121,9.033845],[38.730811,9.033795],[38.730242,9.03379],[38.728728,9.033859],[38.728038,9.033921],[38.727165,9.033909],[38.725802,9.033939],[38.725218,9.034],[38.724703,9.034227],[38.724242,9.034662],[38.724079,9.034756],[38.723473,9.035428],[38.723052,9.035758],[38.722512,9.036011],[38.722356,9.036114],[38.722147,9.036306],[38.721921,9.036682],[38.721509,9.037668]]}},{"type":"Feature","properties":{"mode":"bus","n":20,"arr":["AB018","AB021","AB024","AB028","AB043","AB063","AB085","AB095","AB118","ADK006","ADK039","ADK040","ADK045","ADK055","ARD013","B35","B35B","Kolfa042","SH076","TX001"],"lines":"AB018, AB021, AB024, AB028, AB043, AB063, AB085, AB095, AB118, ADK006, ADK039, ADK040, ADK045, ADK055, ARD013, B35, B35B, Kolfa042, SH076, TX001"},"geometry":{"type":"LineString","coordinates":[[38.724911,9.033919],[38.725819,9.033851],[38.727743,9.033833],[38.728637,9.033798],[38.730243,9.033699],[38.730485,9.033697],[38.731227,9.033776]]}},{"type":"Feature","properties":{"mode":"bus","n":16,"arr":["AB018","AB021","AB063","AB085","AB118","ADK006","ADK039","ADK040","ADK045","ADK055","ARD013","B35","B35B","Kolfa042","SH076","TX001"],"lines":"AB018, AB021, AB063, AB085, AB118, ADK006, ADK039, ADK040, ADK045, ADK055, ARD013, B35, B35B, Kolfa042, SH076, TX001"},"geometry":{"type":"LineString","coordinates":[[38.721509,9.037668],[38.721185,9.037753],[38.721041,9.037737],[38.720829,9.037611],[38.720192,9.037158],[38.719792,9.036937],[38.719422,9.036768],[38.719067,9.036637],[38.71861,9.03648],[38.718436,9.036449],[38.718329,9.036457],[38.718128,9.036533],[38.717802,9.03674],[38.717541,9.036916],[38.716609,9.037711],[38.716542,9.037739],[38.716534,9.03774],[38.716526,9.037739],[38.71651,9.037732]]}},{"type":"Feature","properties":{"mode":"bus","n":12,"arr":["AB018","AB021","AB085","AB118","ADK039","ADK045","ARD013","B35","B35B","Kolfa042","SH076","TX001"],"lines":"AB018, AB021, AB085, AB118, ADK039, ADK045, ARD013, B35, B35B, Kolfa042, SH076, TX001"},"geometry":{"type":"LineString","coordinates":[[38.71651,9.037732],[38.716438,9.037381]]}},{"type":"Feature","properties":{"mode":"bus","n":15,"arr":["AB018","AB021","AB063","AB085","AB118","ADK039","ADK040","ADK045","ADK055","ARD013","B35","B35B","Kolfa042","SH076","TX001"],"lines":"AB018, AB021, AB063, AB085, AB118, ADK039, ADK040, ADK045, ADK055, ARD013, B35, B35B, Kolfa042, SH076, TX001"},"geometry":{"type":"LineString","coordinates":[[38.716438,9.037381],[38.716383,9.036784],[38.716211,9.035538],[38.716132,9.035218],[38.716049,9.03501],[38.715596,9.034189],[38.71546,9.034046],[38.71523,9.03387],[38.714845,9.033717]]}},{"type":"Feature","properties":{"mode":"bus","n":10,"arr":["AB018","AB021","AB118","ADK039","ADK045","ARD013","B35","B35B","SH076","TX001"],"lines":"AB018, AB021, AB118, ADK039, ADK045, ARD013, B35, B35B, SH076, TX001"},"geometry":{"type":"LineString","coordinates":[[38.714451,9.033781],[38.714652,9.033777],[38.714845,9.033717]]}},{"type":"Feature","properties":{"mode":"bus","n":16,"arr":["AB018","AB063","AB073","AB087","ADK030","ADK040","ADK052","ADK055","Kolfa018","Kolfa022","Kolfa024","Kolfa027","Kolfa038","Kolfe023","LID011","SH076"],"lines":"AB018, AB063, AB073, AB087, ADK030, ADK040, ADK052, ADK055, Kolfa018, Kolfa022, Kolfa024, Kolfa027, Kolfa038, Kolfe023, LID011, SH076"},"geometry":{"type":"LineString","coordinates":[[38.714461,9.033586],[38.714451,9.033781]]}},{"type":"Feature","properties":{"mode":"bus","n":13,"arr":["AB018","AB073","AB087","ADK030","ADK052","Kolfa018","Kolfa022","Kolfa024","Kolfa027","Kolfa038","Kolfe023","LID011","SH076"],"lines":"AB018, AB073, AB087, ADK030, ADK052, Kolfa018, Kolfa022, Kolfa024, Kolfa027, Kolfa038, Kolfe023, LID011, SH076"},"geometry":{"type":"LineString","coordinates":[[38.714476,9.033461],[38.714461,9.033586]]}},{"type":"Feature","properties":{"mode":"bus","n":13,"arr":["AB018","AB073","AB087","ADK030","ADK052","Kolfa018","Kolfa022","Kolfa024","Kolfa027","Kolfa038","Kolfe023","LID011","SH076"],"lines":"AB018, AB073, AB087, ADK030, ADK052, Kolfa018, Kolfa022, Kolfa024, Kolfa027, Kolfa038, Kolfe023, LID011, SH076"},"geometry":{"type":"LineString","coordinates":[[38.714586,9.033602],[38.714606,9.033453]]}},{"type":"Feature","properties":{"mode":"bus","n":17,"arr":["AB018","AB073","AB087","ADK030","ADK052","Kolfa010","Kolfa018","Kolfa022","Kolfa024","Kolfa025","Kolfa027","Kolfa028","Kolfa037","Kolfa038","Kolfe023","LID011","SH076"],"lines":"AB018, AB073, AB087, ADK030, ADK052, Kolfa010, Kolfa018, Kolfa022, Kolfa024, Kolfa025, Kolfa027, Kolfa028, Kolfa037, Kolfa038, Kolfe023, LID011, SH076"},"geometry":{"type":"LineString","coordinates":[[38.714546,9.032596],[38.714476,9.033461]]}},{"type":"Feature","properties":{"mode":"bus","n":17,"arr":["AB018","AB073","AB087","ADK030","ADK052","Kolfa010","Kolfa018","Kolfa022","Kolfa024","Kolfa025","Kolfa027","Kolfa028","Kolfa037","Kolfa038","Kolfe023","LID011","SH076"],"lines":"AB018, AB073, AB087, ADK030, ADK052, Kolfa010, Kolfa018, Kolfa022, Kolfa024, Kolfa025, Kolfa027, Kolfa028, Kolfa037, Kolfa038, Kolfe023, LID011, SH076"},"geometry":{"type":"LineString","coordinates":[[38.714606,9.033453],[38.714678,9.032591]]}},{"type":"Feature","properties":{"mode":"bus","n":17,"arr":["AB018","AB073","AB087","ADK030","ADK052","Kolfa010","Kolfa018","Kolfa022","Kolfa024","Kolfa025","Kolfa027","Kolfa028","Kolfa037","Kolfa038","Kolfe023","LID011","SH076"],"lines":"AB018, AB073, AB087, ADK030, ADK052, Kolfa010, Kolfa018, Kolfa022, Kolfa024, Kolfa025, Kolfa027, Kolfa028, Kolfa037, Kolfa038, Kolfe023, LID011, SH076"},"geometry":{"type":"LineString","coordinates":[[38.720635,9.012881],[38.720667,9.01369],[38.720655,9.013963],[38.720604,9.014215],[38.720473,9.014529],[38.720391,9.014661],[38.72016,9.014947],[38.719728,9.01532]]}},{"type":"Feature","properties":{"mode":"bus","n":16,"arr":["AB018","AB073","AB087","ADK030","ADK052","Kolfa010","Kolfa018","Kolfa024","Kolfa025","Kolfa027","Kolfa028","Kolfa037","Kolfa038","Kolfe023","LID011","SH076"],"lines":"AB018, AB073, AB087, ADK030, ADK052, Kolfa010, Kolfa018, Kolfa024, Kolfa025, Kolfa027, Kolfa028, Kolfa037, Kolfa038, Kolfe023, LID011, SH076"},"geometry":{"type":"LineString","coordinates":[[38.717876,9.0168],[38.717628,9.017103],[38.717483,9.017338],[38.716383,9.019494],[38.716038,9.020312],[38.715566,9.021604],[38.715335,9.022177],[38.715203,9.022557],[38.715096,9.02299],[38.715019,9.023609],[38.714767,9.02832],[38.714504,9.032172],[38.714507,9.032502],[38.714546,9.032596]]}},{"type":"Feature","properties":{"mode":"bus","n":16,"arr":["AB018","AB073","AB087","ADK030","ADK052","Kolfa010","Kolfa018","Kolfa024","Kolfa025","Kolfa027","Kolfa028","Kolfa037","Kolfa038","Kolfe023","LID011","SH076"],"lines":"AB018, AB073, AB087, ADK030, ADK052, Kolfa010, Kolfa018, Kolfa024, Kolfa025, Kolfa027, Kolfa028, Kolfa037, Kolfa038, Kolfe023, LID011, SH076"},"geometry":{"type":"LineString","coordinates":[[38.719728,9.01532],[38.718939,9.015903],[38.718132,9.016575]]}},{"type":"Feature","properties":{"mode":"bus","n":5,"arr":["AB018","AB037","AB105","Kolfa034","SH076"],"lines":"AB018, AB037, AB105, Kolfa034, SH076"},"geometry":{"type":"LineString","coordinates":[[38.695399,9.019531],[38.695626,9.019373],[38.695941,9.019228],[38.696956,9.018843]]}},{"type":"Feature","properties":{"mode":"bus","n":5,"arr":["AB018","AB037","AB105","Kolfa034","SH076"],"lines":"AB018, AB037, AB105, Kolfa034, SH076"},"geometry":{"type":"LineString","coordinates":[[38.697185,9.018572],[38.696187,9.018914],[38.695772,9.019078]]}},{"type":"Feature","properties":{"mode":"bus","n":15,"arr":["AB018","AB073","AB087","ADK052","Kolfa010","Kolfa018","Kolfa022","Kolfa024","Kolfa025","Kolfa027","Kolfa028","Kolfa037","Kolfa038","Kolfe023","SH076"],"lines":"AB018, AB073, AB087, ADK052, Kolfa010, Kolfa018, Kolfa022, Kolfa024, Kolfa025, Kolfa027, Kolfa028, Kolfa037, Kolfa038, Kolfe023, SH076"},"geometry":{"type":"LineString","coordinates":[[38.720658,9.012596],[38.720635,9.012881]]}},{"type":"Feature","properties":{"mode":"bus","n":11,"arr":["AB018","AB073","AB087","Kolfa022","Kolfa025","Kolfa027","Kolfa028","Kolfa037","Kolfa038","Kolfe023","SH076"],"lines":"AB018, AB073, AB087, Kolfa022, Kolfa025, Kolfa027, Kolfa028, Kolfa037, Kolfa038, Kolfe023, SH076"},"geometry":{"type":"LineString","coordinates":[[38.721195,9.011877],[38.721029,9.01212],[38.720812,9.012316],[38.72071,9.012437],[38.720658,9.012596]]}},{"type":"Feature","properties":{"mode":"bus","n":14,"arr":["AB018","AB073","AB087","ADK052","Kolfa010","Kolfa018","Kolfa022","Kolfa024","Kolfa025","Kolfa027","Kolfa028","Kolfa037","Kolfa038","SH076"],"lines":"AB018, AB073, AB087, ADK052, Kolfa010, Kolfa018, Kolfa022, Kolfa024, Kolfa025, Kolfa027, Kolfa028, Kolfa037, Kolfa038, SH076"},"geometry":{"type":"LineString","coordinates":[[38.720896,9.012742],[38.720926,9.012539],[38.720977,9.01239],[38.721036,9.012298],[38.72132,9.011988]]}},{"type":"Feature","properties":{"mode":"bus","n":16,"arr":["AB018","AB073","AB087","ADK030","ADK052","Kolfa010","Kolfa018","Kolfa022","Kolfa024","Kolfa025","Kolfa027","Kolfa028","Kolfa037","Kolfa038","LID011","SH076"],"lines":"AB018, AB073, AB087, ADK030, ADK052, Kolfa010, Kolfa018, Kolfa022, Kolfa024, Kolfa025, Kolfa027, Kolfa028, Kolfa037, Kolfa038, LID011, SH076"},"geometry":{"type":"LineString","coordinates":[[38.719954,9.01552],[38.720241,9.0153],[38.720502,9.015036],[38.720723,9.014708],[38.72082,9.014449],[38.7209,9.014106],[38.720918,9.013908],[38.720883,9.012943],[38.720896,9.012742]]}},{"type":"Feature","properties":{"mode":"bus","n":14,"arr":["AB018","AB073","AB087","ADK030","ADK052","Kolfa010","Kolfa018","Kolfa022","Kolfa024","Kolfa025","Kolfa027","Kolfa028","Kolfa037","SH076"],"lines":"AB018, AB073, AB087, ADK030, ADK052, Kolfa010, Kolfa018, Kolfa022, Kolfa024, Kolfa025, Kolfa027, Kolfa028, Kolfa037, SH076"},"geometry":{"type":"LineString","coordinates":[[38.714678,9.032591],[38.714741,9.032464],[38.714762,9.032348],[38.714913,9.030079],[38.714948,9.029039],[38.715076,9.027218],[38.715158,9.025361],[38.715293,9.023329],[38.715414,9.022701],[38.716215,9.020541],[38.716732,9.019332],[38.717841,9.017228],[38.718009,9.017009],[38.718166,9.01686],[38.718862,9.016363],[38.719954,9.01552]]}},{"type":"Feature","properties":{"mode":"bus","n":13,"arr":["AB018","AB021","AB063","AB085","AB118","ADK040","ADK055","ARD013","B35","B35B","Kolfa042","SH076","TX001"],"lines":"AB018, AB021, AB063, AB085, AB118, ADK040, ADK055, ARD013, B35, B35B, Kolfa042, SH076, TX001"},"geometry":{"type":"LineString","coordinates":[[38.714845,9.033717],[38.714586,9.033602]]}},{"type":"Feature","properties":{"mode":"bus","n":17,"arr":["AB018","AB021","AB024","AB028","AB043","AB063","AB085","AB095","AB118","ADK006","ADK039","ARD013","B35","B35B","Kolfa042","SH076","TX001"],"lines":"AB018, AB021, AB024, AB028, AB043, AB063, AB085, AB095, AB118, ADK006, ADK039, ARD013, B35, B35B, Kolfa042, SH076, TX001"},"geometry":{"type":"LineString","coordinates":[[38.724079,9.034756],[38.724191,9.034583],[38.72449,9.034243],[38.724705,9.034036],[38.724911,9.033919]]}},{"type":"Feature","properties":{"mode":"bus","n":17,"arr":["AB018","AB021","AB024","AB028","AB043","AB063","AB085","AB095","AB118","ADK006","ADK055","ARD013","B35","Kal035","Kolfa042","SH076","TX001"],"lines":"AB018, AB021, AB024, AB028, AB043, AB063, AB085, AB095, AB118, ADK006, ADK055, ARD013, B35, Kal035, Kolfa042, SH076, TX001"},"geometry":{"type":"LineString","coordinates":[[38.731227,9.033776],[38.731925,9.033853]]}},{"type":"Feature","properties":{"mode":"bus","n":14,"arr":["AB018","AB021","AB024","AB028","AB043","AB063","AB085","AB095","ADK055","ARD013","Kal035","Kolfa042","SH076","TX001"],"lines":"AB018, AB021, AB024, AB028, AB043, AB063, AB085, AB095, ADK055, ARD013, Kal035, Kolfa042, SH076, TX001"},"geometry":{"type":"LineString","coordinates":[[38.731925,9.033853],[38.73211,9.033863]]}},{"type":"Feature","properties":{"mode":"bus","n":18,"arr":["AB018","AB021","AB024","AB028","AB030","AB041","AB043","AB047","AB063","AB085","AB088","AB095","ADK055","ARD013","Kal035","Kolfa042","SH076","TX001"],"lines":"AB018, AB021, AB024, AB028, AB030, AB041, AB043, AB047, AB063, AB085, AB088, AB095, ADK055, ARD013, Kal035, Kolfa042, SH076, TX001"},"geometry":{"type":"LineString","coordinates":[[38.73211,9.033863],[38.733798,9.03411]]}},{"type":"Feature","properties":{"mode":"bus","n":31,"arr":["AB018","AB021","AB023","AB024","AB028","AB030","AB041","AB043","AB047","AB052","AB063","AB085","AB088","ADK008","ADK013","ADK015","ADK023","ADK024","ADK053","ADK055","ARD013","B37","Bole016","Bole020","Kal012","Kal035","Kolfa042","KRK006","SH076","TX001","YK019"],"lines":"AB018, AB021, AB023, AB024, AB028, AB030, AB041, AB043, AB047, AB052, AB063, AB085, AB088, ADK008, ADK013, ADK015, ADK023, ADK024, ADK053, ADK055, ARD013, B37, Bole016, Bole020, Kal012, Kal035, Kolfa042, KRK006, SH076, TX001, YK019"},"geometry":{"type":"LineString","coordinates":[[38.733798,9.03411],[38.734184,9.034168]]}},{"type":"Feature","properties":{"mode":"bus","n":8,"arr":["AB019","AB081","AB108","AB111","ADK037","C14","Gl004","Gl015"],"lines":"AB019, AB081, AB108, AB111, ADK037, C14, Gl004, Gl015"},"geometry":{"type":"LineString","coordinates":[[38.749407,9.035901],[38.749585,9.035565]]}},{"type":"Feature","properties":{"mode":"bus","n":8,"arr":["AB019","AB081","AB108","AB111","ADK037","C14","Gl004","Gl015"],"lines":"AB019, AB081, AB108, AB111, ADK037, C14, Gl004, Gl015"},"geometry":{"type":"LineString","coordinates":[[38.749284,9.035871],[38.749486,9.035492]]}},{"type":"Feature","properties":{"mode":"bus","n":16,"arr":["AB019","AB024","AB028","AB043","AB081","AB095","AB108","AB111","ADK004","ADK009","ADK026","ADK037","B22","C14","Gl015","SH012"],"lines":"AB019, AB024, AB028, AB043, AB081, AB095, AB108, AB111, ADK004, ADK009, ADK026, ADK037, B22, C14, Gl015, SH012"},"geometry":{"type":"LineString","coordinates":[[38.720205,9.05297],[38.719944,9.053085],[38.719567,9.053305],[38.718181,9.054507],[38.717915,9.05477],[38.717784,9.054946],[38.717389,9.05564],[38.717214,9.055786],[38.717133,9.055822]]}},{"type":"Feature","properties":{"mode":"bus","n":16,"arr":["AB019","AB024","AB028","AB043","AB081","AB095","AB108","AB111","ADK004","ADK009","ADK026","ADK037","B22","C14","Gl015","SH012"],"lines":"AB019, AB024, AB028, AB043, AB081, AB095, AB108, AB111, ADK004, ADK009, ADK026, ADK037, B22, C14, Gl015, SH012"},"geometry":{"type":"LineString","coordinates":[[38.713355,9.056636],[38.713446,9.056488],[38.713499,9.056312]]}},{"type":"Feature","properties":{"mode":"bus","n":17,"arr":["AB019","AB024","AB028","AB043","AB081","AB094","AB095","AB108","AB111","ADK004","ADK009","ADK026","ADK037","B22","C14","Gl015","SH012"],"lines":"AB019, AB024, AB028, AB043, AB081, AB094, AB095, AB108, AB111, ADK004, ADK009, ADK026, ADK037, B22, C14, Gl015, SH012"},"geometry":{"type":"LineString","coordinates":[[38.717133,9.055822],[38.716933,9.055856],[38.716822,9.055848],[38.716575,9.055786],[38.716414,9.055714],[38.716318,9.055646],[38.716123,9.055402],[38.715733,9.05476],[38.715603,9.054611],[38.715403,9.054488],[38.715252,9.054435],[38.71514,9.054415],[38.714908,9.054423],[38.714777,9.054458],[38.714408,9.054634],[38.714271,9.054728],[38.714076,9.054956],[38.713976,9.055124],[38.713917,9.055287],[38.713778,9.055815],[38.713625,9.056276],[38.71359,9.056326],[38.713552,9.056344],[38.713541,9.056351],[38.713534,9.056362],[38.713531,9.056375],[38.713507,9.056733]]}},{"type":"Feature","properties":{"mode":"bus","n":19,"arr":["AB019","AB024","AB028","AB043","AB081","AB095","AB111","ADK004","ADK009","ADK026","ADK031","ADK037","B22","C14","Gl015","Kolfa038","Kolfe023","LID011","SH012"],"lines":"AB019, AB024, AB028, AB043, AB081, AB095, AB111, ADK004, ADK009, ADK026, ADK031, ADK037, B22, C14, Gl015, Kolfa038, Kolfe023, LID011, SH012"},"geometry":{"type":"LineString","coordinates":[[38.713205,9.057504],[38.713254,9.057357],[38.713306,9.057063]]}},{"type":"Feature","properties":{"mode":"bus","n":20,"arr":["AB019","AB024","AB028","AB043","AB081","AB095","AB111","ADK004","ADK009","ADK026","ADK031","ADK037","B22","C14","Gl012","Gl015","Kolfa038","Kolfe023","LID011","SH012"],"lines":"AB019, AB024, AB028, AB043, AB081, AB095, AB111, ADK004, ADK009, ADK026, ADK031, ADK037, B22, C14, Gl012, Gl015, Kolfa038, Kolfe023, LID011, SH012"},"geometry":{"type":"LineString","coordinates":[[38.713205,9.057504],[38.713078,9.057704],[38.712977,9.057814],[38.712843,9.057908],[38.712568,9.058007],[38.712305,9.058029],[38.712132,9.057996],[38.711876,9.057844],[38.711355,9.057316],[38.711226,9.057208],[38.711039,9.057104],[38.709999,9.056765],[38.709569,9.056653],[38.709332,9.056628],[38.709065,9.056645],[38.708674,9.056757],[38.70752,9.057278],[38.70733,9.057414],[38.70675,9.057922],[38.706567,9.058181],[38.706466,9.058439],[38.706386,9.059166],[38.706315,9.059437],[38.706162,9.059673],[38.706028,9.059792],[38.705887,9.059872],[38.705565,9.059967],[38.705298,9.05995],[38.704518,9.0596],[38.704216,9.059503],[38.703892,9.059447],[38.70344,9.059444],[38.702967,9.059497]]}},{"type":"Feature","properties":{"mode":"bus","n":19,"arr":["AB019","AB024","AB028","AB043","AB081","AB095","AB111","ADK004","ADK009","ADK026","ADK031","ADK037","B22","C14","Gl012","Kolfa038","Kolfe023","LID011","SH012"],"lines":"AB019, AB024, AB028, AB043, AB081, AB095, AB111, ADK004, ADK009, ADK026, ADK031, ADK037, B22, C14, Gl012, Kolfa038, Kolfe023, LID011, SH012"},"geometry":{"type":"LineString","coordinates":[[38.702967,9.059497],[38.702586,9.059568],[38.702259,9.059681],[38.70196,9.059862],[38.701718,9.060072],[38.70153,9.060303],[38.701384,9.060567],[38.701125,9.06136],[38.700722,9.062485],[38.70053,9.062771],[38.70039,9.062935],[38.700001,9.063181],[38.699842,9.063247],[38.699303,9.063379],[38.698934,9.063549],[38.698745,9.063672],[38.69799,9.064435],[38.697908,9.064553],[38.697858,9.064672],[38.697714,9.065167],[38.697604,9.065379],[38.697427,9.065619],[38.697239,9.065799],[38.697045,9.065945],[38.696761,9.066079],[38.696594,9.066128],[38.696265,9.066187],[38.696029,9.066194],[38.693715,9.065914]]}},{"type":"Feature","properties":{"mode":"bus","n":19,"arr":["AB019","AB024","AB028","AB043","AB081","AB095","AB111","ADK004","ADK009","ADK026","ADK031","ADK037","B22","C14","Gl012","Kolfa038","Kolfe023","LID011","SH012"],"lines":"AB019, AB024, AB028, AB043, AB081, AB095, AB111, ADK004, ADK009, ADK026, ADK031, ADK037, B22, C14, Gl012, Kolfa038, Kolfe023, LID011, SH012"},"geometry":{"type":"LineString","coordinates":[[38.693754,9.065813],[38.695092,9.06599],[38.69617,9.066103],[38.696599,9.066038],[38.696916,9.065906],[38.697044,9.065824],[38.697244,9.065672],[38.697535,9.065322],[38.697647,9.06507],[38.697775,9.064609],[38.697879,9.064419],[38.698141,9.06412],[38.698697,9.063587],[38.698987,9.063405],[38.699335,9.063279],[38.699807,9.063162],[38.699937,9.063107],[38.700276,9.062887],[38.7005,9.062638],[38.700685,9.062304],[38.701327,9.060482],[38.701566,9.060114],[38.701725,9.059946],[38.701918,9.059791],[38.702217,9.059617],[38.702572,9.059497],[38.702946,9.059424]]}},{"type":"Feature","properties":{"mode":"bus","n":10,"arr":["AB019","AB024","AB028","AB043","AB081","AB095","AB111","B22","C14","SH012"],"lines":"AB019, AB024, AB028, AB043, AB081, AB095, AB111, B22, C14, SH012"},"geometry":{"type":"LineString","coordinates":[[38.693715,9.065914],[38.693379,9.065851],[38.693123,9.06575],[38.692747,9.065573],[38.692274,9.065291]]}},{"type":"Feature","properties":{"mode":"bus","n":10,"arr":["AB019","AB024","AB028","AB043","AB081","AB095","AB111","B22","C14","SH012"],"lines":"AB019, AB024, AB028, AB043, AB081, AB095, AB111, B22, C14, SH012"},"geometry":{"type":"LineString","coordinates":[[38.692808,9.065491],[38.69309,9.065642],[38.693376,9.065754],[38.693754,9.065813]]}},{"type":"Feature","properties":{"mode":"bus","n":9,"arr":["AB019","AB024","AB028","AB043","AB081","AB095","AB111","C14","SH012"],"lines":"AB019, AB024, AB028, AB043, AB081, AB095, AB111, C14, SH012"},"geometry":{"type":"LineString","coordinates":[[38.692274,9.065291],[38.692011,9.065112],[38.69169,9.064828],[38.691347,9.064437],[38.691121,9.064321],[38.690875,9.064284],[38.690636,9.064311],[38.690555,9.064341],[38.690303,9.064496],[38.690151,9.064689],[38.690095,9.064913],[38.690099,9.065238],[38.690421,9.066284],[38.690443,9.066631],[38.690414,9.06684],[38.690286,9.067157],[38.690169,9.067336],[38.689521,9.068059],[38.689374,9.068326],[38.689333,9.06845],[38.689303,9.06878],[38.689341,9.069898],[38.689273,9.070704],[38.689249,9.070841],[38.68916,9.071059],[38.688972,9.071285]]}},{"type":"Feature","properties":{"mode":"bus","n":9,"arr":["AB019","AB024","AB028","AB043","AB081","AB095","AB111","C14","SH012"],"lines":"AB019, AB024, AB028, AB043, AB081, AB095, AB111, C14, SH012"},"geometry":{"type":"LineString","coordinates":[[38.688921,9.071221],[38.689071,9.071028],[38.689125,9.070924],[38.689197,9.07068],[38.689242,9.0699],[38.689201,9.068769],[38.689231,9.068425],[38.68927,9.068296],[38.689363,9.068103],[38.689419,9.068032],[38.689824,9.067609],[38.690113,9.067252],[38.690219,9.067024],[38.690285,9.066822],[38.690307,9.066481],[38.690271,9.066225],[38.689963,9.065298],[38.689949,9.065036],[38.689964,9.064915],[38.690013,9.064753],[38.690082,9.064623],[38.690269,9.064408],[38.690552,9.064237],[38.690881,9.064193],[38.691109,9.064226],[38.691319,9.064318],[38.691457,9.064429],[38.691896,9.064913],[38.692036,9.065034],[38.692472,9.065311],[38.692808,9.065491]]}},{"type":"Feature","properties":{"mode":"bus","n":5,"arr":["AB019","AB028","AB081","C14","SH012"],"lines":"AB019, AB028, AB081, C14, SH012"},"geometry":{"type":"LineString","coordinates":[[38.688979,9.071412],[38.688988,9.071317],[38.688921,9.071221]]}},{"type":"Feature","properties":{"mode":"bus","n":22,"arr":["AB019","AB024","AB028","AB043","AB081","AB094","AB095","AB108","AB111","ADK004","ADK009","ADK026","ADK031","ADK037","B22","C14","Gl012","Gl015","Kolfa038","Kolfe023","LID011","SH012"],"lines":"AB019, AB024, AB028, AB043, AB081, AB094, AB095, AB108, AB111, ADK004, ADK009, ADK026, ADK031, ADK037, B22, C14, Gl012, Gl015, Kolfa038, Kolfe023, LID011, SH012"},"geometry":{"type":"LineString","coordinates":[[38.702946,9.059424],[38.703571,9.059354],[38.704029,9.059381],[38.70453,9.059527],[38.705276,9.059842],[38.705563,9.059865],[38.705844,9.059788],[38.70603,9.05966],[38.706189,9.05946],[38.706282,9.059188],[38.70633,9.058648],[38.706402,9.058325],[38.706475,9.058125],[38.706733,9.057801],[38.707287,9.057322],[38.707524,9.057164],[38.708495,9.056721],[38.708931,9.056562],[38.709191,9.056521],[38.709599,9.056565],[38.711113,9.057039],[38.711359,9.05721],[38.712,9.057827],[38.712146,9.057894],[38.712337,9.057945],[38.712554,9.057921],[38.712747,9.057857],[38.712877,9.057774],[38.713024,9.057627],[38.713076,9.057553],[38.713154,9.057349],[38.713157,9.056987]]}},{"type":"Feature","properties":{"mode":"bus","n":13,"arr":["AB019","AB024","AB028","AB081","AB095","AB111","ADK004","ADK009","ADK026","ADK037","B22","C14","Gl015"],"lines":"AB019, AB024, AB028, AB081, AB095, AB111, ADK004, ADK009, ADK026, ADK037, B22, C14, Gl015"},"geometry":{"type":"LineString","coordinates":[[38.713499,9.056312],[38.713475,9.056236],[38.713506,9.056042],[38.71368,9.055502],[38.713882,9.055029],[38.71399,9.054863],[38.714166,9.054669],[38.714414,9.054486],[38.714812,9.054309],[38.715069,9.054277],[38.715399,9.054334],[38.715613,9.054451],[38.715836,9.054672],[38.716262,9.055362],[38.716427,9.055555],[38.716531,9.05562],[38.716818,9.055709],[38.717064,9.055693],[38.717191,9.055634],[38.717288,9.055541],[38.717609,9.054937],[38.717749,9.054755],[38.717986,9.054503],[38.719421,9.053266],[38.719773,9.053042],[38.720205,9.05284]]}},{"type":"Feature","properties":{"mode":"bus","n":15,"arr":["AB019","AB024","AB028","AB047","AB081","AB095","AB111","ADK004","ADK009","ADK026","ADK037","B22","C14","Gl013","Gl015"],"lines":"AB019, AB024, AB028, AB047, AB081, AB095, AB111, ADK004, ADK009, ADK026, ADK037, B22, C14, Gl013, Gl015"},"geometry":{"type":"LineString","coordinates":[[38.720205,9.05284],[38.72066,9.052587],[38.721283,9.051997]]}},{"type":"Feature","properties":{"mode":"bus","n":7,"arr":["AB020","AB030","AB045","AB088","AB112","C31","SH080"],"lines":"AB020, AB030, AB045, AB088, AB112, C31, SH080"},"geometry":{"type":"LineString","coordinates":[[38.737108,9.059828],[38.73746,9.059491]]}},{"type":"Feature","properties":{"mode":"bus","n":11,"arr":["AB020","AB030","AB045","AB088","AB094","AB104","AB112","C31","SH079","SH080","SH103"],"lines":"AB020, AB030, AB045, AB088, AB094, AB104, AB112, C31, SH079, SH080, SH103"},"geometry":{"type":"LineString","coordinates":[[38.737893,9.059202],[38.737253,9.059864]]}},{"type":"Feature","properties":{"mode":"bus","n":7,"arr":["AB020","AB030","AB045","AB088","AB094","C31","SH079"],"lines":"AB020, AB030, AB045, AB088, AB094, C31, SH079"},"geometry":{"type":"LineString","coordinates":[[38.737253,9.059864],[38.736529,9.060578],[38.735635,9.061518]]}},{"type":"Feature","properties":{"mode":"bus","n":6,"arr":["AB020","AB030","AB045","AB088","C31","SH079"],"lines":"AB020, AB030, AB045, AB088, C31, SH079"},"geometry":{"type":"LineString","coordinates":[[38.735635,9.061518],[38.735034,9.062124],[38.734973,9.062228]]}},{"type":"Feature","properties":{"mode":"bus","n":9,"arr":["AB021","AB085","AB118","ADK039","ADK045","ARD013","B35","B35B","TX001"],"lines":"AB021, AB085, AB118, ADK039, ADK045, ARD013, B35, B35B, TX001"},"geometry":{"type":"LineString","coordinates":[[38.714098,9.033602],[38.714204,9.033677],[38.714451,9.033781]]}},{"type":"Feature","properties":{"mode":"bus","n":10,"arr":["AB021","AB085","AB118","ADK039","ADK045","ARD013","B35","B35B","Kolfa042","TX001"],"lines":"AB021, AB085, AB118, ADK039, ADK045, ARD013, B35, B35B, Kolfa042, TX001"},"geometry":{"type":"LineString","coordinates":[[38.713509,9.033568],[38.714098,9.033602]]}},{"type":"Feature","properties":{"mode":"bus","n":9,"arr":["AB021","AB085","AB118","ADK039","ADK045","ARD013","B35","B35B","Kolfa042"],"lines":"AB021, AB085, AB118, ADK039, ADK045, ARD013, B35, B35B, Kolfa042"},"geometry":{"type":"LineString","coordinates":[[38.712677,9.033514],[38.713509,9.033568]]}},{"type":"Feature","properties":{"mode":"bus","n":8,"arr":["AB021","AB085","AB118","ADK039","ADK045","ARD013","B35","B35B"],"lines":"AB021, AB085, AB118, ADK039, ADK045, ARD013, B35, B35B"},"geometry":{"type":"LineString","coordinates":[[38.70865,9.033294],[38.712677,9.033514]]}},{"type":"Feature","properties":{"mode":"bus","n":5,"arr":["AB021","AB085","AB118","B35","B35B"],"lines":"AB021, AB085, AB118, B35, B35B"},"geometry":{"type":"LineString","coordinates":[[38.685325,9.035376],[38.686351,9.034717],[38.686755,9.034517],[38.687003,9.03442],[38.687337,9.034322],[38.689173,9.034015],[38.689687,9.033845],[38.690184,9.033582],[38.69099,9.032913],[38.691369,9.032676],[38.691701,9.032522],[38.692001,9.032414],[38.692735,9.032261],[38.692957,9.032244],[38.693366,9.032253],[38.693766,9.032304],[38.69394,9.03235],[38.694265,9.03244],[38.694478,9.032524],[38.695751,9.033068],[38.696145,9.03321],[38.696348,9.033253],[38.696749,9.033283],[38.697184,9.033234],[38.69739,9.033175],[38.697905,9.032965],[38.698099,9.032908],[38.698484,9.032843],[38.698708,9.032841],[38.699099,9.032897],[38.699509,9.033019],[38.699876,9.033183],[38.700863,9.03355],[38.702551,9.034245],[38.702737,9.034312],[38.70308,9.034377],[38.703383,9.034367],[38.703771,9.034276],[38.704744,9.033936],[38.70659,9.033372],[38.706978,9.03333],[38.70865,9.033294]]}},{"type":"Feature","properties":{"mode":"bus","n":8,"arr":["AB021","AB085","AB118","ARD013","B35","B35B","Kolfa042","TX001"],"lines":"AB021, AB085, AB118, ARD013, B35, B35B, Kolfa042, TX001"},"geometry":{"type":"LineString","coordinates":[[38.714461,9.033586],[38.714098,9.033602]]}},{"type":"Feature","properties":{"mode":"bus","n":11,"arr":["AB021","AB063","AB085","AB118","ADK040","ADK055","ARD013","B35","B35B","Kolfa042","TX001"],"lines":"AB021, AB063, AB085, AB118, ADK040, ADK055, ARD013, B35, B35B, Kolfa042, TX001"},"geometry":{"type":"LineString","coordinates":[[38.714586,9.033602],[38.714461,9.033586]]}},{"type":"Feature","properties":{"mode":"bus","n":17,"arr":["AB022","AB025","AB031","AB032","AB036","AB045","AB055","AB057","AB058","AB060","AB061","AB062","AB067","AB068","AB090","AB102","AB105"],"lines":"AB022, AB025, AB031, AB032, AB036, AB045, AB055, AB057, AB058, AB060, AB061, AB062, AB067, AB068, AB090, AB102, AB105"},"geometry":{"type":"LineString","coordinates":[[38.753298,9.01096],[38.753208,9.011504]]}},{"type":"Feature","properties":{"mode":"bus","n":12,"arr":["AB022","AB032","AB036","AB045","AB057","AB058","AB061","AB062","AB067","AB090","AB102","AB105"],"lines":"AB022, AB032, AB036, AB045, AB057, AB058, AB061, AB062, AB067, AB090, AB102, AB105"},"geometry":{"type":"LineString","coordinates":[[38.753208,9.011504],[38.753154,9.01189]]}},{"type":"Feature","properties":{"mode":"bus","n":13,"arr":["AB022","AB032","AB036","AB045","AB057","AB058","AB061","AB062","AB067","AB090","AB102","AB105","KRK006"],"lines":"AB022, AB032, AB036, AB045, AB057, AB058, AB061, AB062, AB067, AB090, AB102, AB105, KRK006"},"geometry":{"type":"LineString","coordinates":[[38.753154,9.01189],[38.753126,9.012127]]}},{"type":"Feature","properties":{"mode":"bus","n":16,"arr":["AB022","AB032","AB036","AB045","AB057","AB058","AB061","AB062","AB067","AB090","AB102","AB105","ADK015","Kal012","Kal032","KRK006"],"lines":"AB022, AB032, AB036, AB045, AB057, AB058, AB061, AB062, AB067, AB090, AB102, AB105, ADK015, Kal012, Kal032, KRK006"},"geometry":{"type":"LineString","coordinates":[[38.753126,9.012127],[38.753036,9.012533],[38.752988,9.01293],[38.752937,9.013745]]}},{"type":"Feature","properties":{"mode":"bus","n":17,"arr":["AB022","AB032","AB036","AB045","AB057","AB058","AB061","AB062","AB067","AB090","AB102","AB105","ADK015","Kal012","Kal032","Kal035","KRK006"],"lines":"AB022, AB032, AB036, AB045, AB057, AB058, AB061, AB062, AB067, AB090, AB102, AB105, ADK015, Kal012, Kal032, Kal035, KRK006"},"geometry":{"type":"LineString","coordinates":[[38.752937,9.013745],[38.752626,9.01701],[38.75264,9.017148]]}},{"type":"Feature","properties":{"mode":"bus","n":13,"arr":["AB022","AB032","AB057","AB061","AB070","AB071","AB073","AB102","AB128","ADK020","ADK021","SH067","SH070"],"lines":"AB022, AB032, AB057, AB061, AB070, AB071, AB073, AB102, AB128, ADK020, ADK021, SH067, SH070"},"geometry":{"type":"LineString","coordinates":[[38.75264,9.017148],[38.754309,9.017315]]}},{"type":"Feature","properties":{"mode":"bus","n":9,"arr":["AB022","AB032","AB057","AB061","AB070","AB071","AB102","AB128","SH070"],"lines":"AB022, AB032, AB057, AB061, AB070, AB071, AB102, AB128, SH070"},"geometry":{"type":"LineString","coordinates":[[38.754309,9.017315],[38.755627,9.017413],[38.757625,9.017628],[38.758014,9.017706],[38.75859,9.01788],[38.759897,9.018442],[38.760259,9.018497],[38.760444,9.01846],[38.760603,9.018383],[38.761694,9.017583],[38.762064,9.017354],[38.763107,9.01715],[38.764104,9.017006],[38.764502,9.017006]]}},{"type":"Feature","properties":{"mode":"bus","n":9,"arr":["AB022","AB032","AB057","AB061","AB070","AB071","AB102","AB128","SH070"],"lines":"AB022, AB032, AB057, AB061, AB070, AB071, AB102, AB128, SH070"},"geometry":{"type":"LineString","coordinates":[[38.768201,9.016514],[38.769363,9.016382],[38.769819,9.01628],[38.770129,9.016169],[38.770144,9.016166],[38.770156,9.016169],[38.770164,9.016178],[38.770168,9.016193],[38.770311,9.01724],[38.770392,9.017636]]}},{"type":"Feature","properties":{"mode":"bus","n":9,"arr":["AB022","AB032","AB057","AB061","AB070","AB071","AB102","AB128","SH070"],"lines":"AB022, AB032, AB057, AB061, AB070, AB071, AB102, AB128, SH070"},"geometry":{"type":"LineString","coordinates":[[38.77041,9.017749],[38.77075,9.019895],[38.77081,9.020072],[38.770898,9.020204],[38.771024,9.020316],[38.771155,9.020382],[38.772195,9.020813],[38.772948,9.021085],[38.773124,9.021169],[38.77398,9.021714],[38.774464,9.022064],[38.776135,9.023159],[38.776359,9.023228]]}},{"type":"Feature","properties":{"mode":"bus","n":9,"arr":["AB022","AB032","AB057","AB061","AB070","AB071","AB102","AB128","SH070"],"lines":"AB022, AB032, AB057, AB061, AB070, AB071, AB102, AB128, SH070"},"geometry":{"type":"LineString","coordinates":[[38.770477,9.018853],[38.770287,9.017711],[38.770074,9.016186]]}},{"type":"Feature","properties":{"mode":"bus","n":11,"arr":["AB022","AB032","AB057","AB061","AB070","AB071","AB102","AB128","Gl007","Gl009","SH070"],"lines":"AB022, AB032, AB057, AB061, AB070, AB071, AB102, AB128, Gl007, Gl009, SH070"},"geometry":{"type":"LineString","coordinates":[[38.770392,9.017636],[38.77041,9.017749]]}},{"type":"Feature","properties":{"mode":"bus","n":10,"arr":["AB022","AB032","AB057","AB061","AB071","AB102","AB128","ADK042","LID010","SH070"],"lines":"AB022, AB032, AB057, AB061, AB071, AB102, AB128, ADK042, LID010, SH070"},"geometry":{"type":"LineString","coordinates":[[38.776645,9.023228],[38.776814,9.023301],[38.777124,9.023354],[38.778468,9.023363],[38.779106,9.023346],[38.779986,9.023186],[38.780157,9.02319],[38.780342,9.02324]]}},{"type":"Feature","properties":{"mode":"bus","n":10,"arr":["AB022","AB032","AB057","AB061","AB071","AB102","AB128","ADK042","LID010","SH070"],"lines":"AB022, AB032, AB057, AB061, AB071, AB102, AB128, ADK042, LID010, SH070"},"geometry":{"type":"LineString","coordinates":[[38.780663,9.023328],[38.781186,9.023441],[38.782441,9.023193],[38.789597,9.021419],[38.789733,9.021398],[38.790485,9.021404],[38.790741,9.021387],[38.792129,9.021223],[38.793981,9.021103],[38.794803,9.020986]]}},{"type":"Feature","properties":{"mode":"bus","n":8,"arr":["AB022","AB032","AB057","AB061","AB071","AB102","AB128","SH070"],"lines":"AB022, AB032, AB057, AB061, AB071, AB102, AB128, SH070"},"geometry":{"type":"LineString","coordinates":[[38.780342,9.02324],[38.780539,9.023208],[38.780711,9.023127],[38.780722,9.023123],[38.78073,9.023123],[38.780734,9.023127],[38.780735,9.023134],[38.780731,9.023146],[38.780663,9.023328]]}},{"type":"Feature","properties":{"mode":"bus","n":5,"arr":["AB022","AB032","AB057","AB061","AB102"],"lines":"AB022, AB032, AB057, AB061, AB102"},"geometry":{"type":"LineString","coordinates":[[38.780832,9.023264],[38.78081,9.023358]]}},{"type":"Feature","properties":{"mode":"bus","n":11,"arr":["AB022","AB032","AB057","AB061","AB071","AB081","AB102","AB128","ADK042","LID010","SH070"],"lines":"AB022, AB032, AB057, AB061, AB071, AB081, AB102, AB128, ADK042, LID010, SH070"},"geometry":{"type":"LineString","coordinates":[[38.794803,9.020986],[38.794919,9.020978]]}},{"type":"Feature","properties":{"mode":"bus","n":6,"arr":["AB022","AB032","AB057","AB102","AB128","SH070"],"lines":"AB022, AB032, AB057, AB102, AB128, SH070"},"geometry":{"type":"LineString","coordinates":[[38.794919,9.020978],[38.794913,9.021076]]}},{"type":"Feature","properties":{"mode":"bus","n":8,"arr":["AB022","AB032","AB057","AB102","AB128","ADK057","SH070","YK017"],"lines":"AB022, AB032, AB057, AB102, AB128, ADK057, SH070, YK017"},"geometry":{"type":"LineString","coordinates":[[38.795948,9.024522],[38.795044,9.022968],[38.794865,9.022534],[38.794834,9.022397],[38.794913,9.021076]]}},{"type":"Feature","properties":{"mode":"bus","n":12,"arr":["AB022","AB061","AB079","AB119","Bole006","Bole007","D23","D25","D46","Kal033","SH066","SH067"],"lines":"AB022, AB061, AB079, AB119, Bole006, Bole007, D23, D25, D46, Kal033, SH066, SH067"},"geometry":{"type":"LineString","coordinates":[[38.803365,9.019592],[38.802462,9.01943]]}},{"type":"Feature","properties":{"mode":"bus","n":22,"arr":["AB022","AB061","AB079","AB119","AB127","Bole005","Bole006","Bole007","D23","D25","D46","Kal033","LK004","LK007","LK009","LK010","LK013","LK016","SH066","SH067","YK010","YK016"],"lines":"AB022, AB061, AB079, AB119, AB127, Bole005, Bole006, Bole007, D23, D25, D46, Kal033, LK004, LK007, LK009, LK010, LK013, LK016, SH066, SH067, YK010, YK016"},"geometry":{"type":"LineString","coordinates":[[38.803465,9.019613],[38.803365,9.019592]]}},{"type":"Feature","properties":{"mode":"bus","n":23,"arr":["AB022","AB061","AB079","AB119","AB127","Bole005","Bole006","Bole007","Bole022","D23","D25","D46","Kal033","LK004","LK007","LK009","LK010","LK013","LK016","SH066","SH067","YK010","YK016"],"lines":"AB022, AB061, AB079, AB119, AB127, Bole005, Bole006, Bole007, Bole022, D23, D25, D46, Kal033, LK004, LK007, LK009, LK010, LK013, LK016, SH066, SH067, YK010, YK016"},"geometry":{"type":"LineString","coordinates":[[38.803465,9.019613],[38.804558,9.019843]]}},{"type":"Feature","properties":{"mode":"bus","n":23,"arr":["AB022","AB061","AB079","AB119","AB127","Bole005","Bole006","Bole007","Bole022","D23","D25","D46","Kal033","LK004","LK007","LK009","LK010","LK013","LK016","SH066","SH067","YK010","YK016"],"lines":"AB022, AB061, AB079, AB119, AB127, Bole005, Bole006, Bole007, Bole022, D23, D25, D46, Kal033, LK004, LK007, LK009, LK010, LK013, LK016, SH066, SH067, YK010, YK016"},"geometry":{"type":"LineString","coordinates":[[38.807617,9.020363],[38.808315,9.0204],[38.808899,9.020358],[38.809363,9.020287],[38.811019,9.019945],[38.811695,9.019828],[38.812228,9.019774],[38.813281,9.019712]]}},{"type":"Feature","properties":{"mode":"bus","n":16,"arr":["AB022","AB061","AB079","AB119","AB127","Bole006","Bole022","D23","D25","D46","Kal033","LK004","LK007","SH066","SH067","YK010"],"lines":"AB022, AB061, AB079, AB119, AB127, Bole006, Bole022, D23, D25, D46, Kal033, LK004, LK007, SH066, SH067, YK010"},"geometry":{"type":"LineString","coordinates":[[38.804558,9.019843],[38.807617,9.020363]]}},{"type":"Feature","properties":{"mode":"bus","n":26,"arr":["AB022","AB049","AB061","AB079","AB097","AB101","AB119","AB127","Bole005","Bole006","Bole007","Bole022","D23","D25","D46","Kal033","LK004","LK007","LK009","LK010","LK013","LK016","SH066","SH067","YK010","YK016"],"lines":"AB022, AB049, AB061, AB079, AB097, AB101, AB119, AB127, Bole005, Bole006, Bole007, Bole022, D23, D25, D46, Kal033, LK004, LK007, LK009, LK010, LK013, LK016, SH066, SH067, YK010, YK016"},"geometry":{"type":"LineString","coordinates":[[38.813281,9.019712],[38.813369,9.019711]]}},{"type":"Feature","properties":{"mode":"bus","n":24,"arr":["AB022","AB049","AB061","AB079","AB097","AB101","AB119","AB127","Bole005","Bole006","Bole007","Bole022","D23","D25","D46","LK004","LK007","LK009","LK010","LK013","LK016","SH066","SH067","YK010"],"lines":"AB022, AB049, AB061, AB079, AB097, AB101, AB119, AB127, Bole005, Bole006, Bole007, Bole022, D23, D25, D46, LK004, LK007, LK009, LK010, LK013, LK016, SH066, SH067, YK010"},"geometry":{"type":"LineString","coordinates":[[38.813369,9.019711],[38.814187,9.019676],[38.817175,9.019464],[38.818314,9.019277],[38.820145,9.018937]]}},{"type":"Feature","properties":{"mode":"bus","n":25,"arr":["AB022","AB049","AB061","AB079","AB097","AB101","AB119","AB127","Bole005","Bole006","Bole007","Bole022","D23","D25","D46","LK004","LK007","LK009","LK010","LK013","LK016","SH066","SH067","TX065","YK010"],"lines":"AB022, AB049, AB061, AB079, AB097, AB101, AB119, AB127, Bole005, Bole006, Bole007, Bole022, D23, D25, D46, LK004, LK007, LK009, LK010, LK013, LK016, SH066, SH067, TX065, YK010"},"geometry":{"type":"LineString","coordinates":[[38.820145,9.018937],[38.82083,9.018816]]}},{"type":"Feature","properties":{"mode":"bus","n":23,"arr":["AB022","AB049","AB061","AB079","AB097","AB101","AB119","AB127","Bole005","Bole006","Bole007","D23","D25","D46","LK004","LK007","LK009","LK010","LK013","LK016","SH066","SH067","YK010"],"lines":"AB022, AB049, AB061, AB079, AB097, AB101, AB119, AB127, Bole005, Bole006, Bole007, D23, D25, D46, LK004, LK007, LK009, LK010, LK013, LK016, SH066, SH067, YK010"},"geometry":{"type":"LineString","coordinates":[[38.82083,9.018816],[38.821559,9.018751],[38.82235,9.018751],[38.822804,9.018788],[38.823537,9.018914],[38.824084,9.019061],[38.825462,9.019558]]}},{"type":"Feature","properties":{"mode":"bus","n":22,"arr":["AB022","AB049","AB061","AB079","AB097","AB101","AB119","AB127","Bole005","Bole006","Bole007","D23","D25","D46","LK004","LK009","LK010","LK013","LK016","SH066","SH067","YK010"],"lines":"AB022, AB049, AB061, AB079, AB097, AB101, AB119, AB127, Bole005, Bole006, Bole007, D23, D25, D46, LK004, LK009, LK010, LK013, LK016, SH066, SH067, YK010"},"geometry":{"type":"LineString","coordinates":[[38.825462,9.019558],[38.825897,9.019715]]}},{"type":"Feature","properties":{"mode":"bus","n":5,"arr":["AB022","Bole022","LK001","LK004","LK013"],"lines":"AB022, Bole022, LK001, LK004, LK013"},"geometry":{"type":"LineString","coordinates":[[38.851685,9.001274],[38.851729,9.000957],[38.851695,9.000008],[38.851641,8.999802],[38.851592,8.99939],[38.851554,8.99841],[38.851462,8.997456],[38.851345,8.99668],[38.851303,8.996258],[38.851301,8.995786],[38.851343,8.995356],[38.851446,8.994741],[38.851542,8.99439]]}},{"type":"Feature","properties":{"mode":"bus","n":5,"arr":["AB022","Bole022","LK001","LK004","LK013"],"lines":"AB022, Bole022, LK001, LK004, LK013"},"geometry":{"type":"LineString","coordinates":[[38.851829,8.994458],[38.851736,8.994773],[38.851629,8.995379],[38.851596,8.996009],[38.85162,8.996485],[38.851827,8.997968],[38.851865,8.998479],[38.851884,8.998933],[38.851842,8.99985],[38.8519,9.000977],[38.851974,9.001257]]}},{"type":"Feature","properties":{"mode":"bus","n":6,"arr":["AB022","AB042","LK001","LK004","LK013","SH078"],"lines":"AB022, AB042, LK001, LK004, LK013, SH078"},"geometry":{"type":"LineString","coordinates":[[38.852295,8.993041],[38.85212,8.993654]]}},{"type":"Feature","properties":{"mode":"bus","n":7,"arr":["AB022","Bole008","Bole022","LK001","LK004","LK013","LK015"],"lines":"AB022, Bole008, Bole022, LK001, LK004, LK013, LK015"},"geometry":{"type":"LineString","coordinates":[[38.851962,9.003828],[38.851976,9.003961]]}},{"type":"Feature","properties":{"mode":"bus","n":23,"arr":["AB022","AB061","AB079","AB083","AB097","AB119","AB127","Bole005","Bole006","Bole007","Bole022","D23","D25","D46","LK004","LK007","LK009","LK010","LK013","LK016","SH066","SH067","YK010"],"lines":"AB022, AB061, AB079, AB083, AB097, AB119, AB127, Bole005, Bole006, Bole007, Bole022, D23, D25, D46, LK004, LK007, LK009, LK010, LK013, LK016, SH066, SH067, YK010"},"geometry":{"type":"LineString","coordinates":[[38.826063,9.020061],[38.825,9.019612],[38.824128,9.019288],[38.82381,9.019186],[38.823097,9.019036],[38.822099,9.018956],[38.821483,9.018967],[38.820492,9.019084],[38.819893,9.019211]]}},{"type":"Feature","properties":{"mode":"bus","n":21,"arr":["AB022","AB061","AB079","AB083","AB119","AB127","Bole005","Bole006","Bole007","Bole022","D23","D46","LK004","LK007","LK009","LK010","LK013","LK016","SH066","SH067","YK010"],"lines":"AB022, AB061, AB079, AB083, AB119, AB127, Bole005, Bole006, Bole007, Bole022, D23, D46, LK004, LK007, LK009, LK010, LK013, LK016, SH066, SH067, YK010"},"geometry":{"type":"LineString","coordinates":[[38.819893,9.019211],[38.817886,9.019597],[38.81695,9.019737]]}},{"type":"Feature","properties":{"mode":"bus","n":11,"arr":["AB022","AB029","AB032","AB057","AB061","AB071","AB102","AB128","ADK042","LID010","SH070"],"lines":"AB022, AB029, AB032, AB057, AB061, AB071, AB102, AB128, ADK042, LID010, SH070"},"geometry":{"type":"LineString","coordinates":[[38.780328,9.023333],[38.77998,9.023284],[38.779138,9.023422],[38.77883,9.023438]]}},{"type":"Feature","properties":{"mode":"bus","n":11,"arr":["AB022","AB029","AB032","AB057","AB061","AB070","AB071","AB073","AB102","AB128","SH070"],"lines":"AB022, AB029, AB032, AB057, AB061, AB070, AB071, AB073, AB102, AB128, SH070"},"geometry":{"type":"LineString","coordinates":[[38.752626,9.017287],[38.754375,9.017435]]}},{"type":"Feature","properties":{"mode":"bus","n":20,"arr":["AB022","AB029","AB032","AB036","AB057","AB058","AB061","AB062","AB067","AB070","AB071","AB073","AB090","AB102","AB105","AB128","ADK015","Kal012","Kal032","SH070"],"lines":"AB022, AB029, AB032, AB036, AB057, AB058, AB061, AB062, AB067, AB070, AB071, AB073, AB090, AB102, AB105, AB128, ADK015, Kal012, Kal032, SH070"},"geometry":{"type":"LineString","coordinates":[[38.752523,9.017273],[38.752626,9.017287]]}},{"type":"Feature","properties":{"mode":"bus","n":11,"arr":["AB022","AB032","AB045","AB057","AB061","AB102","ADK020","ADK021","ARD004","KRK006","Lafto017"],"lines":"AB022, AB032, AB045, AB057, AB061, AB102, ADK020, ADK021, ARD004, KRK006, Lafto017"},"geometry":{"type":"LineString","coordinates":[[38.752541,9.017134],[38.752523,9.017273]]}},{"type":"Feature","properties":{"mode":"bus","n":14,"arr":["AB022","AB032","AB036","AB045","AB057","AB058","AB061","AB062","AB090","AB102","AB105","ARD004","KRK006","Lafto017"],"lines":"AB022, AB032, AB036, AB045, AB057, AB058, AB061, AB062, AB090, AB102, AB105, ARD004, KRK006, Lafto017"},"geometry":{"type":"LineString","coordinates":[[38.752574,9.016536],[38.752526,9.017008],[38.752541,9.017134]]}},{"type":"Feature","properties":{"mode":"bus","n":12,"arr":["AB022","AB036","AB045","AB057","AB058","AB062","AB090","AB102","AB105","ARD004","KRK006","Lafto017"],"lines":"AB022, AB036, AB045, AB057, AB058, AB062, AB090, AB102, AB105, ARD004, KRK006, Lafto017"},"geometry":{"type":"LineString","coordinates":[[38.75296,9.0121],[38.752907,9.012924],[38.752574,9.016536]]}},{"type":"Feature","properties":{"mode":"bus","n":11,"arr":["AB022","AB036","AB045","AB057","AB058","AB062","AB090","AB102","AB105","ARD004","KRK006"],"lines":"AB022, AB036, AB045, AB057, AB058, AB062, AB090, AB102, AB105, ARD004, KRK006"},"geometry":{"type":"LineString","coordinates":[[38.75296,9.0121],[38.752977,9.011881]]}},{"type":"Feature","properties":{"mode":"bus","n":14,"arr":["AB022","AB025","AB036","AB045","AB055","AB057","AB058","AB060","AB062","AB090","AB102","AB105","ARD004","KRK006"],"lines":"AB022, AB025, AB036, AB045, AB055, AB057, AB058, AB060, AB062, AB090, AB102, AB105, ARD004, KRK006"},"geometry":{"type":"LineString","coordinates":[[38.752977,9.011881],[38.753003,9.011702]]}},{"type":"Feature","properties":{"mode":"bus","n":12,"arr":["AB022","AB025","AB036","AB045","AB055","AB057","AB058","AB060","AB062","AB090","AB102","AB105"],"lines":"AB022, AB025, AB036, AB045, AB055, AB057, AB058, AB060, AB062, AB090, AB102, AB105"},"geometry":{"type":"LineString","coordinates":[[38.753003,9.011702],[38.753054,9.011436]]}},{"type":"Feature","properties":{"mode":"bus","n":17,"arr":["AB022","AB025","AB036","AB045","AB055","AB057","AB058","AB060","AB062","AB068","AB090","AB102","AB105","ADK015","Kal012","Kal032","Kal035"],"lines":"AB022, AB025, AB036, AB045, AB055, AB057, AB058, AB060, AB062, AB068, AB090, AB102, AB105, ADK015, Kal012, Kal032, Kal035"},"geometry":{"type":"LineString","coordinates":[[38.753054,9.011436],[38.752992,9.010983],[38.753009,9.010845],[38.753094,9.010728],[38.753219,9.01065]]}},{"type":"Feature","properties":{"mode":"bus","n":19,"arr":["AB023","AB052","ADK008","ADK013","ADK015","ADK023","ADK024","ADK053","ADK055","ARD013","B37","Bole016","Bole020","Kal012","Kal035","Kolfa042","KRK006","TX001","YK019"],"lines":"AB023, AB052, ADK008, ADK013, ADK015, ADK023, ADK024, ADK053, ADK055, ARD013, B37, Bole016, Bole020, Kal012, Kal035, Kolfa042, KRK006, TX001, YK019"},"geometry":{"type":"LineString","coordinates":[[38.734811,9.034259],[38.735705,9.034376]]}},{"type":"Feature","properties":{"mode":"bus","n":12,"arr":["AB023","AB080","AB089","AB112","ADK008","ADK058","Gl005","SH035","SH080","YK001","YK006","YK011"],"lines":"AB023, AB080, AB089, AB112, ADK008, ADK058, Gl005, SH035, SH080, YK001, YK006, YK011"},"geometry":{"type":"LineString","coordinates":[[38.762777,9.043336],[38.762952,9.043314],[38.76366,9.043088],[38.764008,9.042947],[38.76732,9.041174]]}},{"type":"Feature","properties":{"mode":"bus","n":12,"arr":["AB023","AB080","AB089","AB112","ADK008","ADK058","Gl005","SH035","SH080","YK001","YK006","YK011"],"lines":"AB023, AB080, AB089, AB112, ADK008, ADK058, Gl005, SH035, SH080, YK001, YK006, YK011"},"geometry":{"type":"LineString","coordinates":[[38.771935,9.038833],[38.771986,9.038815]]}},{"type":"Feature","properties":{"mode":"bus","n":13,"arr":["AB023","AB068","AB080","AB089","AB112","ADK008","ADK058","Gl005","SH035","SH080","YK001","YK006","YK011"],"lines":"AB023, AB068, AB080, AB089, AB112, ADK008, ADK058, Gl005, SH035, SH080, YK001, YK006, YK011"},"geometry":{"type":"LineString","coordinates":[[38.76732,9.041174],[38.768767,9.04042],[38.77062,9.039406],[38.771212,9.039132],[38.771935,9.038833]]}},{"type":"Feature","properties":{"mode":"bus","n":13,"arr":["AB023","AB080","AB083","AB089","AB112","ADK008","ADK058","Gl005","SH035","SH080","YK001","YK006","YK011"],"lines":"AB023, AB080, AB083, AB089, AB112, ADK008, ADK058, Gl005, SH035, SH080, YK001, YK006, YK011"},"geometry":{"type":"LineString","coordinates":[[38.771986,9.038815],[38.77287,9.03851]]}},{"type":"Feature","properties":{"mode":"bus","n":10,"arr":["AB023","AB080","AB083","AB112","Gl005","SH035","SH080","YK001","YK006","YK011"],"lines":"AB023, AB080, AB083, AB112, Gl005, SH035, SH080, YK001, YK006, YK011"},"geometry":{"type":"LineString","coordinates":[[38.777142,9.03493],[38.775612,9.035001],[38.775332,9.035083],[38.775045,9.035255],[38.774937,9.035367],[38.77478,9.035603],[38.774699,9.035767],[38.773743,9.038284],[38.773665,9.038357],[38.773589,9.038389],[38.773046,9.038577]]}},{"type":"Feature","properties":{"mode":"bus","n":12,"arr":["AB023","AB068","AB080","AB112","ADK008","ADK058","Gl005","SH035","SH080","YK001","YK006","YK011"],"lines":"AB023, AB068, AB080, AB112, ADK008, ADK058, Gl005, SH035, SH080, YK001, YK006, YK011"},"geometry":{"type":"LineString","coordinates":[[38.773046,9.038577],[38.771698,9.039059],[38.771213,9.039257],[38.770123,9.039813],[38.76405,9.043043],[38.763716,9.043175],[38.76284,9.043464]]}},{"type":"Feature","properties":{"mode":"bus","n":11,"arr":["AB023","AB068","AB080","AB112","ADK008","ADK058","Gl005","SH035","SH080","YK001","YK006"],"lines":"AB023, AB068, AB080, AB112, ADK008, ADK058, Gl005, SH035, SH080, YK001, YK006"},"geometry":{"type":"LineString","coordinates":[[38.762831,9.043556],[38.762756,9.043618]]}},{"type":"Feature","properties":{"mode":"bus","n":10,"arr":["AB023","AB030","AB041","AB052","AB088","ADK055","ARD013","B37","Kal035","Kolfa042"],"lines":"AB023, AB030, AB041, AB052, AB088, ADK055, ARD013, B37, Kal035, Kolfa042"},"geometry":{"type":"LineString","coordinates":[[38.734183,9.034273],[38.733778,9.034226]]}},{"type":"Feature","properties":{"mode":"bus","n":8,"arr":["AB023","AB030","AB041","AB088","ADK055","ARD013","Kal035","Kolfa042"],"lines":"AB023, AB030, AB041, AB088, ADK055, ARD013, Kal035, Kolfa042"},"geometry":{"type":"LineString","coordinates":[[38.733778,9.034226],[38.732551,9.034042]]}},{"type":"Feature","properties":{"mode":"bus","n":14,"arr":["AB024","ADK011","ADK012","ADK014","ADK016","B19","Kolfa017","Kolfa021","Lafto011","Lafto027","Lafto042","SH009","SH010","SH040"],"lines":"AB024, ADK011, ADK012, ADK014, ADK016, B19, Kolfa017, Kolfa021, Lafto011, Lafto027, Lafto042, SH009, SH010, SH040"},"geometry":{"type":"LineString","coordinates":[[38.732925,9.029306],[38.732964,9.029099]]}},{"type":"Feature","properties":{"mode":"bus","n":8,"arr":["AB025","Kal008","Kal009","Kal030","Kal034","Kal035","Lafto038","Lafto039"],"lines":"AB025, Kal008, Kal009, Kal030, Kal034, Kal035, Lafto038, Lafto039"},"geometry":{"type":"LineString","coordinates":[[38.786984,8.876577],[38.788505,8.874534],[38.788736,8.874121],[38.788806,8.873902],[38.788869,8.873522],[38.788872,8.873313],[38.78873,8.86975]]}},{"type":"Feature","properties":{"mode":"bus","n":8,"arr":["AB025","Kal008","Kal009","Kal030","Kal034","Kal035","Lafto038","Lafto039"],"lines":"AB025, Kal008, Kal009, Kal030, Kal034, Kal035, Lafto038, Lafto039"},"geometry":{"type":"LineString","coordinates":[[38.788655,8.86974],[38.788802,8.87333],[38.788795,8.873606],[38.788767,8.873787],[38.788673,8.874084],[38.788448,8.874493],[38.787136,8.876229]]}},{"type":"Feature","properties":{"mode":"bus","n":9,"arr":["AB025","Kal008","Kal009","Kal030","Kal034","Kal035","Lafto038","Lafto039","SH093"],"lines":"AB025, Kal008, Kal009, Kal030, Kal034, Kal035, Lafto038, Lafto039, SH093"},"geometry":{"type":"LineString","coordinates":[[38.786889,8.876572],[38.786984,8.876577]]}},{"type":"Feature","properties":{"mode":"bus","n":8,"arr":["AB025","Kal009","Kal030","Kal034","Kal035","Lafto038","Lafto039","Lafto043"],"lines":"AB025, Kal009, Kal030, Kal034, Kal035, Lafto038, Lafto039, Lafto043"},"geometry":{"type":"LineString","coordinates":[[38.786889,8.876572],[38.786658,8.876868],[38.786524,8.87698],[38.785818,8.877912],[38.784881,8.879265],[38.784832,8.879389],[38.784564,8.880484],[38.784568,8.880689],[38.784616,8.880971],[38.78489,8.881966],[38.785122,8.882371]]}},{"type":"Feature","properties":{"mode":"bus","n":8,"arr":["AB025","Kal009","Kal030","Kal034","Kal035","Lafto038","Lafto039","Lafto043"],"lines":"AB025, Kal009, Kal030, Kal034, Kal035, Lafto038, Lafto039, Lafto043"},"geometry":{"type":"LineString","coordinates":[[38.782563,8.886499],[38.780265,8.887924],[38.779776,8.888269],[38.779588,8.888426],[38.777093,8.890858],[38.776376,8.891465],[38.776366,8.891477],[38.776364,8.891491],[38.776371,8.891505],[38.776404,8.891546]]}},{"type":"Feature","properties":{"mode":"bus","n":6,"arr":["AB025","Kal030","Kal034","Kal035","Lafto038","Lafto039"],"lines":"AB025, Kal030, Kal034, Kal035, Lafto038, Lafto039"},"geometry":{"type":"LineString","coordinates":[[38.782113,8.886875],[38.784291,8.885526],[38.784795,8.885176],[38.78569,8.884421],[38.785909,8.884121],[38.785991,8.883876],[38.786026,8.883685],[38.786028,8.883477],[38.78597,8.883246],[38.785883,8.883044],[38.785767,8.882856],[38.785617,8.882699],[38.785432,8.882571],[38.785182,8.882331],[38.785084,8.88219],[38.784836,8.881627],[38.784713,8.881168],[38.784627,8.880702],[38.784699,8.880235],[38.784815,8.879729],[38.784906,8.879451],[38.785335,8.878744],[38.78578,8.878085],[38.78658,8.877031],[38.786658,8.876868]]}},{"type":"Feature","properties":{"mode":"bus","n":7,"arr":["AB025","Kal011","Kal030","Kal034","Kal035","Lafto038","Lafto039"],"lines":"AB025, Kal011, Kal030, Kal034, Kal035, Lafto038, Lafto039"},"geometry":{"type":"LineString","coordinates":[[38.776404,8.891546],[38.777155,8.890911],[38.777678,8.890421],[38.779643,8.888493],[38.779844,8.888321],[38.780319,8.887988],[38.782113,8.886875]]}},{"type":"Feature","properties":{"mode":"bus","n":9,"arr":["AB025","Kal009","Kal011","Kal030","Kal034","Kal035","Lafto038","Lafto039","Lafto043"],"lines":"AB025, Kal009, Kal011, Kal030, Kal034, Kal035, Lafto038, Lafto039, Lafto043"},"geometry":{"type":"LineString","coordinates":[[38.776404,8.891546],[38.773985,8.893831],[38.773213,8.894635],[38.772975,8.894681]]}},{"type":"Feature","properties":{"mode":"bus","n":13,"arr":["AB025","AB109","AB110","Kal009","Kal011","Kal021","Kal030","Kal034","Kal035","Lafto038","Lafto039","SH091","SH093"],"lines":"AB025, AB109, AB110, Kal009, Kal011, Kal021, Kal030, Kal034, Kal035, Lafto038, Lafto039, SH091, SH093"},"geometry":{"type":"LineString","coordinates":[[38.773213,8.894635],[38.773134,8.89474]]}},{"type":"Feature","properties":{"mode":"bus","n":14,"arr":["AB025","AB098","AB109","AB110","Kal009","Kal011","Kal021","Kal030","Kal034","Kal035","Lafto038","Lafto039","SH091","SH093"],"lines":"AB025, AB098, AB109, AB110, Kal009, Kal011, Kal021, Kal030, Kal034, Kal035, Lafto038, Lafto039, SH091, SH093"},"geometry":{"type":"LineString","coordinates":[[38.773134,8.89474],[38.77298,8.894921]]}},{"type":"Feature","properties":{"mode":"bus","n":30,"arr":["AB025","AB098","AB109","AB110","ADK015","ARD004","Kal002","Kal003","Kal009","Kal011","Kal012","Kal013","Kal017","Kal021","Kal022","Kal030","Kal032","Kal033","Kal034","Kal035","KRK008","Lafto012","Lafto038","Lafto039","Lafto043","Lafto045","SH090","SH091","SH093","YK009"],"lines":"AB025, AB098, AB109, AB110, ADK015, ARD004, Kal002, Kal003, Kal009, Kal011, Kal012, Kal013, Kal017, Kal021, Kal022, Kal030, Kal032, Kal033, Kal034, Kal035, KRK008, Lafto012, Lafto038, Lafto039, Lafto043, Lafto045, SH090, SH091, SH093, YK009"},"geometry":{"type":"LineString","coordinates":[[38.77298,8.894921],[38.772182,8.895764]]}},{"type":"Feature","properties":{"mode":"bus","n":30,"arr":["AB025","AB098","AB109","AB110","ADK015","ARD004","Kal002","Kal003","Kal009","Kal011","Kal012","Kal013","Kal017","Kal021","Kal022","Kal030","Kal032","Kal033","Kal034","Kal035","KRK008","Lafto012","Lafto038","Lafto039","Lafto043","Lafto045","SH090","SH091","SH093","YK009"],"lines":"AB025, AB098, AB109, AB110, ADK015, ARD004, Kal002, Kal003, Kal009, Kal011, Kal012, Kal013, Kal017, Kal021, Kal022, Kal030, Kal032, Kal033, Kal034, Kal035, KRK008, Lafto012, Lafto038, Lafto039, Lafto043, Lafto045, SH090, SH091, SH093, YK009"},"geometry":{"type":"LineString","coordinates":[[38.772834,8.894825],[38.772259,8.895409]]}},{"type":"Feature","properties":{"mode":"bus","n":33,"arr":["AB025","AB098","AB109","AB110","ADK015","ARD004","ARD011","Kal002","Kal003","Kal009","Kal011","Kal012","Kal013","Kal017","Kal021","Kal022","Kal030","Kal032","Kal033","Kal034","Kal035","KRK008","Lafto012","Lafto028","Lafto038","Lafto039","Lafto043","Lafto045","SH090","SH091","SH093","TX005","YK009"],"lines":"AB025, AB098, AB109, AB110, ADK015, ARD004, ARD011, Kal002, Kal003, Kal009, Kal011, Kal012, Kal013, Kal017, Kal021, Kal022, Kal030, Kal032, Kal033, Kal034, Kal035, KRK008, Lafto012, Lafto028, Lafto038, Lafto039, Lafto043, Lafto045, SH090, SH091, SH093, TX005, YK009"},"geometry":{"type":"LineString","coordinates":[[38.772182,8.895764],[38.772067,8.895908],[38.771935,8.896021]]}},{"type":"Feature","properties":{"mode":"bus","n":37,"arr":["AB025","AB098","AB104","AB109","AB110","ADK015","ARD004","ARD011","Kal001","Kal002","Kal003","Kal009","Kal011","Kal012","Kal013","Kal017","Kal021","Kal022","Kal030","Kal032","Kal033","Kal034","Kal035","KRK008","Lafto012","Lafto028","Lafto038","Lafto039","Lafto043","Lafto045","SH083","SH086","SH090","SH091","SH093","TX005","YK009"],"lines":"AB025, AB098, AB104, AB109, AB110, ADK015, ARD004, ARD011, Kal001, Kal002, Kal003, Kal009, Kal011, Kal012, Kal013, Kal017, Kal021, Kal022, Kal030, Kal032, Kal033, Kal034, Kal035, KRK008, Lafto012, Lafto028, Lafto038, Lafto039, Lafto043, Lafto045, SH083, SH086, SH090, SH091, SH093, TX005, YK009"},"geometry":{"type":"LineString","coordinates":[[38.763322,8.913163],[38.763247,8.913559],[38.763226,8.914541],[38.763234,8.915527],[38.7633,8.916274],[38.76389,8.921077],[38.764164,8.921865]]}},{"type":"Feature","properties":{"mode":"bus","n":15,"arr":["AB025","AB098","AB104","AB109","AB110","Kal011","Kal021","Kal030","Kal034","Kal035","Lafto038","Lafto039","Lafto043","SH091","SH093"],"lines":"AB025, AB098, AB104, AB109, AB110, Kal011, Kal021, Kal030, Kal034, Kal035, Lafto038, Lafto039, Lafto043, SH091, SH093"},"geometry":{"type":"LineString","coordinates":[[38.766948,8.932306],[38.766842,8.932438],[38.764478,8.936074],[38.764437,8.936242]]}},{"type":"Feature","properties":{"mode":"bus","n":16,"arr":["AB025","AB056","AB110","ADK015","ARD002","ARD004","ARD008","Kal012","Kal017","Kal032","Kal035","KRK008","KRK014","SH016","SH028","SH086"],"lines":"AB025, AB056, AB110, ADK015, ARD002, ARD004, ARD008, Kal012, Kal017, Kal032, Kal035, KRK008, KRK014, SH016, SH028, SH086"},"geometry":{"type":"LineString","coordinates":[[38.760226,8.981105],[38.760196,8.981357],[38.760111,8.981749],[38.759669,8.982833],[38.759567,8.983168],[38.759507,8.983516],[38.759495,8.984047],[38.759793,8.985671]]}},{"type":"Feature","properties":{"mode":"bus","n":16,"arr":["AB025","AB056","AB110","ADK015","ARD002","ARD004","ARD008","Kal012","Kal017","Kal032","Kal035","KRK008","KRK011","KRK014","SH016","SH028"],"lines":"AB025, AB056, AB110, ADK015, ARD002, ARD004, ARD008, Kal012, Kal017, Kal032, Kal035, KRK008, KRK011, KRK014, SH016, SH028"},"geometry":{"type":"LineString","coordinates":[[38.75923,9.010231],[38.759343,9.011008]]}},{"type":"Feature","properties":{"mode":"bus","n":13,"arr":["AB025","ADK015","ARD002","ARD004","ARD008","Kal012","Kal017","Kal032","Kal035","KRK008","KRK011","KRK014","SH016"],"lines":"AB025, ADK015, ARD002, ARD004, ARD008, Kal012, Kal017, Kal032, Kal035, KRK008, KRK011, KRK014, SH016"},"geometry":{"type":"LineString","coordinates":[[38.759343,9.011008],[38.759406,9.011551]]}},{"type":"Feature","properties":{"mode":"bus","n":9,"arr":["AB025","AB031","AB045","AB060","AB068","ADK015","Kal012","Kal032","Kal035"],"lines":"AB025, AB031, AB045, AB060, AB068, ADK015, Kal012, Kal032, Kal035"},"geometry":{"type":"LineString","coordinates":[[38.753219,9.01065],[38.753359,9.010613]]}},{"type":"Feature","properties":{"mode":"bus","n":7,"arr":["AB025","AB031","AB045","AB060","AB061","AB068","AB105"],"lines":"AB025, AB031, AB045, AB060, AB061, AB068, AB105"},"geometry":{"type":"LineString","coordinates":[[38.753359,9.010613],[38.753348,9.010762],[38.753298,9.01096]]}},{"type":"Feature","properties":{"mode":"bus","n":5,"arr":["AB025","AB031","AB055","AB060","AB068"],"lines":"AB025, AB031, AB055, AB060, AB068"},"geometry":{"type":"LineString","coordinates":[[38.753208,9.011504],[38.753384,9.011747]]}},{"type":"Feature","properties":{"mode":"bus","n":5,"arr":["AB025","Kal017","KRK008","KRK011","KRK014"],"lines":"AB025, Kal017, KRK008, KRK011, KRK014"},"geometry":{"type":"LineString","coordinates":[[38.758966,9.01153],[38.759063,9.011452],[38.759178,9.011272]]}},{"type":"Feature","properties":{"mode":"bus","n":12,"arr":["AB025","AB056","AB110","ARD002","ARD004","ARD008","Kal017","KRK008","KRK011","KRK014","SH016","SH028"],"lines":"AB025, AB056, AB110, ARD002, ARD004, ARD008, Kal017, KRK008, KRK011, KRK014, SH016, SH028"},"geometry":{"type":"LineString","coordinates":[[38.759178,9.011272],[38.759064,9.010378]]}},{"type":"Feature","properties":{"mode":"bus","n":14,"arr":["AB025","AB056","AB110","ARD002","ARD004","ARD008","Kal017","Kal035","KRK008","KRK011","KRK014","SH016","SH028","SH086"],"lines":"AB025, AB056, AB110, ARD002, ARD004, ARD008, Kal017, Kal035, KRK008, KRK011, KRK014, SH016, SH028, SH086"},"geometry":{"type":"LineString","coordinates":[[38.75876,9.005473],[38.758714,9.004193]]}},{"type":"Feature","properties":{"mode":"bus","n":19,"arr":["AB025","AB056","AB110","ADK015","ARD002","ARD004","ARD008","Kal006","Kal012","Kal017","Kal032","Kal035","KRK008","KRK011","KRK014","KRK015","SH016","SH028","SH086"],"lines":"AB025, AB056, AB110, ADK015, ARD002, ARD004, ARD008, Kal006, Kal012, Kal017, Kal032, Kal035, KRK008, KRK011, KRK014, KRK015, SH016, SH028, SH086"},"geometry":{"type":"LineString","coordinates":[[38.759108,8.99021],[38.759287,8.989365],[38.759782,8.98751],[38.759809,8.986756],[38.759759,8.986153],[38.759697,8.985739]]}},{"type":"Feature","properties":{"mode":"bus","n":18,"arr":["AB025","AB056","AB110","ADK015","ARD002","ARD004","ARD008","Kal006","Kal012","Kal017","Kal032","Kal035","KRK008","KRK014","KRK015","SH016","SH028","SH086"],"lines":"AB025, AB056, AB110, ADK015, ARD002, ARD004, ARD008, Kal006, Kal012, Kal017, Kal032, Kal035, KRK008, KRK014, KRK015, SH016, SH028, SH086"},"geometry":{"type":"LineString","coordinates":[[38.759697,8.985739],[38.759399,8.984026],[38.759422,8.983392],[38.759457,8.983186],[38.759556,8.982849],[38.759835,8.98224],[38.760035,8.981706],[38.76011,8.981338],[38.760128,8.980982],[38.760075,8.980308],[38.760035,8.980086],[38.759994,8.979924],[38.759689,8.979144],[38.759584,8.978807],[38.759488,8.978309]]}},{"type":"Feature","properties":{"mode":"bus","n":7,"arr":["AB025","AB109","Kal030","Kal034","Lafto038","Lafto039","Lafto043"],"lines":"AB025, AB109, Kal030, Kal034, Lafto038, Lafto039, Lafto043"},"geometry":{"type":"LineString","coordinates":[[38.766736,8.932242],[38.76663,8.932446],[38.76441,8.935891],[38.764256,8.936034]]}},{"type":"Feature","properties":{"mode":"bus","n":16,"arr":["AB025","AB098","AB109","AB110","Kal009","Kal011","Kal021","Kal030","Kal034","Kal035","Lafto038","Lafto039","Lafto043","SH090","SH091","SH093"],"lines":"AB025, AB098, AB109, AB110, Kal009, Kal011, Kal021, Kal030, Kal034, Kal035, Lafto038, Lafto039, Lafto043, SH090, SH091, SH093"},"geometry":{"type":"LineString","coordinates":[[38.772975,8.894681],[38.772834,8.894825]]}},{"type":"Feature","properties":{"mode":"bus","n":9,"arr":["AB025","Kal009","Kal030","Kal034","Kal035","Lafto038","Lafto039","Lafto043","SH091"],"lines":"AB025, Kal009, Kal030, Kal034, Kal035, Lafto038, Lafto039, Lafto043, SH091"},"geometry":{"type":"LineString","coordinates":[[38.787136,8.876229],[38.786889,8.876572]]}},{"type":"Feature","properties":{"mode":"bus","n":5,"arr":["AB026","AB041","AB051","AB091","SH085"],"lines":"AB026, AB041, AB051, AB091, SH085"},"geometry":{"type":"LineString","coordinates":[[38.737479,9.031697],[38.737637,9.031499]]}},{"type":"Feature","properties":{"mode":"bus","n":28,"arr":["AB026","AB051","AB059","AB065","AB066","AB091","AB123","ADK011","ADK028","ADK043","ARD006","Kolfa001","Kolfa011","Kolfa012","Kolfa013","Kolfa017","Kolfa020","Kolfa021","Kolfa026","Kolfa033","Kolfa034","Kolfa041","Kolfe035","LID003","SH009","SH010","SH040","SH071"],"lines":"AB026, AB051, AB059, AB065, AB066, AB091, AB123, ADK011, ADK028, ADK043, ARD006, Kolfa001, Kolfa011, Kolfa012, Kolfa013, Kolfa017, Kolfa020, Kolfa021, Kolfa026, Kolfa033, Kolfa034, Kolfa041, Kolfe035, LID003, SH009, SH010, SH040, SH071"},"geometry":{"type":"LineString","coordinates":[[38.733016,9.020088],[38.732962,9.01995],[38.732751,9.019624]]}},{"type":"Feature","properties":{"mode":"bus","n":22,"arr":["AB026","AB036","AB036(S)","AB050","AB062","AB066","AB091","Kolfa013","Kolfa019","Kolfa020","Kolfa021","Kolfa022","Kolfa025","Kolfa033","Kolfa041","LID002","LID005","LID007","LID013","SH040","SH068","SH100"],"lines":"AB026, AB036, AB036(S), AB050, AB062, AB066, AB091, Kolfa013, Kolfa019, Kolfa020, Kolfa021, Kolfa022, Kolfa025, Kolfa033, Kolfa041, LID002, LID005, LID007, LID013, SH040, SH068, SH100"},"geometry":{"type":"LineString","coordinates":[[38.696602,8.982701],[38.696998,8.982828],[38.697184,8.982918]]}},{"type":"Feature","properties":{"mode":"bus","n":22,"arr":["AB026","AB036","AB036(S)","AB050","AB062","AB066","AB091","Kolfa013","Kolfa019","Kolfa020","Kolfa021","Kolfa022","Kolfa025","Kolfa033","Kolfa041","LID002","LID005","LID007","LID013","SH040","SH068","SH100"],"lines":"AB026, AB036, AB036(S), AB050, AB062, AB066, AB091, Kolfa013, Kolfa019, Kolfa020, Kolfa021, Kolfa022, Kolfa025, Kolfa033, Kolfa041, LID002, LID005, LID007, LID013, SH040, SH068, SH100"},"geometry":{"type":"LineString","coordinates":[[38.6971,8.982704],[38.696015,8.982515]]}},{"type":"Feature","properties":{"mode":"bus","n":23,"arr":["AB026","AB036","AB036(S)","AB050","AB062","AB066","AB091","AB099","Kolfa013","Kolfa019","Kolfa020","Kolfa021","Kolfa022","Kolfa025","Kolfa033","Kolfa041","LID002","LID005","LID007","LID013","SH040","SH068","SH100"],"lines":"AB026, AB036, AB036(S), AB050, AB062, AB066, AB091, AB099, Kolfa013, Kolfa019, Kolfa020, Kolfa021, Kolfa022, Kolfa025, Kolfa033, Kolfa041, LID002, LID005, LID007, LID013, SH040, SH068, SH100"},"geometry":{"type":"LineString","coordinates":[[38.695923,8.9825],[38.696602,8.982701]]}},{"type":"Feature","properties":{"mode":"bus","n":23,"arr":["AB026","AB036","AB036(S)","AB050","AB062","AB066","AB091","AB099","Kolfa013","Kolfa019","Kolfa020","Kolfa021","Kolfa022","Kolfa025","Kolfa033","Kolfa041","LID002","LID005","LID007","LID013","SH040","SH068","SH100"],"lines":"AB026, AB036, AB036(S), AB050, AB062, AB066, AB091, AB099, Kolfa013, Kolfa019, Kolfa020, Kolfa021, Kolfa022, Kolfa025, Kolfa033, Kolfa041, LID002, LID005, LID007, LID013, SH040, SH068, SH100"},"geometry":{"type":"LineString","coordinates":[[38.696015,8.982515],[38.695707,8.982458],[38.694201,8.982279],[38.692876,8.982162],[38.690731,8.981898],[38.690165,8.981709],[38.689035,8.981163],[38.68729,8.980362],[38.685951,8.979795]]}},{"type":"Feature","properties":{"mode":"bus","n":22,"arr":["AB026","AB036","AB036(S)","AB050","AB062","AB066","AB091","AB099","Kolfa013","Kolfa019","Kolfa020","Kolfa021","Kolfa022","Kolfa025","Kolfa041","LID002","LID005","LID007","LID013","SH040","SH068","SH100"],"lines":"AB026, AB036, AB036(S), AB050, AB062, AB066, AB091, AB099, Kolfa013, Kolfa019, Kolfa020, Kolfa021, Kolfa022, Kolfa025, Kolfa041, LID002, LID005, LID007, LID013, SH040, SH068, SH100"},"geometry":{"type":"LineString","coordinates":[[38.685951,8.979795],[38.685076,8.979383],[38.684579,8.979054],[38.684039,8.978477],[38.682591,8.976599],[38.68215,8.976059],[38.681767,8.975648]]}},{"type":"Feature","properties":{"mode":"bus","n":21,"arr":["AB026","AB036","AB036(S)","AB050","AB062","AB066","AB091","AB099","Kolfa013","Kolfa019","Kolfa020","Kolfa021","Kolfa022","Kolfa025","Kolfa041","LID002","LID005","LID007","LID013","SH068","SH100"],"lines":"AB026, AB036, AB036(S), AB050, AB062, AB066, AB091, AB099, Kolfa013, Kolfa019, Kolfa020, Kolfa021, Kolfa022, Kolfa025, Kolfa041, LID002, LID005, LID007, LID013, SH068, SH100"},"geometry":{"type":"LineString","coordinates":[[38.681767,8.975648],[38.681461,8.975516]]}},{"type":"Feature","properties":{"mode":"bus","n":14,"arr":["AB026","AB036","AB036(S)","AB050","AB062","AB066","AB091","AB099","LID002","LID005","LID007","LID013","SH068","SH100"],"lines":"AB026, AB036, AB036(S), AB050, AB062, AB066, AB091, AB099, LID002, LID005, LID007, LID013, SH068, SH100"},"geometry":{"type":"LineString","coordinates":[[38.681461,8.975516],[38.681021,8.975428],[38.680694,8.975451],[38.680528,8.975485]]}},{"type":"Feature","properties":{"mode":"bus","n":13,"arr":["AB026","AB036","AB036(S)","AB050","AB062","AB066","AB099","LID002","LID005","LID007","LID013","SH068","SH100"],"lines":"AB026, AB036, AB036(S), AB050, AB062, AB066, AB099, LID002, LID005, LID007, LID013, SH068, SH100"},"geometry":{"type":"LineString","coordinates":[[38.681461,8.975516],[38.681494,8.975432]]}},{"type":"Feature","properties":{"mode":"bus","n":10,"arr":["AB026","AB050","AB062","AB091","AB099","LID002","LID005","LID007","LID013","SH100"],"lines":"AB026, AB050, AB062, AB091, AB099, LID002, LID005, LID007, LID013, SH100"},"geometry":{"type":"LineString","coordinates":[[38.680528,8.975485],[38.680243,8.975615],[38.680037,8.975748],[38.679814,8.975998],[38.679624,8.976167],[38.67941,8.97631],[38.679023,8.976447],[38.678624,8.976474],[38.678304,8.976548],[38.677713,8.976495]]}},{"type":"Feature","properties":{"mode":"bus","n":10,"arr":["AB026","AB050","AB062","AB091","AB099","LID002","LID005","LID007","LID013","SH100"],"lines":"AB026, AB050, AB062, AB091, AB099, LID002, LID005, LID007, LID013, SH100"},"geometry":{"type":"LineString","coordinates":[[38.679842,8.976216],[38.679716,8.976081]]}},{"type":"Feature","properties":{"mode":"bus","n":10,"arr":["AB026","AB050","AB062","AB091","AB099","LID002","LID005","LID007","LID013","SH100"],"lines":"AB026, AB050, AB062, AB091, AB099, LID002, LID005, LID007, LID013, SH100"},"geometry":{"type":"LineString","coordinates":[[38.679625,8.97641],[38.679523,8.976239]]}},{"type":"Feature","properties":{"mode":"bus","n":10,"arr":["AB026","AB050","AB062","AB091","AB099","LID002","LID005","LID007","LID013","SH100"],"lines":"AB026, AB050, AB062, AB091, AB099, LID002, LID005, LID007, LID013, SH100"},"geometry":{"type":"LineString","coordinates":[[38.67916,8.976503],[38.679196,8.976376]]}},{"type":"Feature","properties":{"mode":"bus","n":9,"arr":["AB026","AB050","AB062","AB091","AB099","LID002","LID005","LID007","LID013"],"lines":"AB026, AB050, AB062, AB091, AB099, LID002, LID005, LID007, LID013"},"geometry":{"type":"LineString","coordinates":[[38.677713,8.976495],[38.677401,8.976372],[38.677162,8.976183],[38.676926,8.975673],[38.676268,8.970371],[38.675974,8.968219],[38.675919,8.967971],[38.675754,8.967563],[38.67561,8.967321],[38.675411,8.967057],[38.675241,8.96696],[38.675052,8.966889],[38.674359,8.966745],[38.672981,8.966573],[38.672344,8.966446],[38.672099,8.966349],[38.671791,8.966134],[38.670964,8.965418],[38.670812,8.965194],[38.670751,8.965059],[38.670694,8.964857],[38.670719,8.964565],[38.670873,8.963667]]}},{"type":"Feature","properties":{"mode":"bus","n":8,"arr":["AB026","AB050","AB062","AB099","LID002","LID005","LID007","LID013"],"lines":"AB026, AB050, AB062, AB099, LID002, LID005, LID007, LID013"},"geometry":{"type":"LineString","coordinates":[[38.677089,8.976051],[38.677004,8.976071]]}},{"type":"Feature","properties":{"mode":"bus","n":6,"arr":["AB026","AB050","AB062","AB091","AB099","SH069"],"lines":"AB026, AB050, AB062, AB091, AB099, SH069"},"geometry":{"type":"LineString","coordinates":[[38.663964,8.933939],[38.663231,8.933057],[38.662519,8.932134],[38.661962,8.931329],[38.661575,8.930721],[38.66152,8.930677],[38.660949,8.929924],[38.659011,8.92749],[38.658606,8.927022],[38.658299,8.926745],[38.655345,8.924756],[38.652652,8.922995]]}},{"type":"Feature","properties":{"mode":"bus","n":6,"arr":["AB026","AB050","AB062","AB091","AB099","SH069"],"lines":"AB026, AB050, AB062, AB091, AB099, SH069"},"geometry":{"type":"LineString","coordinates":[[38.661575,8.930721],[38.661738,8.93085],[38.663035,8.932614],[38.664008,8.933855]]}},{"type":"Feature","properties":{"mode":"bus","n":7,"arr":["AB026","AB036","AB062","AB066","Kolfa033","Kolfe003","SH040"],"lines":"AB026, AB036, AB062, AB066, Kolfa033, Kolfe003, SH040"},"geometry":{"type":"LineString","coordinates":[[38.707995,8.98664],[38.707632,8.986412],[38.706627,8.985873],[38.704072,8.984537],[38.703593,8.984314],[38.703044,8.984143],[38.698923,8.983166]]}},{"type":"Feature","properties":{"mode":"bus","n":5,"arr":["AB027","AB098","Kal023","Kal037","Lafto004"],"lines":"AB027, AB098, Kal023, Kal037, Lafto004"},"geometry":{"type":"LineString","coordinates":[[38.765629,8.878518],[38.762864,8.876867],[38.76269,8.876846],[38.762551,8.876885]]}},{"type":"Feature","properties":{"mode":"bus","n":10,"arr":["AB027","AB098","AB106","AB107","AB121","Bole002","Kal023","Kal037","Lafto004","Lafto008"],"lines":"AB027, AB098, AB106, AB107, AB121, Bole002, Kal023, Kal037, Lafto004, Lafto008"},"geometry":{"type":"LineString","coordinates":[[38.762551,8.876885],[38.761312,8.878289]]}},{"type":"Feature","properties":{"mode":"bus","n":9,"arr":["AB027","AB106","AB107","AB121","Bole002","Kal023","Kal037","Lafto004","Lafto008"],"lines":"AB027, AB106, AB107, AB121, Bole002, Kal023, Kal037, Lafto004, Lafto008"},"geometry":{"type":"LineString","coordinates":[[38.751649,8.892955],[38.751629,8.890059],[38.75171,8.889208],[38.751814,8.888639],[38.752029,8.887919],[38.752293,8.887319],[38.752509,8.886919],[38.752783,8.886516],[38.753232,8.885941],[38.753766,8.885409],[38.757538,8.882255],[38.758411,8.881441],[38.759436,8.8804],[38.761312,8.878289]]}},{"type":"Feature","properties":{"mode":"bus","n":11,"arr":["AB027","AB076","AB106","AB107","AB121","Bole002","Kal023","Kal037","Lafto004","Lafto008","SH096"],"lines":"AB027, AB076, AB106, AB107, AB121, Bole002, Kal023, Kal037, Lafto004, Lafto008, SH096"},"geometry":{"type":"LineString","coordinates":[[38.735303,8.920154],[38.735536,8.919265],[38.735801,8.917643],[38.736156,8.916142],[38.736526,8.915033],[38.736759,8.914435],[38.737317,8.913288],[38.737747,8.912532],[38.740321,8.908395],[38.740863,8.907661],[38.74165,8.90687],[38.742268,8.906413],[38.742834,8.906075],[38.743947,8.9056],[38.744618,8.905377],[38.747446,8.904355],[38.747871,8.904186],[38.748659,8.903767],[38.749128,8.903452],[38.749543,8.903118],[38.750008,8.902659],[38.750417,8.902169],[38.75092,8.901414],[38.751007,8.901244],[38.751424,8.900171],[38.751564,8.899616],[38.751645,8.899144],[38.751691,8.898577],[38.751706,8.898025],[38.751649,8.892955]]}},{"type":"Feature","properties":{"mode":"bus","n":11,"arr":["AB027","AB076","AB106","AB107","AB121","Bole002","Kal023","Kal037","Lafto004","Lafto008","SH096"],"lines":"AB027, AB076, AB106, AB107, AB121, Bole002, Kal023, Kal037, Lafto004, Lafto008, SH096"},"geometry":{"type":"LineString","coordinates":[[38.73467,8.920811],[38.734751,8.920578],[38.734867,8.920094],[38.734975,8.919517],[38.735268,8.917387],[38.735777,8.915458],[38.73604,8.914724],[38.736393,8.913908],[38.73676,8.913136],[38.737726,8.911513],[38.740162,8.90763],[38.740323,8.907411],[38.740584,8.907103],[38.741052,8.906636],[38.741944,8.905936],[38.742496,8.905614],[38.743132,8.905332],[38.747543,8.903721],[38.748329,8.903292],[38.74892,8.902899],[38.749503,8.9024],[38.749945,8.901892],[38.750491,8.901103],[38.750733,8.900622],[38.750941,8.900109],[38.751162,8.899347],[38.751259,8.898841],[38.751327,8.897981],[38.751327,8.897303],[38.751281,8.894255],[38.751255,8.88984],[38.751325,8.889072],[38.751403,8.888607],[38.7515,8.888201],[38.751802,8.887369],[38.752148,8.886715],[38.752363,8.886362],[38.752964,8.885625],[38.75337,8.885212],[38.757279,8.881963],[38.757842,8.881455],[38.758421,8.880898],[38.759759,8.879484],[38.761023,8.878059]]}},{"type":"Feature","properties":{"mode":"bus","n":11,"arr":["AB027","AB076","AB106","AB107","AB121","Bole002","Kal023","Kal037","Lafto004","Lafto008","SH096"],"lines":"AB027, AB076, AB106, AB107, AB121, Bole002, Kal023, Kal037, Lafto004, Lafto008, SH096"},"geometry":{"type":"LineString","coordinates":[[38.764234,8.874998],[38.762846,8.876551]]}},{"type":"Feature","properties":{"mode":"bus","n":14,"arr":["AB027","AB076","AB106","AB107","AB121","Bole002","Kal023","Kal037","Lafto003","Lafto004","Lafto008","Lafto009","Lafto026","SH096"],"lines":"AB027, AB076, AB106, AB107, AB121, Bole002, Kal023, Kal037, Lafto003, Lafto004, Lafto008, Lafto009, Lafto026, SH096"},"geometry":{"type":"LineString","coordinates":[[38.735033,8.920906],[38.735206,8.92047],[38.735303,8.920154]]}},{"type":"Feature","properties":{"mode":"bus","n":10,"arr":["AB027","AB092","AB117","ADK012","B40","Lafto002","Lafto003","Lafto006","Lafto007","Lafto031"],"lines":"AB027, AB092, AB117, ADK012, B40, Lafto002, Lafto003, Lafto006, Lafto007, Lafto031"},"geometry":{"type":"LineString","coordinates":[[38.732938,8.962806],[38.732848,8.962461],[38.732732,8.960094],[38.732638,8.958799],[38.732503,8.956346]]}},{"type":"Feature","properties":{"mode":"bus","n":11,"arr":["AB027","AB086","AB092","AB117","ADK012","B40","Lafto002","Lafto003","Lafto006","Lafto007","Lafto031"],"lines":"AB027, AB086, AB092, AB117, ADK012, B40, Lafto002, Lafto003, Lafto006, Lafto007, Lafto031"},"geometry":{"type":"LineString","coordinates":[[38.732503,8.956346],[38.732427,8.955255],[38.732434,8.954755],[38.732454,8.954624]]}},{"type":"Feature","properties":{"mode":"bus","n":12,"arr":["AB027","AB076","AB098","AB106","AB107","AB121","Bole002","Kal023","Kal037","Lafto004","Lafto008","SH096"],"lines":"AB027, AB076, AB098, AB106, AB107, AB121, Bole002, Kal023, Kal037, Lafto004, Lafto008, SH096"},"geometry":{"type":"LineString","coordinates":[[38.761023,8.878059],[38.763939,8.874786]]}},{"type":"Feature","properties":{"mode":"bus","n":6,"arr":["AB027","AB076","Kal023","Kal037","Lafto004","SH096"],"lines":"AB027, AB076, Kal023, Kal037, Lafto004, SH096"},"geometry":{"type":"LineString","coordinates":[[38.763939,8.874786],[38.764128,8.874868],[38.764234,8.874998]]}},{"type":"Feature","properties":{"mode":"bus","n":6,"arr":["AB027","AB076","Kal023","Kal037","Lafto004","SH096"],"lines":"AB027, AB076, Kal023, Kal037, Lafto004, SH096"},"geometry":{"type":"LineString","coordinates":[[38.762846,8.876551],[38.76286,8.876653],[38.76297,8.876804],[38.764933,8.877962]]}},{"type":"Feature","properties":{"mode":"bus","n":8,"arr":["AB029","AB078","Bole005","Bole007","KRK002","KRK004","LK007","YK016"],"lines":"AB029, AB078, Bole005, Bole007, KRK002, KRK004, LK007, YK016"},"geometry":{"type":"LineString","coordinates":[[38.789225,9.016132],[38.78916,9.016058],[38.78894,9.016]]}},{"type":"Feature","properties":{"mode":"bus","n":8,"arr":["AB029","AB071","AB076","AB125","Kal033","SH082","SH089","SH096"],"lines":"AB029, AB071, AB076, AB125, Kal033, SH082, SH089, SH096"},"geometry":{"type":"LineString","coordinates":[[38.801473,9.019214],[38.801583,9.019027],[38.80168,9.01872]]}},{"type":"Feature","properties":{"mode":"bus","n":9,"arr":["AB029","AB071","AB076","AB125","Bole014","Kal033","SH082","SH089","SH096"],"lines":"AB029, AB071, AB076, AB125, Bole014, Kal033, SH082, SH089, SH096"},"geometry":{"type":"LineString","coordinates":[[38.80168,9.01872],[38.801723,9.018556]]}},{"type":"Feature","properties":{"mode":"bus","n":12,"arr":["AB029","AB071","AB076","AB125","Bole014","Bole021","Kal033","Lafto044","SH082","SH089","SH096","YK009"],"lines":"AB029, AB071, AB076, AB125, Bole014, Bole021, Kal033, Lafto044, SH082, SH089, SH096, YK009"},"geometry":{"type":"LineString","coordinates":[[38.801723,9.018556],[38.801806,9.018283]]}},{"type":"Feature","properties":{"mode":"bus","n":17,"arr":["AB029","AB071","AB076","AB082","AB093","AB113","AB125","Bole003","Bole014","Bole021","D26","Kal033","Lafto044","SH082","SH089","SH096","YK009"],"lines":"AB029, AB071, AB076, AB082, AB093, AB113, AB125, Bole003, Bole014, Bole021, D26, Kal033, Lafto044, SH082, SH089, SH096, YK009"},"geometry":{"type":"LineString","coordinates":[[38.801806,9.018283],[38.802044,9.0175]]}},{"type":"Feature","properties":{"mode":"bus","n":14,"arr":["AB029","AB071","AB076","AB093","AB125","Bole003","Bole014","D26","Kal033","Lafto044","SH082","SH089","SH096","YK009"],"lines":"AB029, AB071, AB076, AB093, AB125, Bole003, Bole014, D26, Kal033, Lafto044, SH082, SH089, SH096, YK009"},"geometry":{"type":"LineString","coordinates":[[38.802044,9.0175],[38.802779,9.015572]]}},{"type":"Feature","properties":{"mode":"bus","n":10,"arr":["AB029","AB071","AB093","AB125","D26","Kal033","Lafto044","SH082","SH089","YK009"],"lines":"AB029, AB071, AB093, AB125, D26, Kal033, Lafto044, SH082, SH089, YK009"},"geometry":{"type":"LineString","coordinates":[[38.80359,9.008776],[38.803802,9.009318],[38.803975,9.009896],[38.804022,9.010143],[38.804112,9.010778],[38.804126,9.011301],[38.804088,9.011762],[38.804,9.012275],[38.803846,9.012782],[38.80316,9.014492],[38.802779,9.015572]]}},{"type":"Feature","properties":{"mode":"bus","n":5,"arr":["AB029","AB071","Bole009","Bole010","D26"],"lines":"AB029, AB071, Bole009, Bole010, D26"},"geometry":{"type":"LineString","coordinates":[[38.799714,9.010434],[38.801749,9.009379]]}},{"type":"Feature","properties":{"mode":"bus","n":8,"arr":["AB029","AB071","AB082","AB113","Bole009","Bole010","Bole021","D26"],"lines":"AB029, AB071, AB082, AB113, Bole009, Bole010, Bole021, D26"},"geometry":{"type":"LineString","coordinates":[[38.799714,9.010434],[38.799671,9.010362]]}},{"type":"Feature","properties":{"mode":"bus","n":11,"arr":["AB029","AB046","AB060","AB071","AB082","AB113","AB131","Bole009","Bole010","Bole021","D26"],"lines":"AB029, AB046, AB060, AB071, AB082, AB113, AB131, Bole009, Bole010, Bole021, D26"},"geometry":{"type":"LineString","coordinates":[[38.799671,9.010362],[38.801703,9.009296]]}},{"type":"Feature","properties":{"mode":"bus","n":8,"arr":["AB029","AB060","AB071","AB082","AB113","AB131","Bole021","D26"],"lines":"AB029, AB060, AB071, AB082, AB113, AB131, Bole021, D26"},"geometry":{"type":"LineString","coordinates":[[38.801703,9.009296],[38.803909,9.008172],[38.805089,9.0075]]}},{"type":"Feature","properties":{"mode":"bus","n":13,"arr":["AB029","AB042","AB060","AB071","AB082","AB113","AB131","Bole008","Bole009","Bole010","Bole021","D26","SH078"],"lines":"AB029, AB042, AB060, AB071, AB082, AB113, AB131, Bole008, Bole009, Bole010, Bole021, D26, SH078"},"geometry":{"type":"LineString","coordinates":[[38.805089,9.0075],[38.80564,9.007179]]}},{"type":"Feature","properties":{"mode":"bus","n":15,"arr":["AB029","AB042","AB060","AB071","AB082","AB113","AB120","AB131","Bole008","Bole009","Bole010","Bole021","D26","D52","SH078"],"lines":"AB029, AB042, AB060, AB071, AB082, AB113, AB120, AB131, Bole008, Bole009, Bole010, Bole021, D26, D52, SH078"},"geometry":{"type":"LineString","coordinates":[[38.80564,9.007179],[38.809002,9.005411],[38.810964,9.004339],[38.811587,9.004056],[38.811851,9.003964],[38.812141,9.003896]]}},{"type":"Feature","properties":{"mode":"bus","n":16,"arr":["AB029","AB042","AB060","AB071","AB082","AB113","AB120","AB124","AB131","Bole008","Bole009","Bole010","Bole021","D26","D52","SH078"],"lines":"AB029, AB042, AB060, AB071, AB082, AB113, AB120, AB124, AB131, Bole008, Bole009, Bole010, Bole021, D26, D52, SH078"},"geometry":{"type":"LineString","coordinates":[[38.812141,9.003896],[38.813519,9.003582],[38.81394,9.003555],[38.814326,9.003564],[38.814875,9.003639]]}},{"type":"Feature","properties":{"mode":"bus","n":15,"arr":["AB029","AB042","AB060","AB082","AB113","AB120","AB124","AB131","Bole008","Bole009","Bole010","Bole021","D26","D52","SH078"],"lines":"AB029, AB042, AB060, AB082, AB113, AB120, AB124, AB131, Bole008, Bole009, Bole010, Bole021, D26, D52, SH078"},"geometry":{"type":"LineString","coordinates":[[38.814875,9.003639],[38.816424,9.003912]]}},{"type":"Feature","properties":{"mode":"bus","n":15,"arr":["AB029","AB042","AB060","AB082","AB113","AB120","AB124","AB131","Bole008","Bole009","Bole010","Bole021","D26","D52","SH078"],"lines":"AB029, AB042, AB060, AB082, AB113, AB120, AB124, AB131, Bole008, Bole009, Bole010, Bole021, D26, D52, SH078"},"geometry":{"type":"LineString","coordinates":[[38.816462,9.003992],[38.815299,9.003818],[38.814353,9.003647],[38.814202,9.00364],[38.813805,9.00368]]}},{"type":"Feature","properties":{"mode":"bus","n":14,"arr":["AB029","AB042","AB060","AB082","AB113","AB120","AB124","AB131","Bole008","Bole009","Bole021","D26","D52","SH078"],"lines":"AB029, AB042, AB060, AB082, AB113, AB120, AB124, AB131, Bole008, Bole009, Bole021, D26, D52, SH078"},"geometry":{"type":"LineString","coordinates":[[38.816424,9.003912],[38.816686,9.003599],[38.820142,9.000116],[38.822419,8.997869],[38.823005,8.997254],[38.823634,8.996676],[38.824624,8.995685],[38.824976,8.995393],[38.82579,8.994813],[38.826013,8.994623],[38.828781,8.991718]]}},{"type":"Feature","properties":{"mode":"bus","n":14,"arr":["AB029","AB042","AB060","AB082","AB113","AB120","AB124","AB131","Bole008","Bole009","Bole021","D26","D52","SH078"],"lines":"AB029, AB042, AB060, AB082, AB113, AB120, AB124, AB131, Bole008, Bole009, Bole021, D26, D52, SH078"},"geometry":{"type":"LineString","coordinates":[[38.828345,8.992297],[38.826107,8.994651],[38.825798,8.994934],[38.824895,8.995564],[38.82474,8.995709],[38.820335,9.000049],[38.816925,9.003489],[38.816462,9.003992]]}},{"type":"Feature","properties":{"mode":"bus","n":13,"arr":["AB029","AB042","AB060","AB082","AB113","AB120","AB124","AB131","Bole008","Bole021","D26","D52","SH078"],"lines":"AB029, AB042, AB060, AB082, AB113, AB120, AB124, AB131, Bole008, Bole021, D26, D52, SH078"},"geometry":{"type":"LineString","coordinates":[[38.828781,8.991718],[38.829196,8.991358]]}},{"type":"Feature","properties":{"mode":"bus","n":13,"arr":["AB029","AB042","AB060","AB082","AB113","AB120","AB124","AB131","Bole008","Bole021","D26","D52","SH078"],"lines":"AB029, AB042, AB060, AB082, AB113, AB120, AB124, AB131, Bole008, Bole021, D26, D52, SH078"},"geometry":{"type":"LineString","coordinates":[[38.82904,8.991597],[38.828811,8.991808],[38.828345,8.992297]]}},{"type":"Feature","properties":{"mode":"bus","n":12,"arr":["AB042","AB060","AB082","AB113","AB120","AB124","AB131","Bole008","Bole021","D26","D52","SH078"],"lines":"AB042, AB060, AB082, AB113, AB120, AB124, AB131, Bole008, Bole021, D26, D52, SH078"},"geometry":{"type":"LineString","coordinates":[[38.829196,8.991358],[38.829226,8.991332]]}},{"type":"Feature","properties":{"mode":"bus","n":10,"arr":["AB042","AB060","AB113","AB120","AB124","AB131","Bole008","Bole021","D52","SH078"],"lines":"AB042, AB060, AB113, AB120, AB124, AB131, Bole008, Bole021, D52, SH078"},"geometry":{"type":"LineString","coordinates":[[38.829761,8.991086],[38.829383,8.991353]]}},{"type":"Feature","properties":{"mode":"bus","n":10,"arr":["AB042","AB060","AB113","AB120","AB124","AB131","Bole008","Bole021","D52","SH078"],"lines":"AB042, AB060, AB113, AB120, AB124, AB131, Bole008, Bole021, D52, SH078"},"geometry":{"type":"LineString","coordinates":[[38.829226,8.991332],[38.829735,8.990979]]}},{"type":"Feature","properties":{"mode":"bus","n":12,"arr":["AB029","AB042","AB060","AB113","AB120","AB124","AB131","Bole008","Bole021","D26","D52","SH078"],"lines":"AB029, AB042, AB060, AB113, AB120, AB124, AB131, Bole008, Bole021, D26, D52, SH078"},"geometry":{"type":"LineString","coordinates":[[38.829383,8.991353],[38.82904,8.991597]]}},{"type":"Feature","properties":{"mode":"bus","n":14,"arr":["AB029","AB042","AB060","AB082","AB113","AB120","AB124","AB131","Bole009","Bole010","Bole021","D26","D52","SH078"],"lines":"AB029, AB042, AB060, AB082, AB113, AB120, AB124, AB131, Bole009, Bole010, Bole021, D26, D52, SH078"},"geometry":{"type":"LineString","coordinates":[[38.813805,9.00368],[38.813255,9.003738]]}},{"type":"Feature","properties":{"mode":"bus","n":15,"arr":["AB029","AB042","AB060","AB071","AB082","AB113","AB120","AB124","AB131","Bole009","Bole010","Bole021","D26","D52","SH078"],"lines":"AB029, AB042, AB060, AB071, AB082, AB113, AB120, AB124, AB131, Bole009, Bole010, Bole021, D26, D52, SH078"},"geometry":{"type":"LineString","coordinates":[[38.813255,9.003738],[38.812833,9.003811],[38.811717,9.004094],[38.811583,9.004146]]}},{"type":"Feature","properties":{"mode":"bus","n":14,"arr":["AB042","AB060","AB071","AB082","AB113","AB120","AB124","AB131","Bole009","Bole010","Bole021","D26","D52","SH078"],"lines":"AB042, AB060, AB071, AB082, AB113, AB120, AB124, AB131, Bole009, Bole010, Bole021, D26, D52, SH078"},"geometry":{"type":"LineString","coordinates":[[38.811583,9.004146],[38.811013,9.004418],[38.805683,9.007259]]}},{"type":"Feature","properties":{"mode":"bus","n":12,"arr":["AB060","AB071","AB082","AB113","AB120","AB124","AB131","Bole009","Bole010","Bole021","D26","D52"],"lines":"AB060, AB071, AB082, AB113, AB120, AB124, AB131, Bole009, Bole010, Bole021, D26, D52"},"geometry":{"type":"LineString","coordinates":[[38.804916,9.007689],[38.805683,9.007259]]}},{"type":"Feature","properties":{"mode":"bus","n":14,"arr":["AB046","AB060","AB071","AB082","AB113","AB120","AB124","AB131","Bole021","D26","D52","Kal033","Lafto044","YK009"],"lines":"AB046, AB060, AB071, AB082, AB113, AB120, AB124, AB131, Bole021, D26, D52, Kal033, Lafto044, YK009"},"geometry":{"type":"LineString","coordinates":[[38.803832,9.008801],[38.804048,9.009325],[38.804207,9.009793],[38.804325,9.010424],[38.80437,9.011301],[38.804338,9.011807],[38.804242,9.012367]]}},{"type":"Feature","properties":{"mode":"bus","n":13,"arr":["AB029","AB060","AB071","AB082","AB113","AB120","AB124","Bole021","D26","D52","Kal033","Lafto044","YK009"],"lines":"AB029, AB060, AB071, AB082, AB113, AB120, AB124, Bole021, D26, D52, Kal033, Lafto044, YK009"},"geometry":{"type":"LineString","coordinates":[[38.803258,9.015064],[38.804103,9.012844],[38.804242,9.012367]]}},{"type":"Feature","properties":{"mode":"bus","n":14,"arr":["AB029","AB060","AB071","AB082","AB113","AB120","AB124","Bole003","Bole021","D26","D52","Kal033","Lafto044","YK009"],"lines":"AB029, AB060, AB071, AB082, AB113, AB120, AB124, Bole003, Bole021, D26, D52, Kal033, Lafto044, YK009"},"geometry":{"type":"LineString","coordinates":[[38.80237,9.017401],[38.802536,9.017007],[38.803258,9.015064]]}},{"type":"Feature","properties":{"mode":"bus","n":11,"arr":["AB029","AB060","AB071","AB082","AB113","AB120","AB124","D26","D52","Lafto044","YK009"],"lines":"AB029, AB060, AB071, AB082, AB113, AB120, AB124, D26, D52, Lafto044, YK009"},"geometry":{"type":"LineString","coordinates":[[38.802145,9.018069],[38.80237,9.017401]]}},{"type":"Feature","properties":{"mode":"bus","n":6,"arr":["AB029","AB060","AB071","AB082","D26","Lafto044"],"lines":"AB029, AB060, AB071, AB082, D26, Lafto044"},"geometry":{"type":"LineString","coordinates":[[38.802139,9.01809],[38.802145,9.018069]]}},{"type":"Feature","properties":{"mode":"bus","n":5,"arr":["AB029","AB061","AB071","ADK042","ADK057"],"lines":"AB029, AB061, AB071, ADK042, ADK057"},"geometry":{"type":"LineString","coordinates":[[38.80093,9.020043],[38.801345,9.019883]]}},{"type":"Feature","properties":{"mode":"bus","n":7,"arr":["AB029","AB061","AB071","ADK042","ADK057","LID010","YK017"],"lines":"AB029, AB061, AB071, ADK042, ADK057, LID010, YK017"},"geometry":{"type":"LineString","coordinates":[[38.799314,9.020527],[38.80093,9.020043]]}},{"type":"Feature","properties":{"mode":"bus","n":12,"arr":["AB029","AB032","AB057","AB061","AB071","AB102","AB128","ADK042","ADK057","LID010","SH070","YK017"],"lines":"AB029, AB032, AB057, AB061, AB071, AB102, AB128, ADK042, ADK057, LID010, SH070, YK017"},"geometry":{"type":"LineString","coordinates":[[38.794913,9.021076],[38.796695,9.020849],[38.798538,9.020687],[38.798754,9.020659],[38.799314,9.020527]]}},{"type":"Feature","properties":{"mode":"bus","n":10,"arr":["AB029","AB032","AB057","AB061","AB071","AB102","AB128","ADK042","LID010","SH070"],"lines":"AB029, AB032, AB057, AB061, AB071, AB102, AB128, ADK042, LID010, SH070"},"geometry":{"type":"LineString","coordinates":[[38.794913,9.021076],[38.793773,9.02122],[38.792359,9.021295],[38.790468,9.021487],[38.78995,9.02147],[38.789603,9.021495],[38.788304,9.021794],[38.785487,9.022535],[38.782856,9.023193],[38.781129,9.023563],[38.780767,9.023496],[38.780328,9.023333]]}},{"type":"Feature","properties":{"mode":"bus","n":18,"arr":["AB029","AB036","AB058","AB062","AB067","AB070","AB071","AB073","AB090","AB105","AB128","ADK015","Kal012","Kal032","KRK016","Lafto014","Lafto025","SH070"],"lines":"AB029, AB036, AB058, AB062, AB067, AB070, AB071, AB073, AB090, AB105, AB128, ADK015, Kal012, Kal032, KRK016, Lafto014, Lafto025, SH070"},"geometry":{"type":"LineString","coordinates":[[38.752169,9.017238],[38.752523,9.017273]]}},{"type":"Feature","properties":{"mode":"bus","n":7,"arr":["AB030","AB041","AB088","ADK055","ARD013","Kal035","Kolfa042"],"lines":"AB030, AB041, AB088, ADK055, ARD013, Kal035, Kolfa042"},"geometry":{"type":"LineString","coordinates":[[38.732551,9.034042],[38.732214,9.033959]]}},{"type":"Feature","properties":{"mode":"bus","n":14,"arr":["AB031","AB053","AB055","AB056","AB068","AB110","ARD011","Bole018","Bole019","KRK013","SH015","SH027","SH028","SH073"],"lines":"AB031, AB053, AB055, AB056, AB068, AB110, ARD011, Bole018, Bole019, KRK013, SH015, SH027, SH028, SH073"},"geometry":{"type":"LineString","coordinates":[[38.763302,9.019227],[38.76317,9.017849],[38.763017,9.017504],[38.76296,9.017323],[38.762896,9.016979],[38.762639,9.014868],[38.762665,9.014522],[38.762714,9.014364],[38.762844,9.014118],[38.762896,9.013864],[38.762802,9.013067]]}},{"type":"Feature","properties":{"mode":"bus","n":15,"arr":["AB031","AB053","AB055","AB056","AB068","AB110","ARD011","Bole018","Bole019","KRK013","SH015","SH027","SH028","SH073","TX005"],"lines":"AB031, AB053, AB055, AB056, AB068, AB110, ARD011, Bole018, Bole019, KRK013, SH015, SH027, SH028, SH073, TX005"},"geometry":{"type":"LineString","coordinates":[[38.762802,9.013067],[38.762595,9.011469]]}},{"type":"Feature","properties":{"mode":"bus","n":8,"arr":["AB031","AB055","AB056","AB068","AB110","KRK013","SH028","SH073"],"lines":"AB031, AB055, AB056, AB068, AB110, KRK013, SH028, SH073"},"geometry":{"type":"LineString","coordinates":[[38.762595,9.011469],[38.762394,9.011239],[38.7623,9.011186],[38.76206,9.011112]]}},{"type":"Feature","properties":{"mode":"bus","n":5,"arr":["AB032","AB057","AB102","AB128","SH070"],"lines":"AB032, AB057, AB102, AB128, SH070"},"geometry":{"type":"LineString","coordinates":[[38.800138,9.022194],[38.800221,9.022295]]}},{"type":"Feature","properties":{"mode":"bus","n":5,"arr":["AB032","AB057","AB102","AB128","SH070"],"lines":"AB032, AB057, AB102, AB128, SH070"},"geometry":{"type":"LineString","coordinates":[[38.799314,9.020527],[38.79962,9.021697],[38.799866,9.022349]]}},{"type":"Feature","properties":{"mode":"bus","n":16,"arr":["AB033","AB057","AB064","AB102","AB128","ARD001","ARD007","Gl005","SH070","TX006","TX008","YK001","YK006","YK011","YK017","YK019"],"lines":"AB033, AB057, AB064, AB102, AB128, ARD001, ARD007, Gl005, SH070, TX006, TX008, YK001, YK006, YK011, YK017, YK019"},"geometry":{"type":"LineString","coordinates":[[38.799434,9.022495],[38.799607,9.022421],[38.799725,9.02243]]}},{"type":"Feature","properties":{"mode":"bus","n":6,"arr":["AB034","Lafto019","Lafto020","Lafto021","Lafto022","Lafto023"],"lines":"AB034, Lafto019, Lafto020, Lafto021, Lafto022, Lafto023"},"geometry":{"type":"LineString","coordinates":[[38.741972,8.971627],[38.741711,8.971391],[38.74139,8.971182],[38.741154,8.971087],[38.740631,8.970958],[38.74034,8.970863],[38.739889,8.970645],[38.739677,8.970497],[38.739479,8.970335],[38.739167,8.970014],[38.738991,8.969782],[38.738826,8.969511],[38.738639,8.969106],[38.73838,8.968688],[38.73768,8.967939],[38.737111,8.967286],[38.736595,8.966826],[38.735406,8.966138],[38.734972,8.965814],[38.734035,8.965194]]}},{"type":"Feature","properties":{"mode":"bus","n":6,"arr":["AB034","KRK001","Lafto018","Lafto022","Lafto023","Lafto030"],"lines":"AB034, KRK001, Lafto018, Lafto022, Lafto023, Lafto030"},"geometry":{"type":"LineString","coordinates":[[38.746622,8.976282],[38.746717,8.976306]]}},{"type":"Feature","properties":{"mode":"bus","n":5,"arr":["AB034","KRK001","Lafto022","Lafto023","Lafto030"],"lines":"AB034, KRK001, Lafto022, Lafto023, Lafto030"},"geometry":{"type":"LineString","coordinates":[[38.746717,8.976306],[38.747022,8.97636],[38.748762,8.976343]]}},{"type":"Feature","properties":{"mode":"bus","n":13,"arr":["AB036(S)","AB050","ADK022","ADK038","ARD012","Kolfa004","Kolfa009","Kolfa016","Kolfa019","Kolfa031","Lafto018","Lafto030","LID007"],"lines":"AB036(S), AB050, ADK022, ADK038, ARD012, Kolfa004, Kolfa009, Kolfa016, Kolfa019, Kolfa031, Lafto018, Lafto030, LID007"},"geometry":{"type":"LineString","coordinates":[[38.744692,9.011452],[38.744719,9.010714]]}},{"type":"Feature","properties":{"mode":"bus","n":6,"arr":["AB036(S)","AB050","ADK022","ADK038","ARD012","Lafto018"],"lines":"AB036(S), AB050, ADK022, ADK038, ARD012, Lafto018"},"geometry":{"type":"LineString","coordinates":[[38.744686,9.011944],[38.744692,9.011452]]}},{"type":"Feature","properties":{"mode":"bus","n":15,"arr":["AB037","AB105","AB123","ADK011","ADK028","ADK043","ARD006","Kolfa001","Kolfa004","Kolfa009","Kolfa012","Kolfa026","Kolfa034","Kolfe035","SH010"],"lines":"AB037, AB105, AB123, ADK011, ADK028, ADK043, ARD006, Kolfa001, Kolfa004, Kolfa009, Kolfa012, Kolfa026, Kolfa034, Kolfe035, SH010"},"geometry":{"type":"LineString","coordinates":[[38.720271,9.012182],[38.720778,9.011941],[38.721165,9.011808]]}},{"type":"Feature","properties":{"mode":"bus","n":19,"arr":["AB037","AB105","AB123","ADK011","ADK028","ADK043","ADK052","ARD006","Kolfa001","Kolfa004","Kolfa009","Kolfa010","Kolfa012","Kolfa018","Kolfa024","Kolfa026","Kolfa034","Kolfe035","SH010"],"lines":"AB037, AB105, AB123, ADK011, ADK028, ADK043, ADK052, ARD006, Kolfa001, Kolfa004, Kolfa009, Kolfa010, Kolfa012, Kolfa018, Kolfa024, Kolfa026, Kolfa034, Kolfe035, SH010"},"geometry":{"type":"LineString","coordinates":[[38.720216,9.012192],[38.720271,9.012182]]}},{"type":"Feature","properties":{"mode":"bus","n":20,"arr":["AB037","AB105","AB123","ADK011","ADK028","ADK043","ADK052","ARD006","Kolfa001","Kolfa004","Kolfa005","Kolfa009","Kolfa010","Kolfa012","Kolfa018","Kolfa024","Kolfa026","Kolfa034","Kolfe035","SH010"],"lines":"AB037, AB105, AB123, ADK011, ADK028, ADK043, ADK052, ARD006, Kolfa001, Kolfa004, Kolfa005, Kolfa009, Kolfa010, Kolfa012, Kolfa018, Kolfa024, Kolfa026, Kolfa034, Kolfe035, SH010"},"geometry":{"type":"LineString","coordinates":[[38.700126,9.015296],[38.700365,9.015137],[38.700583,9.015051],[38.702034,9.014761],[38.703165,9.014484],[38.703778,9.014225],[38.70433,9.01409],[38.705335,9.014028],[38.709433,9.013476],[38.709749,9.013451],[38.710102,9.013486],[38.710354,9.01354],[38.711755,9.01403],[38.712042,9.014059],[38.712295,9.014031],[38.71254,9.013948],[38.712755,9.013819],[38.713873,9.012977],[38.714045,9.012909],[38.714324,9.012895],[38.715593,9.013183],[38.716095,9.013265],[38.71652,9.013309],[38.716799,9.013292],[38.71726,9.013194],[38.717633,9.013046],[38.717809,9.01295],[38.718159,9.012684],[38.718481,9.012504],[38.718761,9.012383],[38.718937,9.012333],[38.719577,9.012237],[38.720216,9.012192]]}},{"type":"Feature","properties":{"mode":"bus","n":20,"arr":["AB037","AB105","AB123","ADK011","ADK028","ADK043","ADK052","ARD006","Kolfa001","Kolfa004","Kolfa005","Kolfa009","Kolfa010","Kolfa012","Kolfa018","Kolfa024","Kolfa026","Kolfa034","Kolfe035","SH010"],"lines":"AB037, AB105, AB123, ADK011, ADK028, ADK043, ADK052, ARD006, Kolfa001, Kolfa004, Kolfa005, Kolfa009, Kolfa010, Kolfa012, Kolfa018, Kolfa024, Kolfa026, Kolfa034, Kolfe035, SH010"},"geometry":{"type":"LineString","coordinates":[[38.718686,9.01232],[38.718241,9.012521],[38.717607,9.012934],[38.717147,9.013116],[38.7168,9.013187],[38.716431,9.013201],[38.716299,9.013186],[38.715614,9.01307],[38.714928,9.012896],[38.714546,9.012829],[38.714242,9.012783],[38.713978,9.0128],[38.713775,9.012888],[38.712767,9.013657],[38.712533,9.013802],[38.71221,9.013937],[38.711993,9.013947],[38.711785,9.013921],[38.711011,9.013626],[38.710375,9.01341],[38.709759,9.013327],[38.709448,9.013353],[38.705314,9.013922],[38.704402,9.013972],[38.703861,9.014087],[38.703642,9.014161],[38.703295,9.014319],[38.70299,9.01442],[38.701496,9.014775],[38.700499,9.014975],[38.700221,9.015101],[38.700001,9.015266]]}},{"type":"Feature","properties":{"mode":"bus","n":21,"arr":["AB037","AB105","AB123","ADK011","ADK028","ADK043","ADK052","ARD006","Kolfa001","Kolfa004","Kolfa005","Kolfa009","Kolfa010","Kolfa012","Kolfa018","Kolfa024","Kolfa026","Kolfa034","Kolfe035","Kolfe042","SH010"],"lines":"AB037, AB105, AB123, ADK011, ADK028, ADK043, ADK052, ARD006, Kolfa001, Kolfa004, Kolfa005, Kolfa009, Kolfa010, Kolfa012, Kolfa018, Kolfa024, Kolfa026, Kolfa034, Kolfe035, Kolfe042, SH010"},"geometry":{"type":"LineString","coordinates":[[38.699671,9.015512],[38.69974,9.015585]]}},{"type":"Feature","properties":{"mode":"bus","n":6,"arr":["AB037","AB105","ADK043","Kolfa024","Kolfa026","Kolfa034"],"lines":"AB037, AB105, ADK043, Kolfa024, Kolfa026, Kolfa034"},"geometry":{"type":"LineString","coordinates":[[38.699828,9.015387],[38.699671,9.015512]]}},{"type":"Feature","properties":{"mode":"bus","n":10,"arr":["AB037","AB105","ADK011","ADK043","ARD006","Kolfa001","Kolfa024","Kolfa026","Kolfa034","Kolfe035"],"lines":"AB037, AB105, ADK011, ADK043, ARD006, Kolfa001, Kolfa024, Kolfa026, Kolfa034, Kolfe035"},"geometry":{"type":"LineString","coordinates":[[38.700001,9.015266],[38.699828,9.015387]]}},{"type":"Feature","properties":{"mode":"bus","n":21,"arr":["AB037","AB105","AB123","ADK011","ADK028","ADK043","ADK052","ARD006","Kolfa001","Kolfa004","Kolfa005","Kolfa009","Kolfa010","Kolfa012","Kolfa018","Kolfa024","Kolfa026","Kolfa031","Kolfa034","Kolfe035","SH010"],"lines":"AB037, AB105, AB123, ADK011, ADK028, ADK043, ADK052, ARD006, Kolfa001, Kolfa004, Kolfa005, Kolfa009, Kolfa010, Kolfa012, Kolfa018, Kolfa024, Kolfa026, Kolfa031, Kolfa034, Kolfe035, SH010"},"geometry":{"type":"LineString","coordinates":[[38.720245,9.012072],[38.72012,9.012101],[38.719617,9.012131],[38.719313,9.012171],[38.718686,9.01232]]}},{"type":"Feature","properties":{"mode":"bus","n":20,"arr":["AB037","AB105","AB123","ADK011","ADK028","ADK043","ADK052","ARD006","Kolfa001","Kolfa004","Kolfa009","Kolfa010","Kolfa012","Kolfa018","Kolfa024","Kolfa026","Kolfa031","Kolfa034","Kolfe035","SH010"],"lines":"AB037, AB105, AB123, ADK011, ADK028, ADK043, ADK052, ARD006, Kolfa001, Kolfa004, Kolfa009, Kolfa010, Kolfa012, Kolfa018, Kolfa024, Kolfa026, Kolfa031, Kolfa034, Kolfe035, SH010"},"geometry":{"type":"LineString","coordinates":[[38.72119,9.011592],[38.720767,9.011784],[38.720459,9.011971],[38.720245,9.012072]]}},{"type":"Feature","properties":{"mode":"bus","n":18,"arr":["AB042","AB052","AB076","AB093","AB125","Bole003","Bole008","Bole009","Bole010","Bole011","Kal033","Lafto044","SH078","SH082","SH089","SH092","SH096","YK009"],"lines":"AB042, AB052, AB076, AB093, AB125, Bole003, Bole008, Bole009, Bole010, Bole011, Kal033, Lafto044, SH078, SH082, SH089, SH092, SH096, YK009"},"geometry":{"type":"LineString","coordinates":[[38.795137,8.992306],[38.794913,8.991691]]}},{"type":"Feature","properties":{"mode":"bus","n":18,"arr":["AB042","AB052","AB076","AB093","AB125","Bole003","Bole008","Bole009","Bole010","Bole011","Kal033","Lafto044","SH078","SH082","SH089","SH092","SH096","YK009"],"lines":"AB042, AB052, AB076, AB093, AB125, Bole003, Bole008, Bole009, Bole010, Bole011, Kal033, Lafto044, SH078, SH082, SH089, SH092, SH096, YK009"},"geometry":{"type":"LineString","coordinates":[[38.799843,9.002161],[38.799427,9.001504]]}},{"type":"Feature","properties":{"mode":"bus","n":14,"arr":["AB042","AB076","AB093","AB125","Bole008","Bole009","Kal033","Lafto044","SH078","SH082","SH089","SH092","SH096","YK009"],"lines":"AB042, AB076, AB093, AB125, Bole008, Bole009, Kal033, Lafto044, SH078, SH082, SH089, SH092, SH096, YK009"},"geometry":{"type":"LineString","coordinates":[[38.799427,9.001504],[38.799388,9.001347],[38.799182,9.000961],[38.797244,8.997845],[38.797044,8.997494],[38.796726,8.996829],[38.795836,8.994384],[38.795475,8.993199],[38.795137,8.992306]]}},{"type":"Feature","properties":{"mode":"bus","n":17,"arr":["AB042","AB076","AB093","AB125","Bole003","Bole008","Bole009","Bole010","Bole011","Kal033","Lafto044","SH078","SH082","SH089","SH092","SH096","YK009"],"lines":"AB042, AB076, AB093, AB125, Bole003, Bole008, Bole009, Bole010, Bole011, Kal033, Lafto044, SH078, SH082, SH089, SH092, SH096, YK009"},"geometry":{"type":"LineString","coordinates":[[38.799843,9.002161],[38.800521,9.003268]]}},{"type":"Feature","properties":{"mode":"bus","n":18,"arr":["AB042","AB046","AB076","AB093","AB125","Bole003","Bole008","Bole009","Bole010","Bole011","Kal033","Lafto044","SH078","SH082","SH089","SH092","SH096","YK009"],"lines":"AB042, AB046, AB076, AB093, AB125, Bole003, Bole008, Bole009, Bole010, Bole011, Kal033, Lafto044, SH078, SH082, SH089, SH092, SH096, YK009"},"geometry":{"type":"LineString","coordinates":[[38.800521,9.003268],[38.800583,9.003378]]}},{"type":"Feature","properties":{"mode":"bus","n":9,"arr":["AB042","AB046","Bole008","Bole009","Bole010","Kal033","Lafto044","SH078","YK009"],"lines":"AB042, AB046, Bole008, Bole009, Bole010, Kal033, Lafto044, SH078, YK009"},"geometry":{"type":"LineString","coordinates":[[38.800583,9.003378],[38.800667,9.003428],[38.800752,9.003515],[38.800965,9.003836],[38.80117,9.004203],[38.802367,9.006118],[38.80305,9.007258]]}},{"type":"Feature","properties":{"mode":"bus","n":7,"arr":["AB046","Bole008","Bole009","Bole010","Kal033","Lafto044","YK009"],"lines":"AB046, Bole008, Bole009, Bole010, Kal033, Lafto044, YK009"},"geometry":{"type":"LineString","coordinates":[[38.80305,9.007258],[38.803562,9.008135]]}},{"type":"Feature","properties":{"mode":"bus","n":11,"arr":["AB042","AB060","AB113","AB120","AB124","AB131","Bole008","Bole021","D52","SH077","SH078"],"lines":"AB042, AB060, AB113, AB120, AB124, AB131, Bole008, Bole021, D52, SH077, SH078"},"geometry":{"type":"LineString","coordinates":[[38.83003,8.990799],[38.830056,8.990886]]}},{"type":"Feature","properties":{"mode":"bus","n":7,"arr":["AB042","Bole008","LK006","LK008","LK015","SH077","SH078"],"lines":"AB042, Bole008, LK006, LK008, LK015, SH077, SH078"},"geometry":{"type":"LineString","coordinates":[[38.83034,8.991743],[38.831264,8.994103],[38.831749,8.994958],[38.83249,8.996006],[38.832765,8.996339],[38.833393,8.996983],[38.834036,8.997586],[38.834944,8.998266],[38.836361,8.999101],[38.838388,9.000344],[38.838968,9.000635],[38.839807,9.000996],[38.840829,9.001328],[38.841565,9.001521],[38.842645,9.001712]]}},{"type":"Feature","properties":{"mode":"bus","n":6,"arr":["AB042","LK006","LK008","LK015","SH077","SH078"],"lines":"AB042, LK006, LK008, LK015, SH077, SH078"},"geometry":{"type":"LineString","coordinates":[[38.842645,9.001712],[38.843726,9.001822],[38.845567,9.001791],[38.848107,9.001658],[38.849516,9.001541],[38.849858,9.001537],[38.850041,9.001561],[38.850383,9.001536],[38.851245,9.001459],[38.851623,9.001329]]}},{"type":"Feature","properties":{"mode":"bus","n":9,"arr":["AB042","AB060","AB113","AB120","AB124","AB131","Bole021","D52","SH078"],"lines":"AB042, AB060, AB113, AB120, AB124, AB131, Bole021, D52, SH078"},"geometry":{"type":"LineString","coordinates":[[38.830056,8.990886],[38.829761,8.991086]]}},{"type":"Feature","properties":{"mode":"bus","n":18,"arr":["AB042","AB046","AB076","AB093","AB125","Bole003","Bole009","Bole010","Bole011","Bole014","Kal033","Lafto044","SH078","SH082","SH089","SH092","SH096","YK009"],"lines":"AB042, AB046, AB076, AB093, AB125, Bole003, Bole009, Bole010, Bole011, Bole014, Kal033, Lafto044, SH078, SH082, SH089, SH092, SH096, YK009"},"geometry":{"type":"LineString","coordinates":[[38.799861,9.002384],[38.799911,9.002464]]}},{"type":"Feature","properties":{"mode":"bus","n":17,"arr":["AB042","AB076","AB093","AB125","Bole003","Bole009","Bole010","Bole011","Bole014","Kal033","Lafto044","SH078","SH082","SH089","SH092","SH096","YK009"],"lines":"AB042, AB076, AB093, AB125, Bole003, Bole009, Bole010, Bole011, Bole014, Kal033, Lafto044, SH078, SH082, SH089, SH092, SH096, YK009"},"geometry":{"type":"LineString","coordinates":[[38.799344,9.001543],[38.799861,9.002384]]}},{"type":"Feature","properties":{"mode":"bus","n":9,"arr":["AB045","ADK020","ADK021","ARD004","KRK006","KRK016","Lafto014","Lafto017","Lafto025"],"lines":"AB045, ADK020, ADK021, ARD004, KRK006, KRK016, Lafto014, Lafto017, Lafto025"},"geometry":{"type":"LineString","coordinates":[[38.752523,9.017273],[38.752448,9.018038]]}},{"type":"Feature","properties":{"mode":"bus","n":10,"arr":["AB046","AB093","AB125","Bole009","Bole010","Kal033","Lafto044","SH082","SH089","YK009"],"lines":"AB046, AB093, AB125, Bole009, Bole010, Kal033, Lafto044, SH082, SH089, YK009"},"geometry":{"type":"LineString","coordinates":[[38.803315,9.008179],[38.802149,9.006235],[38.800632,9.003788],[38.800506,9.003555],[38.800473,9.003398]]}},{"type":"Feature","properties":{"mode":"bus","n":16,"arr":["AB046","AB076","AB093","AB125","Bole003","Bole009","Bole010","Bole011","Bole014","Kal033","Lafto044","SH082","SH089","SH092","SH096","YK009"],"lines":"AB046, AB076, AB093, AB125, Bole003, Bole009, Bole010, Bole011, Bole014, Kal033, Lafto044, SH082, SH089, SH092, SH096, YK009"},"geometry":{"type":"LineString","coordinates":[[38.800473,9.003398],[38.799911,9.002464]]}},{"type":"Feature","properties":{"mode":"bus","n":9,"arr":["AB076","AB093","AB125","Bole003","Bole011","SH082","SH089","SH092","SH096"],"lines":"AB076, AB093, AB125, Bole003, Bole011, SH082, SH089, SH092, SH096"},"geometry":{"type":"LineString","coordinates":[[38.804167,9.012365],[38.804239,9.011954],[38.804278,9.011541],[38.804276,9.010808],[38.804144,9.00988],[38.804047,9.00953],[38.803923,9.009198],[38.803552,9.008293],[38.80338,9.007955],[38.800583,9.003378]]}},{"type":"Feature","properties":{"mode":"bus","n":11,"arr":["AB046","AB076","AB093","AB125","AB131","Bole003","Bole011","SH082","SH089","SH092","SH096"],"lines":"AB046, AB076, AB093, AB125, AB131, Bole003, Bole011, SH082, SH089, SH092, SH096"},"geometry":{"type":"LineString","coordinates":[[38.802971,9.015549],[38.804127,9.012533],[38.804167,9.012365]]}},{"type":"Feature","properties":{"mode":"bus","n":10,"arr":["AB046","AB076","AB093","AB125","AB131","Bole011","SH082","SH089","SH092","SH096"],"lines":"AB046, AB076, AB093, AB125, AB131, Bole011, SH082, SH089, SH092, SH096"},"geometry":{"type":"LineString","coordinates":[[38.801895,9.0186],[38.802012,9.018136],[38.802143,9.017732],[38.802971,9.015549]]}},{"type":"Feature","properties":{"mode":"bus","n":9,"arr":["AB046","AB076","AB093","AB125","AB131","SH082","SH089","SH092","SH096"],"lines":"AB046, AB076, AB093, AB125, AB131, SH082, SH089, SH092, SH096"},"geometry":{"type":"LineString","coordinates":[[38.801463,9.020867],[38.801617,9.020018],[38.801699,9.019435],[38.801895,9.0186]]}},{"type":"Feature","properties":{"mode":"bus","n":7,"arr":["AB047","ADK004","ADK026","B22","Gl013","SH012","TX001"],"lines":"AB047, ADK004, ADK026, B22, Gl013, SH012, TX001"},"geometry":{"type":"LineString","coordinates":[[38.732474,9.041603],[38.73222,9.041125],[38.731895,9.040381],[38.731702,9.039702],[38.731615,9.039269],[38.731476,9.038117],[38.731468,9.037864],[38.731517,9.037459],[38.731883,9.035696]]}},{"type":"Feature","properties":{"mode":"bus","n":7,"arr":["AB076","Bole001","Kal002","Kal033","Lafto044","SH096","YK009"],"lines":"AB076, Bole001, Kal002, Kal033, Lafto044, SH096, YK009"},"geometry":{"type":"LineString","coordinates":[[38.776256,8.981244],[38.774927,8.980738],[38.77119,8.979207],[38.770662,8.978928],[38.769303,8.978117],[38.768044,8.977417],[38.767594,8.977142],[38.767054,8.976734],[38.766937,8.976691]]}},{"type":"Feature","properties":{"mode":"bus","n":8,"arr":["AB048","AB076","Bole001","Kal002","Kal033","Lafto044","SH096","YK009"],"lines":"AB048, AB076, Bole001, Kal002, Kal033, Lafto044, SH096, YK009"},"geometry":{"type":"LineString","coordinates":[[38.778565,8.982147],[38.776256,8.981244]]}},{"type":"Feature","properties":{"mode":"bus","n":10,"arr":["AB048","AB052","ARD011","Bole018","Bole019","SH015","SH027","SH079","SH099","TX005"],"lines":"AB048, AB052, ARD011, Bole018, Bole019, SH015, SH027, SH079, SH099, TX005"},"geometry":{"type":"LineString","coordinates":[[38.76939,9.001985],[38.768473,9.003644],[38.767375,9.005698],[38.766947,9.006389],[38.766396,9.007044]]}},{"type":"Feature","properties":{"mode":"bus","n":9,"arr":["Bole001","Bole011","Bole012","Kal002","Kal033","Lafto044","SH083","SH092","YK009"],"lines":"Bole001, Bole011, Bole012, Kal002, Kal033, Lafto044, SH083, SH092, YK009"},"geometry":{"type":"LineString","coordinates":[[38.787975,8.985654],[38.788474,8.985818]]}},{"type":"Feature","properties":{"mode":"bus","n":10,"arr":["AB048","Bole001","Bole011","Bole012","Kal002","Kal033","Lafto044","SH083","SH092","YK009"],"lines":"AB048, Bole001, Bole011, Bole012, Kal002, Kal033, Lafto044, SH083, SH092, YK009"},"geometry":{"type":"LineString","coordinates":[[38.778226,8.982296],[38.781234,8.983468],[38.78299,8.984092],[38.785576,8.984927],[38.787975,8.985654]]}},{"type":"Feature","properties":{"mode":"bus","n":8,"arr":["AB048","Bole001","Kal002","Kal033","Lafto044","SH083","SH092","YK009"],"lines":"AB048, Bole001, Kal002, Kal033, Lafto044, SH083, SH092, YK009"},"geometry":{"type":"LineString","coordinates":[[38.776726,8.981707],[38.778226,8.982296]]}},{"type":"Feature","properties":{"mode":"bus","n":10,"arr":["AB049","AB061","AB083","AB126","AB127","D46","LK002","LK003","LK010","LK014"],"lines":"AB049, AB061, AB083, AB126, AB127, D46, LK002, LK003, LK010, LK014"},"geometry":{"type":"LineString","coordinates":[[38.879302,9.021613],[38.877015,9.021521]]}},{"type":"Feature","properties":{"mode":"bus","n":10,"arr":["AB049","AB061","AB083","AB126","AB127","D46","LK002","LK003","LK010","LK014"],"lines":"AB049, AB061, AB083, AB126, AB127, D46, LK002, LK003, LK010, LK014"},"geometry":{"type":"LineString","coordinates":[[38.876262,9.021114],[38.876408,9.021201],[38.876495,9.021224],[38.876931,9.02126],[38.87791,9.02126]]}},{"type":"Feature","properties":{"mode":"bus","n":8,"arr":["AB049","AB061","AB083","AB126","AB127","D46","LK003","LK010"],"lines":"AB049, AB061, AB083, AB126, AB127, D46, LK003, LK010"},"geometry":{"type":"LineString","coordinates":[[38.877015,9.021521],[38.876563,9.02153],[38.876284,9.021589]]}},{"type":"Feature","properties":{"mode":"bus","n":14,"arr":["AB049","AB061","AB083","AB097","AB101","AB126","AB127","D23","D46","LK001","LK009","LK010","SH066","SH067"],"lines":"AB049, AB061, AB083, AB097, AB101, AB126, AB127, D23, D46, LK001, LK009, LK010, SH066, SH067"},"geometry":{"type":"LineString","coordinates":[[38.875355,9.021707],[38.875153,9.021521],[38.875023,9.021474]]}},{"type":"Feature","properties":{"mode":"bus","n":17,"arr":["AB049","AB061","AB083","AB097","AB101","AB126","AB127","Bole005","D23","D46","LK001","LK009","LK010","LK016","SH066","SH067","YK010"],"lines":"AB049, AB061, AB083, AB097, AB101, AB126, AB127, Bole005, D23, D46, LK001, LK009, LK010, LK016, SH066, SH067, YK010"},"geometry":{"type":"LineString","coordinates":[[38.875023,9.021474],[38.871914,9.021278],[38.870536,9.021289],[38.869033,9.021238],[38.868115,9.021072],[38.867099,9.021016],[38.864767,9.020985],[38.864005,9.020955],[38.86246,9.020858],[38.860565,9.020705],[38.859554,9.020678],[38.858173,9.02072],[38.853658,9.020948],[38.853245,9.021013],[38.852921,9.021167]]}},{"type":"Feature","properties":{"mode":"bus","n":17,"arr":["AB049","AB061","AB083","AB097","AB101","AB126","AB127","Bole005","D23","D46","LK001","LK009","LK010","LK016","SH066","SH067","YK010"],"lines":"AB049, AB061, AB083, AB097, AB101, AB126, AB127, Bole005, D23, D46, LK001, LK009, LK010, LK016, SH066, SH067, YK010"},"geometry":{"type":"LineString","coordinates":[[38.852868,9.020538],[38.853058,9.020627],[38.85334,9.020709],[38.853546,9.020719],[38.857603,9.020506],[38.859894,9.020461],[38.861341,9.020542],[38.864706,9.020777],[38.867883,9.020828],[38.873794,9.021195]]}},{"type":"Feature","properties":{"mode":"bus","n":16,"arr":["AB049","AB061","AB083","AB097","AB101","AB126","AB127","D23","D46","LK001","LK002","LK009","LK010","LK014","SH066","SH067"],"lines":"AB049, AB061, AB083, AB097, AB101, AB126, AB127, D23, D46, LK001, LK002, LK009, LK010, LK014, SH066, SH067"},"geometry":{"type":"LineString","coordinates":[[38.873794,9.021195],[38.874902,9.021265],[38.875252,9.021251]]}},{"type":"Feature","properties":{"mode":"bus","n":9,"arr":["AB049","AB061","AB083","AB127","D46","LK002","LK003","LK010","LK014"],"lines":"AB049, AB061, AB083, AB127, D46, LK002, LK003, LK010, LK014"},"geometry":{"type":"LineString","coordinates":[[38.87791,9.02126],[38.879215,9.021325]]}},{"type":"Feature","properties":{"mode":"bus","n":23,"arr":["AB050","AB051","AB059","AB066","AB130","Kolfa011","Kolfa013","Kolfa014","Kolfa016","Kolfa017","Kolfa019","Kolfa033","Kolfa036","Kolfa041","LID002","LID007","LID013","SH009","SH040","SH068","SH071","SH081","SH100"],"lines":"AB050, AB051, AB059, AB066, AB130, Kolfa011, Kolfa013, Kolfa014, Kolfa016, Kolfa017, Kolfa019, Kolfa033, Kolfa036, Kolfa041, LID002, LID007, LID013, SH009, SH040, SH068, SH071, SH081, SH100"},"geometry":{"type":"LineString","coordinates":[[38.722507,9.011431],[38.722031,9.01142],[38.721912,9.011391],[38.721651,9.01126],[38.721567,9.011175],[38.7215,9.011077],[38.720473,9.008949],[38.720227,9.008556],[38.719714,9.007952]]}},{"type":"Feature","properties":{"mode":"bus","n":5,"arr":["AB050","ADK022","ADK038","ARD012","Lafto018"],"lines":"AB050, ADK022, ADK038, ARD012, Lafto018"},"geometry":{"type":"LineString","coordinates":[[38.744678,9.012555],[38.744686,9.011944]]}},{"type":"Feature","properties":{"mode":"bus","n":8,"arr":["AB050","ADK015","ADK024","ADK047","ADK048","Kal012","Kal032","Kal035"],"lines":"AB050, ADK015, ADK024, ADK047, ADK048, Kal012, Kal032, Kal035"},"geometry":{"type":"LineString","coordinates":[[38.748428,9.013161],[38.747196,9.014404],[38.746106,9.015391]]}},{"type":"Feature","properties":{"mode":"bus","n":14,"arr":["AB051","ADK011","ADK028","ADK052","ARD006","Kolfa001","Kolfa009","Kolfa010","Kolfa012","Kolfa018","Kolfe035","Kolfe042","SH010","SH071"],"lines":"AB051, ADK011, ADK028, ADK052, ARD006, Kolfa001, Kolfa009, Kolfa010, Kolfa012, Kolfa018, Kolfe035, Kolfe042, SH010, SH071"},"geometry":{"type":"LineString","coordinates":[[38.694207,9.004477],[38.69449,9.00583]]}},{"type":"Feature","properties":{"mode":"bus","n":16,"arr":["AB051","AB059","AB090","ADK011","ADK028","ADK052","ARD006","Kolfa001","Kolfa009","Kolfa010","Kolfa012","Kolfa018","Kolfe035","Kolfe042","SH010","SH071"],"lines":"AB051, AB059, AB090, ADK011, ADK028, ADK052, ARD006, Kolfa001, Kolfa009, Kolfa010, Kolfa012, Kolfa018, Kolfe035, Kolfe042, SH010, SH071"},"geometry":{"type":"LineString","coordinates":[[38.694186,9.004376],[38.694207,9.004477]]}},{"type":"Feature","properties":{"mode":"bus","n":10,"arr":["AB052","ADK015","ADK024","ADK053","ADK055","Bole016","Bole020","Kal012","Kal032","KRK006"],"lines":"AB052, ADK015, ADK024, ADK053, ADK055, Bole016, Bole020, Kal012, Kal032, KRK006"},"geometry":{"type":"LineString","coordinates":[[38.741335,9.033871],[38.741489,9.033676],[38.741511,9.033616],[38.741521,9.033423],[38.74138,9.031809]]}},{"type":"Feature","properties":{"mode":"bus","n":18,"arr":["AB052","ADK015","ADK020","ADK021","ADK022","ADK024","ADK038","ADK042","ADK047","ADK053","ADK055","Bole016","Bole020","Bole023","Kal012","Kal032","KRK006","Lafto016"],"lines":"AB052, ADK015, ADK020, ADK021, ADK022, ADK024, ADK038, ADK042, ADK047, ADK053, ADK055, Bole016, Bole020, Bole023, Kal012, Kal032, KRK006, Lafto016"},"geometry":{"type":"LineString","coordinates":[[38.74138,9.031809],[38.741343,9.031338]]}},{"type":"Feature","properties":{"mode":"bus","n":19,"arr":["AB052","ADK015","ADK020","ADK021","ADK022","ADK024","ADK038","ADK042","ADK047","ADK053","ADK055","Bole016","Bole020","Bole023","Kal012","Kal032","Kal035","KRK006","Lafto016"],"lines":"AB052, ADK015, ADK020, ADK021, ADK022, ADK024, ADK038, ADK042, ADK047, ADK053, ADK055, Bole016, Bole020, Bole023, Kal012, Kal032, Kal035, KRK006, Lafto016"},"geometry":{"type":"LineString","coordinates":[[38.741343,9.031338],[38.74131,9.030736],[38.741327,9.030582],[38.741358,9.030499],[38.741862,9.029989],[38.742901,9.029067],[38.74309,9.028854],[38.743084,9.028757]]}},{"type":"Feature","properties":{"mode":"bus","n":19,"arr":["AB052","ADK015","ADK020","ADK021","ADK022","ADK024","ADK038","ADK042","ADK047","ADK053","ADK055","Bole016","Bole020","Bole023","Kal012","Kal032","Kal035","KRK006","Lafto016"],"lines":"AB052, ADK015, ADK020, ADK021, ADK022, ADK024, ADK038, ADK042, ADK047, ADK053, ADK055, Bole016, Bole020, Bole023, Kal012, Kal032, Kal035, KRK006, Lafto016"},"geometry":{"type":"LineString","coordinates":[[38.743332,9.028873],[38.742011,9.029999],[38.741931,9.030034],[38.741517,9.030411],[38.7414,9.030557],[38.741375,9.030798],[38.741462,9.031776]]}},{"type":"Feature","properties":{"mode":"bus","n":16,"arr":["AB052","ADK015","ADK020","ADK021","ADK022","ADK024","ADK047","ADK053","ADK055","Bole016","Bole020","Bole023","Kal012","Kal032","Kal035","KRK006"],"lines":"AB052, ADK015, ADK020, ADK021, ADK022, ADK024, ADK047, ADK053, ADK055, Bole016, Bole020, Bole023, Kal012, Kal032, Kal035, KRK006"},"geometry":{"type":"LineString","coordinates":[[38.74352,9.028208],[38.743841,9.027993]]}},{"type":"Feature","properties":{"mode":"bus","n":16,"arr":["AB052","ADK015","ADK020","ADK021","ADK022","ADK024","ADK047","ADK053","ADK055","Bole016","Bole020","Bole023","Kal012","Kal032","Kal035","KRK006"],"lines":"AB052, ADK015, ADK020, ADK021, ADK022, ADK024, ADK047, ADK053, ADK055, Bole016, Bole020, Bole023, Kal012, Kal032, Kal035, KRK006"},"geometry":{"type":"LineString","coordinates":[[38.743959,9.027963],[38.743719,9.028314]]}},{"type":"Feature","properties":{"mode":"bus","n":19,"arr":["AB052","ADK015","ADK020","ADK021","ADK022","ADK024","ADK047","ADK048","ADK053","ADK055","Bole015","Bole016","Bole020","Bole023","Kal012","Kal032","Kal035","KRK006","Lafto018"],"lines":"AB052, ADK015, ADK020, ADK021, ADK022, ADK024, ADK047, ADK048, ADK053, ADK055, Bole015, Bole016, Bole020, Bole023, Kal012, Kal032, Kal035, KRK006, Lafto018"},"geometry":{"type":"LineString","coordinates":[[38.743841,9.027993],[38.744177,9.027516],[38.744978,9.02606],[38.745651,9.024774],[38.746311,9.023635],[38.747495,9.021989],[38.747602,9.021786],[38.747658,9.02148]]}},{"type":"Feature","properties":{"mode":"bus","n":19,"arr":["AB052","ADK015","ADK020","ADK021","ADK022","ADK024","ADK047","ADK048","ADK053","ADK055","Bole015","Bole016","Bole020","Bole023","Kal012","Kal032","Kal035","KRK006","Lafto018"],"lines":"AB052, ADK015, ADK020, ADK021, ADK022, ADK024, ADK047, ADK048, ADK053, ADK055, Bole015, Bole016, Bole020, Bole023, Kal012, Kal032, Kal035, KRK006, Lafto018"},"geometry":{"type":"LineString","coordinates":[[38.747752,9.021683],[38.747535,9.022064],[38.746412,9.023644],[38.746093,9.024143],[38.744373,9.027328],[38.743959,9.027963]]}},{"type":"Feature","properties":{"mode":"bus","n":18,"arr":["AB052","ADK015","ADK020","ADK021","ADK022","ADK024","ADK047","ADK048","ADK053","Bole015","Bole016","Bole020","Bole023","Kal012","Kal032","Kal035","KRK006","Lafto018"],"lines":"AB052, ADK015, ADK020, ADK021, ADK022, ADK024, ADK047, ADK048, ADK053, Bole015, Bole016, Bole020, Bole023, Kal012, Kal032, Kal035, KRK006, Lafto018"},"geometry":{"type":"LineString","coordinates":[[38.747658,9.02148],[38.747577,9.02108]]}},{"type":"Feature","properties":{"mode":"bus","n":18,"arr":["AB052","ADK015","ADK020","ADK021","ADK022","ADK024","ADK047","ADK048","ADK053","Bole015","Bole016","Bole020","Bole023","Kal012","Kal032","Kal035","KRK006","Lafto018"],"lines":"AB052, ADK015, ADK020, ADK021, ADK022, ADK024, ADK047, ADK048, ADK053, Bole015, Bole016, Bole020, Bole023, Kal012, Kal032, Kal035, KRK006, Lafto018"},"geometry":{"type":"LineString","coordinates":[[38.74781,9.021266],[38.747826,9.02143],[38.747813,9.021546],[38.747752,9.021683]]}},{"type":"Feature","properties":{"mode":"bus","n":20,"arr":["AB052","ADK015","ADK020","ADK021","ADK022","ADK024","ADK047","ADK048","ADK053","ARD005","ARD012","Bole015","Bole016","Bole020","Bole023","Kal012","Kal032","Kal035","KRK006","Lafto018"],"lines":"AB052, ADK015, ADK020, ADK021, ADK022, ADK024, ADK047, ADK048, ADK053, ARD005, ARD012, Bole015, Bole016, Bole020, Bole023, Kal012, Kal032, Kal035, KRK006, Lafto018"},"geometry":{"type":"LineString","coordinates":[[38.747577,9.02108],[38.74755,9.020972],[38.746722,9.019352],[38.746613,9.018984],[38.746563,9.018659]]}},{"type":"Feature","properties":{"mode":"bus","n":9,"arr":["AB052","ADK020","ADK021","ADK053","Bole015","Bole016","Bole020","Bole023","KRK006"],"lines":"AB052, ADK020, ADK021, ADK053, Bole015, Bole016, Bole020, Bole023, KRK006"},"geometry":{"type":"LineString","coordinates":[[38.746563,9.018659],[38.752312,9.019161]]}},{"type":"Feature","properties":{"mode":"bus","n":9,"arr":["AB052","ADK020","ADK021","ADK053","Bole015","Bole016","Bole020","Bole023","KRK006"],"lines":"AB052, ADK020, ADK021, ADK053, Bole015, Bole016, Bole020, Bole023, KRK006"},"geometry":{"type":"LineString","coordinates":[[38.752304,9.019263],[38.748769,9.01891]]}},{"type":"Feature","properties":{"mode":"bus","n":6,"arr":["AB052","ARD011","SH015","SH027","SH072","TX005"],"lines":"AB052, ARD011, SH015, SH027, SH072, TX005"},"geometry":{"type":"LineString","coordinates":[[38.777076,8.992736],[38.776328,8.992971],[38.775843,8.993165],[38.775183,8.993515],[38.774866,8.993728],[38.774439,8.994073],[38.773641,8.994848],[38.773081,8.995457],[38.772622,8.996064],[38.772436,8.996269]]}},{"type":"Feature","properties":{"mode":"bus","n":13,"arr":["AB052","AB076","AB093","AB125","Bole003","Bole011","Kal033","Lafto044","SH082","SH089","SH092","SH096","YK009"],"lines":"AB052, AB076, AB093, AB125, Bole003, Bole011, Kal033, Lafto044, SH082, SH089, SH092, SH096, YK009"},"geometry":{"type":"LineString","coordinates":[[38.794718,8.991151],[38.794315,8.990327],[38.794134,8.990036],[38.793812,8.9896],[38.793395,8.989154],[38.792501,8.988289],[38.792348,8.988113],[38.792097,8.987744],[38.792032,8.98753]]}},{"type":"Feature","properties":{"mode":"bus","n":13,"arr":["AB052","AB076","AB093","AB125","Bole003","Bole011","Kal033","Lafto044","SH082","SH089","SH092","SH096","YK009"],"lines":"AB052, AB076, AB093, AB125, Bole003, Bole011, Kal033, Lafto044, SH082, SH089, SH092, SH096, YK009"},"geometry":{"type":"LineString","coordinates":[[38.793597,8.98983],[38.793732,8.989987],[38.793896,8.990243]]}},{"type":"Feature","properties":{"mode":"bus","n":15,"arr":["AB052","AB076","AB093","AB125","Bole003","Bole008","Bole009","Bole011","Kal033","Lafto044","SH082","SH089","SH092","SH096","YK009"],"lines":"AB052, AB076, AB093, AB125, Bole003, Bole008, Bole009, Bole011, Kal033, Lafto044, SH082, SH089, SH092, SH096, YK009"},"geometry":{"type":"LineString","coordinates":[[38.794746,8.991218],[38.794718,8.991151]]}},{"type":"Feature","properties":{"mode":"bus","n":16,"arr":["AB052","AB076","AB093","AB125","Bole003","Bole008","Bole009","Bole010","Bole011","Kal033","Lafto044","SH082","SH089","SH092","SH096","YK009"],"lines":"AB052, AB076, AB093, AB125, Bole003, Bole008, Bole009, Bole010, Bole011, Kal033, Lafto044, SH082, SH089, SH092, SH096, YK009"},"geometry":{"type":"LineString","coordinates":[[38.794913,8.991691],[38.794746,8.991218]]}},{"type":"Feature","properties":{"mode":"bus","n":14,"arr":["AB076","AB093","AB125","Bole003","Bole010","Bole011","Bole014","Kal033","Lafto044","SH082","SH089","SH092","SH096","YK009"],"lines":"AB076, AB093, AB125, Bole003, Bole010, Bole011, Bole014, Kal033, Lafto044, SH082, SH089, SH092, SH096, YK009"},"geometry":{"type":"LineString","coordinates":[[38.794824,8.99234],[38.794336,8.991072]]}},{"type":"Feature","properties":{"mode":"bus","n":15,"arr":["AB052","AB076","AB093","AB125","Bole003","Bole010","Bole011","Bole014","Kal033","Lafto044","SH082","SH089","SH092","SH096","YK009"],"lines":"AB052, AB076, AB093, AB125, Bole003, Bole010, Bole011, Bole014, Kal033, Lafto044, SH082, SH089, SH092, SH096, YK009"},"geometry":{"type":"LineString","coordinates":[[38.793896,8.990243],[38.794001,8.990411],[38.794336,8.991072]]}},{"type":"Feature","properties":{"mode":"bus","n":12,"arr":["AB052","ADK015","ADK020","ADK021","ADK053","Bole015","Bole016","Bole020","Bole023","Kal012","Kal032","KRK006"],"lines":"AB052, ADK015, ADK020, ADK021, ADK053, Bole015, Bole016, Bole020, Bole023, Kal012, Kal032, KRK006"},"geometry":{"type":"LineString","coordinates":[[38.746656,9.018744],[38.748769,9.01891]]}},{"type":"Feature","properties":{"mode":"bus","n":20,"arr":["AB052","ADK015","ADK020","ADK021","ADK022","ADK024","ADK047","ADK048","ADK053","ARD005","ARD012","Bole015","Bole016","Bole020","Bole023","Kal012","Kal032","KRK006","Lafto014","Lafto018"],"lines":"AB052, ADK015, ADK020, ADK021, ADK022, ADK024, ADK047, ADK048, ADK053, ARD005, ARD012, Bole015, Bole016, Bole020, Bole023, Kal012, Kal032, KRK006, Lafto014, Lafto018"},"geometry":{"type":"LineString","coordinates":[[38.747579,9.020799],[38.747201,9.020129],[38.74687,9.019471],[38.746697,9.018973],[38.746656,9.018744]]}},{"type":"Feature","properties":{"mode":"bus","n":18,"arr":["AB052","ADK015","ADK020","ADK021","ADK022","ADK024","ADK047","ADK048","ADK053","ARD012","Bole015","Bole016","Bole020","Bole023","Kal012","Kal032","KRK006","Lafto018"],"lines":"AB052, ADK015, ADK020, ADK021, ADK022, ADK024, ADK047, ADK048, ADK053, ARD012, Bole015, Bole016, Bole020, Bole023, Kal012, Kal032, KRK006, Lafto018"},"geometry":{"type":"LineString","coordinates":[[38.747677,9.020966],[38.747579,9.020799]]}},{"type":"Feature","properties":{"mode":"bus","n":17,"arr":["AB052","ADK015","ADK020","ADK021","ADK022","ADK024","ADK047","ADK048","ADK053","Bole015","Bole016","Bole020","Bole023","Kal012","Kal032","KRK006","Lafto018"],"lines":"AB052, ADK015, ADK020, ADK021, ADK022, ADK024, ADK047, ADK048, ADK053, Bole015, Bole016, Bole020, Bole023, Kal012, Kal032, KRK006, Lafto018"},"geometry":{"type":"LineString","coordinates":[[38.74781,9.021266],[38.747677,9.020966]]}},{"type":"Feature","properties":{"mode":"bus","n":11,"arr":["AB052","ADK015","ADK024","ADK053","ADK055","Bole016","Bole020","Kal012","Kal032","Kal035","KRK006"],"lines":"AB052, ADK015, ADK024, ADK053, ADK055, Bole016, Bole020, Kal012, Kal032, Kal035, KRK006"},"geometry":{"type":"LineString","coordinates":[[38.741462,9.031776],[38.741613,9.033595],[38.741708,9.033916]]}},{"type":"Feature","properties":{"mode":"bus","n":5,"arr":["AB052","ADK053","Bole020","Kal032","Kal035"],"lines":"AB052, ADK053, Bole020, Kal032, Kal035"},"geometry":{"type":"LineString","coordinates":[[38.741708,9.033916],[38.741771,9.034084]]}},{"type":"Feature","properties":{"mode":"bus","n":7,"arr":["AB053","ARD011","Bole018","Bole019","SH015","SH027","TX005"],"lines":"AB053, ARD011, Bole018, Bole019, SH015, SH027, TX005"},"geometry":{"type":"LineString","coordinates":[[38.762595,9.011469],[38.762565,9.011245],[38.76258,9.011047],[38.762695,9.010839]]}},{"type":"Feature","properties":{"mode":"bus","n":8,"arr":["AB053","ADK021","ARD011","Bole015","Bole016","Bole018","KRK020","TX005"],"lines":"AB053, ADK021, ARD011, Bole015, Bole016, Bole018, KRK020, TX005"},"geometry":{"type":"LineString","coordinates":[[38.776855,8.988604],[38.777721,8.989539],[38.778173,8.989898],[38.778199,8.989956],[38.778412,8.990217],[38.778456,8.990304],[38.778532,8.990589],[38.778681,8.991629],[38.778755,8.991903],[38.778778,8.992132],[38.778764,8.992301],[38.778754,8.992333],[38.778731,8.992357],[38.778576,8.992462]]}},{"type":"Feature","properties":{"mode":"bus","n":6,"arr":["AB053","ADK021","Bole015","Bole016","Bole018","KRK020"],"lines":"AB053, ADK021, Bole015, Bole016, Bole018, KRK020"},"geometry":{"type":"LineString","coordinates":[[38.773145,8.984653],[38.773401,8.984959],[38.774026,8.985494],[38.775158,8.986719],[38.7761,8.987796],[38.776855,8.988604]]}},{"type":"Feature","properties":{"mode":"bus","n":7,"arr":["AB056","AB110","ARD002","ARD004","ARD008","SH016","SH028"],"lines":"AB056, AB110, ARD002, ARD004, ARD008, SH016, SH028"},"geometry":{"type":"LineString","coordinates":[[38.759194,9.011472],[38.759178,9.011272]]}},{"type":"Feature","properties":{"mode":"bus","n":6,"arr":["AB058","AB070","AB090","Kolfa022","Kolfa038","SH009"],"lines":"AB058, AB070, AB090, Kolfa022, Kolfa038, SH009"},"geometry":{"type":"LineString","coordinates":[[38.717408,8.993602],[38.717135,8.993084],[38.717011,8.992949]]}},{"type":"Feature","properties":{"mode":"bus","n":11,"arr":["AB059","AB123","ADK028","ADK038","ARD006","Kolfa020","Kolfa041","Kolfe035","Lafto016","LID003","SH071"],"lines":"AB059, AB123, ADK028, ADK038, ARD006, Kolfa020, Kolfa041, Kolfe035, Lafto016, LID003, SH071"},"geometry":{"type":"LineString","coordinates":[[38.740974,9.026781],[38.741809,9.027453],[38.74262,9.028188]]}},{"type":"Feature","properties":{"mode":"bus","n":11,"arr":["AB059","AB123","ADK028","ADK038","ARD006","Kolfa020","Kolfa041","Kolfe035","Lafto016","LID003","SH071"],"lines":"AB059, AB123, ADK028, ADK038, ARD006, Kolfa020, Kolfa041, Kolfe035, Lafto016, LID003, SH071"},"geometry":{"type":"LineString","coordinates":[[38.742672,9.028351],[38.74213,9.027855],[38.740827,9.026785]]}},{"type":"Feature","properties":{"mode":"bus","n":9,"arr":["AB059","AB123","ADK038","ARD006","Kolfa041","Kolfe035","Lafto016","LID003","SH071"],"lines":"AB059, AB123, ADK038, ARD006, Kolfa041, Kolfe035, Lafto016, LID003, SH071"},"geometry":{"type":"LineString","coordinates":[[38.74262,9.028188],[38.74285,9.028382],[38.743086,9.028497]]}},{"type":"Feature","properties":{"mode":"bus","n":9,"arr":["AB059","AB123","ADK038","ARD006","Kolfa041","Kolfe035","Lafto016","LID003","SH071"],"lines":"AB059, AB123, ADK038, ARD006, Kolfa041, Kolfe035, Lafto016, LID003, SH071"},"geometry":{"type":"LineString","coordinates":[[38.743076,9.028736],[38.742672,9.028351]]}},{"type":"Feature","properties":{"mode":"bus","n":8,"arr":["AB059","AB123","ADK042","ARD006","Kolfa041","Kolfe035","LID003","SH071"],"lines":"AB059, AB123, ADK042, ARD006, Kolfa041, Kolfe035, LID003, SH071"},"geometry":{"type":"LineString","coordinates":[[38.743814,9.02883],[38.743574,9.028776]]}},{"type":"Feature","properties":{"mode":"bus","n":12,"arr":["AB059","AB090","ADK011","ADK028","ADK052","ARD006","Kolfa001","Kolfa010","Kolfa018","Kolfe035","Kolfe042","SH010"],"lines":"AB059, AB090, ADK011, ADK028, ADK052, ARD006, Kolfa001, Kolfa010, Kolfa018, Kolfe035, Kolfe042, SH010"},"geometry":{"type":"LineString","coordinates":[[38.694375,9.004424],[38.694341,9.004286]]}},{"type":"Feature","properties":{"mode":"bus","n":14,"arr":["AB059","AB090","ADK011","ADK028","ADK052","ARD006","Kolfa001","Kolfa009","Kolfa010","Kolfa012","Kolfa018","Kolfe035","Kolfe042","SH010"],"lines":"AB059, AB090, ADK011, ADK028, ADK052, ARD006, Kolfa001, Kolfa009, Kolfa010, Kolfa012, Kolfa018, Kolfe035, Kolfe042, SH010"},"geometry":{"type":"LineString","coordinates":[[38.694415,9.004593],[38.694375,9.004424]]}},{"type":"Feature","properties":{"mode":"bus","n":5,"arr":["AB106","AB107","AB110","AB121","AB124"],"lines":"AB106, AB107, AB110, AB121, AB124"},"geometry":{"type":"LineString","coordinates":[[38.808342,8.856783],[38.808614,8.856932],[38.808999,8.857245],[38.809329,8.857625],[38.809869,8.858358],[38.810043,8.858538],[38.810214,8.858683],[38.810547,8.858908],[38.810953,8.859098],[38.811411,8.859228],[38.811584,8.859252],[38.812064,8.85926],[38.812273,8.859243],[38.813204,8.859078],[38.813486,8.859052],[38.813723,8.859039],[38.81431,8.859075],[38.814706,8.859167],[38.815255,8.859345],[38.817691,8.860278],[38.818495,8.860544],[38.819262,8.860672],[38.820602,8.860821],[38.820982,8.860926]]}},{"type":"Feature","properties":{"mode":"bus","n":8,"arr":["AB060","AB106","AB107","AB110","AB121","AB124","Bole002","Lafto008"],"lines":"AB060, AB106, AB107, AB110, AB121, AB124, Bole002, Lafto008"},"geometry":{"type":"LineString","coordinates":[[38.820864,8.869257],[38.820768,8.870444],[38.820622,8.871464],[38.820388,8.872867]]}},{"type":"Feature","properties":{"mode":"bus","n":8,"arr":["AB060","AB106","AB107","AB110","AB121","AB124","Bole002","Lafto008"],"lines":"AB060, AB106, AB107, AB110, AB121, AB124, Bole002, Lafto008"},"geometry":{"type":"LineString","coordinates":[[38.819828,8.873614],[38.819941,8.873047],[38.820343,8.870505],[38.820616,8.869151]]}},{"type":"Feature","properties":{"mode":"bus","n":7,"arr":["AB060","AB106","AB110","AB121","AB124","Bole002","Lafto008"],"lines":"AB060, AB106, AB110, AB121, AB124, Bole002, Lafto008"},"geometry":{"type":"LineString","coordinates":[[38.820388,8.872867],[38.820285,8.873378]]}},{"type":"Feature","properties":{"mode":"bus","n":7,"arr":["AB060","AB106","AB107","AB110","AB124","Bole002","Lafto008"],"lines":"AB060, AB106, AB107, AB110, AB124, Bole002, Lafto008"},"geometry":{"type":"LineString","coordinates":[[38.820285,8.873378],[38.820185,8.873879]]}},{"type":"Feature","properties":{"mode":"bus","n":5,"arr":["AB060","AB106","AB124","Bole021","SH077"],"lines":"AB060, AB106, AB124, Bole021, SH077"},"geometry":{"type":"LineString","coordinates":[[38.819722,8.875379],[38.819269,8.876507],[38.818794,8.877527],[38.815525,8.884005],[38.814204,8.886708],[38.813923,8.887422],[38.813746,8.887953],[38.813455,8.889071],[38.813309,8.889874],[38.813213,8.890776],[38.813187,8.891532],[38.813191,8.892224],[38.813303,8.893403],[38.813387,8.893933],[38.813659,8.895075],[38.813881,8.895799],[38.815029,8.899082]]}},{"type":"Feature","properties":{"mode":"bus","n":5,"arr":["AB060","AB106","AB124","Bole021","SH077"],"lines":"AB060, AB106, AB124, Bole021, SH077"},"geometry":{"type":"LineString","coordinates":[[38.814687,8.899214],[38.813376,8.895396],[38.813151,8.894573],[38.812993,8.893776],[38.812871,8.892802],[38.812825,8.8922],[38.812825,8.891236],[38.812872,8.890519],[38.813064,8.889198],[38.813391,8.887856],[38.813607,8.887217],[38.81387,8.886566],[38.818864,8.876565],[38.819384,8.875192]]}},{"type":"Feature","properties":{"mode":"bus","n":6,"arr":["AB060","AB113","AB120","AB124","Bole021","SH077"],"lines":"AB060, AB113, AB120, AB124, Bole021, SH077"},"geometry":{"type":"LineString","coordinates":[[38.815298,8.899798],[38.815608,8.900729]]}},{"type":"Feature","properties":{"mode":"bus","n":7,"arr":["AB060","AB113","AB120","AB124","Bole021","D52","SH077"],"lines":"AB060, AB113, AB120, AB124, Bole021, D52, SH077"},"geometry":{"type":"LineString","coordinates":[[38.815608,8.900729],[38.816079,8.902094],[38.816667,8.904019],[38.817055,8.905588],[38.817318,8.906867],[38.817526,8.9081],[38.817723,8.90952],[38.818274,8.914631]]}},{"type":"Feature","properties":{"mode":"bus","n":10,"arr":["AB060","AB071","AB082","AB113","AB120","AB124","AB131","Bole021","D26","D52"],"lines":"AB060, AB071, AB082, AB113, AB120, AB124, AB131, Bole021, D26, D52"},"geometry":{"type":"LineString","coordinates":[[38.803832,9.008801],[38.803751,9.008503],[38.803787,9.008431],[38.803946,9.008304],[38.80484,9.007807],[38.804916,9.007689]]}},{"type":"Feature","properties":{"mode":"bus","n":6,"arr":["AB060","KRK002","KRK004","LID009","LK007","SH067"],"lines":"AB060, KRK002, KRK004, LID009, LK007, SH067"},"geometry":{"type":"LineString","coordinates":[[38.800969,9.019523],[38.800484,9.019399]]}},{"type":"Feature","properties":{"mode":"bus","n":5,"arr":["AB060","Bole005","Bole007","Kolfa037","LK007"],"lines":"AB060, Bole005, Bole007, Kolfa037, LK007"},"geometry":{"type":"LineString","coordinates":[[38.787459,9.015571],[38.787409,9.015236]]}},{"type":"Feature","properties":{"mode":"bus","n":10,"arr":["AB060","AB106","AB107","AB109","AB110","AB121","AB124","Bole002","Lafto008","SH088"],"lines":"AB060, AB106, AB107, AB109, AB110, AB121, AB124, Bole002, Lafto008, SH088"},"geometry":{"type":"LineString","coordinates":[[38.819794,8.873782],[38.819828,8.873614]]}},{"type":"Feature","properties":{"mode":"bus","n":7,"arr":["AB060","AB106","AB107","AB110","AB121","AB124","Lafto008"],"lines":"AB060, AB106, AB107, AB110, AB121, AB124, Lafto008"},"geometry":{"type":"LineString","coordinates":[[38.80831,8.857316],[38.80815,8.857186],[38.807884,8.857048],[38.804157,8.855607]]}},{"type":"Feature","properties":{"mode":"bus","n":5,"arr":["AB060","AB106","AB107","AB121","Lafto008"],"lines":"AB060, AB106, AB107, AB121, Lafto008"},"geometry":{"type":"LineString","coordinates":[[38.804157,8.855607],[38.803695,8.85544],[38.803461,8.855406]]}},{"type":"Feature","properties":{"mode":"bus","n":20,"arr":["AB061","AB079","AB083","AB119","AB127","Bole005","Bole006","Bole007","Bole022","D23","D46","LK004","LK007","LK009","LK010","LK013","LK016","SH066","SH067","YK010"],"lines":"AB061, AB079, AB083, AB119, AB127, Bole005, Bole006, Bole007, Bole022, D23, D46, LK004, LK007, LK009, LK010, LK013, LK016, SH066, SH067, YK010"},"geometry":{"type":"LineString","coordinates":[[38.81695,9.019737],[38.813365,9.01994]]}},{"type":"Feature","properties":{"mode":"bus","n":20,"arr":["AB061","AB079","AB083","AB119","AB127","Bole005","Bole006","Bole007","Bole022","D23","D46","LK004","LK007","LK009","LK010","LK013","LK016","SH066","SH067","YK010"],"lines":"AB061, AB079, AB083, AB119, AB127, Bole005, Bole006, Bole007, Bole022, D23, D46, LK004, LK007, LK009, LK010, LK013, LK016, SH066, SH067, YK010"},"geometry":{"type":"LineString","coordinates":[[38.808964,9.020545],[38.808408,9.020597],[38.807882,9.02058]]}},{"type":"Feature","properties":{"mode":"bus","n":22,"arr":["AB061","AB079","AB083","AB119","AB127","Bole005","Bole006","Bole007","Bole022","D23","D46","Kal033","LK004","LK007","LK009","LK010","LK013","LK016","SH066","SH067","YK010","YK016"],"lines":"AB061, AB079, AB083, AB119, AB127, Bole005, Bole006, Bole007, Bole022, D23, D46, Kal033, LK004, LK007, LK009, LK010, LK013, LK016, SH066, SH067, YK010, YK016"},"geometry":{"type":"LineString","coordinates":[[38.813365,9.01994],[38.813209,9.019951]]}},{"type":"Feature","properties":{"mode":"bus","n":21,"arr":["AB061","AB079","AB083","AB119","AB127","Bole005","Bole006","Bole007","Bole022","D23","D46","LK004","LK007","LK009","LK010","LK013","LK016","SH066","SH067","YK010","YK016"],"lines":"AB061, AB079, AB083, AB119, AB127, Bole005, Bole006, Bole007, Bole022, D23, D46, LK004, LK007, LK009, LK010, LK013, LK016, SH066, SH067, YK010, YK016"},"geometry":{"type":"LineString","coordinates":[[38.813209,9.019951],[38.811568,9.020076],[38.811054,9.020153],[38.808964,9.020545]]}},{"type":"Feature","properties":{"mode":"bus","n":23,"arr":["AB061","AB079","AB083","AB119","AB127","Bole005","Bole006","Bole007","Bole022","D23","D46","Kal033","LK004","LK005","LK007","LK009","LK010","LK013","LK016","SH066","SH067","YK010","YK016"],"lines":"AB061, AB079, AB083, AB119, AB127, Bole005, Bole006, Bole007, Bole022, D23, D46, Kal033, LK004, LK005, LK007, LK009, LK010, LK013, LK016, SH066, SH067, YK010, YK016"},"geometry":{"type":"LineString","coordinates":[[38.807882,9.02058],[38.807264,9.020503],[38.804282,9.020012]]}},{"type":"Feature","properties":{"mode":"bus","n":14,"arr":["AB061","AB079","AB083","AB119","AB127","Bole005","Bole007","D23","D46","Kal033","LK007","SH066","SH067","YK016"],"lines":"AB061, AB079, AB083, AB119, AB127, Bole005, Bole007, D23, D46, Kal033, LK007, SH066, SH067, YK016"},"geometry":{"type":"LineString","coordinates":[[38.804282,9.020012],[38.803351,9.019862]]}},{"type":"Feature","properties":{"mode":"bus","n":10,"arr":["AB061","AB079","AB083","AB119","D23","D46","Kal033","LK007","SH066","SH067"],"lines":"AB061, AB079, AB083, AB119, D23, D46, Kal033, LK007, SH066, SH067"},"geometry":{"type":"LineString","coordinates":[[38.803351,9.019862],[38.803176,9.019888],[38.803054,9.019877]]}},{"type":"Feature","properties":{"mode":"bus","n":9,"arr":["AB061","AB079","AB083","AB119","D23","Kal033","LK007","SH066","SH067"],"lines":"AB061, AB079, AB083, AB119, D23, Kal033, LK007, SH066, SH067"},"geometry":{"type":"LineString","coordinates":[[38.80282,9.019853],[38.803054,9.019877]]}},{"type":"Feature","properties":{"mode":"bus","n":6,"arr":["AB061","AB083","ADK057","Kal033","LK007","SH067"],"lines":"AB061, AB083, ADK057, Kal033, LK007, SH067"},"geometry":{"type":"LineString","coordinates":[[38.801977,9.019882],[38.802275,9.019788],[38.80282,9.019853]]}},{"type":"Feature","properties":{"mode":"bus","n":5,"arr":["AB061","AB071","AB081","ADK042","LID010"],"lines":"AB061, AB071, AB081, ADK042, LID010"},"geometry":{"type":"LineString","coordinates":[[38.794919,9.020978],[38.796686,9.020779],[38.798723,9.020593],[38.799296,9.020463],[38.800612,9.02006]]}},{"type":"Feature","properties":{"mode":"bus","n":5,"arr":["AB063","AB085","ADK006","ADK040","ADK055"],"lines":"AB063, AB085, ADK006, ADK040, ADK055"},"geometry":{"type":"LineString","coordinates":[[38.71651,9.037732],[38.716398,9.03796]]}},{"type":"Feature","properties":{"mode":"bus","n":12,"arr":["AB063","AB073","AB087","ADK030","ADK052","Kolfa018","Kolfa022","Kolfa024","Kolfa027","Kolfa038","Kolfe023","LID011"],"lines":"AB063, AB073, AB087, ADK030, ADK052, Kolfa018, Kolfa022, Kolfa024, Kolfa027, Kolfa038, Kolfe023, LID011"},"geometry":{"type":"LineString","coordinates":[[38.713362,9.039624],[38.71417,9.037233]]}},{"type":"Feature","properties":{"mode":"bus","n":14,"arr":["AB063","AB073","AB087","ADK030","ADK040","ADK052","ADK055","Kolfa018","Kolfa022","Kolfa024","Kolfa027","Kolfa038","Kolfe023","LID011"],"lines":"AB063, AB073, AB087, ADK030, ADK040, ADK052, ADK055, Kolfa018, Kolfa022, Kolfa024, Kolfa027, Kolfa038, Kolfe023, LID011"},"geometry":{"type":"LineString","coordinates":[[38.712715,9.041442],[38.713207,9.040007],[38.713362,9.039624]]}},{"type":"Feature","properties":{"mode":"bus","n":14,"arr":["AB063","AB073","AB087","ADK030","ADK040","ADK052","ADK055","Kolfa018","Kolfa022","Kolfa024","Kolfa027","Kolfa038","Kolfe023","LID011"],"lines":"AB063, AB073, AB087, ADK030, ADK040, ADK052, ADK055, Kolfa018, Kolfa022, Kolfa024, Kolfa027, Kolfa038, Kolfe023, LID011"},"geometry":{"type":"LineString","coordinates":[[38.713127,9.039532],[38.712844,9.040301],[38.712375,9.04172]]}},{"type":"Feature","properties":{"mode":"bus","n":12,"arr":["AB063","AB073","AB087","ADK030","ADK031","ADK040","ADK055","Gl001","Kolfa027","Kolfa038","Kolfe023","LID011"],"lines":"AB063, AB073, AB087, ADK030, ADK031, ADK040, ADK055, Gl001, Kolfa027, Kolfa038, Kolfe023, LID011"},"geometry":{"type":"LineString","coordinates":[[38.711764,9.049418],[38.711903,9.049182],[38.71276,9.047908],[38.712929,9.0476],[38.712979,9.047471],[38.713015,9.047288],[38.713026,9.047075],[38.712956,9.046691],[38.712063,9.044413],[38.711996,9.044172],[38.711969,9.043975],[38.711992,9.04371],[38.712089,9.04326],[38.712715,9.041442]]}},{"type":"Feature","properties":{"mode":"bus","n":12,"arr":["AB063","AB073","AB087","ADK030","ADK031","ADK040","ADK055","Gl001","Kolfa027","Kolfa038","Kolfe023","LID011"],"lines":"AB063, AB073, AB087, ADK030, ADK031, ADK040, ADK055, Gl001, Kolfa027, Kolfa038, Kolfe023, LID011"},"geometry":{"type":"LineString","coordinates":[[38.712375,9.04172],[38.711843,9.043267],[38.711744,9.043758],[38.711739,9.044024],[38.711779,9.044297],[38.711867,9.044566],[38.712714,9.046779],[38.712761,9.047031],[38.712759,9.047242],[38.712717,9.047448],[38.712606,9.047705],[38.712318,9.048115],[38.711595,9.049231],[38.711459,9.049512],[38.711419,9.049643]]}},{"type":"Feature","properties":{"mode":"bus","n":11,"arr":["AB063","AB073","ADK030","ADK031","ADK040","ADK055","Gl001","Kolfa027","Kolfa038","Kolfe023","LID011"],"lines":"AB063, AB073, ADK030, ADK031, ADK040, ADK055, Gl001, Kolfa027, Kolfa038, Kolfe023, LID011"},"geometry":{"type":"LineString","coordinates":[[38.711764,9.049418],[38.71165,9.049771],[38.711651,9.050134],[38.712076,9.051511],[38.71212,9.051737],[38.712156,9.052188],[38.71215,9.052769],[38.712207,9.053493],[38.712294,9.054111],[38.712714,9.055458]]}},{"type":"Feature","properties":{"mode":"bus","n":9,"arr":["AB063","AB073","ADK031","ADK040","ADK055","Gl001","Kolfa038","Kolfe023","LID011"],"lines":"AB063, AB073, ADK031, ADK040, ADK055, Gl001, Kolfa038, Kolfe023, LID011"},"geometry":{"type":"LineString","coordinates":[[38.712714,9.055458],[38.712981,9.056032],[38.713335,9.056635]]}},{"type":"Feature","properties":{"mode":"bus","n":11,"arr":["AB063","AB073","AB094","AB108","ADK031","ADK040","ADK055","Gl001","Kolfa038","Kolfe023","LID011"],"lines":"AB063, AB073, AB094, AB108, ADK031, ADK040, ADK055, Gl001, Kolfa038, Kolfe023, LID011"},"geometry":{"type":"LineString","coordinates":[[38.712494,9.055614],[38.712734,9.056139],[38.713006,9.056603],[38.713107,9.056847]]}},{"type":"Feature","properties":{"mode":"bus","n":10,"arr":["AB063","AB073","AB108","ADK031","ADK040","ADK055","Gl001","Kolfa038","Kolfe023","LID011"],"lines":"AB063, AB073, AB108, ADK031, ADK040, ADK055, Gl001, Kolfa038, Kolfe023, LID011"},"geometry":{"type":"LineString","coordinates":[[38.71246,9.055516],[38.712494,9.055614]]}},{"type":"Feature","properties":{"mode":"bus","n":13,"arr":["AB063","AB073","AB087","AB108","ADK030","ADK031","ADK040","ADK055","Gl001","Kolfa027","Kolfa038","Kolfe023","LID011"],"lines":"AB063, AB073, AB087, AB108, ADK030, ADK031, ADK040, ADK055, Gl001, Kolfa027, Kolfa038, Kolfe023, LID011"},"geometry":{"type":"LineString","coordinates":[[38.711912,9.052608],[38.711911,9.05348],[38.711968,9.053976],[38.712114,9.054536],[38.71246,9.055516]]}},{"type":"Feature","properties":{"mode":"bus","n":15,"arr":["AB063","AB073","AB085","AB087","ADK030","ADK040","ADK052","ADK055","Kolfa018","Kolfa022","Kolfa024","Kolfa027","Kolfa038","Kolfe023","LID011"],"lines":"AB063, AB073, AB085, AB087, ADK030, ADK040, ADK052, ADK055, Kolfa018, Kolfa022, Kolfa024, Kolfa027, Kolfa038, Kolfe023, LID011"},"geometry":{"type":"LineString","coordinates":[[38.714451,9.033781],[38.714365,9.034781],[38.714296,9.034886],[38.714277,9.034974],[38.714132,9.036337],[38.714021,9.036886],[38.713127,9.039532]]}},{"type":"Feature","properties":{"mode":"bus","n":6,"arr":["AB063","ADK040","ADK045","ADK055","ARD013","TX001"],"lines":"AB063, ADK040, ADK045, ADK055, ARD013, TX001"},"geometry":{"type":"LineString","coordinates":[[38.716873,9.037485],[38.716583,9.037483],[38.716438,9.037381]]}},{"type":"Feature","properties":{"mode":"bus","n":6,"arr":["AB066","Kolfa013","Kolfa033","Kolfe023","SH009","SH040"],"lines":"AB066, Kolfa013, Kolfa033, Kolfe023, SH009, SH040"},"geometry":{"type":"LineString","coordinates":[[38.719092,9.006872],[38.718938,9.006514],[38.718872,9.006296],[38.718803,9.005968],[38.718759,9.005389],[38.718869,9.003758],[38.718902,9.002321],[38.719019,9.000184],[38.71902,8.999546],[38.718475,8.996263],[38.71829,8.995346],[38.718199,8.995075],[38.717548,8.993658]]}},{"type":"Feature","properties":{"mode":"bus","n":5,"arr":["AB066","Kolfa013","Kolfa033","SH009","SH040"],"lines":"AB066, Kolfa013, Kolfa033, SH009, SH040"},"geometry":{"type":"LineString","coordinates":[[38.719341,9.007196],[38.719092,9.006872]]}},{"type":"Feature","properties":{"mode":"bus","n":19,"arr":["AB066","ADK011","ADK012","ADK014","ADK016","ADK043","ADK044","B19","Kolfa017","Kolfa021","Kolfa033","Kolfa034","Lafto011","Lafto027","Lafto034","Lafto042","SH009","SH010","SH040"],"lines":"AB066, ADK011, ADK012, ADK014, ADK016, ADK043, ADK044, B19, Kolfa017, Kolfa021, Kolfa033, Kolfa034, Lafto011, Lafto027, Lafto034, Lafto042, SH009, SH010, SH040"},"geometry":{"type":"LineString","coordinates":[[38.732974,9.02904],[38.733032,9.028765]]}},{"type":"Feature","properties":{"mode":"bus","n":8,"arr":["AB066","AB118","ADK002","ADK043","ADK044","Kolfa033","Kolfa034","Lafto034"],"lines":"AB066, AB118, ADK002, ADK043, ADK044, Kolfa033, Kolfa034, Lafto034"},"geometry":{"type":"LineString","coordinates":[[38.733276,9.029074],[38.732974,9.02904]]}},{"type":"Feature","properties":{"mode":"bus","n":13,"arr":["AB067","AB078","AB086","AB103","B40","Kal001","Lafto003","Lafto019","Lafto020","Lafto021","Lafto031","SH075","SH105"],"lines":"AB067, AB078, AB086, AB103, B40, Kal001, Lafto003, Lafto019, Lafto020, Lafto021, Lafto031, SH075, SH105"},"geometry":{"type":"LineString","coordinates":[[38.732106,8.964635],[38.732225,8.964601],[38.732806,8.96458]]}},{"type":"Feature","properties":{"mode":"bus","n":5,"arr":["AB068","ADK015","Kal012","Kal032","Kal035"],"lines":"AB068, ADK015, Kal012, Kal032, Kal035"},"geometry":{"type":"LineString","coordinates":[[38.752798,9.011691],[38.752878,9.011649],[38.753011,9.011521],[38.753054,9.011436]]}},{"type":"Feature","properties":{"mode":"bus","n":9,"arr":["AB068","AB078","AB130","Kolfa036","Kolfa037","Lafto017","LID004","LID009","SH081"],"lines":"AB068, AB078, AB130, Kolfa036, Kolfa037, Lafto017, LID004, LID009, SH081"},"geometry":{"type":"LineString","coordinates":[[38.746218,9.010642],[38.747144,9.010722]]}},{"type":"Feature","properties":{"mode":"bus","n":14,"arr":["AB068","AB078","AB130","ADK022","B19","Kolfa036","Kolfa037","Lafto017","Lafto018","Lafto030","Lafto042","LID004","LID009","SH081"],"lines":"AB068, AB078, AB130, ADK022, B19, Kolfa036, Kolfa037, Lafto017, Lafto018, Lafto030, Lafto042, LID004, LID009, SH081"},"geometry":{"type":"LineString","coordinates":[[38.746136,9.010635],[38.746218,9.010642]]}},{"type":"Feature","properties":{"mode":"bus","n":13,"arr":["AB068","AB130","ADK022","B19","Kolfa036","Kolfa037","Lafto017","Lafto018","Lafto030","Lafto042","LID004","LID009","SH081"],"lines":"AB068, AB130, ADK022, B19, Kolfa036, Kolfa037, Lafto017, Lafto018, Lafto030, Lafto042, LID004, LID009, SH081"},"geometry":{"type":"LineString","coordinates":[[38.744878,9.010524],[38.746136,9.010635]]}},{"type":"Feature","properties":{"mode":"bus","n":5,"arr":["AB070","AB077","AB130","Kal001","SH081"],"lines":"AB070, AB077, AB130, Kal001, SH081"},"geometry":{"type":"LineString","coordinates":[[38.697154,8.98353],[38.697138,8.983249],[38.69715,8.983207],[38.697152,8.983194],[38.697147,8.983182],[38.697137,8.983173],[38.697025,8.983104]]}},{"type":"Feature","properties":{"mode":"bus","n":6,"arr":["AB071","ADK044","ARD005","Lafto014","Lafto042","LID008"],"lines":"AB071, ADK044, ARD005, Lafto014, Lafto042, LID008"},"geometry":{"type":"LineString","coordinates":[[38.738093,9.016412],[38.73784,9.016415]]}},{"type":"Feature","properties":{"mode":"bus","n":6,"arr":["AB071","AB092","ADK044","B19","Lafto042","LID008"],"lines":"AB071, AB092, ADK044, B19, Lafto042, LID008"},"geometry":{"type":"LineString","coordinates":[[38.738181,9.016536],[38.737715,9.012869]]}},{"type":"Feature","properties":{"mode":"bus","n":7,"arr":["AB071","AB092","ADK044","ARD005","Lafto014","Lafto042","LID008"],"lines":"AB071, AB092, ADK044, ARD005, Lafto014, Lafto042, LID008"},"geometry":{"type":"LineString","coordinates":[[38.737727,9.016533],[38.738181,9.016536]]}},{"type":"Feature","properties":{"mode":"bus","n":11,"arr":["AB073","AB087","ADK030","ADK052","Kolfa018","Kolfa022","Kolfa024","Kolfa027","Kolfa038","Kolfe023","LID011"],"lines":"AB073, AB087, ADK030, ADK052, Kolfa018, Kolfa022, Kolfa024, Kolfa027, Kolfa038, Kolfe023, LID011"},"geometry":{"type":"LineString","coordinates":[[38.71417,9.037233],[38.714246,9.036982],[38.714357,9.036463],[38.714424,9.035978],[38.714518,9.035093],[38.714511,9.034963],[38.714464,9.034832],[38.714586,9.033602]]}},{"type":"Feature","properties":{"mode":"bus","n":9,"arr":["AB073","AB087","ADK030","ADK031","Gl001","Kolfa027","Kolfa038","Kolfe023","LID011"],"lines":"AB073, AB087, ADK030, ADK031, Gl001, Kolfa027, Kolfa038, Kolfe023, LID011"},"geometry":{"type":"LineString","coordinates":[[38.711419,9.049643],[38.711396,9.049856],[38.711411,9.050144],[38.711843,9.051675],[38.711892,9.052031],[38.711912,9.052608]]}},{"type":"Feature","properties":{"mode":"bus","n":12,"arr":["AB073","AB087","ADK030","ADK052","Kolfa010","Kolfa018","Kolfa024","Kolfa025","Kolfa037","Kolfa038","Kolfe023","LID011"],"lines":"AB073, AB087, ADK030, ADK052, Kolfa010, Kolfa018, Kolfa024, Kolfa025, Kolfa037, Kolfa038, Kolfe023, LID011"},"geometry":{"type":"LineString","coordinates":[[38.718132,9.016575],[38.717876,9.0168]]}},{"type":"Feature","properties":{"mode":"bus","n":6,"arr":["AB076","AB098","Kal023","Kal037","Lafto004","SH096"],"lines":"AB076, AB098, Kal023, Kal037, Lafto004, SH096"},"geometry":{"type":"LineString","coordinates":[[38.765976,8.878731],[38.765629,8.878518]]}},{"type":"Feature","properties":{"mode":"bus","n":15,"arr":["AB076","AB086","AB092","B40","Kal001","Kal005","Kal009","Kal023","Lafto002","Lafto006","Lafto008","Lafto013","Lafto028","SH022","SH096"],"lines":"AB076, AB086, AB092, B40, Kal001, Kal005, Kal009, Kal023, Lafto002, Lafto006, Lafto008, Lafto013, Lafto028, SH022, SH096"},"geometry":{"type":"LineString","coordinates":[[38.737088,8.936994],[38.735685,8.936771],[38.735048,8.93663]]}},{"type":"Feature","properties":{"mode":"bus","n":17,"arr":["AB076","AB086","AB092","AB125","B40","Kal001","Kal005","Kal009","Kal023","Lafto002","Lafto006","Lafto008","Lafto013","Lafto028","SH022","SH089","SH096"],"lines":"AB076, AB086, AB092, AB125, B40, Kal001, Kal005, Kal009, Kal023, Lafto002, Lafto006, Lafto008, Lafto013, Lafto028, SH022, SH089, SH096"},"geometry":{"type":"LineString","coordinates":[[38.738343,8.937004],[38.737835,8.937075],[38.737088,8.936994]]}},{"type":"Feature","properties":{"mode":"bus","n":14,"arr":["AB076","AB092","B40","Kal001","Kal005","Kal009","Kal023","Lafto002","Lafto006","Lafto008","Lafto013","Lafto028","SH022","SH096"],"lines":"AB076, AB092, B40, Kal001, Kal005, Kal009, Kal023, Lafto002, Lafto006, Lafto008, Lafto013, Lafto028, SH022, SH096"},"geometry":{"type":"LineString","coordinates":[[38.744099,8.93584],[38.743731,8.936093],[38.743489,8.936218],[38.743005,8.936357],[38.740338,8.936742],[38.738633,8.936942],[38.738343,8.937004]]}},{"type":"Feature","properties":{"mode":"bus","n":13,"arr":["AB076","AB092","B40","Kal001","Kal005","Kal009","Kal023","Lafto002","Lafto006","Lafto008","Lafto013","Lafto028","SH096"],"lines":"AB076, AB092, B40, Kal001, Kal005, Kal009, Kal023, Lafto002, Lafto006, Lafto008, Lafto013, Lafto028, SH096"},"geometry":{"type":"LineString","coordinates":[[38.744146,8.935803],[38.744099,8.93584]]}},{"type":"Feature","properties":{"mode":"bus","n":11,"arr":["AB076","AB092","B40","Kal001","Kal005","Kal009","Kal023","Lafto008","Lafto013","Lafto028","SH096"],"lines":"AB076, AB092, B40, Kal001, Kal005, Kal009, Kal023, Lafto008, Lafto013, Lafto028, SH096"},"geometry":{"type":"LineString","coordinates":[[38.744557,8.935482],[38.744146,8.935803]]}},{"type":"Feature","properties":{"mode":"bus","n":10,"arr":["AB076","B40","Kal001","Kal005","Kal009","Kal023","Lafto008","Lafto013","Lafto028","SH096"],"lines":"AB076, B40, Kal001, Kal005, Kal009, Kal023, Lafto008, Lafto013, Lafto028, SH096"},"geometry":{"type":"LineString","coordinates":[[38.744778,8.935317],[38.744557,8.935482]]}},{"type":"Feature","properties":{"mode":"bus","n":8,"arr":["AB076","B40","Kal001","Kal005","Kal009","Lafto013","Lafto028","SH096"],"lines":"AB076, B40, Kal001, Kal005, Kal009, Lafto013, Lafto028, SH096"},"geometry":{"type":"LineString","coordinates":[[38.744892,8.935256],[38.744778,8.935317]]}},{"type":"Feature","properties":{"mode":"bus","n":10,"arr":["AB076","B40","Kal001","Kal005","Kal009","Lafto013","Lafto028","Lafto044","Lafto045","SH096"],"lines":"AB076, B40, Kal001, Kal005, Kal009, Lafto013, Lafto028, Lafto044, Lafto045, SH096"},"geometry":{"type":"LineString","coordinates":[[38.755798,8.930658],[38.755474,8.930575],[38.755101,8.930555],[38.754699,8.930592],[38.75418,8.930751],[38.753036,8.931293],[38.748358,8.933618],[38.747433,8.934016],[38.746706,8.934282],[38.746021,8.934592],[38.745523,8.934857],[38.744892,8.935256]]}},{"type":"Feature","properties":{"mode":"bus","n":13,"arr":["AB076","AB086","AB125","B40","Kal001","Kal005","Kal009","Lafto013","Lafto028","Lafto044","Lafto045","SH089","SH096"],"lines":"AB076, AB086, AB125, B40, Kal001, Kal005, Kal009, Lafto013, Lafto028, Lafto044, Lafto045, SH089, SH096"},"geometry":{"type":"LineString","coordinates":[[38.758377,8.930911],[38.755798,8.930658]]}},{"type":"Feature","properties":{"mode":"bus","n":13,"arr":["AB076","AB086","AB125","B40","Kal001","Kal005","Kal009","Lafto013","Lafto028","Lafto044","Lafto045","SH089","SH096"],"lines":"AB076, AB086, AB125, B40, Kal001, Kal005, Kal009, Lafto013, Lafto028, Lafto044, Lafto045, SH089, SH096"},"geometry":{"type":"LineString","coordinates":[[38.75835,8.931019],[38.756937,8.930916],[38.755791,8.930779]]}},{"type":"Feature","properties":{"mode":"bus","n":7,"arr":["AB076","AB086","AB125","Kal009","Lafto044","SH089","SH096"],"lines":"AB076, AB086, AB125, Kal009, Lafto044, SH089, SH096"},"geometry":{"type":"LineString","coordinates":[[38.760849,8.931732],[38.760303,8.931421],[38.759773,8.931189],[38.75944,8.931082],[38.759125,8.931013],[38.758377,8.930911]]}},{"type":"Feature","properties":{"mode":"bus","n":5,"arr":["AB076","AB125","Lafto044","SH089","SH096"],"lines":"AB076, AB125, Lafto044, SH089, SH096"},"geometry":{"type":"LineString","coordinates":[[38.760849,8.931732],[38.763208,8.933145],[38.76446,8.933857],[38.766074,8.93473],[38.767735,8.935576],[38.768193,8.935783]]}},{"type":"Feature","properties":{"mode":"bus","n":10,"arr":["AB076","AB125","ARD011","Kal033","Lafto044","SH083","SH089","SH096","TX005","YK009"],"lines":"AB076, AB125, ARD011, Kal033, Lafto044, SH083, SH089, SH096, TX005, YK009"},"geometry":{"type":"LineString","coordinates":[[38.768193,8.935783],[38.768764,8.936046],[38.769272,8.936365],[38.769655,8.936677],[38.769948,8.937],[38.771104,8.938612],[38.771296,8.938977],[38.771403,8.939373],[38.771443,8.939781],[38.771432,8.940015],[38.771345,8.94045],[38.771262,8.940699],[38.77112,8.940984],[38.769743,8.943223],[38.769545,8.943633]]}},{"type":"Feature","properties":{"mode":"bus","n":12,"arr":["AB076","AB125","ARD011","Kal002","Kal022","Kal033","Lafto044","SH083","SH089","SH096","TX005","YK009"],"lines":"AB076, AB125, ARD011, Kal002, Kal022, Kal033, Lafto044, SH083, SH089, SH096, TX005, YK009"},"geometry":{"type":"LineString","coordinates":[[38.769545,8.943633],[38.769378,8.944109],[38.769336,8.944349]]}},{"type":"Feature","properties":{"mode":"bus","n":11,"arr":["AB076","AB125","ARD011","Kal002","Kal033","Lafto044","SH083","SH089","SH096","TX005","YK009"],"lines":"AB076, AB125, ARD011, Kal002, Kal033, Lafto044, SH083, SH089, SH096, TX005, YK009"},"geometry":{"type":"LineString","coordinates":[[38.769336,8.944349],[38.769208,8.945758]]}},{"type":"Feature","properties":{"mode":"bus","n":13,"arr":["AB076","AB125","ARD011","Bole001","Kal002","Kal033","Lafto044","SH083","SH089","SH092","SH096","TX005","YK009"],"lines":"AB076, AB125, ARD011, Bole001, Kal002, Kal033, Lafto044, SH083, SH089, SH092, SH096, TX005, YK009"},"geometry":{"type":"LineString","coordinates":[[38.769208,8.945758],[38.769161,8.946263]]}},{"type":"Feature","properties":{"mode":"bus","n":13,"arr":["AB076","AB125","ARD011","Bole001","Kal002","Kal033","Lafto044","SH083","SH089","SH092","SH096","TX005","YK009"],"lines":"AB076, AB125, ARD011, Bole001, Kal002, Kal033, Lafto044, SH083, SH089, SH092, SH096, TX005, YK009"},"geometry":{"type":"LineString","coordinates":[[38.767147,8.962397],[38.766475,8.965295]]}},{"type":"Feature","properties":{"mode":"bus","n":13,"arr":["AB076","AB125","ARD011","Bole001","Kal002","Kal033","Lafto044","SH083","SH089","SH092","SH096","TX005","YK009"],"lines":"AB076, AB125, ARD011, Bole001, Kal002, Kal033, Lafto044, SH083, SH089, SH092, SH096, TX005, YK009"},"geometry":{"type":"LineString","coordinates":[[38.766937,8.976691],[38.766479,8.976086],[38.766037,8.975428],[38.765814,8.975069],[38.765541,8.974522]]}},{"type":"Feature","properties":{"mode":"bus","n":13,"arr":["AB076","AB125","ARD011","Bole001","Kal002","Kal033","Lafto044","SH083","SH089","SH092","SH096","TX005","YK009"],"lines":"AB076, AB125, ARD011, Bole001, Kal002, Kal033, Lafto044, SH083, SH089, SH092, SH096, TX005, YK009"},"geometry":{"type":"LineString","coordinates":[[38.765404,8.974453],[38.765528,8.974776],[38.765762,8.975201],[38.766396,8.976146],[38.766807,8.976686]]}},{"type":"Feature","properties":{"mode":"bus","n":13,"arr":["AB076","AB125","ARD011","Bole001","Kal002","Kal033","Lafto044","SH083","SH089","SH092","SH096","TX005","YK009"],"lines":"AB076, AB125, ARD011, Bole001, Kal002, Kal033, Lafto044, SH083, SH089, SH092, SH096, TX005, YK009"},"geometry":{"type":"LineString","coordinates":[[38.767042,8.962376],[38.766606,8.964053],[38.766354,8.96527]]}},{"type":"Feature","properties":{"mode":"bus","n":10,"arr":["AB076","AB125","Bole001","Kal002","Kal033","Lafto044","SH089","SH092","SH096","YK009"],"lines":"AB076, AB125, Bole001, Kal002, Kal033, Lafto044, SH089, SH092, SH096, YK009"},"geometry":{"type":"LineString","coordinates":[[38.769161,8.946263],[38.769198,8.946425],[38.769178,8.947033],[38.769112,8.947698],[38.769061,8.948818],[38.768907,8.951042],[38.768841,8.951714],[38.768718,8.952276],[38.768567,8.952721],[38.768262,8.953462],[38.768112,8.953928],[38.768011,8.954304],[38.767678,8.95582],[38.767611,8.95622],[38.7676,8.956777],[38.767776,8.958649],[38.767816,8.959219],[38.767816,8.959571],[38.767765,8.960024],[38.767633,8.960535],[38.767358,8.961855],[38.76724,8.962289],[38.767147,8.962397]]}},{"type":"Feature","properties":{"mode":"bus","n":10,"arr":["AB076","ARD011","Bole001","Kal002","Kal033","Lafto044","SH092","SH096","TX005","YK009"],"lines":"AB076, ARD011, Bole001, Kal002, Kal033, Lafto044, SH092, SH096, TX005, YK009"},"geometry":{"type":"LineString","coordinates":[[38.766475,8.965295],[38.766492,8.965414],[38.76647,8.965573],[38.766279,8.966407],[38.766269,8.966789],[38.766363,8.967225],[38.766594,8.967882],[38.766816,8.968676],[38.766884,8.969151],[38.766904,8.969451],[38.766906,8.969714],[38.766872,8.97017],[38.766782,8.970692],[38.76671,8.97093],[38.766527,8.971393],[38.766162,8.972044],[38.765729,8.972755],[38.765558,8.973173],[38.765485,8.973586],[38.765479,8.973747],[38.765549,8.97439],[38.765541,8.974522]]}},{"type":"Feature","properties":{"mode":"bus","n":7,"arr":["AB076","AB093","AB125","SH082","SH089","SH092","SH096"],"lines":"AB076, AB093, AB125, SH082, SH089, SH092, SH096"},"geometry":{"type":"LineString","coordinates":[[38.801888,9.021105],[38.801679,9.021092],[38.8016,9.021063],[38.801522,9.020993],[38.801463,9.020867]]}},{"type":"Feature","properties":{"mode":"bus","n":8,"arr":["AB076","AB120","AB124","Bole003","Bole011","Bole014","SH092","SH096"],"lines":"AB076, AB120, AB124, Bole003, Bole011, Bole014, SH092, SH096"},"geometry":{"type":"LineString","coordinates":[[38.80309,9.014957],[38.80392,9.012832],[38.804068,9.012341]]}},{"type":"Feature","properties":{"mode":"bus","n":6,"arr":["AB076","Bole003","Bole011","Bole014","SH092","SH096"],"lines":"AB076, Bole003, Bole011, Bole014, SH092, SH096"},"geometry":{"type":"LineString","coordinates":[[38.804068,9.012341],[38.804169,9.011814],[38.804206,9.011309],[38.804179,9.010618],[38.804073,9.009927],[38.804015,9.009719],[38.803549,9.008496],[38.803267,9.007946],[38.802898,9.007329],[38.800473,9.003398]]}},{"type":"Feature","properties":{"mode":"bus","n":13,"arr":["AB076","AB093","AB125","Bole003","Bole009","Bole010","Bole011","Bole014","Kal033","SH082","SH089","SH096","YK009"],"lines":"AB076, AB093, AB125, Bole003, Bole009, Bole010, Bole011, Bole014, Kal033, SH082, SH089, SH096, YK009"},"geometry":{"type":"LineString","coordinates":[[38.799344,9.001543],[38.798593,9.000322],[38.798423,9.000082],[38.797379,8.998349],[38.797079,8.997894],[38.796813,8.997397],[38.796251,8.99602],[38.795092,8.992767]]}},{"type":"Feature","properties":{"mode":"bus","n":12,"arr":["AB076","AB093","AB125","Bole003","Bole010","Bole011","Bole014","Kal033","SH082","SH089","SH096","YK009"],"lines":"AB076, AB093, AB125, Bole003, Bole010, Bole011, Bole014, Kal033, SH082, SH089, SH096, YK009"},"geometry":{"type":"LineString","coordinates":[[38.795092,8.992767],[38.794824,8.99234]]}},{"type":"Feature","properties":{"mode":"bus","n":8,"arr":["AB076","AB125","ARD011","Kal033","SH089","SH096","TX005","YK009"],"lines":"AB076, AB125, ARD011, Kal033, SH089, SH096, TX005, YK009"},"geometry":{"type":"LineString","coordinates":[[38.769068,8.946257],[38.768744,8.950855],[38.768644,8.951882],[38.768555,8.952241],[38.768096,8.953458],[38.767872,8.954191],[38.767466,8.956088],[38.767426,8.956541],[38.767429,8.956806],[38.767607,8.95896],[38.767621,8.95967],[38.767574,8.96001],[38.76739,8.960871],[38.767042,8.962376]]}},{"type":"Feature","properties":{"mode":"bus","n":18,"arr":["AB076","AB125","ADK015","ARD011","Bole001","Kal002","Kal012","Kal027","Kal032","Kal033","Kal035","Lafto044","SH083","SH089","SH092","SH096","TX005","YK009"],"lines":"AB076, AB125, ADK015, ARD011, Bole001, Kal002, Kal012, Kal027, Kal032, Kal033, Kal035, Lafto044, SH083, SH089, SH092, SH096, TX005, YK009"},"geometry":{"type":"LineString","coordinates":[[38.769094,8.945783],[38.769068,8.946257]]}},{"type":"Feature","properties":{"mode":"bus","n":17,"arr":["AB076","AB125","ADK015","ARD011","Kal002","Kal012","Kal027","Kal032","Kal033","Kal035","Lafto044","SH083","SH089","SH092","SH096","TX005","YK009"],"lines":"AB076, AB125, ADK015, ARD011, Kal002, Kal012, Kal027, Kal032, Kal033, Kal035, Lafto044, SH083, SH089, SH092, SH096, TX005, YK009"},"geometry":{"type":"LineString","coordinates":[[38.769171,8.944879],[38.769094,8.945783]]}},{"type":"Feature","properties":{"mode":"bus","n":16,"arr":["AB076","AB125","ADK015","ARD011","Kal002","Kal012","Kal032","Kal033","Kal035","Lafto044","SH083","SH089","SH092","SH096","TX005","YK009"],"lines":"AB076, AB125, ADK015, ARD011, Kal002, Kal012, Kal032, Kal033, Kal035, Lafto044, SH083, SH089, SH092, SH096, TX005, YK009"},"geometry":{"type":"LineString","coordinates":[[38.76921,8.944429],[38.769171,8.944879]]}},{"type":"Feature","properties":{"mode":"bus","n":18,"arr":["AB076","AB086","AB125","ADK015","ARD011","B40","Kal002","Kal012","Kal022","Kal032","Kal033","Kal035","Lafto044","SH083","SH089","SH096","TX005","YK009"],"lines":"AB076, AB086, AB125, ADK015, ARD011, B40, Kal002, Kal012, Kal022, Kal032, Kal033, Kal035, Lafto044, SH083, SH089, SH096, TX005, YK009"},"geometry":{"type":"LineString","coordinates":[[38.769457,8.943591],[38.769303,8.943992],[38.76921,8.944429]]}},{"type":"Feature","properties":{"mode":"bus","n":7,"arr":["AB076","AB086","AB125","B40","Kal022","SH089","SH096"],"lines":"AB076, AB086, AB125, B40, Kal022, SH089, SH096"},"geometry":{"type":"LineString","coordinates":[[38.768439,8.936028],[38.769033,8.936342],[38.769412,8.936613],[38.769592,8.936759],[38.769872,8.937054],[38.771033,8.938643],[38.771217,8.939008],[38.771283,8.939209],[38.771345,8.939555],[38.771347,8.940007],[38.771308,8.940252],[38.771231,8.940513],[38.771107,8.940809],[38.769658,8.943195],[38.769457,8.943591]]}},{"type":"Feature","properties":{"mode":"bus","n":14,"arr":["AB076","ADK015","ARD011","Kal002","Kal012","Kal022","Kal032","Kal033","Kal035","Lafto044","SH083","SH096","TX005","YK009"],"lines":"AB076, ADK015, ARD011, Kal002, Kal012, Kal022, Kal032, Kal033, Kal035, Lafto044, SH083, SH096, TX005, YK009"},"geometry":{"type":"LineString","coordinates":[[38.765485,8.935],[38.765931,8.935091],[38.767198,8.935596]]}},{"type":"Feature","properties":{"mode":"bus","n":7,"arr":["AB076","Kal001","Kal009","Lafto028","Lafto044","Lafto045","SH096"],"lines":"AB076, Kal001, Kal009, Lafto028, Lafto044, Lafto045, SH096"},"geometry":{"type":"LineString","coordinates":[[38.764884,8.934726],[38.764655,8.93448],[38.764303,8.934202]]}},{"type":"Feature","properties":{"mode":"bus","n":9,"arr":["AB076","Kal001","Kal005","Kal009","Lafto013","Lafto028","Lafto044","Lafto045","SH096"],"lines":"AB076, Kal001, Kal005, Kal009, Lafto013, Lafto028, Lafto044, Lafto045, SH096"},"geometry":{"type":"LineString","coordinates":[[38.762616,8.933045],[38.764303,8.934202]]}},{"type":"Feature","properties":{"mode":"bus","n":8,"arr":["AB076","AB086","AB125","B40","Kal001","Lafto013","SH089","SH096"],"lines":"AB076, AB086, AB125, B40, Kal001, Lafto013, SH089, SH096"},"geometry":{"type":"LineString","coordinates":[[38.762122,8.932627],[38.76116,8.932064],[38.76077,8.931809],[38.759988,8.931373],[38.759725,8.931262],[38.759103,8.931099],[38.75835,8.931019]]}},{"type":"Feature","properties":{"mode":"bus","n":16,"arr":["AB076","AB086","AB092","AB125","B40","Kal001","Kal005","Kal009","Kal023","Lafto006","Lafto008","Lafto013","Lafto028","SH022","SH089","SH096"],"lines":"AB076, AB086, AB092, AB125, B40, Kal001, Kal005, Kal009, Kal023, Lafto006, Lafto008, Lafto013, Lafto028, SH022, SH089, SH096"},"geometry":{"type":"LineString","coordinates":[[38.735995,8.937472],[38.735667,8.937538]]}},{"type":"Feature","properties":{"mode":"bus","n":14,"arr":["AB076","AB086","AB092","B40","Kal001","Kal005","Kal009","Kal023","Lafto006","Lafto008","Lafto013","Lafto028","SH022","SH096"],"lines":"AB076, AB086, AB092, B40, Kal001, Kal005, Kal009, Kal023, Lafto006, Lafto008, Lafto013, Lafto028, SH022, SH096"},"geometry":{"type":"LineString","coordinates":[[38.735223,8.93762],[38.735667,8.937538]]}},{"type":"Feature","properties":{"mode":"bus","n":10,"arr":["AB077","AB104","B19","Kal006","Kal013","KRK001","KRK015","Lafto018","Lafto030","Lafto042"],"lines":"AB077, AB104, B19, Kal006, Kal013, KRK001, KRK015, Lafto018, Lafto030, Lafto042"},"geometry":{"type":"LineString","coordinates":[[38.74814,8.985807],[38.748295,8.986099]]}},{"type":"Feature","properties":{"mode":"bus","n":5,"arr":["AB077","Kolfa008","Kolfe003","Lafto010","TX002"],"lines":"AB077, Kolfa008, Kolfe003, Lafto010, TX002"},"geometry":{"type":"LineString","coordinates":[[38.723469,8.988935],[38.723067,8.988915],[38.72288,8.988947]]}},{"type":"Feature","properties":{"mode":"bus","n":7,"arr":["AB077","Kolfa008","Kolfa015","Kolfe003","KRK003","Lafto010","TX002"],"lines":"AB077, Kolfa008, Kolfa015, Kolfe003, KRK003, Lafto010, TX002"},"geometry":{"type":"LineString","coordinates":[[38.72288,8.988947],[38.721862,8.989604],[38.721035,8.990178],[38.71997,8.990844],[38.718018,8.992152]]}},{"type":"Feature","properties":{"mode":"bus","n":13,"arr":["AB078","AB104","AB130","ADK022","B19","Kolfa036","Kolfa037","Lafto018","Lafto030","Lafto042","LID004","LID009","SH081"],"lines":"AB078, AB104, AB130, ADK022, B19, Kolfa036, Kolfa037, Lafto018, Lafto030, Lafto042, LID004, LID009, SH081"},"geometry":{"type":"LineString","coordinates":[[38.744874,9.010287],[38.746156,9.010402]]}},{"type":"Feature","properties":{"mode":"bus","n":7,"arr":["AB078","AB130","Kolfa036","Kolfa037","LID004","LID009","SH081"],"lines":"AB078, AB130, Kolfa036, Kolfa037, LID004, LID009, SH081"},"geometry":{"type":"LineString","coordinates":[[38.746156,9.010402],[38.74676,9.010459]]}},{"type":"Feature","properties":{"mode":"bus","n":5,"arr":["AB078","KRK001","Lafto022","Lafto023","Lafto030"],"lines":"AB078, KRK001, Lafto022, Lafto023, Lafto030"},"geometry":{"type":"LineString","coordinates":[[38.748762,8.976467],[38.748591,8.976432],[38.747014,8.976441],[38.746712,8.976404]]}},{"type":"Feature","properties":{"mode":"bus","n":6,"arr":["AB078","Lafto019","Lafto020","Lafto021","Lafto022","Lafto023"],"lines":"AB078, Lafto019, Lafto020, Lafto021, Lafto022, Lafto023"},"geometry":{"type":"LineString","coordinates":[[38.741898,8.971695],[38.741624,8.971436],[38.741392,8.971289],[38.741043,8.971135],[38.740577,8.971032],[38.740063,8.970847],[38.739787,8.970699],[38.739542,8.970534],[38.739269,8.970297],[38.739008,8.970011],[38.738718,8.969573],[38.738502,8.96913],[38.738265,8.96874],[38.737246,8.967587],[38.736632,8.966984],[38.735332,8.966202],[38.733349,8.964814]]}},{"type":"Feature","properties":{"mode":"bus","n":9,"arr":["AB078","AB086","B40","Kal001","Lafto003","Lafto019","Lafto020","Lafto021","Lafto031"],"lines":"AB078, AB086, B40, Kal001, Lafto003, Lafto019, Lafto020, Lafto021, Lafto031"},"geometry":{"type":"LineString","coordinates":[[38.732806,8.96458],[38.732939,8.964587]]}},{"type":"Feature","properties":{"mode":"bus","n":9,"arr":["AB086","B40","Kal001","Kolfa006","Kolfa007","Lafto002","Lafto003","Lafto020","SH069"],"lines":"AB086, B40, Kal001, Kolfa006, Kolfa007, Lafto002, Lafto003, Lafto020, SH069"},"geometry":{"type":"LineString","coordinates":[[38.69799,8.981628],[38.697629,8.982059]]}},{"type":"Feature","properties":{"mode":"bus","n":5,"arr":["AB086","B40","Kal001","Lafto002","Lafto003"],"lines":"AB086, B40, Kal001, Lafto002, Lafto003"},"geometry":{"type":"LineString","coordinates":[[38.720974,8.969482],[38.718538,8.97102],[38.717769,8.971475],[38.717566,8.971569],[38.717248,8.971669],[38.713723,8.972303],[38.712701,8.972613],[38.702037,8.977386],[38.701597,8.977644],[38.701164,8.977978],[38.700868,8.97824],[38.700411,8.978741],[38.698085,8.981537],[38.69799,8.981628]]}},{"type":"Feature","properties":{"mode":"bus","n":10,"arr":["AB086","B40","Kal001","Kolfa006","Kolfa007","Lafto002","Lafto003","Lafto020","Lafto021","Lafto031"],"lines":"AB086, B40, Kal001, Kolfa006, Kolfa007, Lafto002, Lafto003, Lafto020, Lafto021, Lafto031"},"geometry":{"type":"LineString","coordinates":[[38.721769,8.968961],[38.720974,8.969482]]}},{"type":"Feature","properties":{"mode":"bus","n":9,"arr":["AB086","B40","Kal001","Kolfa006","Lafto002","Lafto003","Lafto020","Lafto021","Lafto031"],"lines":"AB086, B40, Kal001, Kolfa006, Lafto002, Lafto003, Lafto020, Lafto021, Lafto031"},"geometry":{"type":"LineString","coordinates":[[38.721915,8.968879],[38.721769,8.968961]]}},{"type":"Feature","properties":{"mode":"bus","n":7,"arr":["AB086","B40","Kal005","Kal009","Lafto013","Lafto028","Lafto045"],"lines":"AB086, B40, Kal005, Kal009, Lafto013, Lafto028, Lafto045"},"geometry":{"type":"LineString","coordinates":[[38.764647,8.93369],[38.762731,8.932671],[38.762408,8.932476]]}},{"type":"Feature","properties":{"mode":"bus","n":5,"arr":["AB086","B40","Kal009","Lafto028","Lafto045"],"lines":"AB086, B40, Kal009, Lafto028, Lafto045"},"geometry":{"type":"LineString","coordinates":[[38.765001,8.933861],[38.764647,8.93369]]}},{"type":"Feature","properties":{"mode":"bus","n":9,"arr":["AB086","B40","Kal001","Kal005","Kal009","Lafto013","Lafto028","Lafto044","Lafto045"],"lines":"AB086, B40, Kal001, Kal005, Kal009, Lafto013, Lafto028, Lafto044, Lafto045"},"geometry":{"type":"LineString","coordinates":[[38.755791,8.930779],[38.755595,8.930806],[38.754856,8.930814],[38.754576,8.930861],[38.754004,8.931076],[38.752539,8.931824],[38.749898,8.933114],[38.747458,8.934355],[38.745342,8.935654]]}},{"type":"Feature","properties":{"mode":"bus","n":7,"arr":["AB086","B40","Kal001","Kal005","Kal009","Lafto013","Lafto028"],"lines":"AB086, B40, Kal001, Kal005, Kal009, Lafto013, Lafto028"},"geometry":{"type":"LineString","coordinates":[[38.745342,8.935654],[38.745193,8.935753]]}},{"type":"Feature","properties":{"mode":"bus","n":8,"arr":["AB086","AB092","B40","Kal001","Kal005","Kal009","Lafto013","Lafto028"],"lines":"AB086, AB092, B40, Kal001, Kal005, Kal009, Lafto013, Lafto028"},"geometry":{"type":"LineString","coordinates":[[38.745193,8.935753],[38.744962,8.935897]]}},{"type":"Feature","properties":{"mode":"bus","n":10,"arr":["AB086","AB092","B40","Kal001","Kal005","Kal009","Kal023","Lafto008","Lafto013","Lafto028"],"lines":"AB086, AB092, B40, Kal001, Kal005, Kal009, Kal023, Lafto008, Lafto013, Lafto028"},"geometry":{"type":"LineString","coordinates":[[38.744962,8.935897],[38.744504,8.93614]]}},{"type":"Feature","properties":{"mode":"bus","n":11,"arr":["AB086","AB092","B40","Kal001","Kal005","Kal009","Kal023","Lafto006","Lafto008","Lafto013","Lafto028"],"lines":"AB086, AB092, B40, Kal001, Kal005, Kal009, Kal023, Lafto006, Lafto008, Lafto013, Lafto028"},"geometry":{"type":"LineString","coordinates":[[38.744504,8.93614],[38.744497,8.936143]]}},{"type":"Feature","properties":{"mode":"bus","n":12,"arr":["AB086","AB092","B40","Kal001","Kal005","Kal009","Kal023","Lafto006","Lafto008","Lafto013","Lafto028","SH022"],"lines":"AB086, AB092, B40, Kal001, Kal005, Kal009, Kal023, Lafto006, Lafto008, Lafto013, Lafto028, SH022"},"geometry":{"type":"LineString","coordinates":[[38.744497,8.936143],[38.744114,8.936311],[38.743585,8.936501],[38.742955,8.936631],[38.738607,8.937199],[38.736374,8.937464],[38.735995,8.937472]]}},{"type":"Feature","properties":{"mode":"bus","n":13,"arr":["AB086","AB092","AB106","AB117","AB121","ADK012","B40","Kal001","Kal037","Lafto006","Lafto007","Lafto013","Lafto028"],"lines":"AB086, AB092, AB106, AB117, AB121, ADK012, B40, Kal001, Kal037, Lafto006, Lafto007, Lafto013, Lafto028"},"geometry":{"type":"LineString","coordinates":[[38.73402,8.9474],[38.734099,8.947315],[38.734234,8.947009],[38.73501,8.94439],[38.735249,8.943334],[38.735327,8.942499],[38.735307,8.942073],[38.735266,8.94151],[38.735057,8.940159],[38.735024,8.939792]]}},{"type":"Feature","properties":{"mode":"bus","n":10,"arr":["AB086","B40","Kal001","Kolfa006","Kolfa007","Lafto003","Lafto020","Lafto021","Lafto031","SH069"],"lines":"AB086, B40, Kal001, Kolfa006, Kolfa007, Lafto003, Lafto020, Lafto021, Lafto031, SH069"},"geometry":{"type":"LineString","coordinates":[[38.721037,8.969581],[38.721482,8.969284],[38.721838,8.969082]]}},{"type":"Feature","properties":{"mode":"bus","n":9,"arr":["AB086","B40","Kal001","Kolfa006","Kolfa007","Lafto003","Lafto020","Lafto021","Lafto031"],"lines":"AB086, B40, Kal001, Kolfa006, Kolfa007, Lafto003, Lafto020, Lafto021, Lafto031"},"geometry":{"type":"LineString","coordinates":[[38.6982,8.981631],[38.698436,8.981371],[38.699438,8.980139],[38.700277,8.979153],[38.700961,8.978396],[38.70137,8.978023],[38.701598,8.977858],[38.702274,8.97746],[38.709433,8.974267],[38.710723,8.973653],[38.712991,8.972678],[38.713773,8.972454],[38.717017,8.971875],[38.717292,8.971822],[38.71761,8.971722],[38.718122,8.97148],[38.719494,8.970586],[38.719844,8.970389],[38.720863,8.969751],[38.721037,8.969581]]}},{"type":"Feature","properties":{"mode":"bus","n":5,"arr":["AB086","B40","Kal001","Lafto020","SH069"],"lines":"AB086, B40, Kal001, Lafto020, SH069"},"geometry":{"type":"LineString","coordinates":[[38.697704,8.982146],[38.698052,8.981718]]}},{"type":"Feature","properties":{"mode":"bus","n":6,"arr":["AB092","ADK044","ARD005","Lafto014","Lafto042","LID008"],"lines":"AB092, ADK044, ARD005, Lafto014, Lafto042, LID008"},"geometry":{"type":"LineString","coordinates":[[38.734891,9.016515],[38.737727,9.016533]]}},{"type":"Feature","properties":{"mode":"bus","n":7,"arr":["AB093","AB125","Kal033","Lafto044","SH082","SH089","YK009"],"lines":"AB093, AB125, Kal033, Lafto044, SH082, SH089, YK009"},"geometry":{"type":"LineString","coordinates":[[38.80359,9.008776],[38.803315,9.008179]]}},{"type":"Feature","properties":{"mode":"bus","n":10,"arr":["AB097","AB101","D23","LK001","LK003","LK008","LK009","SH066","SH067","SH077"],"lines":"AB097, AB101, D23, LK001, LK003, LK008, LK009, SH066, SH067, SH077"},"geometry":{"type":"LineString","coordinates":[[38.877865,9.055684],[38.877712,9.055085],[38.877673,9.05477],[38.877644,9.05415],[38.877649,9.053543],[38.877478,9.044553],[38.87741,9.039709],[38.87741,9.038186],[38.877453,9.037622],[38.877543,9.03547],[38.877582,9.033024],[38.87762,9.030072],[38.877605,9.02565],[38.877576,9.02534],[38.877471,9.024831],[38.877293,9.024218],[38.877127,9.023806],[38.876782,9.023174],[38.876265,9.022355],[38.876107,9.022164],[38.875785,9.021912]]}},{"type":"Feature","properties":{"mode":"bus","n":10,"arr":["AB097","AB101","D23","LK001","LK003","LK008","LK009","SH066","SH067","SH077"],"lines":"AB097, AB101, D23, LK001, LK003, LK008, LK009, SH066, SH067, SH077"},"geometry":{"type":"LineString","coordinates":[[38.876219,9.021698],[38.877086,9.022999],[38.877464,9.023697],[38.877606,9.024029],[38.877837,9.024794],[38.877907,9.025193],[38.877971,9.025861],[38.877974,9.030108],[38.877925,9.034026],[38.877896,9.035568],[38.877771,9.038131],[38.877757,9.039639],[38.877833,9.042991],[38.878,9.053572],[38.878026,9.054609],[38.878098,9.055232],[38.87822,9.055598],[38.8784,9.055943],[38.878523,9.056132]]}},{"type":"Feature","properties":{"mode":"bus","n":5,"arr":["AB098","AB106","AB107","AB121","Lafto008"],"lines":"AB098, AB106, AB107, AB121, Lafto008"},"geometry":{"type":"LineString","coordinates":[[38.80278,8.855069],[38.801874,8.854696],[38.800273,8.853931],[38.799044,8.853428],[38.797743,8.853049],[38.797604,8.852972]]}},{"type":"Feature","properties":{"mode":"bus","n":7,"arr":["AB098","AB109","AB110","Kal021","SH090","SH091","SH093"],"lines":"AB098, AB109, AB110, Kal021, SH090, SH091, SH093"},"geometry":{"type":"LineString","coordinates":[[38.772975,8.894681],[38.773304,8.894205]]}},{"type":"Feature","properties":{"mode":"bus","n":6,"arr":["AB098","AB109","AB110","Kal021","SH091","SH093"],"lines":"AB098, AB109, AB110, Kal021, SH091, SH093"},"geometry":{"type":"LineString","coordinates":[[38.773304,8.894205],[38.774011,8.893177],[38.774763,8.891781],[38.775013,8.891251],[38.775478,8.88997],[38.775669,8.889198],[38.775764,8.888901],[38.775951,8.887862],[38.77643,8.88479],[38.776588,8.884267],[38.776736,8.883933]]}},{"type":"Feature","properties":{"mode":"bus","n":5,"arr":["AB098","AB109","AB110","SH091","SH093"],"lines":"AB098, AB109, AB110, SH091, SH093"},"geometry":{"type":"LineString","coordinates":[[38.776736,8.883933],[38.776903,8.883572]]}},{"type":"Feature","properties":{"mode":"bus","n":8,"arr":["AB100","ADK012","ADK014","ADK016","Lafto011","Lafto014","Lafto027","SH085"],"lines":"AB100, ADK012, ADK014, ADK016, Lafto011, Lafto014, Lafto027, SH085"},"geometry":{"type":"LineString","coordinates":[[38.73382,9.009308],[38.734191,9.011758],[38.734427,9.013725]]}},{"type":"Feature","properties":{"mode":"bus","n":11,"arr":["AB100","ADK012","ADK014","ADK016","ARD005","Lafto011","Lafto014","Lafto016","Lafto027","Lafto034","SH085"],"lines":"AB100, ADK012, ADK014, ADK016, ARD005, Lafto011, Lafto014, Lafto016, Lafto027, Lafto034, SH085"},"geometry":{"type":"LineString","coordinates":[[38.73382,9.009308],[38.733755,9.008554],[38.733888,9.007521],[38.733912,9.00709],[38.733887,9.006861],[38.733703,9.006344],[38.733654,9.006054],[38.733645,9.005726],[38.733716,9.004819],[38.733729,9.004358],[38.733673,9.004046],[38.73356,9.003719]]}},{"type":"Feature","properties":{"mode":"bus","n":11,"arr":["AB100","ADK012","ADK014","ADK016","ARD005","Lafto011","Lafto014","Lafto016","Lafto027","Lafto034","SH085"],"lines":"AB100, ADK012, ADK014, ADK016, ARD005, Lafto011, Lafto014, Lafto016, Lafto027, Lafto034, SH085"},"geometry":{"type":"LineString","coordinates":[[38.734448,9.013086],[38.733845,9.008786],[38.733837,9.008564],[38.733861,9.008285],[38.734007,9.007252],[38.734003,9.007044],[38.73398,9.006846],[38.733813,9.006314],[38.733751,9.005989],[38.733747,9.005519],[38.733824,9.004768],[38.733839,9.004354],[38.733821,9.004171],[38.73374,9.003894]]}},{"type":"Feature","properties":{"mode":"bus","n":10,"arr":["AB100","ADK016","ARD005","Kolfa007","Lafto014","Lafto016","Lafto027","Lafto034","SH069","SH085"],"lines":"AB100, ADK016, ARD005, Kolfa007, Lafto014, Lafto016, Lafto027, Lafto034, SH069, SH085"},"geometry":{"type":"LineString","coordinates":[[38.721981,8.968996],[38.721915,8.968879]]}},{"type":"Feature","properties":{"mode":"bus","n":9,"arr":["AB100","ADK012","ADK016","ARD005","Lafto014","Lafto016","Lafto027","Lafto034","SH085"],"lines":"AB100, ADK012, ADK016, ARD005, Lafto014, Lafto016, Lafto027, Lafto034, SH085"},"geometry":{"type":"LineString","coordinates":[[38.73374,9.003894],[38.733647,9.003679],[38.732595,9.001755],[38.732457,9.001456],[38.73234,9.001096],[38.732025,8.999772],[38.731887,8.999376],[38.731745,8.999084],[38.731116,8.998165],[38.730821,8.997643]]}},{"type":"Feature","properties":{"mode":"bus","n":6,"arr":["AB103","AB107","AB131","ADK057","SH071","SH100"],"lines":"AB103, AB107, AB131, ADK057, SH071, SH100"},"geometry":{"type":"LineString","coordinates":[[38.752781,9.036129],[38.752619,9.036038]]}},{"type":"Feature","properties":{"mode":"bus","n":6,"arr":["AB104","B19","Kal006","Kal013","KRK015","Lafto042"],"lines":"AB104, B19, Kal006, Kal013, KRK015, Lafto042"},"geometry":{"type":"LineString","coordinates":[[38.74911,8.985385],[38.74814,8.985807]]}},{"type":"Feature","properties":{"mode":"bus","n":8,"arr":["AB104","Kal003","Kal021","Kal022","SH086","SH090","SH091","SH093"],"lines":"AB104, Kal003, Kal021, Kal022, SH086, SH090, SH091, SH093"},"geometry":{"type":"LineString","coordinates":[[38.764164,8.921865],[38.764025,8.922147]]}},{"type":"Feature","properties":{"mode":"bus","n":8,"arr":["AB104","Kal003","Kal021","Kal022","SH086","SH090","SH091","SH093"],"lines":"AB104, Kal003, Kal021, Kal022, SH086, SH090, SH091, SH093"},"geometry":{"type":"LineString","coordinates":[[38.763322,8.913163],[38.76321,8.912831]]}},{"type":"Feature","properties":{"mode":"bus","n":7,"arr":["AB106","AB107","AB110","AB121","AB124","Bole002","Lafto008"],"lines":"AB106, AB107, AB110, AB121, AB124, Bole002, Lafto008"},"geometry":{"type":"LineString","coordinates":[[38.804231,8.855283],[38.805249,8.855672],[38.808074,8.85666],[38.808342,8.856783]]}},{"type":"Feature","properties":{"mode":"bus","n":5,"arr":["AB106","AB113","AB131","D52","SH091"],"lines":"AB106, AB113, AB131, D52, SH091"},"geometry":{"type":"LineString","coordinates":[[38.815428,8.899475],[38.815618,8.899691],[38.815729,8.899766],[38.816259,8.899942],[38.820255,8.901723]]}},{"type":"Feature","properties":{"mode":"bus","n":5,"arr":["AB106","AB113","AB131","D52","SH091"],"lines":"AB106, AB113, AB131, D52, SH091"},"geometry":{"type":"LineString","coordinates":[[38.831823,8.895473],[38.831167,8.896625]]}},{"type":"Feature","properties":{"mode":"bus","n":6,"arr":["AB109","AB110","Kal008","Kal009","SH091","SH093"],"lines":"AB109, AB110, Kal008, Kal009, SH091, SH093"},"geometry":{"type":"LineString","coordinates":[[38.785173,8.876578],[38.784444,8.87661],[38.783517,8.876612],[38.782898,8.876745],[38.782393,8.876918],[38.781842,8.877155],[38.781469,8.877378],[38.780983,8.877846],[38.780635,8.87823],[38.778097,8.881884],[38.777662,8.882556],[38.77736,8.883107],[38.777097,8.883657]]}},{"type":"Feature","properties":{"mode":"bus","n":5,"arr":["AB109","AB110","Kal009","SH091","SH093"],"lines":"AB109, AB110, Kal009, SH091, SH093"},"geometry":{"type":"LineString","coordinates":[[38.777097,8.883657],[38.77685,8.884213]]}},{"type":"Feature","properties":{"mode":"bus","n":6,"arr":["AB109","AB110","Kal009","Kal021","SH091","SH093"],"lines":"AB109, AB110, Kal009, Kal021, SH091, SH093"},"geometry":{"type":"LineString","coordinates":[[38.77685,8.884213],[38.776685,8.884726],[38.776574,8.885275],[38.776002,8.888799],[38.775748,8.889795],[38.775566,8.890381],[38.775201,8.891343],[38.774952,8.891897],[38.774683,8.892424],[38.774229,8.893207],[38.773827,8.893828],[38.773213,8.894635]]}},{"type":"Feature","properties":{"mode":"bus","n":5,"arr":["AB109","AB110","Kal008","SH091","SH093"],"lines":"AB109, AB110, Kal008, SH091, SH093"},"geometry":{"type":"LineString","coordinates":[[38.776903,8.883572],[38.777327,8.882666],[38.77783,8.881882],[38.779554,8.87944],[38.780362,8.878242],[38.780584,8.877958],[38.781081,8.877445],[38.781738,8.876976],[38.782072,8.876808],[38.782457,8.876656],[38.782974,8.876512],[38.783402,8.87642],[38.783938,8.876361],[38.784176,8.876378],[38.78516,8.876371]]}},{"type":"Feature","properties":{"mode":"bus","n":6,"arr":["AB112","ADK017","Gl002","Gl018","SH080","YK001"],"lines":"AB112, ADK017, Gl002, Gl018, SH080, YK001"},"geometry":{"type":"LineString","coordinates":[[38.748506,9.044351],[38.748594,9.044423]]}},{"type":"Feature","properties":{"mode":"bus","n":14,"arr":["AB118","ADK006","ADK011","ADK012","ADK014","ADK016","B19","B35","Kolfa017","Kolfa021","Lafto011","Lafto027","Lafto042","SH040"],"lines":"AB118, ADK006, ADK011, ADK012, ADK014, ADK016, B19, B35, Kolfa017, Kolfa021, Lafto011, Lafto027, Lafto042, SH040"},"geometry":{"type":"LineString","coordinates":[[38.732249,9.033003],[38.732428,9.031793]]}},{"type":"Feature","properties":{"mode":"bus","n":15,"arr":["AB118","ADK006","ADK011","ADK012","ADK014","ADK016","B19","Kolfa017","Kolfa021","Lafto011","Lafto027","Lafto042","SH009","SH010","SH040"],"lines":"AB118, ADK006, ADK011, ADK012, ADK014, ADK016, B19, Kolfa017, Kolfa021, Lafto011, Lafto027, Lafto042, SH009, SH010, SH040"},"geometry":{"type":"LineString","coordinates":[[38.732428,9.031793],[38.732787,9.029423]]}},{"type":"Feature","properties":{"mode":"bus","n":14,"arr":["AB118","ADK011","ADK012","ADK014","ADK016","B19","Kolfa017","Kolfa021","Lafto011","Lafto027","Lafto042","SH009","SH010","SH040"],"lines":"AB118, ADK011, ADK012, ADK014, ADK016, B19, Kolfa017, Kolfa021, Lafto011, Lafto027, Lafto042, SH009, SH010, SH040"},"geometry":{"type":"LineString","coordinates":[[38.732787,9.029423],[38.732836,9.029075]]}},{"type":"Feature","properties":{"mode":"bus","n":15,"arr":["AB123","ADK011","ADK028","ADK052","ARD006","Kolfa001","Kolfa004","Kolfa005","Kolfa009","Kolfa010","Kolfa012","Kolfa018","Kolfe035","Kolfe042","SH010"],"lines":"AB123, ADK011, ADK028, ADK052, ARD006, Kolfa001, Kolfa004, Kolfa005, Kolfa009, Kolfa010, Kolfa012, Kolfa018, Kolfe035, Kolfe042, SH010"},"geometry":{"type":"LineString","coordinates":[[38.699603,9.015183],[38.699021,9.014571],[38.698332,9.013918],[38.696231,9.011831],[38.695875,9.011321],[38.695645,9.01089],[38.695594,9.010736]]}},{"type":"Feature","properties":{"mode":"bus","n":15,"arr":["AB123","ADK011","ADK028","ADK052","ARD006","Kolfa001","Kolfa004","Kolfa005","Kolfa009","Kolfa010","Kolfa012","Kolfa018","Kolfe035","Kolfe042","SH010"],"lines":"AB123, ADK011, ADK028, ADK052, ARD006, Kolfa001, Kolfa004, Kolfa005, Kolfa009, Kolfa010, Kolfa012, Kolfa018, Kolfe035, Kolfe042, SH010"},"geometry":{"type":"LineString","coordinates":[[38.695433,9.010866],[38.695702,9.011448],[38.696116,9.012008],[38.699671,9.015512]]}},{"type":"Feature","properties":{"mode":"bus","n":10,"arr":["AB123","ADK028","ADK052","Kolfa004","Kolfa005","Kolfa009","Kolfa010","Kolfa012","Kolfa018","SH010"],"lines":"AB123, ADK028, ADK052, Kolfa004, Kolfa005, Kolfa009, Kolfa010, Kolfa012, Kolfa018, SH010"},"geometry":{"type":"LineString","coordinates":[[38.700001,9.015266],[38.69982,9.015278],[38.699603,9.015183]]}},{"type":"Feature","properties":{"mode":"bus","n":18,"arr":["AB123","ADK011","ADK028","ADK043","ADK052","ARD006","Kolfa001","Kolfa004","Kolfa005","Kolfa009","Kolfa010","Kolfa012","Kolfa018","Kolfa024","Kolfa026","Kolfa034","Kolfe035","SH010"],"lines":"AB123, ADK011, ADK028, ADK043, ADK052, ARD006, Kolfa001, Kolfa004, Kolfa005, Kolfa009, Kolfa010, Kolfa012, Kolfa018, Kolfa024, Kolfa026, Kolfa034, Kolfe035, SH010"},"geometry":{"type":"LineString","coordinates":[[38.6999,9.015462],[38.700126,9.015296]]}},{"type":"Feature","properties":{"mode":"bus","n":14,"arr":["AB123","ADK011","ADK028","ADK052","ARD006","Kolfa001","Kolfa004","Kolfa005","Kolfa009","Kolfa010","Kolfa012","Kolfa018","Kolfe035","SH010"],"lines":"AB123, ADK011, ADK028, ADK052, ARD006, Kolfa001, Kolfa004, Kolfa005, Kolfa009, Kolfa010, Kolfa012, Kolfa018, Kolfe035, SH010"},"geometry":{"type":"LineString","coordinates":[[38.69974,9.015585],[38.6999,9.015462]]}},{"type":"Feature","properties":{"mode":"bus","n":6,"arr":["AB125","ARD011","SH083","SH089","SH092","TX005"],"lines":"AB125, ARD011, SH083, SH089, SH092, TX005"},"geometry":{"type":"LineString","coordinates":[[38.789908,8.985973],[38.789796,8.985955],[38.789336,8.98576],[38.789053,8.985681],[38.788208,8.985496],[38.788011,8.985487],[38.787021,8.98521],[38.781953,8.98357],[38.772633,8.979896],[38.771264,8.979335],[38.77059,8.978999],[38.770022,8.978641],[38.767719,8.977332],[38.767428,8.977134],[38.767122,8.97689],[38.766937,8.976691]]}},{"type":"Feature","properties":{"mode":"bus","n":9,"arr":["AB125","Bole001","Kal002","Kal033","Lafto044","SH083","SH089","SH092","YK009"],"lines":"AB125, Bole001, Kal002, Kal033, Lafto044, SH083, SH089, SH092, YK009"},"geometry":{"type":"LineString","coordinates":[[38.766354,8.96527],[38.766285,8.965382],[38.766228,8.965533],[38.76608,8.966112],[38.766042,8.96632],[38.766023,8.966675],[38.766037,8.966951],[38.766104,8.967274],[38.766211,8.967623],[38.766453,8.968296],[38.766608,8.968973],[38.76666,8.969705],[38.766633,8.970128],[38.766552,8.970586],[38.76631,8.971262],[38.766078,8.971709],[38.765536,8.972561],[38.765424,8.972779],[38.765312,8.973107],[38.765241,8.973471],[38.765225,8.973984],[38.765292,8.974286],[38.765404,8.974453]]}},{"type":"Feature","properties":{"mode":"bus","n":5,"arr":["AB127","D46","LK002","LK003","LK014"],"lines":"AB127, D46, LK002, LK003, LK014"},"geometry":{"type":"LineString","coordinates":[[38.879215,9.021325],[38.879246,9.019961],[38.879271,9.015346],[38.879149,9.014762],[38.878995,9.014197]]}},{"type":"Feature","properties":{"mode":"bus","n":5,"arr":["AB127","D46","LK002","LK003","LK014"],"lines":"AB127, D46, LK002, LK003, LK014"},"geometry":{"type":"LineString","coordinates":[[38.876734,9.002369],[38.877724,9.007948],[38.878043,9.009825],[38.878132,9.010528],[38.878226,9.011053]]}},{"type":"Feature","properties":{"mode":"bus","n":5,"arr":["AB127","ADK015","Kal012","Kal032","Kal035"],"lines":"AB127, ADK015, Kal012, Kal032, Kal035"},"geometry":{"type":"LineString","coordinates":[[38.749712,9.011964],[38.749758,9.011895],[38.749793,9.011753],[38.749814,9.011385]]}},{"type":"Feature","properties":{"mode":"bus","n":8,"arr":["AB127","AB130","Kolfa037","KRK002","LID009","SH067","SH081","YK016"],"lines":"AB127, AB130, Kolfa037, KRK002, LID009, SH067, SH081, YK016"},"geometry":{"type":"LineString","coordinates":[[38.776696,9.012114],[38.775997,9.011729],[38.773621,9.010555],[38.773371,9.010452],[38.772861,9.010307],[38.772513,9.01027]]}},{"type":"Feature","properties":{"mode":"bus","n":6,"arr":["AB128","AB129","C51","SH004","SH070","YK014"],"lines":"AB128, AB129, C51, SH004, SH070, YK014"},"geometry":{"type":"LineString","coordinates":[[38.874687,9.057748],[38.874631,9.057823]]}},{"type":"Feature","properties":{"mode":"bus","n":6,"arr":["AB128","AB129","C51","SH004","SH070","YK014"],"lines":"AB128, AB129, C51, SH004, SH070, YK014"},"geometry":{"type":"LineString","coordinates":[[38.87292,9.061519],[38.873547,9.06378]]}},{"type":"Feature","properties":{"mode":"bus","n":6,"arr":["AB128","AB129","C51","SH004","SH070","YK014"],"lines":"AB128, AB129, C51, SH004, SH070, YK014"},"geometry":{"type":"LineString","coordinates":[[38.873455,9.063797],[38.873074,9.062317],[38.872848,9.061539]]}},{"type":"Feature","properties":{"mode":"bus","n":6,"arr":["AB128","AB129","C51","SH004","SH070","YK014"],"lines":"AB128, AB129, C51, SH004, SH070, YK014"},"geometry":{"type":"LineString","coordinates":[[38.874109,9.057988],[38.874203,9.057814],[38.874228,9.05764]]}},{"type":"Feature","properties":{"mode":"bus","n":7,"arr":["AB128","AB129","C51","SH004","SH070","SH077","YK014"],"lines":"AB128, AB129, C51, SH004, SH070, SH077, YK014"},"geometry":{"type":"LineString","coordinates":[[38.874631,9.057823],[38.87338,9.058423],[38.873198,9.058492],[38.872636,9.058624]]}},{"type":"Feature","properties":{"mode":"bus","n":7,"arr":["AB128","AB129","C51","SH004","SH070","SH077","YK014"],"lines":"AB128, AB129, C51, SH004, SH070, SH077, YK014"},"geometry":{"type":"LineString","coordinates":[[38.872258,9.059173],[38.872374,9.059683],[38.872648,9.060676],[38.87292,9.061519]]}},{"type":"Feature","properties":{"mode":"bus","n":7,"arr":["AB128","AB129","C51","SH004","SH070","SH077","YK014"],"lines":"AB128, AB129, C51, SH004, SH070, SH077, YK014"},"geometry":{"type":"LineString","coordinates":[[38.872848,9.061539],[38.872605,9.060802],[38.872292,9.059642],[38.872094,9.058689],[38.872094,9.058669],[38.872104,9.058655],[38.872123,9.058646],[38.872864,9.058488],[38.873298,9.058358],[38.874109,9.057988]]}},{"type":"Feature","properties":{"mode":"bus","n":6,"arr":["AB128","AB129","C51","SH004","SH070","SH077"],"lines":"AB128, AB129, C51, SH004, SH070, SH077"},"geometry":{"type":"LineString","coordinates":[[38.872636,9.058624],[38.872422,9.058808],[38.872355,9.058904],[38.872258,9.059173]]}},{"type":"Feature","properties":{"mode":"bus","n":5,"arr":["AB128","AB129","C51","SH004","SH070"],"lines":"AB128, AB129, C51, SH004, SH070"},"geometry":{"type":"LineString","coordinates":[[38.873547,9.06378],[38.873612,9.064033]]}},{"type":"Feature","properties":{"mode":"bus","n":5,"arr":["AB128","AB129","C51","SH004","SH070"],"lines":"AB128, AB129, C51, SH004, SH070"},"geometry":{"type":"LineString","coordinates":[[38.873487,9.063925],[38.873455,9.063797]]}},{"type":"Feature","properties":{"mode":"bus","n":12,"arr":["ADK011","ADK028","ADK052","ARD006","Kolfa001","Kolfa009","Kolfa010","Kolfa012","Kolfa018","Kolfe035","Kolfe042","SH010"],"lines":"ADK011, ADK028, ADK052, ARD006, Kolfa001, Kolfa009, Kolfa010, Kolfa012, Kolfa018, Kolfe035, Kolfe042, SH010"},"geometry":{"type":"LineString","coordinates":[[38.69449,9.00583],[38.694671,9.006762],[38.694923,9.008457],[38.69523,9.010261],[38.695433,9.010866]]}},{"type":"Feature","properties":{"mode":"bus","n":12,"arr":["ADK011","ADK028","ADK052","ARD006","Kolfa001","Kolfa009","Kolfa010","Kolfa012","Kolfa018","Kolfe035","Kolfe042","SH010"],"lines":"ADK011, ADK028, ADK052, ARD006, Kolfa001, Kolfa009, Kolfa010, Kolfa012, Kolfa018, Kolfe035, Kolfe042, SH010"},"geometry":{"type":"LineString","coordinates":[[38.695594,9.010736],[38.695458,9.010363],[38.695391,9.010039],[38.69479,9.006302],[38.694415,9.004593]]}},{"type":"Feature","properties":{"mode":"bus","n":8,"arr":["ADK011","ADK028","ADK052","ARD006","Kolfa001","Kolfa010","Kolfa018","Kolfe035"],"lines":"ADK011, ADK028, ADK052, ARD006, Kolfa001, Kolfa010, Kolfa018, Kolfe035"},"geometry":{"type":"LineString","coordinates":[[38.677582,9.001741],[38.677966,9.002186],[38.678754,9.003216],[38.679892,9.00452],[38.679965,9.004564],[38.683202,9.004352],[38.685158,9.004267],[38.68731,9.004125],[38.689112,9.004041],[38.693869,9.003759]]}},{"type":"Feature","properties":{"mode":"bus","n":8,"arr":["ADK011","ADK028","ADK052","ARD006","Kolfa001","Kolfa010","Kolfa018","Kolfe035"],"lines":"ADK011, ADK028, ADK052, ARD006, Kolfa001, Kolfa010, Kolfa018, Kolfe035"},"geometry":{"type":"LineString","coordinates":[[38.694003,9.003672],[38.692691,9.003782],[38.689111,9.003996],[38.687493,9.004058],[38.685158,9.004218],[38.68381,9.004275],[38.680004,9.004518],[38.679971,9.004513],[38.679944,9.004493],[38.678908,9.003332],[38.678002,9.002158],[38.677627,9.001704]]}},{"type":"Feature","properties":{"mode":"bus","n":5,"arr":["ADK011","ARD006","Kolfa001","Kolfe035","Kolfe042"],"lines":"ADK011, ARD006, Kolfa001, Kolfe035, Kolfe042"},"geometry":{"type":"LineString","coordinates":[[38.699828,9.015387],[38.699603,9.015183]]}},{"type":"Feature","properties":{"mode":"bus","n":13,"arr":["ADK011","ADK012","ADK014","ADK016","B19","Kolfa017","Kolfa021","Lafto011","Lafto027","Lafto042","SH009","SH010","SH040"],"lines":"ADK011, ADK012, ADK014, ADK016, B19, Kolfa017, Kolfa021, Lafto011, Lafto027, Lafto042, SH009, SH010, SH040"},"geometry":{"type":"LineString","coordinates":[[38.732964,9.029099],[38.732974,9.02904]]}},{"type":"Feature","properties":{"mode":"bus","n":6,"arr":["ADK012","ADK038","ADK044","ARD012","Kal037","Lafto025"],"lines":"ADK012, ADK038, ADK044, ARD012, Kal037, Lafto025"},"geometry":{"type":"LineString","coordinates":[[38.738582,8.994152],[38.738482,8.99337],[38.73847,8.993032],[38.73839,8.992689],[38.738321,8.992549]]}},{"type":"Feature","properties":{"mode":"bus","n":11,"arr":["ADK015","ADK022","ADK024","ADK047","ADK048","ARD005","ARD012","Kal012","Kal032","Kal035","Lafto018"],"lines":"ADK015, ADK022, ADK024, ADK047, ADK048, ARD005, ARD012, Kal012, Kal032, Kal035, Lafto018"},"geometry":{"type":"LineString","coordinates":[[38.746563,9.018659],[38.746373,9.017646],[38.7461,9.01666]]}},{"type":"Feature","properties":{"mode":"bus","n":10,"arr":["ADK015","ADK022","ADK024","ADK047","ADK048","ARD012","Kal012","Kal032","Kal035","Lafto018"],"lines":"ADK015, ADK022, ADK024, ADK047, ADK048, ARD012, Kal012, Kal032, Kal035, Lafto018"},"geometry":{"type":"LineString","coordinates":[[38.7461,9.01666],[38.745837,9.01559]]}},{"type":"Feature","properties":{"mode":"bus","n":7,"arr":["ADK015","ADK024","ADK047","ADK048","Kal012","Kal032","Kal035"],"lines":"ADK015, ADK024, ADK047, ADK048, Kal012, Kal032, Kal035"},"geometry":{"type":"LineString","coordinates":[[38.745837,9.01559],[38.746106,9.015391]]}},{"type":"Feature","properties":{"mode":"bus","n":9,"arr":["ADK015","Bole001","Kal002","Kal012","Kal032","Kal035","Lafto044","SH083","SH092"],"lines":"ADK015, Bole001, Kal002, Kal012, Kal032, Kal035, Lafto044, SH083, SH092"},"geometry":{"type":"LineString","coordinates":[[38.768803,8.948857],[38.768666,8.951105],[38.768592,8.951744],[38.7684,8.952443],[38.767955,8.953597],[38.767584,8.955114],[38.76737,8.956099],[38.767342,8.95658],[38.767369,8.957089]]}},{"type":"Feature","properties":{"mode":"bus","n":10,"arr":["ADK015","Bole001","Kal002","Kal012","Kal027","Kal032","Kal035","Lafto044","SH083","SH092"],"lines":"ADK015, Bole001, Kal002, Kal012, Kal027, Kal032, Kal035, Lafto044, SH083, SH092"},"geometry":{"type":"LineString","coordinates":[[38.769068,8.946257],[38.769011,8.946382],[38.768942,8.946839],[38.768803,8.948857]]}},{"type":"Feature","properties":{"mode":"bus","n":11,"arr":["ADK015","ARD011","Kal002","Kal012","Kal032","Kal033","Kal035","Lafto044","SH083","TX005","YK009"],"lines":"ADK015, ARD011, Kal002, Kal012, Kal032, Kal033, Kal035, Lafto044, SH083, TX005, YK009"},"geometry":{"type":"LineString","coordinates":[[38.767198,8.935596],[38.768778,8.936293],[38.769152,8.936524],[38.769584,8.936865],[38.769805,8.93709],[38.770526,8.938037],[38.770993,8.938718],[38.771182,8.939172],[38.771247,8.93942],[38.771274,8.939685],[38.771268,8.939975],[38.771208,8.940305],[38.771117,8.940612],[38.770985,8.940897],[38.76963,8.943103],[38.769487,8.943422],[38.769457,8.943591]]}},{"type":"Feature","properties":{"mode":"bus","n":5,"arr":["ADK021","Bole015","Bole016","Bole018","KRK020"],"lines":"ADK021, Bole015, Bole016, Bole018, KRK020"},"geometry":{"type":"LineString","coordinates":[[38.778551,8.992592],[38.778638,8.992721],[38.778667,8.992851],[38.778408,8.994318],[38.778402,8.994392],[38.778426,8.994471],[38.778418,8.994987],[38.778447,8.995278],[38.778576,8.995922],[38.778854,8.996777],[38.778861,8.996791],[38.77887,8.996798],[38.778882,8.996799],[38.778897,8.996793],[38.778943,8.996768],[38.77896,8.996754],[38.778966,8.996737],[38.778964,8.996716],[38.7787,8.995922],[38.778549,8.995193],[38.778514,8.994705],[38.778528,8.994394],[38.778885,8.992447],[38.778884,8.992046],[38.778647,8.990523],[38.778539,8.990188],[38.778431,8.99006],[38.777864,8.989582],[38.777579,8.989302],[38.776315,8.987923],[38.774867,8.986297],[38.774067,8.98544],[38.773476,8.984927]]}},{"type":"Feature","properties":{"mode":"bus","n":6,"arr":["ADK022","ADK024","ADK047","ADK048","ARD012","Lafto018"],"lines":"ADK022, ADK024, ADK047, ADK048, ARD012, Lafto018"},"geometry":{"type":"LineString","coordinates":[[38.745945,9.015618],[38.746011,9.016073],[38.746152,9.016554]]}},{"type":"Feature","properties":{"mode":"bus","n":8,"arr":["ADK022","ADK024","ADK047","ADK048","ARD005","ARD012","Lafto014","Lafto018"],"lines":"ADK022, ADK024, ADK047, ADK048, ARD005, ARD012, Lafto014, Lafto018"},"geometry":{"type":"LineString","coordinates":[[38.746656,9.018744],[38.746438,9.017621],[38.746152,9.016554]]}},{"type":"Feature","properties":{"mode":"bus","n":7,"arr":["ADK028","ARD006","Kolfa020","Kolfa041","Kolfe035","Lafto016","LID003"],"lines":"ADK028, ARD006, Kolfa020, Kolfa041, Kolfe035, Lafto016, LID003"},"geometry":{"type":"LineString","coordinates":[[38.733592,9.020571],[38.733591,9.020645],[38.733633,9.020732],[38.734371,9.021525],[38.73537,9.022552]]}},{"type":"Feature","properties":{"mode":"bus","n":5,"arr":["ADK043","Kolfa024","Kolfa026","Kolfa034","Kolfe042"],"lines":"ADK043, Kolfa024, Kolfa026, Kolfa034, Kolfe042"},"geometry":{"type":"LineString","coordinates":[[38.700073,9.015628],[38.6999,9.015462]]}},{"type":"Feature","properties":{"mode":"bus","n":5,"arr":["ADK044","ARD005","Lafto014","Lafto042","LID008"],"lines":"ADK044, ARD005, Lafto014, Lafto042, LID008"},"geometry":{"type":"LineString","coordinates":[[38.73784,9.016415],[38.734882,9.016418]]}},{"type":"Feature","properties":{"mode":"bus","n":9,"arr":["ARD011","Bole001","Kal002","Kal033","Lafto044","SH083","SH092","TX005","YK009"],"lines":"ARD011, Bole001, Kal002, Kal033, Lafto044, SH083, SH092, TX005, YK009"},"geometry":{"type":"LineString","coordinates":[[38.766807,8.976686],[38.76686,8.976837],[38.767004,8.977012],[38.76717,8.977163],[38.767606,8.977476],[38.768717,8.978086],[38.770676,8.979228],[38.771272,8.979509],[38.772499,8.980022],[38.77429,8.980712],[38.775163,8.981093],[38.776726,8.981707]]}},{"type":"Feature","properties":{"mode":"bus","n":7,"arr":["ARD011","Kal002","Kal022","Kal033","SH083","TX005","YK009"],"lines":"ARD011, Kal002, Kal022, Kal033, SH083, TX005, YK009"},"geometry":{"type":"LineString","coordinates":[[38.765947,8.93424],[38.766049,8.934384],[38.766261,8.934564],[38.76673,8.934868],[38.767202,8.93513]]}},{"type":"Feature","properties":{"mode":"bus","n":5,"arr":["ARD011","Kal033","SH083","TX005","YK009"],"lines":"ARD011, Kal033, SH083, TX005, YK009"},"geometry":{"type":"LineString","coordinates":[[38.767202,8.93513],[38.76759,8.935403],[38.768193,8.935783]]}},{"type":"Feature","properties":{"mode":"bus","n":6,"arr":["B40","Kal001","Kal005","Lafto013","Lafto028","Lafto045"],"lines":"B40, Kal001, Kal005, Lafto013, Lafto028, Lafto045"},"geometry":{"type":"LineString","coordinates":[[38.758871,8.930881],[38.758377,8.930911]]}},{"type":"Feature","properties":{"mode":"bus","n":5,"arr":["B40","Kal005","Lafto013","Lafto028","Lafto045"],"lines":"B40, Kal005, Lafto013, Lafto028, Lafto045"},"geometry":{"type":"LineString","coordinates":[[38.762408,8.932476],[38.762033,8.932232],[38.76046,8.931377],[38.759567,8.931027],[38.758871,8.930881]]}},{"type":"Feature","properties":{"mode":"bus","n":7,"arr":["Bole001","Bole011","Bole012","Kal033","Lafto044","SH092","YK009"],"lines":"Bole001, Bole011, Bole012, Kal033, Lafto044, SH092, YK009"},"geometry":{"type":"LineString","coordinates":[[38.788813,8.98593],[38.78925,8.98609],[38.78982,8.986366]]}},{"type":"Feature","properties":{"mode":"bus","n":8,"arr":["Bole001","Bole011","Bole012","Kal002","Kal033","Lafto044","SH092","YK009"],"lines":"Bole001, Bole011, Bole012, Kal002, Kal033, Lafto044, SH092, YK009"},"geometry":{"type":"LineString","coordinates":[[38.788474,8.985818],[38.788813,8.98593]]}},{"type":"Feature","properties":{"mode":"bus","n":5,"arr":["Bole001","Kal002","Lafto044","SH083","SH092"],"lines":"Bole001, Kal002, Lafto044, SH083, SH092"},"geometry":{"type":"LineString","coordinates":[[38.767369,8.957089],[38.767545,8.959118],[38.767534,8.959763],[38.767509,8.959992],[38.767024,8.962179],[38.767042,8.962376]]}},{"type":"Feature","properties":{"mode":"bus","n":7,"arr":["Bole005","Bole007","LK009","LK010","LK013","LK016","YK016"],"lines":"Bole005, Bole007, LK009, LK010, LK013, LK016, YK016"},"geometry":{"type":"LineString","coordinates":[[38.804558,9.019843],[38.804689,9.019806],[38.804902,9.019835],[38.807453,9.020277],[38.80753,9.020302],[38.807617,9.020363]]}},{"type":"Feature","properties":{"mode":"bus","n":7,"arr":["Bole005","Bole007","KRK002","KRK004","LID009","LK007","YK016"],"lines":"Bole005, Bole007, KRK002, KRK004, LID009, LK007, YK016"},"geometry":{"type":"LineString","coordinates":[[38.788986,9.016248],[38.788835,9.016265],[38.788125,9.016143]]}},{"type":"Feature","properties":{"mode":"bus","n":5,"arr":["Bole008","LK006","LK008","LK015","SH077"],"lines":"Bole008, LK006, LK008, LK015, SH077"},"geometry":{"type":"LineString","coordinates":[[38.85159,9.001654],[38.850125,9.00177],[38.850021,9.001787],[38.849905,9.001847],[38.849202,9.001935],[38.84711,9.002114],[38.844812,9.002216],[38.84374,9.002214],[38.842763,9.002117],[38.841702,9.001954],[38.840579,9.001663],[38.839954,9.001463],[38.839105,9.001131],[38.837896,9.0005],[38.83615,8.99943],[38.834909,8.998717],[38.834092,8.998132],[38.833457,8.997583],[38.832737,8.996878],[38.832261,8.996345],[38.831844,8.995789],[38.831271,8.994923],[38.831049,8.994516],[38.830736,8.9939],[38.830277,8.992448],[38.830024,8.991833]]}},{"type":"Feature","properties":{"mode":"bus","n":5,"arr":["D46","LK002","LK003","LK006","LK014"],"lines":"D46, LK002, LK003, LK006, LK014"},"geometry":{"type":"LineString","coordinates":[[38.890343,8.973213],[38.890266,8.973311]]}},{"type":"Feature","properties":{"mode":"bus","n":5,"arr":["Kal005","Kal009","Lafto028","Lafto044","Lafto045"],"lines":"Kal005, Kal009, Lafto028, Lafto044, Lafto045"},"geometry":{"type":"LineString","coordinates":[[38.75835,8.931019],[38.758502,8.931073],[38.759236,8.931229],[38.759641,8.931377],[38.761181,8.93228],[38.762108,8.932798],[38.762616,8.933045]]}},{"type":"Feature","properties":{"mode":"bus","n":6,"arr":["Kal008","Kal009","Kal030","Kal035","Lafto038","Lafto039"],"lines":"Kal008, Kal009, Kal030, Kal035, Lafto038, Lafto039"},"geometry":{"type":"LineString","coordinates":[[38.78873,8.86975],[38.788655,8.86974]]}},{"type":"Feature","properties":{"mode":"bus","n":7,"arr":["Kal009","Kal030","Kal034","Kal035","Lafto038","Lafto039","Lafto043"],"lines":"Kal009, Kal030, Kal034, Kal035, Lafto038, Lafto039, Lafto043"},"geometry":{"type":"LineString","coordinates":[[38.785122,8.882371],[38.784986,8.882646],[38.784826,8.883109],[38.784394,8.883661],[38.784197,8.883859],[38.784186,8.883877],[38.784186,8.883894],[38.784196,8.883912],[38.784279,8.884004],[38.78429,8.884022],[38.784291,8.884041],[38.784281,8.88406],[38.783527,8.88507],[38.783521,8.885083],[38.78352,8.885097],[38.783523,8.88511],[38.783522,8.885124],[38.783516,8.885137],[38.783222,8.88552],[38.783024,8.885712],[38.782686,8.88616],[38.782509,8.886324],[38.782497,8.886342],[38.782493,8.88636],[38.7825,8.886381],[38.782563,8.886499]]}},{"type":"Feature","properties":{"mode":"bus","n":7,"arr":["Kal021","Kal030","Kal034","Lafto038","Lafto039","Lafto043","SH091"],"lines":"Kal021, Kal030, Kal034, Lafto038, Lafto039, Lafto043, SH091"},"geometry":{"type":"LineString","coordinates":[[38.764148,8.936794],[38.764162,8.937634],[38.76421,8.938107],[38.764313,8.938551],[38.76459,8.939269],[38.766263,8.942157],[38.766985,8.943504],[38.766991,8.943524],[38.766988,8.943543],[38.766974,8.943559],[38.766642,8.943825]]}},{"type":"Feature","properties":{"mode":"bus","n":6,"arr":["Kolfa006","Kolfa007","Lafto020","Lafto021","Lafto031","SH069"],"lines":"Kolfa006, Kolfa007, Lafto020, Lafto021, Lafto031, SH069"},"geometry":{"type":"LineString","coordinates":[[38.719718,8.970183],[38.717726,8.971402],[38.717552,8.97149],[38.717242,8.97159],[38.716934,8.971654],[38.713758,8.972202],[38.713117,8.972374],[38.712707,8.972531],[38.71171,8.972957],[38.709878,8.973796],[38.702716,8.976964],[38.702,8.977303],[38.701267,8.977779],[38.700761,8.978219],[38.700426,8.978582],[38.698519,8.9809],[38.698028,8.98151],[38.69799,8.981628]]}},{"type":"Feature","properties":{"mode":"bus","n":5,"arr":["Kolfa006","Kolfa007","Lafto020","Lafto021","Lafto031"],"lines":"Kolfa006, Kolfa007, Lafto020, Lafto021, Lafto031"},"geometry":{"type":"LineString","coordinates":[[38.720974,8.969482],[38.720865,8.969504],[38.7206,8.969637],[38.719718,8.970183]]}},{"type":"Feature","properties":{"mode":"bus","n":8,"arr":["Kolfa008","Kolfa015","Kolfe003","Lafto006","Lafto007","Lafto017","Lafto032","SH075"],"lines":"Kolfa008, Kolfa015, Kolfe003, Lafto006, Lafto007, Lafto017, Lafto032, SH075"},"geometry":{"type":"LineString","coordinates":[[38.744747,9.008429],[38.745073,9.005184]]}},{"type":"Feature","properties":{"mode":"bus","n":7,"arr":["Kolfa008","Kolfa015","Kolfe003","Lafto006","Lafto007","Lafto017","Lafto032"],"lines":"Kolfa008, Kolfa015, Kolfe003, Lafto006, Lafto007, Lafto017, Lafto032"},"geometry":{"type":"LineString","coordinates":[[38.745073,9.005184],[38.7422,9.004918],[38.742077,9.004967]]}},{"type":"Feature","properties":{"mode":"bus","n":5,"arr":["Lafto019","Lafto020","Lafto021","Lafto022","Lafto023"],"lines":"Lafto019, Lafto020, Lafto021, Lafto022, Lafto023"},"geometry":{"type":"LineString","coordinates":[[38.734035,8.965194],[38.733048,8.964523]]}},{"type":"Feature","properties":{"mode":"bus","n":11,"arr":["AB076","AB079","AB119","AB125","D23","D25","D46","SH066","SH082","SH089","SH096"],"lines":"AB076, AB079, AB119, AB125, D23, D25, D46, SH066, SH082, SH089, SH096"},"geometry":{"type":"LineString","coordinates":[[38.801483,9.019978],[38.801517,9.019957],[38.801524,9.019951],[38.801527,9.019945],[38.801524,9.019939],[38.801517,9.019933],[38.801275,9.019783]]}}]}