{"type":"FeatureCollection","features":[{"type":"Feature","geometry":{"type":"Point","coordinates":[38.746756,9.010459]},"properties":{"name":"Mexico","lines":"A01, A24, AB029, AB130, SH081","arr":["A01","A24","AB029","AB130","SH081"],"terminus":1,"mode":"bus","color":"#0059a9","colorDark":"#00294f","angle":174.3,"snapDist":3,"label":1}},{"type":"Feature","geometry":{"type":"Point","coordinates":[38.757012,9.011864]},"properties":{"name":"Lalibela Hotel","lines":"A01, AB031, AB055","arr":["A01","AB031","AB055"],"terminus":0,"mode":"bus","color":"#0059a9","colorDark":"#00294f","angle":187,"snapDist":0,"label":1}},{"type":"Feature","geometry":{"type":"Point","coordinates":[38.762825,9.012483]},"properties":{"name":"St. Estifanos Church","lines":"A01, AB031, AB055, AB056, AB110, SH015, SH027, SH028, SH073","arr":["A01","AB031","AB055","AB056","AB110","SH015","SH027","SH028","SH073"],"terminus":0,"mode":"bus","color":"#0059a9","colorDark":"#00294f","angle":95.9,"snapDist":1,"label":1}},{"type":"Feature","geometry":{"type":"Point","coordinates":[38.763856,9.01964]},"properties":{"name":"Hilton Hotel (Apartments)","lines":"A01, AB031, AB068, AB110","arr":["A01","AB031","AB068","AB110"],"terminus":0,"mode":"bus","color":"#0059a9","colorDark":"#00294f","angle":96.5,"snapDist":2,"label":1}},{"type":"Feature","geometry":{"type":"Point","coordinates":[38.76322,9.034398]},"properties":{"name":"4 Kilo","lines":"A01, A08, AB031, AB041, AB055, AB056, AB064, AB068, AB079, AB110, AB122, SH015, SH027, SH028, SH073, SH087, SH095","arr":["A01","A08","AB031","AB041","AB055","AB056","AB064","AB068","AB079","AB110","AB122","SH015","SH027","SH028","SH073","SH087","SH095"],"terminus":1,"mode":"bus","color":"#0059a9","colorDark":"#00294f","angle":82.3,"snapDist":2,"label":1}},{"type":"Feature","geometry":{"type":"Point","coordinates":[38.762536,9.038596]},"properties":{"name":"5 Kilo (History Museum)","lines":"A01, AB013, AB017, AB031, AB041, AB055, AB056, AB068, AB110, AB122, SH095","arr":["A01","AB013","AB017","AB031","AB041","AB055","AB056","AB068","AB110","AB122","SH095"],"terminus":0,"mode":"bus","color":"#0059a9","colorDark":"#00294f","angle":77.5,"snapDist":1,"label":1}},{"type":"Feature","geometry":{"type":"Point","coordinates":[38.761551,9.046176]},"properties":{"name":"6 Kilo (University)","lines":"A01, AB031, AB080, SH035","arr":["A01","AB031","AB080","SH035"],"terminus":0,"mode":"bus","color":"#0059a9","colorDark":"#00294f","angle":97.3,"snapDist":0,"label":1}},{"type":"Feature","geometry":{"type":"Point","coordinates":[38.762311,9.052298]},"properties":{"name":"Teferi Mekonen","lines":"A01, AB041","arr":["A01","AB041"],"terminus":0,"mode":"bus","color":"#0059a9","colorDark":"#00294f","angle":96.3,"snapDist":0,"label":1}},{"type":"Feature","geometry":{"type":"Point","coordinates":[38.761254,9.062638]},"properties":{"name":"Shero Meda","lines":"A01, AB016, AB080, SH027, SH028","arr":["A01","AB016","AB080","SH027","SH028"],"terminus":1,"mode":"bus","color":"#0059a9","colorDark":"#00294f","angle":85.9,"snapDist":1,"label":1}},{"type":"Feature","geometry":{"type":"Point","coordinates":[38.761254,9.062639]},"properties":{"name":"Shero Meda","lines":"A01, AB016, AB080, SH028","arr":["A01","AB016","AB080","SH028"],"terminus":1,"mode":"bus","color":"#0059a9","colorDark":"#00294f","angle":265.9,"snapDist":2,"label":0}},{"type":"Feature","geometry":{"type":"Point","coordinates":[38.76223,9.052325]},"properties":{"name":"Teferi Mekonen","lines":"A01, AB017, AB031, AB080, AB122","arr":["A01","AB017","AB031","AB080","AB122"],"terminus":0,"mode":"bus","color":"#0059a9","colorDark":"#00294f","angle":277.2,"snapDist":1,"label":0}},{"type":"Feature","geometry":{"type":"Point","coordinates":[38.761437,9.046199]},"properties":{"name":"6 Kilo","lines":"A01, AB017, AB031, AB110, AB122, SH035","arr":["A01","AB017","AB031","AB110","AB122","SH035"],"terminus":1,"mode":"bus","color":"#0059a9","colorDark":"#00294f","angle":275.7,"snapDist":1,"label":1}},{"type":"Feature","geometry":{"type":"Point","coordinates":[38.763108,9.034404]},"properties":{"name":"4 Kilo","lines":"A01, A08, AB031, AB041, AB055, AB056, AB068, AB079, AB110, AB122, SH015, SH027, SH028, SH073, SH087","arr":["A01","A08","AB031","AB041","AB055","AB056","AB068","AB079","AB110","AB122","SH015","SH027","SH028","SH073","SH087"],"terminus":1,"mode":"bus","color":"#0059a9","colorDark":"#00294f","angle":262.4,"snapDist":2,"label":0}},{"type":"Feature","geometry":{"type":"Point","coordinates":[38.753415,9.018489]},"properties":{"name":"Post Office (Ambassador)","lines":"A01, AB048, AB052, SH079, SH099","arr":["A01","AB048","AB052","SH079","SH099"],"terminus":0,"mode":"bus","color":"#0059a9","colorDark":"#00294f","angle":48.4,"snapDist":6,"label":1}},{"type":"Feature","geometry":{"type":"Point","coordinates":[38.751318,9.015689]},"properties":{"name":"National Theatre","lines":"A01, A18, AB003, AB005, AB006, AB029, AB037, AB058, AB070, AB071, AB073, AB090, AB104, AB105, AB107, C15, C50, SH100, SH105","arr":["A01","A18","AB003","AB005","AB006","AB029","AB037","AB058","AB070","AB071","AB073","AB090","AB104","AB105","AB107","C15","C50","SH100","SH105"],"terminus":0,"mode":"bus","color":"#0059a9","colorDark":"#00294f","angle":300.2,"snapDist":1,"label":1}},{"type":"Feature","geometry":{"type":"Point","coordinates":[38.747144,9.010722]},"properties":{"name":"Mexico","lines":"A01, A24, AB029, SH067","arr":["A01","A24","AB029","SH067"],"terminus":1,"mode":"bus","color":"#0059a9","colorDark":"#00294f","angle":355,"snapDist":2,"label":0}},{"type":"Feature","geometry":{"type":"Point","coordinates":[38.712426,8.960415]},"properties":{"name":"Jemmo 1","lines":"A02, A18, AB078, AB100, SH069, SH075, SH085, SH105","arr":["A02","A18","AB078","AB100","SH069","SH075","SH085","SH105"],"terminus":1,"mode":"bus","color":"#0059a9","colorDark":"#00294f","angle":163.8,"snapDist":1,"label":1}},{"type":"Feature","geometry":{"type":"Point","coordinates":[38.720902,8.967016]},"properties":{"name":"Jemo Michael","lines":"A02, A18, AB067, AB100, AB103, SH069, SH075, SH085, SH105","arr":["A02","A18","AB067","AB100","AB103","SH069","SH075","SH085","SH105"],"terminus":0,"mode":"bus","color":"#0059a9","colorDark":"#00294f","angle":118.3,"snapDist":5,"label":1}},{"type":"Feature","geometry":{"type":"Point","coordinates":[38.732877,8.96559]},"properties":{"name":"German Square","lines":"A02, A04, A10, A18, AB027, AB067, AB078, AB092, AB103, AB106, AB107, AB117, AB121, SH022, SH074, SH075, SH105","arr":["A02","A04","A10","A18","AB027","AB067","AB078","AB092","AB103","AB106","AB107","AB117","AB121","SH022","SH074","SH075","SH105"],"terminus":0,"mode":"bus","color":"#0059a9","colorDark":"#00294f","angle":71.6,"snapDist":2,"label":0}},{"type":"Feature","geometry":{"type":"Point","coordinates":[38.731587,8.973361]},"properties":{"name":"Mekanisa","lines":"A02, A04, A10, A18, AB027, AB067, AB078, AB092, AB103, AB106, AB107, AB117, AB121, SH022, SH074, SH075, SH105","arr":["A02","A04","A10","A18","AB027","AB067","AB078","AB092","AB103","AB106","AB107","AB117","AB121","SH022","SH074","SH075","SH105"],"terminus":0,"mode":"bus","color":"#0059a9","colorDark":"#00294f","angle":134.7,"snapDist":1,"label":1}},{"type":"Feature","geometry":{"type":"Point","coordinates":[38.734515,8.982051]},"properties":{"name":"Abo Mazoria","lines":"A02, A04, A10, A18, AB002, AB005, AB027, AB067, AB078, AB092, AB103, AB106, AB107, AB117, AB121, SH022, SH074, SH075, SH105","arr":["A02","A04","A10","A18","AB002","AB005","AB027","AB067","AB078","AB092","AB103","AB106","AB107","AB117","AB121","SH022","SH074","SH075","SH105"],"terminus":0,"mode":"bus","color":"#0059a9","colorDark":"#00294f","angle":66.7,"snapDist":2,"label":1}},{"type":"Feature","geometry":{"type":"Point","coordinates":[38.738351,8.992959]},"properties":{"name":"Sar Bet (Roundabout)","lines":"A02, A04, A10, A18, AB002, AB027, AB067, AB078, AB092, AB103, AB117, AB121, SH022, SH074, SH075, SH105","arr":["A02","A04","A10","A18","AB002","AB027","AB067","AB078","AB092","AB103","AB117","AB121","SH022","SH074","SH075","SH105"],"terminus":0,"mode":"bus","color":"#0059a9","colorDark":"#00294f","angle":94.1,"snapDist":1,"label":1}},{"type":"Feature","geometry":{"type":"Point","coordinates":[38.744021,9.008871]},"properties":{"name":"Mexico","lines":"A02, A04, A09, A10, A18, AB027, AB034, AB058(S), AB067, AB092, AB107, AB117, AB121, SH022, SH074, SH105","arr":["A02","A04","A09","A10","A18","AB027","AB034","AB058(S)","AB067","AB092","AB107","AB117","AB121","SH022","SH074","SH105"],"terminus":1,"mode":"bus","color":"#0059a9","colorDark":"#00294f","angle":113.4,"snapDist":0,"label":1}},{"type":"Feature","geometry":{"type":"Point","coordinates":[38.744433,9.009469]},"properties":{"name":"Mexico","lines":"A02","arr":["A02"],"terminus":1,"mode":"bus","color":"#0059a9","colorDark":"#00294f","angle":355.1,"snapDist":0,"label":0}},{"type":"Feature","geometry":{"type":"Point","coordinates":[38.738212,8.992971]},"properties":{"name":"Sar Bet (Roundabout)","lines":"A02, A04, A10, A18, AB002, AB027, AB067, AB092, AB103, AB106, AB107, AB117, AB121, SH022, SH074, SH075, SH105","arr":["A02","A04","A10","A18","AB002","AB027","AB067","AB092","AB103","AB106","AB107","AB117","AB121","SH022","SH074","SH075","SH105"],"terminus":0,"mode":"bus","color":"#0059a9","colorDark":"#00294f","angle":274,"snapDist":3,"label":0}},{"type":"Feature","geometry":{"type":"Point","coordinates":[38.73433,8.982235]},"properties":{"name":"Abo Mazoria","lines":"A02, A10, A18, AB002, AB005, AB067, AB092, AB103, AB106, AB117, AB121, SH022, SH074, SH105","arr":["A02","A10","A18","AB002","AB005","AB067","AB092","AB103","AB106","AB117","AB121","SH022","SH074","SH105"],"terminus":0,"mode":"bus","color":"#0059a9","colorDark":"#00294f","angle":246.2,"snapDist":3,"label":0}},{"type":"Feature","geometry":{"type":"Point","coordinates":[38.731145,8.97292]},"properties":{"name":"Mekanisa","lines":"A02, A04, A10, A18, AB027, AB067, AB092, AB103, AB106, AB107, AB117, AB121, SH022, SH074, SH075, SH105","arr":["A02","A04","A10","A18","AB027","AB067","AB092","AB103","AB106","AB107","AB117","AB121","SH022","SH074","SH075","SH105"],"terminus":0,"mode":"bus","color":"#0059a9","colorDark":"#00294f","angle":288.8,"snapDist":5,"label":0}},{"type":"Feature","geometry":{"type":"Point","coordinates":[38.731608,8.964707]},"properties":{"name":"German Bridge","lines":"A02, AB067, B40","arr":["A02","AB067","B40"],"terminus":0,"mode":"bus","color":"#0059a9","colorDark":"#00294f","angle":1.2,"snapDist":1,"label":1}},{"type":"Feature","geometry":{"type":"Point","coordinates":[38.72086,8.967383]},"properties":{"name":"Jemo Michael","lines":"A02, AB067, AB100, AB103, SH069, SH075, SH085","arr":["A02","AB067","AB100","AB103","SH069","SH075","SH085"],"terminus":0,"mode":"bus","color":"#0059a9","colorDark":"#00294f","angle":298.2,"snapDist":3,"label":0}},{"type":"Feature","geometry":{"type":"Point","coordinates":[38.712384,8.960613]},"properties":{"name":"Jemmo 1","lines":"A02, A18, AB067, AB100, AB103, SH069, SH085, SH105","arr":["A02","A18","AB067","AB100","AB103","SH069","SH085","SH105"],"terminus":1,"mode":"bus","color":"#0059a9","colorDark":"#00294f","angle":342.8,"snapDist":3,"label":0}},{"type":"Feature","geometry":{"type":"Point","coordinates":[38.743852,9.008793]},"properties":{"name":"Mexico","lines":"A04, A10, A18, AB027, AB034, AB067, AB092, AB107, SH074, SH105","arr":["A04","A10","A18","AB027","AB034","AB067","AB092","AB107","SH074","SH105"],"terminus":1,"mode":"bus","color":"#0059a9","colorDark":"#00294f","angle":295.4,"snapDist":7,"label":0}},{"type":"Feature","geometry":{"type":"Point","coordinates":[38.734128,8.982983]},"properties":{"name":"Mekanisa Abo","lines":"A04, AB027, AB067, SH075","arr":["A04","AB027","AB067","SH075"],"terminus":0,"mode":"bus","color":"#0059a9","colorDark":"#00294f","angle":290.7,"snapDist":1,"label":1}},{"type":"Feature","geometry":{"type":"Point","coordinates":[38.732739,8.965703]},"properties":{"name":"German Square","lines":"A04, A10, A18, AB027, AB067, AB092, AB103, AB106, AB107, AB117, AB121, SH022, SH074, SH075, SH105","arr":["A04","A10","A18","AB027","AB067","AB092","AB103","AB106","AB107","AB117","AB121","SH022","SH074","SH075","SH105"],"terminus":0,"mode":"bus","color":"#0059a9","colorDark":"#00294f","angle":248.9,"snapDist":2,"label":0}},{"type":"Feature","geometry":{"type":"Point","coordinates":[38.733242,8.949631]},"properties":{"name":"Mebrathile (EEPCo)","lines":"A04, AB027, AB107","arr":["A04","AB027","AB107"],"terminus":0,"mode":"bus","color":"#0059a9","colorDark":"#00294f","angle":253.2,"snapDist":0,"label":1}},{"type":"Feature","geometry":{"type":"Point","coordinates":[38.734563,8.938764]},"properties":{"name":"Haile Garment","lines":"A04, A10, AB027, AB092, AB106, AB117, AB121, SH022, SH074","arr":["A04","A10","AB027","AB092","AB106","AB117","AB121","SH022","SH074"],"terminus":1,"mode":"bus","color":"#0059a9","colorDark":"#00294f","angle":276.2,"snapDist":0,"label":1}},{"type":"Feature","geometry":{"type":"Point","coordinates":[38.734669,8.920813]},"properties":{"name":"Sefera","lines":"A04, AB076, AB107, AB117, SH096","arr":["A04","AB076","AB107","AB117","SH096"],"terminus":1,"mode":"bus","color":"#0059a9","colorDark":"#00294f","angle":250.3,"snapDist":2,"label":1}},{"type":"Feature","geometry":{"type":"Point","coordinates":[38.735033,8.920907]},"properties":{"name":"Sefera","lines":"A04, AB027, AB076, AB106, AB107, AB117, AB121, SH096","arr":["A04","AB027","AB076","AB106","AB107","AB117","AB121","SH096"],"terminus":1,"mode":"bus","color":"#0059a9","colorDark":"#00294f","angle":67.9,"snapDist":0,"label":0}},{"type":"Feature","geometry":{"type":"Point","coordinates":[38.734908,8.938177]},"properties":{"name":"Haile Garment","lines":"A04, A10, AB086, AB092, AB117, B40, SH022, SH074","arr":["A04","A10","AB086","AB092","AB117","B40","SH022","SH074"],"terminus":1,"mode":"bus","color":"#0059a9","colorDark":"#00294f","angle":53.9,"snapDist":1,"label":0}},{"type":"Feature","geometry":{"type":"Point","coordinates":[38.733437,8.949355]},"properties":{"name":"Mebrathile (EEPCo)","lines":"A04, A10, AB117, SH022, SH074","arr":["A04","A10","AB117","SH022","SH074"],"terminus":0,"mode":"bus","color":"#0059a9","colorDark":"#00294f","angle":73.4,"snapDist":1,"label":0}},{"type":"Feature","geometry":{"type":"Point","coordinates":[38.749381,8.946554]},"properties":{"name":"Lafto","lines":"A05","arr":["A05"],"terminus":1,"mode":"bus","color":"#0059a9","colorDark":"#00294f","angle":185,"snapDist":0,"label":1}},{"type":"Feature","geometry":{"type":"Point","coordinates":[38.750422,8.953774]},"properties":{"name":"Lafto (Mickael)","lines":"A05, AB054","arr":["A05","AB054"],"terminus":0,"mode":"bus","color":"#0059a9","colorDark":"#00294f","angle":89.1,"snapDist":2,"label":1}},{"type":"Feature","geometry":{"type":"Point","coordinates":[38.74975,8.9587]},"properties":{"name":"Dildiy Mariam","lines":"A05, AB054","arr":["A05","AB054"],"terminus":0,"mode":"bus","color":"#0059a9","colorDark":"#00294f","angle":44,"snapDist":1,"label":1}},{"type":"Feature","geometry":{"type":"Point","coordinates":[38.749001,8.959382]},"properties":{"name":"Mebrat (Lafto)","lines":"A05, AB054","arr":["A05","AB054"],"terminus":0,"mode":"bus","color":"#0059a9","colorDark":"#00294f","angle":40.9,"snapDist":0,"label":1}},{"type":"Feature","geometry":{"type":"Point","coordinates":[38.748742,8.96688]},"properties":{"name":"Mebrat","lines":"A05, AB054, C15","arr":["A05","AB054","C15"],"terminus":0,"mode":"bus","color":"#0059a9","colorDark":"#00294f","angle":89.2,"snapDist":1,"label":1}},{"type":"Feature","geometry":{"type":"Point","coordinates":[38.749104,8.977125]},"properties":{"name":"Gofa Gebriel","lines":"A05, AB054, C15","arr":["A05","AB054","C15"],"terminus":0,"mode":"bus","color":"#0059a9","colorDark":"#00294f","angle":96.4,"snapDist":2,"label":1}},{"type":"Feature","geometry":{"type":"Point","coordinates":[38.749918,8.982542]},"properties":{"name":"Kera (Gofa Road)","lines":"A05, AB054, C15","arr":["A05","AB054","C15"],"terminus":0,"mode":"bus","color":"#0059a9","colorDark":"#00294f","angle":-79.9,"snapDist":7,"label":1}},{"type":"Feature","geometry":{"type":"Point","coordinates":[38.748714,8.986306]},"properties":{"name":"Kera","lines":"A05, AB054, C15","arr":["A05","AB054","C15"],"terminus":0,"mode":"bus","color":"#0059a9","colorDark":"#00294f","angle":76.7,"snapDist":7,"label":0}},{"type":"Feature","geometry":{"type":"Point","coordinates":[38.747817,8.995028]},"properties":{"name":"Bulgaria Mazoria","lines":"A05, AB006, AB034, AB054, AB104, B19, C15, C50","arr":["A05","AB006","AB034","AB054","AB104","B19","C15","C50"],"terminus":0,"mode":"bus","color":"#0059a9","colorDark":"#00294f","angle":82.2,"snapDist":1,"label":1}},{"type":"Feature","geometry":{"type":"Point","coordinates":[38.746279,9.009845]},"properties":{"name":"Mexico","lines":"A05, AB006, AB054, AB104, B19, C15","arr":["A05","AB006","AB054","AB104","B19","C15"],"terminus":1,"mode":"bus","color":"#0059a9","colorDark":"#00294f","angle":85.7,"snapDist":1,"label":0}},{"type":"Feature","geometry":{"type":"Point","coordinates":[38.746201,9.009776]},"properties":{"name":"Mexico","lines":"A05, AB006, AB054, AB104, B19, C15, C50","arr":["A05","AB006","AB054","AB104","B19","C15","C50"],"terminus":1,"mode":"bus","color":"#0059a9","colorDark":"#00294f","angle":265.8,"snapDist":1,"label":0}},{"type":"Feature","geometry":{"type":"Point","coordinates":[38.747516,8.997172]},"properties":{"name":"Begtera","lines":"A05, AB006, AB054, AB078","arr":["A05","AB006","AB054","AB078"],"terminus":0,"mode":"bus","color":"#0059a9","colorDark":"#00294f","angle":263,"snapDist":1,"label":1}},{"type":"Feature","geometry":{"type":"Point","coordinates":[38.748442,8.986693]},"properties":{"name":"Kera","lines":"A05, AB004, AB034, AB054, AB078, AB104, B19, C15, C50","arr":["A05","AB004","AB034","AB054","AB078","AB104","B19","C15","C50"],"terminus":1,"mode":"bus","color":"#0059a9","colorDark":"#00294f","angle":295.4,"snapDist":1,"label":1}},{"type":"Feature","geometry":{"type":"Point","coordinates":[38.749799,8.983703]},"properties":{"name":"Kera (Gofa Stop)","lines":"A05, AB054, C15","arr":["A05","AB054","C15"],"terminus":0,"mode":"bus","color":"#0059a9","colorDark":"#00294f","angle":285.7,"snapDist":5,"label":1}},{"type":"Feature","geometry":{"type":"Point","coordinates":[38.748862,8.975375]},"properties":{"name":"Gofa Gebriel (2)","lines":"A05, AB054, C15","arr":["A05","AB054","C15"],"terminus":0,"mode":"bus","color":"#0059a9","colorDark":"#00294f","angle":272.4,"snapDist":1,"label":1}},{"type":"Feature","geometry":{"type":"Point","coordinates":[38.748682,8.967339]},"properties":{"name":"Mebrat","lines":"A05, AB054, C15","arr":["A05","AB054","C15"],"terminus":0,"mode":"bus","color":"#0059a9","colorDark":"#00294f","angle":271.5,"snapDist":2,"label":0}},{"type":"Feature","geometry":{"type":"Point","coordinates":[38.749864,8.958543]},"properties":{"name":"Dildiy Mariam","lines":"A05, AB054","arr":["A05","AB054"],"terminus":0,"mode":"bus","color":"#0059a9","colorDark":"#00294f","angle":224.2,"snapDist":1,"label":0}},{"type":"Feature","geometry":{"type":"Point","coordinates":[38.745085,8.955886]},"properties":{"name":"Lafto (Primary School)","lines":"A05, AB054","arr":["A05","AB054"],"terminus":0,"mode":"bus","color":"#0059a9","colorDark":"#00294f","angle":274.8,"snapDist":1,"label":1}},{"type":"Feature","geometry":{"type":"Point","coordinates":[38.744829,8.95299]},"properties":{"name":"Meskelgna","lines":"A05, AB054","arr":["A05","AB054"],"terminus":0,"mode":"bus","color":"#0059a9","colorDark":"#00294f","angle":274.7,"snapDist":1,"label":1}},{"type":"Feature","geometry":{"type":"Point","coordinates":[38.744326,8.947377]},"properties":{"name":"Lafto","lines":"A05, Lafto040","arr":["A05","Lafto040"],"terminus":1,"mode":"bus","color":"#0059a9","colorDark":"#00294f","angle":275.1,"mstop":"mix","snapDist":0,"label":1}},{"type":"Feature","geometry":{"type":"Point","coordinates":[38.763991,9.044215]},"properties":{"name":"Education Bureau (6 Kilo)","lines":"A08, AB012, AB013, AB064, SH073, SH087, SH095, SH101","arr":["A08","AB012","AB013","AB064","SH073","SH087","SH095","SH101"],"terminus":0,"mode":"bus","color":"#0059a9","colorDark":"#00294f","angle":150.3,"snapDist":3,"label":1}},{"type":"Feature","geometry":{"type":"Point","coordinates":[38.769063,9.047036]},"properties":{"name":"3rd Shaleka","lines":"A08, AB012, AB055, AB064, SH073, SH087, SH095, SH101","arr":["A08","AB012","AB055","AB064","SH073","SH087","SH095","SH101"],"terminus":0,"mode":"bus","color":"#0059a9","colorDark":"#00294f","angle":147.2,"snapDist":2,"label":1}},{"type":"Feature","geometry":{"type":"Point","coordinates":[38.77427,9.055795]},"properties":{"name":"Frensaye Kela","lines":"A08, AB012, SH073, SH087","arr":["A08","AB012","SH073","SH087"],"terminus":0,"mode":"bus","color":"#0059a9","colorDark":"#00294f","angle":128.5,"snapDist":1,"label":1}},{"type":"Feature","geometry":{"type":"Point","coordinates":[38.777734,9.057011]},"properties":{"name":"Abo Mazoriya","lines":"A08, AB012, AB064, SH073, SH087","arr":["A08","AB012","AB064","SH073","SH087"],"terminus":0,"mode":"bus","color":"#0059a9","colorDark":"#00294f","angle":156.2,"snapDist":1,"label":1}},{"type":"Feature","geometry":{"type":"Point","coordinates":[38.781143,9.059877]},"properties":{"name":"Biret Dildiy (Bono Wuha)","lines":"A08, AB012, AB055, AB064, SH073, SH087","arr":["A08","AB012","AB055","AB064","SH073","SH087"],"terminus":0,"mode":"bus","color":"#0059a9","colorDark":"#00294f","angle":159,"snapDist":2,"label":1}},{"type":"Feature","geometry":{"type":"Point","coordinates":[38.789367,9.062598]},"properties":{"name":"Gurara","lines":"A08, SH073, SH087","arr":["A08","SH073","SH087"],"terminus":1,"mode":"bus","color":"#0059a9","colorDark":"#00294f","angle":88.3,"snapDist":2,"label":1}},{"type":"Feature","geometry":{"type":"Point","coordinates":[38.788188,9.062319]},"properties":{"name":"Gurara","lines":"A08, AB012, SH073, SH087","arr":["A08","AB012","SH073","SH087"],"terminus":1,"mode":"bus","color":"#0059a9","colorDark":"#00294f","angle":342.3,"snapDist":1,"label":0}},{"type":"Feature","geometry":{"type":"Point","coordinates":[38.778567,9.057431]},"properties":{"name":"Abo Mazoriya","lines":"A08, AB012, SH073, SH087","arr":["A08","AB012","SH073","SH087"],"terminus":0,"mode":"bus","color":"#0059a9","colorDark":"#00294f","angle":332.9,"snapDist":5,"label":0}},{"type":"Feature","geometry":{"type":"Point","coordinates":[38.773633,9.055171]},"properties":{"name":"Frensaye Kela","lines":"A08, AB012, AB041, SH073, SH087, SH095, SH101","arr":["A08","AB012","AB041","SH073","SH087","SH095","SH101"],"terminus":0,"mode":"bus","color":"#0059a9","colorDark":"#00294f","angle":313,"snapDist":1,"label":0}},{"type":"Feature","geometry":{"type":"Point","coordinates":[38.769023,9.047119]},"properties":{"name":"Jan Meda","lines":"A08, AB012, AB041, AB055, AB064, SH073, SH087, SH095, SH101","arr":["A08","AB012","AB041","AB055","AB064","SH073","SH087","SH095","SH101"],"terminus":0,"mode":"bus","color":"#0059a9","colorDark":"#00294f","angle":326.2,"snapDist":1,"label":1}},{"type":"Feature","geometry":{"type":"Point","coordinates":[38.763615,9.044103]},"properties":{"name":"Education Bureau (6 Kilo)","lines":"A08, AB012, AB013, AB041, AB055, AB064, SH073, SH087, SH095, SH101","arr":["A08","AB012","AB013","AB041","AB055","AB064","SH073","SH087","SH095","SH101"],"terminus":0,"mode":"bus","color":"#0059a9","colorDark":"#00294f","angle":330.2,"snapDist":5,"label":0}},{"type":"Feature","geometry":{"type":"Point","coordinates":[38.677933,9.000387]},"properties":{"name":"Alem Bank","lines":"A09, AB058, AB058(S), AB065, SH010","arr":["A09","AB058","AB058(S)","AB065","SH010"],"terminus":1,"mode":"bus","color":"#0059a9","colorDark":"#00294f","angle":222.2,"snapDist":2,"label":1}},{"type":"Feature","geometry":{"type":"Point","coordinates":[38.688769,8.99176]},"properties":{"name":"Kidane Mihret (Roundabout)","lines":"A09, AB058, AB058(S)","arr":["A09","AB058","AB058(S)"],"terminus":0,"mode":"bus","color":"#0059a9","colorDark":"#00294f","angle":277.5,"snapDist":4,"label":1}},{"type":"Feature","geometry":{"type":"Point","coordinates":[38.696128,8.98385]},"properties":{"name":"Ayer Tena","lines":"A09, AB058, AB058(S), AB065","arr":["A09","AB058","AB058(S)","AB065"],"terminus":0,"mode":"bus","color":"#0059a9","colorDark":"#00294f","angle":213.5,"snapDist":1,"label":0}},{"type":"Feature","geometry":{"type":"Point","coordinates":[38.70526,8.985069]},"properties":{"name":"Zenebework (Crossing)","lines":"A09, AB036(S), AB050, AB058, AB058(S), AB065, AB077, AB087, AB130, SH068, SH081, SH100","arr":["A09","AB036(S)","AB050","AB058","AB058(S)","AB065","AB077","AB087","AB130","SH068","SH081","SH100"],"terminus":1,"mode":"bus","color":"#0059a9","colorDark":"#00294f","angle":152.1,"snapDist":1,"label":1}},{"type":"Feature","geometry":{"type":"Point","coordinates":[38.71524,8.992639]},"properties":{"name":"3 Kutir Mazoriya (Total)","lines":"A09, AB003, AB026, AB036, AB036(S), AB050, AB051, AB058, AB058(S), AB059, AB062, AB065, AB066, AB077, AB087, AB090, AB091, AB130, SH009, SH040, SH068, SH071, SH081, SH100","arr":["A09","AB003","AB026","AB036","AB036(S)","AB050","AB051","AB058","AB058(S)","AB059","AB062","AB065","AB066","AB077","AB087","AB090","AB091","AB130","SH009","SH040","SH068","SH071","SH081","SH100"],"terminus":0,"mode":"bus","color":"#0059a9","colorDark":"#00294f","angle":177.7,"snapDist":5,"label":1}},{"type":"Feature","geometry":{"type":"Point","coordinates":[38.72393,8.989299]},"properties":{"name":"Bisrate Gebrael","lines":"A09, AB005, AB036(S), AB058(S), AB077","arr":["A09","AB005","AB036(S)","AB058(S)","AB077"],"terminus":0,"mode":"bus","color":"#0059a9","colorDark":"#00294f","angle":130,"snapDist":4,"label":1}},{"type":"Feature","geometry":{"type":"Point","coordinates":[38.731185,8.997328]},"properties":{"name":"Mechare Meda","lines":"A09, AB005, AB036(S), AB058(S), AB077","arr":["A09","AB005","AB036(S)","AB058(S)","AB077"],"terminus":0,"mode":"bus","color":"#0059a9","colorDark":"#00294f","angle":210.3,"snapDist":2,"label":1}},{"type":"Feature","geometry":{"type":"Point","coordinates":[38.737328,8.995129]},"properties":{"name":"Canada Embassy","lines":"A09, AB005, AB036(S), AB058(S), AB077","arr":["A09","AB005","AB036(S)","AB058(S)","AB077"],"terminus":0,"mode":"bus","color":"#0059a9","colorDark":"#00294f","angle":208,"snapDist":2,"label":1}},{"type":"Feature","geometry":{"type":"Point","coordinates":[38.744588,9.011454]},"properties":{"name":"Mexico","lines":"A09, AB036(S), AB058(S)","arr":["A09","AB036(S)","AB058(S)"],"terminus":1,"mode":"bus","color":"#0059a9","colorDark":"#00294f","angle":268.6,"snapDist":1,"label":1}},{"type":"Feature","geometry":{"type":"Point","coordinates":[38.718585,9.005619]},"properties":{"name":"Augusta Bridge (Tor Hailoch)","lines":"A09, AB026, AB036, AB036(S), AB050, AB058, AB058(S), AB062, AB065, AB070, AB090, SH068","arr":["A09","AB026","AB036","AB036(S)","AB050","AB058","AB058(S)","AB062","AB065","AB070","AB090","SH068"],"terminus":0,"mode":"bus","color":"#0059a9","colorDark":"#00294f","angle":270.6,"snapDist":2,"label":1}},{"type":"Feature","geometry":{"type":"Point","coordinates":[38.715946,8.992759]},"properties":{"name":"3 Kutir Mazoriya (Total)","lines":"A09, AB026, AB036, AB036(S), AB050, AB051, AB058, AB058(S), AB059, AB062, AB065, AB066, AB070, AB077, AB087, AB090, AB091, AB130, SH009, SH040, SH068, SH081, SH100","arr":["A09","AB026","AB036","AB036(S)","AB050","AB051","AB058","AB058(S)","AB059","AB062","AB065","AB066","AB070","AB077","AB087","AB090","AB091","AB130","SH009","SH040","SH068","SH081","SH100"],"terminus":0,"mode":"bus","color":"#0059a9","colorDark":"#00294f","angle":358.8,"snapDist":2,"label":0}},{"type":"Feature","geometry":{"type":"Point","coordinates":[38.705209,8.985244]},"properties":{"name":"Zenebework (Crossing)","lines":"A09, AB036(S), AB058, AB058(S), AB066, AB070, AB087, AB130, SH040, SH068, SH081","arr":["A09","AB036(S)","AB058","AB058(S)","AB066","AB070","AB087","AB130","SH040","SH068","SH081"],"terminus":1,"mode":"bus","color":"#0059a9","colorDark":"#00294f","angle":331.4,"snapDist":5,"label":0}},{"type":"Feature","geometry":{"type":"Point","coordinates":[38.696754,8.983398]},"properties":{"name":"Ayer Tena","lines":"A09, AB003, AB058(S), AB065, AB099","arr":["A09","AB003","AB058(S)","AB065","AB099"],"terminus":1,"mode":"bus","color":"#0059a9","colorDark":"#00294f","angle":44.1,"snapDist":1,"label":1}},{"type":"Feature","geometry":{"type":"Point","coordinates":[38.6901,8.991019]},"properties":{"name":"Kidane Mihret (2)","lines":"A09, AB058, AB058(S)","arr":["A09","AB058","AB058(S)"],"terminus":0,"mode":"bus","color":"#0059a9","colorDark":"#00294f","angle":39.5,"snapDist":1,"label":1}},{"type":"Feature","geometry":{"type":"Point","coordinates":[38.677643,9.001024]},"properties":{"name":"Alem Bank","lines":"A09, AB058, AB058(S), AB065, SH010","arr":["A09","AB058","AB058(S)","AB065","SH010"],"terminus":1,"mode":"bus","color":"#0059a9","colorDark":"#00294f","angle":56.4,"snapDist":2,"label":0}},{"type":"Feature","geometry":{"type":"Point","coordinates":[38.687867,8.960575]},"properties":{"name":"Jemmo 2","lines":"A18, AB078, SH075","arr":["A18","AB078","SH075"],"terminus":1,"mode":"bus","color":"#0059a9","colorDark":"#00294f","angle":221.9,"snapDist":0,"label":1}},{"type":"Feature","geometry":{"type":"Point","coordinates":[38.698528,8.955634]},"properties":{"name":"Jemmo 3","lines":"A18, AB067, AB100, AB103, SH075","arr":["A18","AB067","AB100","AB103","SH075"],"terminus":1,"mode":"bus","color":"#0059a9","colorDark":"#00294f","angle":143.7,"snapDist":1,"label":1}},{"type":"Feature","geometry":{"type":"Point","coordinates":[38.746877,9.012004]},"properties":{"name":"Mexico Shebelle Hotel","lines":"A18, AB003, AB005, AB070, AB071, AB073, AB103, AB104, AB105, AB107, C15, C50, SH100, SH105","arr":["A18","AB003","AB005","AB070","AB071","AB073","AB103","AB104","AB105","AB107","C15","C50","SH100","SH105"],"terminus":0,"mode":"bus","color":"#0059a9","colorDark":"#00294f","angle":144.7,"snapDist":2,"label":1}},{"type":"Feature","geometry":{"type":"Point","coordinates":[38.751587,9.01588]},"properties":{"name":"National Theatre","lines":"A18, AB003, AB005, AB006, AB036, AB037, AB062, AB070, AB071, AB073, AB103, AB104, AB105, AB107, AB128, C15, C50, SH070, SH100, SH105","arr":["A18","AB003","AB005","AB006","AB036","AB037","AB062","AB070","AB071","AB073","AB103","AB104","AB105","AB107","AB128","C15","C50","SH070","SH100","SH105"],"terminus":0,"mode":"bus","color":"#0059a9","colorDark":"#00294f","angle":121.5,"snapDist":1,"label":0}},{"type":"Feature","geometry":{"type":"Point","coordinates":[38.752169,9.021834]},"properties":{"name":"Black Lion","lines":"A18, AB003, AB005, AB006, AB014, AB037, AB045, AB048, AB103, AB104, AB107, C15, C50, SH016, SH099, SH100, SH105","arr":["A18","AB003","AB005","AB006","AB014","AB037","AB045","AB048","AB103","AB104","AB107","C15","C50","SH016","SH099","SH100","SH105"],"terminus":0,"mode":"bus","color":"#0059a9","colorDark":"#00294f","angle":84.9,"snapDist":2,"label":1}},{"type":"Feature","geometry":{"type":"Point","coordinates":[38.751777,9.026382]},"properties":{"name":"Tewodros Square","lines":"A18, AB003, AB005, AB006, AB014, AB037, AB045, AB048, AB103, AB104, AB107, C15, SH099, SH105","arr":["A18","AB003","AB005","AB006","AB014","AB037","AB045","AB048","AB103","AB104","AB107","C15","SH099","SH105"],"terminus":0,"mode":"bus","color":"#0059a9","colorDark":"#00294f","angle":85.7,"snapDist":1,"label":1}},{"type":"Feature","geometry":{"type":"Point","coordinates":[38.751285,9.031938]},"properties":{"name":"Piassa (Downtown Cafe)","lines":"A18, AB005, AB006, AB037, AB045, AB048, AB104, C15, C50, SH079, SH099, SH100, SH105","arr":["A18","AB005","AB006","AB037","AB045","AB048","AB104","C15","C50","SH079","SH099","SH100","SH105"],"terminus":0,"mode":"bus","color":"#0059a9","colorDark":"#00294f","angle":84.4,"snapDist":3,"label":1}},{"type":"Feature","geometry":{"type":"Point","coordinates":[38.752363,9.035528]},"properties":{"name":"Piassa Arada","lines":"A18, AB048, C15, SH105","arr":["A18","AB048","C15","SH105"],"terminus":1,"mode":"bus","color":"#0059a9","colorDark":"#00294f","angle":196.2,"snapDist":12,"label":1}},{"type":"Feature","geometry":{"type":"Point","coordinates":[38.752709,9.03584]},"properties":{"name":"Piassa Arada","lines":"A18, AB012, AB014, AB030, AB088, AB123, C15, SH016, SH099","arr":["A18","AB012","AB014","AB030","AB088","AB123","C15","SH016","SH099"],"terminus":1,"mode":"bus","color":"#0059a9","colorDark":"#00294f","angle":90.8,"snapDist":15,"label":0}},{"type":"Feature","geometry":{"type":"Point","coordinates":[38.751152,9.03193]},"properties":{"name":"Piassa (Downtown Cafe)","lines":"A18, AB045, AB048, SH099, SH105","arr":["A18","AB045","AB048","SH099","SH105"],"terminus":0,"mode":"bus","color":"#0059a9","colorDark":"#00294f","angle":266.3,"snapDist":0,"label":0}},{"type":"Feature","geometry":{"type":"Point","coordinates":[38.751674,9.026265]},"properties":{"name":"Tewodros Square","lines":"A18, AB005, AB006, AB014, AB037, AB045, AB048, AB103, AB104, C15, C50, SH016, SH079, SH099, SH100, SH105","arr":["A18","AB005","AB006","AB014","AB037","AB045","AB048","AB103","AB104","C15","C50","SH016","SH079","SH099","SH100","SH105"],"terminus":0,"mode":"bus","color":"#0059a9","colorDark":"#00294f","angle":264.8,"snapDist":2,"label":0}},{"type":"Feature","geometry":{"type":"Point","coordinates":[38.752164,9.020926]},"properties":{"name":"Black Lion","lines":"A18, AB003, AB006, AB014, AB037, AB045, AB048, AB103, AB104, AB107, C15, C50, SH016, SH079, SH099, SH100, SH105","arr":["A18","AB003","AB006","AB014","AB037","AB045","AB048","AB103","AB104","AB107","C15","C50","SH016","SH079","SH099","SH100","SH105"],"terminus":0,"mode":"bus","color":"#0059a9","colorDark":"#00294f","angle":265.1,"snapDist":2,"label":0}},{"type":"Feature","geometry":{"type":"Point","coordinates":[38.746779,9.012035]},"properties":{"name":"Mexico Shebelle Hotel","lines":"A18, AB090, SH105","arr":["A18","AB090","SH105"],"terminus":0,"mode":"bus","color":"#0059a9","colorDark":"#00294f","angle":324,"snapDist":1,"label":0}},{"type":"Feature","geometry":{"type":"Point","coordinates":[38.699279,8.956389]},"properties":{"name":"Jemo 3","lines":"A18, AB067","arr":["A18","AB067"],"terminus":1,"mode":"bus","color":"#0059a9","colorDark":"#00294f","angle":326.3,"snapDist":1,"label":1}},{"type":"Feature","geometry":{"type":"Point","coordinates":[38.687921,8.960628]},"properties":{"name":"Jemmo 2","lines":"A18, AB078, SH075","arr":["A18","AB078","SH075"],"terminus":1,"mode":"bus","color":"#0059a9","colorDark":"#00294f","angle":41.6,"snapDist":0,"label":0}},{"type":"Feature","geometry":{"type":"Point","coordinates":[38.800484,9.019399]},"properties":{"name":"Megenagna","lines":"A24, AB078, AB130, SH081","arr":["A24","AB078","AB130","SH081"],"terminus":1,"mode":"bus","color":"#0059a9","colorDark":"#00294f","angle":345.5,"snapDist":1,"label":1}},{"type":"Feature","geometry":{"type":"Point","coordinates":[38.789647,9.016398]},"properties":{"name":"22 (Haya Hulet)","lines":"A24, AB127, AB130, SH067, SH081","arr":["A24","AB127","AB130","SH067","SH081"],"terminus":0,"mode":"bus","color":"#0059a9","colorDark":"#00294f","angle":347.1,"snapDist":3,"label":1}},{"type":"Feature","geometry":{"type":"Point","coordinates":[38.782314,9.014696]},"properties":{"name":"Lex Plaza","lines":"A24, AB060, AB078, AB127, SH067","arr":["A24","AB060","AB078","AB127","SH067"],"terminus":0,"mode":"bus","color":"#0059a9","colorDark":"#00294f","angle":342.6,"snapDist":4,"label":1}},{"type":"Feature","geometry":{"type":"Point","coordinates":[38.775309,9.011489]},"properties":{"name":"St. Urael Church","lines":"A24, AB060, AB078, AB127, AB130, SH067, SH081","arr":["A24","AB060","AB078","AB127","AB130","SH067","SH081"],"terminus":0,"mode":"bus","color":"#0059a9","colorDark":"#00294f","angle":334.7,"snapDist":2,"label":1}},{"type":"Feature","geometry":{"type":"Point","coordinates":[38.769055,9.010458]},"properties":{"name":"BAMBIS","lines":"A24, AB078, AB130, SH067, SH081","arr":["A24","AB078","AB130","SH067","SH081"],"terminus":0,"mode":"bus","color":"#0059a9","colorDark":"#00294f","angle":5.7,"snapDist":3,"label":1}},{"type":"Feature","geometry":{"type":"Point","coordinates":[38.76366,9.01099]},"properties":{"name":"Estifanos","lines":"A24, AB060, AB078, SH067","arr":["A24","AB060","AB078","SH067"],"terminus":0,"mode":"bus","color":"#0059a9","colorDark":"#00294f","angle":0.1,"snapDist":1,"label":1}},{"type":"Feature","geometry":{"type":"Point","coordinates":[38.757028,9.012]},"properties":{"name":"Stadium","lines":"A24, AB025, AB060, AB068, AB078, AB127, AB130, SH067, SH072, SH073, SH081","arr":["A24","AB025","AB060","AB068","AB078","AB127","AB130","SH067","SH072","SH073","SH081"],"terminus":0,"mode":"bus","color":"#0059a9","colorDark":"#00294f","angle":8,"snapDist":3,"label":0}},{"type":"Feature","geometry":{"type":"Point","coordinates":[38.749068,9.011405]},"properties":{"name":"Buna Ena Shay","lines":"A24, AB068, AB130, SH081","arr":["A24","AB068","AB130","SH081"],"terminus":0,"mode":"bus","color":"#0059a9","colorDark":"#00294f","angle":338.6,"snapDist":2,"label":1}},{"type":"Feature","geometry":{"type":"Point","coordinates":[38.766402,9.010544]},"properties":{"name":"Salcost Apartments (NOC)","lines":"A24","arr":["A24"],"terminus":0,"mode":"bus","color":"#0059a9","colorDark":"#00294f","angle":184.9,"snapDist":6,"label":1}},{"type":"Feature","geometry":{"type":"Point","coordinates":[38.769497,9.010232]},"properties":{"name":"BAMBIS","lines":"A24, AB060, AB130, SH081","arr":["A24","AB060","AB130","SH081"],"terminus":0,"mode":"bus","color":"#0059a9","colorDark":"#00294f","angle":186,"snapDist":3,"label":0}},{"type":"Feature","geometry":{"type":"Point","coordinates":[38.775251,9.01106]},"properties":{"name":"St. Urael Church","lines":"A24, AB029, AB130, SH081","arr":["A24","AB029","AB130","SH081"],"terminus":0,"mode":"bus","color":"#0059a9","colorDark":"#00294f","angle":152.8,"snapDist":2,"label":0}},{"type":"Feature","geometry":{"type":"Point","coordinates":[38.782447,9.014554]},"properties":{"name":"Zerihun Building","lines":"A24, AB029, AB127, AB130, SH067, SH081","arr":["A24","AB029","AB127","AB130","SH067","SH081"],"terminus":0,"mode":"bus","color":"#0059a9","colorDark":"#00294f","angle":162.9,"snapDist":2,"label":1}},{"type":"Feature","geometry":{"type":"Point","coordinates":[38.789661,9.016226]},"properties":{"name":"22 (Haya Hulet)","lines":"A24, AB029, AB127, AB130, SH067, SH081","arr":["A24","AB029","AB127","AB130","SH067","SH081"],"terminus":0,"mode":"bus","color":"#0059a9","colorDark":"#00294f","angle":167.6,"snapDist":1,"label":0}},{"type":"Feature","geometry":{"type":"Point","coordinates":[38.795564,9.017737]},"properties":{"name":"Lem Hotel","lines":"A24, AB029, AB078, AB127, AB130, SH067, SH081","arr":["A24","AB029","AB078","AB127","AB130","SH067","SH081"],"terminus":0,"mode":"bus","color":"#0059a9","colorDark":"#00294f","angle":163.9,"snapDist":2,"label":1}},{"type":"Feature","geometry":{"type":"Point","coordinates":[38.800584,9.019071]},"properties":{"name":"Megenagna","lines":"A24, AB078, AB127, AB130, SH067, SH081","arr":["A24","AB078","AB127","AB130","SH067","SH081"],"terminus":1,"mode":"bus","color":"#0059a9","colorDark":"#00294f","angle":169.4,"snapDist":4,"label":0}},{"type":"Feature","geometry":{"type":"Point","coordinates":[38.752804,9.037877]},"properties":{"name":"Piassa Arada","lines":"AB001","arr":["AB001"],"terminus":1,"mode":"bus","color":"#0059a9","colorDark":"#00294f","angle":150.6,"snapDist":1,"label":1}},{"type":"Feature","geometry":{"type":"Point","coordinates":[38.756849,9.038944]},"properties":{"name":"Ras Mekonene Bridge (Seba Dereja)","lines":"AB001, AB009, AB013, AB015, AB017, AB040, AB041, AB126, C17","arr":["AB001","AB009","AB013","AB015","AB017","AB040","AB041","AB126","C17"],"terminus":0,"mode":"bus","color":"#0059a9","colorDark":"#00294f","angle":255.7,"snapDist":4,"label":1}},{"type":"Feature","geometry":{"type":"Point","coordinates":[38.758841,9.035464]},"properties":{"name":"Arat Kilo","lines":"AB001, AB041, AB081, AB131","arr":["AB001","AB041","AB081","AB131"],"terminus":0,"mode":"bus","color":"#0059a9","colorDark":"#00294f","angle":223.9,"snapDist":1,"label":1}},{"type":"Feature","geometry":{"type":"Point","coordinates":[38.772962,9.03237]},"properties":{"name":"Bel Air","lines":"AB001, AB011, AB015, AB033, AB040, AB079, AB081, AB126, AB129, C17, C51, SH095","arr":["AB001","AB011","AB015","AB033","AB040","AB079","AB081","AB126","AB129","C17","C51","SH095"],"terminus":0,"mode":"bus","color":"#0059a9","colorDark":"#00294f","angle":163.5,"snapDist":1,"label":1}},{"type":"Feature","geometry":{"type":"Point","coordinates":[38.784897,9.031117]},"properties":{"name":"British Embassy","lines":"AB001, AB010, AB011, AB040, AB046, AB064, AB080, AB083, AB112, AB126, SH080, SH095","arr":["AB001","AB010","AB011","AB040","AB046","AB064","AB080","AB083","AB112","AB126","SH080","SH095"],"terminus":0,"mode":"bus","color":"#0059a9","colorDark":"#00294f","angle":210.1,"snapDist":1,"label":1}},{"type":"Feature","geometry":{"type":"Point","coordinates":[38.79614,9.024415]},"properties":{"name":"Yeka Michael","lines":"AB001, AB010, AB022, AB040, AB079, AB080, AB083, AB089, AB112, AB129, C51, SH035, SH080","arr":["AB001","AB010","AB022","AB040","AB079","AB080","AB083","AB089","AB112","AB129","C51","SH035","SH080"],"terminus":0,"mode":"bus","color":"#0059a9","colorDark":"#00294f","angle":209.4,"snapDist":1,"label":1}},{"type":"Feature","geometry":{"type":"Point","coordinates":[38.799992,9.022277]},"properties":{"name":"Marathon Motor (Megenagna)","lines":"AB001, AB022, AB023, AB033, AB057, AB102, AB126, C17","arr":["AB001","AB022","AB023","AB033","AB057","AB102","AB126","C17"],"terminus":1,"mode":"bus","color":"#0059a9","colorDark":"#00294f","angle":210,"snapDist":1,"label":1}},{"type":"Feature","geometry":{"type":"Point","coordinates":[38.815846,9.022321]},"properties":{"name":"Lamberet","lines":"AB001, AB023, AB040, AB089","arr":["AB001","AB023","AB040","AB089"],"terminus":1,"mode":"bus","color":"#0059a9","colorDark":"#00294f","angle":146.1,"snapDist":1,"label":1}},{"type":"Feature","geometry":{"type":"Point","coordinates":[38.838738,9.030398]},"properties":{"name":"Wessen Michael","lines":"AB001, AB007, AB040, AB044, AB057, AB089","arr":["AB001","AB007","AB040","AB044","AB057","AB089"],"terminus":0,"mode":"bus","color":"#0059a9","colorDark":"#00294f","angle":160.7,"snapDist":1,"label":1}},{"type":"Feature","geometry":{"type":"Point","coordinates":[38.844678,9.033123]},"properties":{"name":"Wessen (Mariam)","lines":"AB001, AB033, AB040, AB044, AB089, AB128, AB129, C51, SH004, SH070","arr":["AB001","AB033","AB040","AB044","AB089","AB128","AB129","C51","SH004","SH070"],"terminus":0,"mode":"bus","color":"#0059a9","colorDark":"#00294f","angle":154,"snapDist":3,"label":1}},{"type":"Feature","geometry":{"type":"Point","coordinates":[38.854664,9.036015]},"properties":{"name":"Kotebe Gebriel","lines":"AB001, AB007, AB033, AB044, AB057, AB089, AB102, AB128, AB129, C51, SH004, SH070","arr":["AB001","AB007","AB033","AB044","AB057","AB089","AB102","AB128","AB129","C51","SH004","SH070"],"terminus":1,"mode":"bus","color":"#0059a9","colorDark":"#00294f","angle":164.5,"snapDist":3,"label":1}},{"type":"Feature","geometry":{"type":"Point","coordinates":[38.864309,9.040409]},"properties":{"name":"Kara","lines":"AB001, AB040, AB057, AB102, AB129, C51, SH004","arr":["AB001","AB040","AB057","AB102","AB129","C51","SH004"],"terminus":1,"mode":"bus","color":"#0059a9","colorDark":"#00294f","angle":119.5,"snapDist":2,"label":1}},{"type":"Feature","geometry":{"type":"Point","coordinates":[38.869491,9.04804]},"properties":{"name":"Kara Condominium","lines":"AB001, SH004","arr":["AB001","SH004"],"terminus":0,"mode":"bus","color":"#0059a9","colorDark":"#00294f","angle":115.1,"snapDist":3,"label":1}},{"type":"Feature","geometry":{"type":"Point","coordinates":[38.873877,9.057135]},"properties":{"name":"Sara Ampol (Gedera)","lines":"AB001, AB007, AB044","arr":["AB001","AB007","AB044"],"terminus":0,"mode":"bus","color":"#0059a9","colorDark":"#00294f","angle":120.9,"snapDist":1,"label":1}},{"type":"Feature","geometry":{"type":"Point","coordinates":[38.877428,9.056985]},"properties":{"name":"Tafo Square","lines":"AB001","arr":["AB001"],"terminus":1,"mode":"bus","color":"#0059a9","colorDark":"#00294f","angle":209.9,"snapDist":4,"label":1}},{"type":"Feature","geometry":{"type":"Point","coordinates":[38.877569,9.057084]},"properties":{"name":"Tafo Square","lines":"AB001","arr":["AB001"],"terminus":1,"mode":"bus","color":"#0059a9","colorDark":"#00294f","angle":10,"snapDist":0,"label":0}},{"type":"Feature","geometry":{"type":"Point","coordinates":[38.873789,9.057173]},"properties":{"name":"Sara Ampol (Gedera)","lines":"AB001, AB007, AB044, AB089, AB128, AB129, C51, SH004, SH070","arr":["AB001","AB007","AB044","AB089","AB128","AB129","C51","SH004","SH070"],"terminus":0,"mode":"bus","color":"#0059a9","colorDark":"#00294f","angle":302,"snapDist":2,"label":0}},{"type":"Feature","geometry":{"type":"Point","coordinates":[38.869296,9.047887]},"properties":{"name":"Kara Condominium","lines":"AB001, AB007","arr":["AB001","AB007"],"terminus":0,"mode":"bus","color":"#0059a9","colorDark":"#00294f","angle":294.3,"snapDist":4,"label":0}},{"type":"Feature","geometry":{"type":"Point","coordinates":[38.864226,9.040451]},"properties":{"name":"Kara","lines":"AB001, AB007, AB040, AB044, AB057, AB089, AB102","arr":["AB001","AB007","AB040","AB044","AB057","AB089","AB102"],"terminus":1,"mode":"bus","color":"#0059a9","colorDark":"#00294f","angle":297.2,"snapDist":1,"label":0}},{"type":"Feature","geometry":{"type":"Point","coordinates":[38.854523,9.036088]},"properties":{"name":"Kotebe Gebriel","lines":"AB001, AB007, AB033, AB044, AB129, C51, SH004","arr":["AB001","AB007","AB033","AB044","AB129","C51","SH004"],"terminus":1,"mode":"bus","color":"#0059a9","colorDark":"#00294f","angle":343.2,"snapDist":1,"label":0}},{"type":"Feature","geometry":{"type":"Point","coordinates":[38.844308,9.033073]},"properties":{"name":"Wessen","lines":"AB001, AB007, AB057, AB089, AB102, AB129, C51, SH004","arr":["AB001","AB007","AB057","AB089","AB102","AB129","C51","SH004"],"terminus":0,"mode":"bus","color":"#0059a9","colorDark":"#00294f","angle":333.2,"snapDist":3,"label":1}},{"type":"Feature","geometry":{"type":"Point","coordinates":[38.800473,9.022136]},"properties":{"name":"Megenagna","lines":"AB001, AB011, AB022, AB044, AB057, AB064, AB080, AB102, AB112, SH035, SH080","arr":["AB001","AB011","AB022","AB044","AB057","AB064","AB080","AB102","AB112","SH035","SH080"],"terminus":1,"mode":"bus","color":"#0059a9","colorDark":"#00294f","angle":32.5,"snapDist":2,"label":1}},{"type":"Feature","geometry":{"type":"Point","coordinates":[38.785549,9.0309]},"properties":{"name":"British Embassy","lines":"AB001, AB089, AB126, AB129, C51","arr":["AB001","AB089","AB126","AB129","C51"],"terminus":0,"mode":"bus","color":"#0059a9","colorDark":"#00294f","angle":31.1,"snapDist":1,"label":0}},{"type":"Feature","geometry":{"type":"Point","coordinates":[38.772852,9.03244]},"properties":{"name":"Bel Air","lines":"AB001, AB011, AB040, AB046, AB064, AB079, AB081, AB089, AB126, AB129, AB131, C17, C51","arr":["AB001","AB011","AB040","AB046","AB064","AB079","AB081","AB089","AB126","AB129","AB131","C17","C51"],"terminus":0,"mode":"bus","color":"#0059a9","colorDark":"#00294f","angle":342.1,"snapDist":2,"label":0}},{"type":"Feature","geometry":{"type":"Point","coordinates":[38.764359,9.032514]},"properties":{"name":"Arat Kilo","lines":"AB001, AB011, AB015, AB033, AB040, AB079, AB126, AB129, AB131, C17, C51, SH095","arr":["AB001","AB011","AB015","AB033","AB040","AB079","AB126","AB129","AB131","C17","C51","SH095"],"terminus":1,"mode":"bus","color":"#0059a9","colorDark":"#00294f","angle":24.9,"snapDist":1,"label":1}},{"type":"Feature","geometry":{"type":"Point","coordinates":[38.757929,9.036367]},"properties":{"name":"St. Mary Church","lines":"AB001, AB010, AB011, AB013, AB015, AB017, AB040, AB081, AB129, AB131, C51","arr":["AB001","AB010","AB011","AB013","AB015","AB017","AB040","AB081","AB129","AB131","C51"],"terminus":0,"mode":"bus","color":"#0059a9","colorDark":"#00294f","angle":47.4,"snapDist":2,"label":1}},{"type":"Feature","geometry":{"type":"Point","coordinates":[38.753,9.037987]},"properties":{"name":"Piassa Arada","lines":"AB001","arr":["AB001"],"terminus":1,"mode":"bus","color":"#0059a9","colorDark":"#00294f","angle":330.5,"snapDist":0,"label":0}},{"type":"Feature","geometry":{"type":"Point","coordinates":[38.737046,9.030557]},"properties":{"name":"Autobis Tera","lines":"AB002, AB012, AB021, AB043, AB063","arr":["AB002","AB012","AB021","AB043","AB063"],"terminus":1,"mode":"bus","color":"#0059a9","colorDark":"#00294f","angle":233.6,"snapDist":1,"label":1}},{"type":"Feature","geometry":{"type":"Point","coordinates":[38.733654,9.019256]},"properties":{"name":"Abenet (Joshansen)","lines":"AB002, AB034, AB100, B19, SH085","arr":["AB002","AB034","AB100","B19","SH085"],"terminus":0,"mode":"bus","color":"#0059a9","colorDark":"#00294f","angle":211.9,"snapDist":1,"label":1}},{"type":"Feature","geometry":{"type":"Point","coordinates":[38.736542,9.011203]},"properties":{"name":"St. Lideta Church","lines":"AB002, AB034, AB058, AB090, B19","arr":["AB002","AB034","AB058","AB090","B19"],"terminus":0,"mode":"bus","color":"#0059a9","colorDark":"#00294f","angle":186.4,"snapDist":1,"label":1}},{"type":"Feature","geometry":{"type":"Point","coordinates":[38.743933,9.008961]},"properties":{"name":"Mexico","lines":"AB002, AB004, AB005, AB103, AB106, AB117, AB121, SH022","arr":["AB002","AB004","AB005","AB103","AB106","AB117","AB121","SH022"],"terminus":1,"mode":"bus","color":"#0059a9","colorDark":"#00294f","angle":295.4,"snapDist":7,"label":0}},{"type":"Feature","geometry":{"type":"Point","coordinates":[38.739458,8.999062]},"properties":{"name":"AU (Mikael) Rounrdabout","lines":"AB002, AB027, AB067, AB092, AB103, AB107, AB117","arr":["AB002","AB027","AB067","AB092","AB103","AB107","AB117"],"terminus":0,"mode":"bus","color":"#0059a9","colorDark":"#00294f","angle":279,"snapDist":1,"label":1}},{"type":"Feature","geometry":{"type":"Point","coordinates":[38.73395,8.97859]},"properties":{"name":"Abo","lines":"AB002, AB005, AB067, AB117","arr":["AB002","AB005","AB067","AB117"],"terminus":0,"mode":"bus","color":"#0059a9","colorDark":"#00294f","angle":282.2,"snapDist":1,"label":1}},{"type":"Feature","geometry":{"type":"Point","coordinates":[38.714957,8.98061]},"properties":{"name":"Mekanisa Kore","lines":"AB002, AB005","arr":["AB002","AB005"],"terminus":1,"mode":"bus","color":"#0059a9","colorDark":"#00294f","angle":42,"snapDist":1,"label":1}},{"type":"Feature","geometry":{"type":"Point","coordinates":[38.714988,8.980454]},"properties":{"name":"Mekanisa Kore","lines":"AB002, AB005","arr":["AB002","AB005"],"terminus":1,"mode":"bus","color":"#0059a9","colorDark":"#00294f","angle":221.4,"snapDist":1,"label":0}},{"type":"Feature","geometry":{"type":"Point","coordinates":[38.73418,8.979031]},"properties":{"name":"Mekanisa School","lines":"AB002, AB005, AB067, AB092, AB117","arr":["AB002","AB005","AB067","AB092","AB117"],"terminus":0,"mode":"bus","color":"#0059a9","colorDark":"#00294f","angle":111.6,"snapDist":2,"label":1}},{"type":"Feature","geometry":{"type":"Point","coordinates":[38.739564,8.99906]},"properties":{"name":"AU (Mikael) Rounrdabout","lines":"AB002, AB005, AB036(S), AB067, AB092, AB103, AB107, AB117, SH075","arr":["AB002","AB005","AB036(S)","AB067","AB092","AB103","AB107","AB117","SH075"],"terminus":0,"mode":"bus","color":"#0059a9","colorDark":"#00294f","angle":95.2,"snapDist":3,"label":0}},{"type":"Feature","geometry":{"type":"Point","coordinates":[38.742903,9.010586]},"properties":{"name":"TVET College (Tegbare'd)","lines":"AB002, AB003, AB034, AB036, AB037, AB062, AB070, AB090, AB105, B19, SH100","arr":["AB002","AB003","AB034","AB036","AB037","AB062","AB070","AB090","AB105","B19","SH100"],"terminus":0,"mode":"bus","color":"#0059a9","colorDark":"#00294f","angle":7.6,"snapDist":0,"label":1}},{"type":"Feature","geometry":{"type":"Point","coordinates":[38.734551,9.013267]},"properties":{"name":"Lideta Condominium","lines":"AB002, AB034","arr":["AB002","AB034"],"terminus":0,"mode":"bus","color":"#0059a9","colorDark":"#00294f","angle":7.9,"snapDist":1,"label":1}},{"type":"Feature","geometry":{"type":"Point","coordinates":[38.733481,9.021428]},"properties":{"name":"Abenet","lines":"AB002, AB004, AB026, AB034, AB065, AB066, AB091, AB100, B19, SH009, SH010, SH040, SH085","arr":["AB002","AB004","AB026","AB034","AB065","AB066","AB091","AB100","B19","SH009","SH010","SH040","SH085"],"terminus":0,"mode":"bus","color":"#0059a9","colorDark":"#00294f","angle":96.4,"snapDist":2,"label":1}},{"type":"Feature","geometry":{"type":"Point","coordinates":[38.733056,9.028643]},"properties":{"name":"Sebategna","lines":"AB002, AB026, AB034, AB065, AB066, AB091, AB100, SH009, SH010, SH040, SH085","arr":["AB002","AB026","AB034","AB065","AB066","AB091","AB100","SH009","SH010","SH040","SH085"],"terminus":0,"mode":"bus","color":"#0059a9","colorDark":"#00294f","angle":78.9,"snapDist":5,"label":1}},{"type":"Feature","geometry":{"type":"Point","coordinates":[38.737025,9.029627]},"properties":{"name":"Autobis Tera","lines":"AB002, AB034","arr":["AB002","AB034"],"terminus":1,"mode":"bus","color":"#0059a9","colorDark":"#00294f","angle":101.5,"snapDist":1,"label":0}},{"type":"Feature","geometry":{"type":"Point","coordinates":[38.752278,9.036596]},"properties":{"name":"Piassa Arada","lines":"AB003, AB006, AB011, AB012, AB016, AB023, AB037, AB045, AB048, AB129, B37, C17, C50, C51, SH099, SH101","arr":["AB003","AB006","AB011","AB012","AB016","AB023","AB037","AB045","AB048","AB129","B37","C17","C50","C51","SH099","SH101"],"terminus":1,"mode":"bus","color":"#0059a9","colorDark":"#00294f","angle":263.4,"snapDist":8,"label":0}},{"type":"Feature","geometry":{"type":"Point","coordinates":[38.747869,9.012783]},"properties":{"name":"ERA Office (Big Mak)","lines":"AB003, AB006, AB037, AB058, AB070, AB071, AB090, AB104, AB105, C15, C50, SH100","arr":["AB003","AB006","AB037","AB058","AB070","AB071","AB090","AB104","AB105","C15","C50","SH100"],"terminus":0,"mode":"bus","color":"#0059a9","colorDark":"#00294f","angle":326.7,"snapDist":2,"label":1}},{"type":"Feature","geometry":{"type":"Point","coordinates":[38.73856,9.011111]},"properties":{"name":"Lideta (Balcha Hospital)","lines":"AB003, AB004, AB034, AB037, AB050, AB068, AB070, AB071, AB073, AB090, AB105, SH100","arr":["AB003","AB004","AB034","AB037","AB050","AB068","AB070","AB071","AB073","AB090","AB105","SH100"],"terminus":0,"mode":"bus","color":"#0059a9","colorDark":"#00294f","angle":6.9,"snapDist":1,"label":1}},{"type":"Feature","geometry":{"type":"Point","coordinates":[38.733592,9.011726]},"properties":{"name":"Lideta High Court","lines":"AB003, AB036, AB036(S), AB037, AB050, AB058, AB062, AB068, AB070, AB073, AB090, AB105, AB130, SH068, SH081, SH100","arr":["AB003","AB036","AB036(S)","AB037","AB050","AB058","AB062","AB068","AB070","AB073","AB090","AB105","AB130","SH068","SH081","SH100"],"terminus":0,"mode":"bus","color":"#0059a9","colorDark":"#00294f","angle":5.7,"snapDist":1,"label":1}},{"type":"Feature","geometry":{"type":"Point","coordinates":[38.721684,9.011932]},"properties":{"name":"Torhailoch","lines":"AB003, AB065, AB066, AB068, AB090, AB105, SH009, SH010, SH040","arr":["AB003","AB065","AB066","AB068","AB090","AB105","SH009","SH010","SH040"],"terminus":1,"mode":"bus","color":"#0059a9","colorDark":"#00294f","angle":11.8,"snapDist":1,"label":1}},{"type":"Feature","geometry":{"type":"Point","coordinates":[38.719627,9.008467]},"properties":{"name":"Minaye (Shoa Supermarket)","lines":"AB003, AB026, AB036, AB062, AB065, AB070, AB087, AB090, AB130, SH081","arr":["AB003","AB026","AB036","AB062","AB065","AB070","AB087","AB090","AB130","SH081"],"terminus":0,"mode":"bus","color":"#0059a9","colorDark":"#00294f","angle":294.9,"snapDist":1,"label":1}},{"type":"Feature","geometry":{"type":"Point","coordinates":[38.71887,8.999885]},"properties":{"name":"Old Airport (Mobil)","lines":"AB003, AB026, AB036, AB036(S), AB051, AB059, AB062, AB065, AB070, AB087, AB090, SH068, SH071, SH100","arr":["AB003","AB026","AB036","AB036(S)","AB051","AB059","AB062","AB065","AB070","AB087","AB090","SH068","SH071","SH100"],"terminus":0,"mode":"bus","color":"#0059a9","colorDark":"#00294f","angle":270.1,"snapDist":1,"label":1}},{"type":"Feature","geometry":{"type":"Point","coordinates":[38.71768,8.994386]},"properties":{"name":"3 Kutir (TZNA Area)","lines":"AB003, AB090","arr":["AB003","AB090"],"terminus":0,"mode":"bus","color":"#0059a9","colorDark":"#00294f","angle":296.7,"snapDist":1,"label":1}},{"type":"Feature","geometry":{"type":"Point","coordinates":[38.707795,8.986616]},"properties":{"name":"Zenebework","lines":"AB003, AB026, AB036, AB050, AB062, AB065, AB070, AB077, AB087, AB091, SH009","arr":["AB003","AB026","AB036","AB050","AB062","AB065","AB070","AB077","AB087","AB091","SH009"],"terminus":0,"mode":"bus","color":"#0059a9","colorDark":"#00294f","angle":327,"snapDist":8,"label":1}},{"type":"Feature","geometry":{"type":"Point","coordinates":[38.702474,8.983932]},"properties":{"name":"Ayer Tena","lines":"AB003, AB026, AB036, AB062","arr":["AB003","AB026","AB036","AB062"],"terminus":1,"mode":"bus","color":"#0059a9","colorDark":"#00294f","angle":166.3,"snapDist":2,"label":1}},{"type":"Feature","geometry":{"type":"Point","coordinates":[38.719112,8.999864]},"properties":{"name":"Old Airport (Mobil)","lines":"AB003, AB050, AB051, AB058, AB059, AB065, AB070, AB087, AB090, AB130, SH068, SH081, SH100","arr":["AB003","AB050","AB051","AB058","AB059","AB065","AB070","AB087","AB090","AB130","SH068","SH081","SH100"],"terminus":0,"mode":"bus","color":"#0059a9","colorDark":"#00294f","angle":92.6,"snapDist":1,"label":0}},{"type":"Feature","geometry":{"type":"Point","coordinates":[38.720676,9.010001]},"properties":{"name":"Tor Hailoch","lines":"AB003, AB026, AB036, AB058, AB062, AB065, AB087, AB090, AB091, SH009","arr":["AB003","AB026","AB036","AB058","AB062","AB065","AB087","AB090","AB091","SH009"],"terminus":0,"mode":"bus","color":"#0059a9","colorDark":"#00294f","angle":116,"snapDist":2,"label":1}},{"type":"Feature","geometry":{"type":"Point","coordinates":[38.72654,9.011289]},"properties":{"name":"Mekonenoch (Golf) Club","lines":"AB003, AB026, AB036, AB037, AB050, AB051, AB058, AB059, AB062, AB065, AB070, AB090, AB105, AB123, AB130, SH081, SH100","arr":["AB003","AB026","AB036","AB037","AB050","AB051","AB058","AB059","AB062","AB065","AB070","AB090","AB105","AB123","AB130","SH081","SH100"],"terminus":0,"mode":"bus","color":"#0059a9","colorDark":"#00294f","angle":142.2,"snapDist":1,"label":1}},{"type":"Feature","geometry":{"type":"Point","coordinates":[38.729234,9.011949]},"properties":{"name":"Coca Cafe","lines":"AB003, AB050, AB065, AB068, AB073, AB105, SH071, SH100","arr":["AB003","AB050","AB065","AB068","AB073","AB105","SH071","SH100"],"terminus":0,"mode":"bus","color":"#0059a9","colorDark":"#00294f","angle":183.7,"snapDist":1,"label":1}},{"type":"Feature","geometry":{"type":"Point","coordinates":[38.733432,9.011594]},"properties":{"name":"Lideta High Court","lines":"AB003, AB026, AB036, AB037, AB050, AB051, AB058, AB062, AB070, AB090, AB105, AB130, SH071, SH081, SH100","arr":["AB003","AB026","AB036","AB037","AB050","AB051","AB058","AB062","AB070","AB090","AB105","AB130","SH071","SH081","SH100"],"terminus":0,"mode":"bus","color":"#0059a9","colorDark":"#00294f","angle":185.5,"snapDist":1,"label":0}},{"type":"Feature","geometry":{"type":"Point","coordinates":[38.738604,9.010937]},"properties":{"name":"Lideta (Balcha Hospital)","lines":"AB003, AB004, AB034, AB068, AB070, AB071","arr":["AB003","AB004","AB034","AB068","AB070","AB071"],"terminus":0,"mode":"bus","color":"#0059a9","colorDark":"#00294f","angle":187.8,"snapDist":1,"label":0}},{"type":"Feature","geometry":{"type":"Point","coordinates":[38.742665,9.010395]},"properties":{"name":"Federal Police (Tegbare'd)","lines":"AB003, AB034, AB037, AB058, AB068, AB090, AB105, AB130, B19, SH068, SH081, SH100","arr":["AB003","AB034","AB037","AB058","AB068","AB090","AB105","AB130","B19","SH068","SH081","SH100"],"terminus":0,"mode":"bus","color":"#0059a9","colorDark":"#00294f","angle":188.4,"snapDist":1,"label":1}},{"type":"Feature","geometry":{"type":"Point","coordinates":[38.749551,9.01383]},"properties":{"name":"A.A. Commercial College","lines":"AB003, AB037, AB058, AB070, AB071, AB090, AB105","arr":["AB003","AB037","AB058","AB070","AB071","AB090","AB105"],"terminus":0,"mode":"bus","color":"#0059a9","colorDark":"#00294f","angle":144.9,"snapDist":1,"label":1}},{"type":"Feature","geometry":{"type":"Point","coordinates":[38.752287,9.033096]},"properties":{"name":"Piassa Arada","lines":"AB003, AB037, AB108, C14","arr":["AB003","AB037","AB108","C14"],"terminus":1,"mode":"bus","color":"#0059a9","colorDark":"#00294f","angle":17.1,"snapDist":1,"label":1}},{"type":"Feature","geometry":{"type":"Point","coordinates":[38.737316,9.031593]},"properties":{"name":"Autobis Tera","lines":"AB004, AB063","arr":["AB004","AB063"],"terminus":1,"mode":"bus","color":"#0059a9","colorDark":"#00294f","angle":325.9,"snapDist":2,"label":0}},{"type":"Feature","geometry":{"type":"Point","coordinates":[38.740652,8.999474]},"properties":{"name":"AU (Mikael) Rounrdabout","lines":"AB004","arr":["AB004"],"terminus":0,"mode":"bus","color":"#0059a9","colorDark":"#00294f","angle":218.6,"snapDist":1,"label":0}},{"type":"Feature","geometry":{"type":"Point","coordinates":[38.747857,8.993795]},"properties":{"name":"Bulgaria","lines":"AB004, AB104, B19, C15, C50","arr":["AB004","AB104","B19","C15","C50"],"terminus":0,"mode":"bus","color":"#0059a9","colorDark":"#00294f","angle":264.6,"snapDist":1,"label":1}},{"type":"Feature","geometry":{"type":"Point","coordinates":[38.750923,8.9844]},"properties":{"name":"Kera (Saris Stop)","lines":"AB004, B19","arr":["AB004","B19"],"terminus":0,"mode":"bus","color":"#0059a9","colorDark":"#00294f","angle":203.1,"snapDist":3,"label":1}},{"type":"Feature","geometry":{"type":"Point","coordinates":[38.75987,8.976193]},"properties":{"name":"Gotera (Oilibiya)","lines":"AB004, AB025, AB056, AB104, AB110, B19, SH016, SH028, SH086","arr":["AB004","AB025","AB056","AB104","AB110","B19","SH016","SH028","SH086"],"terminus":0,"mode":"bus","color":"#0059a9","colorDark":"#00294f","angle":256.7,"snapDist":5,"label":1}},{"type":"Feature","geometry":{"type":"Point","coordinates":[38.760803,8.97258]},"properties":{"name":"Mamo (NFSL TVET)","lines":"AB004, AB056, AB104, AB110, B19, SH016, SH028, SH086","arr":["AB004","AB056","AB104","AB110","B19","SH016","SH028","SH086"],"terminus":0,"mode":"bus","color":"#0059a9","colorDark":"#00294f","angle":255.3,"snapDist":4,"label":1}},{"type":"Feature","geometry":{"type":"Point","coordinates":[38.76388,8.958256]},"properties":{"name":"Adey Abeba","lines":"AB004, AB056, B19, SH016, SH028, SH086","arr":["AB004","AB056","B19","SH016","SH028","SH086"],"terminus":0,"mode":"bus","color":"#0059a9","colorDark":"#00294f","angle":275.4,"snapDist":4,"label":1}},{"type":"Feature","geometry":{"type":"Point","coordinates":[38.763352,8.952757]},"properties":{"name":"Saris (CBE/Shoa Bakery)","lines":"AB004, AB104, AB110, SH016, SH028","arr":["AB004","AB104","AB110","SH016","SH028"],"terminus":0,"mode":"bus","color":"#0059a9","colorDark":"#00294f","angle":275.5,"snapDist":3,"label":1}},{"type":"Feature","geometry":{"type":"Point","coordinates":[38.764205,8.9361]},"properties":{"name":"Kality Maseltegna","lines":"AB004, AB104, SH086, SH090, SH091, SH093","arr":["AB004","AB104","SH086","SH090","SH091","SH093"],"terminus":0,"mode":"bus","color":"#0059a9","colorDark":"#00294f","angle":238.4,"snapDist":2,"label":1}},{"type":"Feature","geometry":{"type":"Point","coordinates":[38.764159,8.922412]},"properties":{"name":"Kality (Correctional Facility)","lines":"AB004, AB025, AB104, AB110, SH083, SH086, SH090","arr":["AB004","AB025","AB104","AB110","SH083","SH086","SH090"],"terminus":0,"mode":"bus","color":"#0059a9","colorDark":"#00294f","angle":296.5,"snapDist":1,"label":1}},{"type":"Feature","geometry":{"type":"Point","coordinates":[38.770331,8.897351]},"properties":{"name":"Akaki Subcity Office (Menaheria)","lines":"AB004, AB098, AB109, AB110, SH093","arr":["AB004","AB098","AB109","AB110","SH093"],"terminus":0,"mode":"bus","color":"#0059a9","colorDark":"#00294f","angle":223.5,"snapDist":3,"label":1}},{"type":"Feature","geometry":{"type":"Point","coordinates":[38.772259,8.89541]},"properties":{"name":"Kality Meneharia","lines":"AB004","arr":["AB004"],"terminus":1,"mode":"bus","color":"#0059a9","colorDark":"#00294f","angle":224.7,"snapDist":1,"label":1}},{"type":"Feature","geometry":{"type":"Point","coordinates":[38.771945,8.896012]},"properties":{"name":"Kality Meneharia","lines":"AB004, AB109, AB110, Kal001, Kal011, SH093","arr":["AB004","AB109","AB110","Kal001","Kal011","SH093"],"terminus":1,"mode":"bus","color":"#0059a9","colorDark":"#00294f","angle":-138.8,"mstop":"mix","snapDist":11,"label":0}},{"type":"Feature","geometry":{"type":"Point","coordinates":[38.76699,8.902999]},"properties":{"name":"Cheralia Factory","lines":"AB004, AB025, AB098, AB104, AB109, AB110, SH083, SH090, SH093","arr":["AB004","AB025","AB098","AB104","AB109","AB110","SH083","SH090","SH093"],"terminus":0,"mode":"bus","color":"#0059a9","colorDark":"#00294f","angle":-109.1,"snapDist":18,"label":1}},{"type":"Feature","geometry":{"type":"Point","coordinates":[38.763982,8.911392]},"properties":{"name":"Kality Gebriel","lines":"AB004, AB025, AB098, AB104, AB109, AB110, SH090, SH091, SH093","arr":["AB004","AB025","AB098","AB104","AB109","AB110","SH090","SH091","SH093"],"terminus":0,"mode":"bus","color":"#0059a9","colorDark":"#00294f","angle":-108.9,"snapDist":17,"label":1}},{"type":"Feature","geometry":{"type":"Point","coordinates":[38.768245,8.929817]},"properties":{"name":"Wehalemat","lines":"AB004, AB104, AB109, AB110, SH083, SH086, SH091, SH093","arr":["AB004","AB104","AB109","AB110","SH083","SH086","SH091","SH093"],"terminus":0,"mode":"bus","color":"#0059a9","colorDark":"#00294f","angle":90.6,"snapDist":8,"label":1}},{"type":"Feature","geometry":{"type":"Point","coordinates":[38.766928,8.932388]},"properties":{"name":"Kality Maseltegna","lines":"AB004, AB098, AB104, AB109, AB110, SH086, SH090","arr":["AB004","AB098","AB104","AB109","AB110","SH086","SH090"],"terminus":0,"mode":"bus","color":"#0059a9","colorDark":"#00294f","angle":76.5,"snapDist":2,"label":1}},{"type":"Feature","geometry":{"type":"Point","coordinates":[38.766298,8.945069]},"properties":{"name":"Abo Junction","lines":"AB004, AB104, AB110, B19, SH016, SH028, SH091","arr":["AB004","AB104","AB110","B19","SH016","SH028","SH091"],"terminus":1,"mode":"bus","color":"#0059a9","colorDark":"#00294f","angle":66.6,"snapDist":1,"label":1}},{"type":"Feature","geometry":{"type":"Point","coordinates":[38.763535,8.952868]},"properties":{"name":"Saris (CBE)","lines":"AB004, AB025, AB104, AB110, B19, SH016, SH028, SH086","arr":["AB004","AB025","AB104","AB110","B19","SH016","SH028","SH086"],"terminus":0,"mode":"bus","color":"#0059a9","colorDark":"#00294f","angle":94.8,"snapDist":3,"label":1}},{"type":"Feature","geometry":{"type":"Point","coordinates":[38.764056,8.958302]},"properties":{"name":"Adey Abeba","lines":"AB004, AB056, AB110, B19, SH016, SH028, SH086","arr":["AB004","AB056","AB110","B19","SH016","SH028","SH086"],"terminus":0,"mode":"bus","color":"#0059a9","colorDark":"#00294f","angle":92.7,"snapDist":1,"label":0}},{"type":"Feature","geometry":{"type":"Point","coordinates":[38.762986,8.965925]},"properties":{"name":"kadisco Building","lines":"AB004, AB056, AB104, AB110, B19, Lafto012, SH016, SH028, SH086","arr":["AB004","AB056","AB104","AB110","B19","Lafto012","SH016","SH028","SH086"],"terminus":0,"mode":"bus","color":"#0059a9","colorDark":"#00294f","angle":82.4,"mstop":"mix","snapDist":1,"label":1}},{"type":"Feature","geometry":{"type":"Point","coordinates":[38.760863,8.97308]},"properties":{"name":"Mamo (NFSL TVET)","lines":"AB004, AB056, AB104, B19, SH016","arr":["AB004","AB056","AB104","B19","SH016"],"terminus":0,"mode":"bus","color":"#0059a9","colorDark":"#00294f","angle":74.6,"snapDist":4,"label":0}},{"type":"Feature","geometry":{"type":"Point","coordinates":[38.76,8.976263]},"properties":{"name":"Gotera (Oilibiya)","lines":"AB004, AB025, AB056, AB104, AB110, SH016, SH086","arr":["AB004","AB025","AB056","AB104","AB110","SH016","SH086"],"terminus":0,"mode":"bus","color":"#0059a9","colorDark":"#00294f","angle":73.9,"snapDist":1,"label":0}},{"type":"Feature","geometry":{"type":"Point","coordinates":[38.75607,8.982411]},"properties":{"name":"MOHA (Pepsi Factory)","lines":"AB004, AB104, B19","arr":["AB004","AB104","B19"],"terminus":0,"mode":"bus","color":"#0059a9","colorDark":"#00294f","angle":24,"snapDist":1,"label":1}},{"type":"Feature","geometry":{"type":"Point","coordinates":[38.747416,8.994582]},"properties":{"name":"Bulgaria Mazoria","lines":"AB004","arr":["AB004"],"terminus":0,"mode":"bus","color":"#0059a9","colorDark":"#00294f","angle":17.3,"snapDist":1,"label":0}},{"type":"Feature","geometry":{"type":"Point","coordinates":[38.741392,9.003153]},"properties":{"name":"African Union","lines":"AB004, AB005, AB027, AB034, AB036(S), AB067, AB117","arr":["AB004","AB005","AB027","AB034","AB036(S)","AB067","AB117"],"terminus":0,"mode":"bus","color":"#0059a9","colorDark":"#00294f","angle":114.8,"snapDist":3,"label":1}},{"type":"Feature","geometry":{"type":"Point","coordinates":[38.744043,9.008922]},"properties":{"name":"Mexico","lines":"AB004","arr":["AB004"],"terminus":0,"mode":"bus","color":"#0059a9","colorDark":"#00294f","angle":113.4,"snapDist":1,"label":0}},{"type":"Feature","geometry":{"type":"Point","coordinates":[38.734809,9.015787]},"properties":{"name":"Darmar","lines":"AB004, AB034, AB051, AB059, AB065, AB100, AB123, SH009, SH071, SH085","arr":["AB004","AB034","AB051","AB059","AB065","AB100","AB123","SH009","SH071","SH085"],"terminus":0,"mode":"bus","color":"#0059a9","colorDark":"#00294f","angle":96.5,"snapDist":2,"label":1}},{"type":"Feature","geometry":{"type":"Point","coordinates":[38.737707,9.029966]},"properties":{"name":"Autobis Tera","lines":"AB004, AB065, AB066, AB100, SH085","arr":["AB004","AB065","AB066","AB100","SH085"],"terminus":1,"mode":"bus","color":"#0059a9","colorDark":"#00294f","angle":148.9,"snapDist":1,"label":0}},{"type":"Feature","geometry":{"type":"Point","coordinates":[38.752408,9.036392]},"properties":{"name":"St. George Church","lines":"AB005, AB017, AB104, SH079","arr":["AB005","AB017","AB104","SH079"],"terminus":1,"mode":"bus","color":"#0059a9","colorDark":"#00294f","angle":81,"snapDist":1,"label":1}},{"type":"Feature","geometry":{"type":"Point","coordinates":[38.752279,9.036589]},"properties":{"name":"St. George Church","lines":"AB005, AB040","arr":["AB005","AB040"],"terminus":1,"mode":"bus","color":"#0059a9","colorDark":"#00294f","angle":263.4,"snapDist":3,"label":0}},{"type":"Feature","geometry":{"type":"Point","coordinates":[38.727503,8.993656]},"properties":{"name":"Mechare Meda","lines":"AB005, AB077, AB100, SH085","arr":["AB005","AB077","AB100","SH085"],"terminus":0,"mode":"bus","color":"#0059a9","colorDark":"#00294f","angle":309.3,"snapDist":1,"label":1}},{"type":"Feature","geometry":{"type":"Point","coordinates":[38.737457,9.059493]},"properties":{"name":"Addisu Gebeya","lines":"AB006, AB020, AB030, AB045, AB048, AB088, AB104, C31, C50, SH079, SH103","arr":["AB006","AB020","AB030","AB045","AB048","AB088","AB104","C31","C50","SH079","SH103"],"terminus":1,"mode":"bus","color":"#0059a9","colorDark":"#00294f","angle":224.1,"snapDist":1,"label":1}},{"type":"Feature","geometry":{"type":"Point","coordinates":[38.742513,9.053743]},"properties":{"name":"Semen Mazagaja","lines":"AB006, AB030, AB045, AB088, AB104, SH103","arr":["AB006","AB030","AB045","AB088","AB104","SH103"],"terminus":0,"mode":"bus","color":"#0059a9","colorDark":"#00294f","angle":238.5,"snapDist":3,"label":1}},{"type":"Feature","geometry":{"type":"Point","coordinates":[38.74582,9.04888]},"properties":{"name":"Kelemwerk","lines":"AB006, AB020, AB030, AB045, AB088, AB104, AB112, C31, C50, SH079, SH080, SH103","arr":["AB006","AB020","AB030","AB045","AB088","AB104","AB112","C31","C50","SH079","SH080","SH103"],"terminus":0,"mode":"bus","color":"#0059a9","colorDark":"#00294f","angle":233.9,"snapDist":2,"label":1}},{"type":"Feature","geometry":{"type":"Point","coordinates":[38.748907,9.043668]},"properties":{"name":"Semen Hotel","lines":"AB006, AB008, AB020, AB045, AB094, AB104, C31","arr":["AB006","AB008","AB020","AB045","AB094","AB104","C31"],"terminus":0,"mode":"bus","color":"#0059a9","colorDark":"#00294f","angle":241.1,"snapDist":4,"label":1}},{"type":"Feature","geometry":{"type":"Point","coordinates":[38.746695,9.004693]},"properties":{"name":"Guenet Hotel","lines":"AB006, C15, C50","arr":["AB006","C15","C50"],"terminus":0,"mode":"bus","color":"#0059a9","colorDark":"#00294f","angle":263.4,"snapDist":2,"label":1}},{"type":"Feature","geometry":{"type":"Point","coordinates":[38.748344,8.986488]},"properties":{"name":"Kera","lines":"AB006, AB077","arr":["AB006","AB077"],"terminus":1,"mode":"bus","color":"#0059a9","colorDark":"#00294f","angle":297,"snapDist":1,"label":0}},{"type":"Feature","geometry":{"type":"Point","coordinates":[38.748296,8.9861]},"properties":{"name":"Kera","lines":"AB006, AB077, AB104, C50","arr":["AB006","AB077","AB104","C50"],"terminus":1,"mode":"bus","color":"#0059a9","colorDark":"#00294f","angle":117.8,"snapDist":1,"label":0}},{"type":"Feature","geometry":{"type":"Point","coordinates":[38.74692,9.003277]},"properties":{"name":"Guenet Hotel","lines":"AB006, AB104, B19, C15, C50","arr":["AB006","AB104","B19","C15","C50"],"terminus":0,"mode":"bus","color":"#0059a9","colorDark":"#00294f","angle":84.3,"snapDist":2,"label":0}},{"type":"Feature","geometry":{"type":"Point","coordinates":[38.752409,9.036387]},"properties":{"name":"Piassa Arada","lines":"AB006, AB008, AB012, AB016, AB020, AB030, AB037, AB045, AB088, C50","arr":["AB006","AB008","AB012","AB016","AB020","AB030","AB037","AB045","AB088","C50"],"terminus":1,"mode":"bus","color":"#0059a9","colorDark":"#00294f","angle":77.9,"snapDist":4,"label":0}},{"type":"Feature","geometry":{"type":"Point","coordinates":[38.751745,9.038666]},"properties":{"name":"St. George Church (Total)","lines":"AB006, AB020, AB030, AB045, AB088, AB094, C50, SH079","arr":["AB006","AB020","AB030","AB045","AB088","AB094","C50","SH079"],"terminus":0,"mode":"bus","color":"#0059a9","colorDark":"#00294f","angle":63.7,"snapDist":1,"label":1}},{"type":"Feature","geometry":{"type":"Point","coordinates":[38.746156,9.048591]},"properties":{"name":"Kelemwerk","lines":"AB006, AB020, AB030, AB045, AB088, AB094, C31, SH079, SH103","arr":["AB006","AB020","AB030","AB045","AB088","AB094","C31","SH079","SH103"],"terminus":0,"mode":"bus","color":"#0059a9","colorDark":"#00294f","angle":55.7,"snapDist":2,"label":0}},{"type":"Feature","geometry":{"type":"Point","coordinates":[38.743339,9.052704]},"properties":{"name":"Semen Mazegaja | ሰሜን ማዘጋጃ","lines":"AB006, AB020, AB030, AB045, AB088, AB094, AB104, AB112, C31, C50, SH079, SH080, SH103","arr":["AB006","AB020","AB030","AB045","AB088","AB094","AB104","AB112","C31","C50","SH079","SH080","SH103"],"terminus":0,"mode":"bus","color":"#0059a9","colorDark":"#00294f","angle":55.4,"snapDist":2,"label":1}},{"type":"Feature","geometry":{"type":"Point","coordinates":[38.737894,9.0592]},"properties":{"name":"Adisu Gebeya","lines":"AB006, AB020, AB030, AB045, AB048, AB088, AB094, C31, C50","arr":["AB006","AB020","AB030","AB045","AB048","AB088","AB094","C31","C50"],"terminus":1,"mode":"bus","color":"#0059a9","colorDark":"#00294f","angle":47.3,"snapDist":1,"label":1}},{"type":"Feature","geometry":{"type":"Point","coordinates":[39.154139,9.197224]},"properties":{"name":"Aleltu","lines":"AB007","arr":["AB007"],"terminus":1,"mode":"bus","color":"#0059a9","colorDark":"#00294f","angle":306.2,"snapDist":0,"label":1}},{"type":"Feature","geometry":{"type":"Point","coordinates":[39.138862,9.179912]},"properties":{"name":"AB007 (Unknown)","lines":"AB007","arr":["AB007"],"terminus":0,"mode":"bus","color":"#0059a9","colorDark":"#00294f","angle":305.4,"snapDist":1,"label":1}},{"type":"Feature","geometry":{"type":"Point","coordinates":[39.10272,9.16627]},"properties":{"name":"Aleltu","lines":"AB007","arr":["AB007"],"terminus":0,"mode":"bus","color":"#0059a9","colorDark":"#00294f","angle":352.8,"snapDist":2,"label":1}},{"type":"Feature","geometry":{"type":"Point","coordinates":[39.087523,9.169394]},"properties":{"name":"AB007 (Unknown)","lines":"AB007","arr":["AB007"],"terminus":0,"mode":"bus","color":"#0059a9","colorDark":"#00294f","angle":16.6,"snapDist":0,"label":1}},{"type":"Feature","geometry":{"type":"Point","coordinates":[39.064162,9.161964]},"properties":{"name":"AB007 (Unknown)","lines":"AB007","arr":["AB007"],"terminus":0,"mode":"bus","color":"#0059a9","colorDark":"#00294f","angle":340.3,"snapDist":1,"label":1}},{"type":"Feature","geometry":{"type":"Point","coordinates":[39.045618,9.159233]},"properties":{"name":"AB007 (Unknown)","lines":"AB007","arr":["AB007"],"terminus":0,"mode":"bus","color":"#0059a9","colorDark":"#00294f","angle":14.5,"snapDist":0,"label":1}},{"type":"Feature","geometry":{"type":"Point","coordinates":[39.030283,9.157866]},"properties":{"name":"AB007 (Unknown)","lines":"AB007","arr":["AB007"],"terminus":0,"mode":"bus","color":"#0059a9","colorDark":"#00294f","angle":310.3,"snapDist":0,"label":1}},{"type":"Feature","geometry":{"type":"Point","coordinates":[39.024491,9.152161]},"properties":{"name":"Sendafa","lines":"AB007, AB089","arr":["AB007","AB089"],"terminus":1,"mode":"bus","color":"#0059a9","colorDark":"#00294f","angle":350.3,"snapDist":1,"label":1}},{"type":"Feature","geometry":{"type":"Point","coordinates":[39.018339,9.149632]},"properties":{"name":"Sendafa","lines":"AB007","arr":["AB007"],"terminus":0,"mode":"bus","color":"#0059a9","colorDark":"#00294f","angle":317.6,"snapDist":1,"label":0}},{"type":"Feature","geometry":{"type":"Point","coordinates":[38.985864,9.108841]},"properties":{"name":"Dire Mazoriya","lines":"AB007, AB089","arr":["AB007","AB089"],"terminus":0,"mode":"bus","color":"#0059a9","colorDark":"#00294f","angle":280.2,"snapDist":0,"label":1}},{"type":"Feature","geometry":{"type":"Point","coordinates":[38.950417,9.095135]},"properties":{"name":"44 Mazoriya","lines":"AB007","arr":["AB007"],"terminus":0,"mode":"bus","color":"#0059a9","colorDark":"#00294f","angle":339.4,"snapDist":0,"label":1}},{"type":"Feature","geometry":{"type":"Point","coordinates":[38.936321,9.091303]},"properties":{"name":"AB007 (Unknown)","lines":"AB007, AB089","arr":["AB007","AB089"],"terminus":0,"mode":"bus","color":"#0059a9","colorDark":"#00294f","angle":354.3,"snapDist":1,"label":1}},{"type":"Feature","geometry":{"type":"Point","coordinates":[38.92691,9.087566]},"properties":{"name":"Legedadi","lines":"AB007, AB044, AB089","arr":["AB007","AB044","AB089"],"terminus":1,"mode":"bus","color":"#0059a9","colorDark":"#00294f","angle":322.5,"snapDist":1,"label":1}},{"type":"Feature","geometry":{"type":"Point","coordinates":[38.907515,9.08177]},"properties":{"name":"Legedadi Mission","lines":"AB007, AB097","arr":["AB007","AB097"],"terminus":1,"mode":"bus","color":"#0059a9","colorDark":"#00294f","angle":321.3,"snapDist":5,"label":1}},{"type":"Feature","geometry":{"type":"Point","coordinates":[38.897822,9.074074]},"properties":{"name":"CDC","lines":"AB007, AB044, AB089","arr":["AB007","AB044","AB089"],"terminus":0,"mode":"bus","color":"#0059a9","colorDark":"#00294f","angle":321.3,"snapDist":1,"label":1}},{"type":"Feature","geometry":{"type":"Point","coordinates":[38.887293,9.06572]},"properties":{"name":"Legetafo","lines":"AB007, AB044, AB089","arr":["AB007","AB044","AB089"],"terminus":0,"mode":"bus","color":"#0059a9","colorDark":"#00294f","angle":321.2,"snapDist":1,"label":1}},{"type":"Feature","geometry":{"type":"Point","coordinates":[38.877912,9.05706]},"properties":{"name":"Aba Kiros (Tafo) Roundabout","lines":"AB007","arr":["AB007"],"terminus":0,"mode":"bus","color":"#0059a9","colorDark":"#00294f","angle":0.2,"snapDist":1,"label":1}},{"type":"Feature","geometry":{"type":"Point","coordinates":[38.838597,9.030445]},"properties":{"name":"Wessen Michael","lines":"AB007, AB010, AB033, AB040, AB057, AB089, AB102, AB128, SH070","arr":["AB007","AB010","AB033","AB040","AB057","AB089","AB102","AB128","SH070"],"terminus":0,"mode":"bus","color":"#0059a9","colorDark":"#00294f","angle":339.8,"snapDist":2,"label":0}},{"type":"Feature","geometry":{"type":"Point","coordinates":[38.833332,9.028497]},"properties":{"name":"Hillside (Ethio-China Mebrathaile)","lines":"AB007, AB033, AB089, AB128, AB129, C51, SH004, SH070","arr":["AB007","AB033","AB089","AB128","AB129","C51","SH004","SH070"],"terminus":0,"mode":"bus","color":"#0059a9","colorDark":"#00294f","angle":347.3,"snapDist":3,"label":1}},{"type":"Feature","geometry":{"type":"Point","coordinates":[38.82731,9.026043]},"properties":{"name":"Lamberet Area","lines":"AB007, AB010, AB032, AB089, AB102","arr":["AB007","AB010","AB032","AB089","AB102"],"terminus":0,"mode":"bus","color":"#0059a9","colorDark":"#00294f","angle":344.7,"snapDist":1,"label":1}},{"type":"Feature","geometry":{"type":"Point","coordinates":[38.819207,9.023973]},"properties":{"name":"Menaheria","lines":"AB007, AB032, AB040, AB044, AB057, AB089, AB126, AB129, C51, SH004","arr":["AB007","AB032","AB040","AB044","AB057","AB089","AB126","AB129","C51","SH004"],"terminus":0,"mode":"bus","color":"#0059a9","colorDark":"#00294f","angle":356.6,"snapDist":1,"label":1}},{"type":"Feature","geometry":{"type":"Point","coordinates":[38.810041,9.021528]},"properties":{"name":"Abysinia Cafe Area","lines":"AB007, AB010, AB011, AB032, AB033, AB040, AB044, AB126, AB128, AB129, C51, SH070","arr":["AB007","AB010","AB011","AB032","AB033","AB040","AB044","AB126","AB128","AB129","C51","SH070"],"terminus":0,"mode":"bus","color":"#0059a9","colorDark":"#00294f","angle":7,"snapDist":1,"label":1}},{"type":"Feature","geometry":{"type":"Point","coordinates":[38.801564,9.021694]},"properties":{"name":"Megenagna","lines":"AB007, AB032, AB033, AB040, AB079, AB089, AB126, AB128, AB129, AB131, C51, SH004, SH070","arr":["AB007","AB032","AB033","AB040","AB079","AB089","AB126","AB128","AB129","AB131","C51","SH004","SH070"],"terminus":1,"mode":"bus","color":"#0059a9","colorDark":"#00294f","angle":65.1,"snapDist":4,"label":0}},{"type":"Feature","geometry":{"type":"Point","coordinates":[38.802238,9.020909]},"properties":{"name":"Megenagna","lines":"AB007, AB093, AB128, AB129, C51, SH004, SH070, SH082","arr":["AB007","AB093","AB128","AB129","C51","SH004","SH070","SH082"],"terminus":1,"mode":"bus","color":"#0059a9","colorDark":"#00294f","angle":211.6,"snapDist":0,"label":1}},{"type":"Feature","geometry":{"type":"Point","coordinates":[38.819235,9.023881]},"properties":{"name":"Menaheria","lines":"AB007, AB010, AB032, AB033, AB057, AB083, AB089, AB128, AB129, C51, SH070","arr":["AB007","AB010","AB032","AB033","AB057","AB083","AB089","AB128","AB129","C51","SH070"],"terminus":0,"mode":"bus","color":"#0059a9","colorDark":"#00294f","angle":177.9,"snapDist":1,"label":0}},{"type":"Feature","geometry":{"type":"Point","coordinates":[38.864895,9.040727]},"properties":{"name":"Kara","lines":"AB007, AB089","arr":["AB007","AB089"],"terminus":0,"mode":"bus","color":"#0059a9","colorDark":"#00294f","angle":166.7,"snapDist":0,"label":0}},{"type":"Feature","geometry":{"type":"Point","coordinates":[38.879021,9.056608]},"properties":{"name":"Tafo Junction","lines":"AB007","arr":["AB007"],"terminus":0,"mode":"bus","color":"#0059a9","colorDark":"#00294f","angle":115.4,"snapDist":1,"label":1}},{"type":"Feature","geometry":{"type":"Point","coordinates":[38.881283,9.060689]},"properties":{"name":"Aba Kiros","lines":"AB007, AB044, AB089, AB097","arr":["AB007","AB044","AB089","AB097"],"terminus":0,"mode":"bus","color":"#0059a9","colorDark":"#00294f","angle":95,"snapDist":2,"label":1}},{"type":"Feature","geometry":{"type":"Point","coordinates":[38.889199,9.067056]},"properties":{"name":"Gari Tera","lines":"AB007, AB044, AB097","arr":["AB007","AB044","AB097"],"terminus":0,"mode":"bus","color":"#0059a9","colorDark":"#00294f","angle":140.7,"snapDist":1,"label":1}},{"type":"Feature","geometry":{"type":"Point","coordinates":[38.897913,9.073986]},"properties":{"name":"CDC","lines":"AB007, AB089","arr":["AB007","AB089"],"terminus":0,"mode":"bus","color":"#0059a9","colorDark":"#00294f","angle":141.5,"snapDist":1,"label":0}},{"type":"Feature","geometry":{"type":"Point","coordinates":[38.902919,9.077944]},"properties":{"name":"CDC","lines":"AB007","arr":["AB007"],"terminus":0,"mode":"bus","color":"#0059a9","colorDark":"#00294f","angle":141,"snapDist":2,"label":1}},{"type":"Feature","geometry":{"type":"Point","coordinates":[38.908288,9.082213]},"properties":{"name":"Legedadi Mission","lines":"AB007, AB044, AB089, AB097","arr":["AB007","AB044","AB089","AB097"],"terminus":1,"mode":"bus","color":"#0059a9","colorDark":"#00294f","angle":141.8,"snapDist":6,"label":0}},{"type":"Feature","geometry":{"type":"Point","coordinates":[38.915347,9.087936]},"properties":{"name":"MNS","lines":"AB007, AB044","arr":["AB007","AB044"],"terminus":0,"mode":"bus","color":"#0059a9","colorDark":"#00294f","angle":143.5,"snapDist":1,"label":1}},{"type":"Feature","geometry":{"type":"Point","coordinates":[38.926912,9.087568]},"properties":{"name":"Legedadi","lines":"AB007, AB044, AB089","arr":["AB007","AB044","AB089"],"terminus":1,"mode":"bus","color":"#0059a9","colorDark":"#00294f","angle":142.5,"snapDist":1,"label":0}},{"type":"Feature","geometry":{"type":"Point","coordinates":[38.936484,9.091319]},"properties":{"name":"AB007 (Unknown)","lines":"AB007","arr":["AB007"],"terminus":0,"mode":"bus","color":"#0059a9","colorDark":"#00294f","angle":174.3,"snapDist":1,"label":0}},{"type":"Feature","geometry":{"type":"Point","coordinates":[38.951246,9.095442]},"properties":{"name":"44 Mazoriya","lines":"AB007, AB089","arr":["AB007","AB089"],"terminus":0,"mode":"bus","color":"#0059a9","colorDark":"#00294f","angle":159.4,"snapDist":1,"label":0}},{"type":"Feature","geometry":{"type":"Point","coordinates":[38.970789,9.100932]},"properties":{"name":"Legeberi","lines":"AB007","arr":["AB007"],"terminus":0,"mode":"bus","color":"#0059a9","colorDark":"#00294f","angle":165.2,"snapDist":2,"label":1}},{"type":"Feature","geometry":{"type":"Point","coordinates":[38.984561,9.105022]},"properties":{"name":"Ejere","lines":"AB007","arr":["AB007"],"terminus":0,"mode":"bus","color":"#0059a9","colorDark":"#00294f","angle":137.3,"snapDist":1,"label":1}},{"type":"Feature","geometry":{"type":"Point","coordinates":[38.985907,9.109076]},"properties":{"name":"Dire Mazoriya","lines":"AB007, AB089","arr":["AB007","AB089"],"terminus":0,"mode":"bus","color":"#0059a9","colorDark":"#00294f","angle":100.2,"snapDist":1,"label":0}},{"type":"Feature","geometry":{"type":"Point","coordinates":[39.012233,9.144053]},"properties":{"name":"AB007 (Unknown)","lines":"AB007","arr":["AB007"],"terminus":0,"mode":"bus","color":"#0059a9","colorDark":"#00294f","angle":139.6,"snapDist":1,"label":1}},{"type":"Feature","geometry":{"type":"Point","coordinates":[39.018345,9.149637]},"properties":{"name":"Sendafa","lines":"AB007, AB089","arr":["AB007","AB089"],"terminus":1,"mode":"bus","color":"#0059a9","colorDark":"#00294f","angle":137.6,"snapDist":2,"label":1}},{"type":"Feature","geometry":{"type":"Point","coordinates":[39.024493,9.152162]},"properties":{"name":"Sendafa","lines":"AB007","arr":["AB007"],"terminus":0,"mode":"bus","color":"#0059a9","colorDark":"#00294f","angle":170.3,"snapDist":1,"label":0}},{"type":"Feature","geometry":{"type":"Point","coordinates":[39.029925,9.157446]},"properties":{"name":"AB007 (Unknown)","lines":"AB007","arr":["AB007"],"terminus":0,"mode":"bus","color":"#0059a9","colorDark":"#00294f","angle":129.8,"snapDist":1,"label":0}},{"type":"Feature","geometry":{"type":"Point","coordinates":[39.046126,9.15911]},"properties":{"name":"AB007 (Unknown)","lines":"AB007","arr":["AB007"],"terminus":0,"mode":"bus","color":"#0059a9","colorDark":"#00294f","angle":193.1,"snapDist":3,"label":0}},{"type":"Feature","geometry":{"type":"Point","coordinates":[39.055825,9.160503]},"properties":{"name":"AB007 (Unknown)","lines":"AB007","arr":["AB007"],"terminus":0,"mode":"bus","color":"#0059a9","colorDark":"#00294f","angle":181.9,"snapDist":1,"label":1}},{"type":"Feature","geometry":{"type":"Point","coordinates":[39.068202,9.163985]},"properties":{"name":"AB007 (Unknown)","lines":"AB007","arr":["AB007"],"terminus":0,"mode":"bus","color":"#0059a9","colorDark":"#00294f","angle":152.4,"snapDist":0,"label":1}},{"type":"Feature","geometry":{"type":"Point","coordinates":[39.089622,9.168747]},"properties":{"name":"AB007 (Unknown)","lines":"AB007","arr":["AB007"],"terminus":0,"mode":"bus","color":"#0059a9","colorDark":"#00294f","angle":197.6,"snapDist":1,"label":1}},{"type":"Feature","geometry":{"type":"Point","coordinates":[39.102727,9.16627]},"properties":{"name":"Aleltu","lines":"AB007","arr":["AB007"],"terminus":0,"mode":"bus","color":"#0059a9","colorDark":"#00294f","angle":172.8,"snapDist":1,"label":0}},{"type":"Feature","geometry":{"type":"Point","coordinates":[39.123035,9.164491]},"properties":{"name":"AB007 (Unknown)","lines":"AB007","arr":["AB007"],"terminus":0,"mode":"bus","color":"#0059a9","colorDark":"#00294f","angle":171.6,"snapDist":2,"label":1}},{"type":"Feature","geometry":{"type":"Point","coordinates":[39.138861,9.179911]},"properties":{"name":"AB007 (Unknown)","lines":"AB007","arr":["AB007"],"terminus":0,"mode":"bus","color":"#0059a9","colorDark":"#00294f","angle":125.4,"snapDist":1,"label":0}},{"type":"Feature","geometry":{"type":"Point","coordinates":[39.150307,9.194366]},"properties":{"name":"Aleltu Primary School","lines":"AB007","arr":["AB007"],"terminus":0,"mode":"bus","color":"#0059a9","colorDark":"#00294f","angle":132.3,"snapDist":0,"label":1}},{"type":"Feature","geometry":{"type":"Point","coordinates":[39.154139,9.197224]},"properties":{"name":"Aleltu","lines":"AB007","arr":["AB007"],"terminus":1,"mode":"bus","color":"#0059a9","colorDark":"#00294f","angle":126.2,"snapDist":0,"label":0}},{"type":"Feature","geometry":{"type":"Point","coordinates":[38.751198,9.066729]},"properties":{"name":"Kechenie","lines":"AB008","arr":["AB008"],"terminus":1,"mode":"bus","color":"#0059a9","colorDark":"#00294f","angle":269.5,"snapDist":1,"label":1}},{"type":"Feature","geometry":{"type":"Point","coordinates":[38.751231,9.064982]},"properties":{"name":"18 Kutir Mazoria","lines":"AB008","arr":["AB008"],"terminus":0,"mode":"bus","color":"#0059a9","colorDark":"#00294f","angle":251.9,"snapDist":1,"label":1}},{"type":"Feature","geometry":{"type":"Point","coordinates":[38.751804,9.055268]},"properties":{"name":"Kechenie Medhanialem","lines":"AB008","arr":["AB008"],"terminus":0,"mode":"bus","color":"#0059a9","colorDark":"#00294f","angle":312.9,"snapDist":1,"label":1}},{"type":"Feature","geometry":{"type":"Point","coordinates":[38.750307,9.052829]},"properties":{"name":"Chelote","lines":"AB008","arr":["AB008"],"terminus":0,"mode":"bus","color":"#0059a9","colorDark":"#00294f","angle":299.8,"snapDist":3,"label":1}},{"type":"Feature","geometry":{"type":"Point","coordinates":[38.74644,9.04799]},"properties":{"name":"Shola","lines":"AB008","arr":["AB008"],"terminus":0,"mode":"bus","color":"#0059a9","colorDark":"#00294f","angle":225.7,"snapDist":2,"label":1}},{"type":"Feature","geometry":{"type":"Point","coordinates":[38.751991,9.037953]},"properties":{"name":"St.Gorgis","lines":"AB008, AB020, AB030, AB088, AB094, AB104, C31, SH079","arr":["AB008","AB020","AB030","AB088","AB094","AB104","C31","SH079"],"terminus":1,"mode":"bus","color":"#0059a9","colorDark":"#00294f","angle":244.4,"snapDist":1,"label":1}},{"type":"Feature","geometry":{"type":"Point","coordinates":[38.751378,9.035849]},"properties":{"name":"Piassa Arada","lines":"AB008, AB013, AB014, AB059, AB103, AB123, AB131, SH071, SH100, SH105","arr":["AB008","AB013","AB014","AB059","AB103","AB123","AB131","SH071","SH100","SH105"],"terminus":1,"mode":"bus","color":"#0059a9","colorDark":"#00294f","angle":1.2,"snapDist":2,"label":0}},{"type":"Feature","geometry":{"type":"Point","coordinates":[38.749143,9.035258]},"properties":{"name":"Abune Petros","lines":"AB008, AB017, AB020, AB023, AB040","arr":["AB008","AB017","AB020","AB023","AB040"],"terminus":0,"mode":"bus","color":"#0059a9","colorDark":"#00294f","angle":333.4,"snapDist":1,"label":1}},{"type":"Feature","geometry":{"type":"Point","coordinates":[38.742386,9.034178]},"properties":{"name":"Raguel Church","lines":"AB008, AB016, AB017, AB020","arr":["AB008","AB016","AB017","AB020"],"terminus":1,"mode":"bus","color":"#0059a9","colorDark":"#00294f","angle":351.5,"snapDist":2,"label":1}},{"type":"Feature","geometry":{"type":"Point","coordinates":[38.742204,9.033987]},"properties":{"name":"Raguel Church","lines":"AB008, AB013, AB015, AB016, AB017, AB020, AB040, AB089","arr":["AB008","AB013","AB015","AB016","AB017","AB020","AB040","AB089"],"terminus":1,"mode":"bus","color":"#0059a9","colorDark":"#00294f","angle":171.9,"snapDist":1,"label":0}},{"type":"Feature","geometry":{"type":"Point","coordinates":[38.749317,9.035124]},"properties":{"name":"Abune Petros","lines":"AB008, AB013, AB015, AB016, AB017, AB020, AB023, AB040, AB089","arr":["AB008","AB013","AB015","AB016","AB017","AB020","AB023","AB040","AB089"],"terminus":0,"mode":"bus","color":"#0059a9","colorDark":"#00294f","angle":154.7,"snapDist":2,"label":0}},{"type":"Feature","geometry":{"type":"Point","coordinates":[38.749011,9.043679]},"properties":{"name":"Semen Hotel","lines":"AB008, AB048, AB104","arr":["AB008","AB048","AB104"],"terminus":0,"mode":"bus","color":"#0059a9","colorDark":"#00294f","angle":61.6,"snapDist":1,"label":0}},{"type":"Feature","geometry":{"type":"Point","coordinates":[38.746519,9.048047]},"properties":{"name":"Shola","lines":"AB008, AB112, SH080, SH103","arr":["AB008","AB112","SH080","SH103"],"terminus":0,"mode":"bus","color":"#0059a9","colorDark":"#00294f","angle":59.1,"snapDist":1,"label":0}},{"type":"Feature","geometry":{"type":"Point","coordinates":[38.750277,9.052649]},"properties":{"name":"Chelote","lines":"AB008","arr":["AB008"],"terminus":0,"mode":"bus","color":"#0059a9","colorDark":"#00294f","angle":120,"snapDist":1,"label":0}},{"type":"Feature","geometry":{"type":"Point","coordinates":[38.751745,9.05508]},"properties":{"name":"Kechenie Medhanialem","lines":"AB008","arr":["AB008"],"terminus":0,"mode":"bus","color":"#0059a9","colorDark":"#00294f","angle":129.3,"snapDist":1,"label":0}},{"type":"Feature","geometry":{"type":"Point","coordinates":[38.751236,9.064939]},"properties":{"name":"18 Kutir Mazoria","lines":"AB008","arr":["AB008"],"terminus":0,"mode":"bus","color":"#0059a9","colorDark":"#00294f","angle":84.8,"snapDist":1,"label":0}},{"type":"Feature","geometry":{"type":"Point","coordinates":[38.751198,9.066729]},"properties":{"name":"Kechenie","lines":"AB008","arr":["AB008"],"terminus":1,"mode":"bus","color":"#0059a9","colorDark":"#00294f","angle":89.5,"snapDist":1,"label":0}},{"type":"Feature","geometry":{"type":"Point","coordinates":[38.793191,8.990308]},"properties":{"name":"Brass Clinic (Bole)","lines":"AB009","arr":["AB009"],"terminus":1,"mode":"bus","color":"#0059a9","colorDark":"#00294f","angle":55.9,"snapDist":1,"label":1}},{"type":"Feature","geometry":{"type":"Point","coordinates":[38.786238,8.998446]},"properties":{"name":"Bole Medhanialem","lines":"AB009","arr":["AB009"],"terminus":0,"mode":"bus","color":"#0059a9","colorDark":"#00294f","angle":28.3,"snapDist":1,"label":1}},{"type":"Feature","geometry":{"type":"Point","coordinates":[38.77976,9.004271]},"properties":{"name":"Atlas","lines":"AB009","arr":["AB009"],"terminus":0,"mode":"bus","color":"#0059a9","colorDark":"#00294f","angle":42.8,"snapDist":1,"label":1}},{"type":"Feature","geometry":{"type":"Point","coordinates":[38.767569,9.019896]},"properties":{"name":"St. Gebriel","lines":"AB009","arr":["AB009"],"terminus":0,"mode":"bus","color":"#0059a9","colorDark":"#00294f","angle":39.1,"snapDist":2,"label":1}},{"type":"Feature","geometry":{"type":"Point","coordinates":[38.75685,9.038944]},"properties":{"name":"Ras Mekonene Bridge (Seba Dereja)","lines":"AB009, AB011, AB015, AB017, AB040, AB041, AB089, AB126, C17","arr":["AB009","AB011","AB015","AB017","AB040","AB041","AB089","AB126","C17"],"terminus":0,"mode":"bus","color":"#0059a9","colorDark":"#00294f","angle":75.7,"snapDist":2,"label":0}},{"type":"Feature","geometry":{"type":"Point","coordinates":[38.753401,9.032781]},"properties":{"name":"Piassa Arada","lines":"AB009, AB010, AB019, AB081, AB089","arr":["AB009","AB010","AB019","AB081","AB089"],"terminus":1,"mode":"bus","color":"#0059a9","colorDark":"#00294f","angle":15.3,"snapDist":0,"label":0}},{"type":"Feature","geometry":{"type":"Point","coordinates":[38.752871,9.032923]},"properties":{"name":"Piassa Arada","lines":"AB009, AB017, AB019, AB041, AB081, AB094, AB111, AB126","arr":["AB009","AB017","AB019","AB041","AB081","AB094","AB111","AB126"],"terminus":1,"mode":"bus","color":"#0059a9","colorDark":"#00294f","angle":15.6,"snapDist":0,"label":0}},{"type":"Feature","geometry":{"type":"Point","coordinates":[38.768043,9.019399]},"properties":{"name":"Zenebewerk Hotel","lines":"AB009","arr":["AB009"],"terminus":0,"mode":"bus","color":"#0059a9","colorDark":"#00294f","angle":218.8,"snapDist":2,"label":1}},{"type":"Feature","geometry":{"type":"Point","coordinates":[38.779677,9.004198]},"properties":{"name":"Atlas","lines":"AB009","arr":["AB009"],"terminus":0,"mode":"bus","color":"#0059a9","colorDark":"#00294f","angle":219.5,"snapDist":1,"label":0}},{"type":"Feature","geometry":{"type":"Point","coordinates":[38.786066,8.998345]},"properties":{"name":"Bole Medhanialem","lines":"AB009","arr":["AB009"],"terminus":0,"mode":"bus","color":"#0059a9","colorDark":"#00294f","angle":222,"snapDist":1,"label":0}},{"type":"Feature","geometry":{"type":"Point","coordinates":[38.792993,8.990422]},"properties":{"name":"Brass Clinic (Bole)","lines":"AB009","arr":["AB009"],"terminus":1,"mode":"bus","color":"#0059a9","colorDark":"#00294f","angle":235.9,"snapDist":0,"label":0}},{"type":"Feature","geometry":{"type":"Point","coordinates":[38.753627,9.033594]},"properties":{"name":"Piassa Arada","lines":"AB010, AB011, AB048, AB111, AB126, AB129, AB131, C17, C31, C51, SH016, SH099","arr":["AB010","AB011","AB048","AB111","AB126","AB129","AB131","C17","C31","C51","SH016","SH099"],"terminus":1,"mode":"bus","color":"#0059a9","colorDark":"#00294f","angle":-117.3,"snapDist":10,"label":0}},{"type":"Feature","geometry":{"type":"Point","coordinates":[38.757927,9.036369]},"properties":{"name":"St. Mary Church","lines":"AB010, AB011, AB013, AB015, AB017, AB126, AB129, C51","arr":["AB010","AB011","AB013","AB015","AB017","AB126","AB129","C51"],"terminus":0,"mode":"bus","color":"#0059a9","colorDark":"#00294f","angle":227.4,"snapDist":3,"label":0}},{"type":"Feature","geometry":{"type":"Point","coordinates":[38.76521,9.032155]},"properties":{"name":"Arat Kilo","lines":"AB010, AB040, AB046, AB079, AB129, C17, C51","arr":["AB010","AB040","AB046","AB079","AB129","C17","C51"],"terminus":1,"mode":"bus","color":"#0059a9","colorDark":"#00294f","angle":188.5,"snapDist":1,"label":0}},{"type":"Feature","geometry":{"type":"Point","coordinates":[38.77997,9.034454]},"properties":{"name":"Kokebe Tsebah School","lines":"AB010, AB011, AB015, AB023, AB033, AB040, AB046, AB064, AB079, AB080, AB081, AB083, AB089, AB112, AB126, AB129, AB131, C17, C51, SH035, SH080, SH095","arr":["AB010","AB011","AB015","AB023","AB033","AB040","AB046","AB064","AB079","AB080","AB081","AB083","AB089","AB112","AB126","AB129","AB131","C17","C51","SH035","SH080","SH095"],"terminus":0,"mode":"bus","color":"#0059a9","colorDark":"#00294f","angle":247.6,"snapDist":3,"label":1}},{"type":"Feature","geometry":{"type":"Point","coordinates":[38.788729,9.028771]},"properties":{"name":"Abebe Sook","lines":"AB010, AB011, AB015, AB023, AB033, AB040, AB064, AB080, AB081, AB083, AB126, AB129, AB131, C17, C51, SH035, SH095","arr":["AB010","AB011","AB015","AB023","AB033","AB040","AB064","AB080","AB081","AB083","AB126","AB129","AB131","C17","C51","SH035","SH095"],"terminus":0,"mode":"bus","color":"#0059a9","colorDark":"#00294f","angle":216,"snapDist":2,"label":1}},{"type":"Feature","geometry":{"type":"Point","coordinates":[38.801089,9.021333]},"properties":{"name":"Megenagna","lines":"AB010, AB011, AB032, AB064, AB079, AB080, AB083, SH035","arr":["AB010","AB011","AB032","AB064","AB079","AB080","AB083","SH035"],"terminus":1,"mode":"bus","color":"#0059a9","colorDark":"#00294f","angle":240.4,"snapDist":2,"label":0}},{"type":"Feature","geometry":{"type":"Point","coordinates":[38.810855,9.021354]},"properties":{"name":"Abysinia Cafe Area","lines":"AB010, AB023, AB032, AB044, AB083, AB089, AB126, AB128, AB129, C51, SH070","arr":["AB010","AB023","AB032","AB044","AB083","AB089","AB126","AB128","AB129","C51","SH070"],"terminus":0,"mode":"bus","color":"#0059a9","colorDark":"#00294f","angle":186.2,"snapDist":2,"label":0}},{"type":"Feature","geometry":{"type":"Point","coordinates":[38.815847,9.022321]},"properties":{"name":"Lamberet Terminal (Bus)","lines":"AB010, AB011, AB032, AB057, AB102, AB126","arr":["AB010","AB011","AB032","AB057","AB102","AB126"],"terminus":0,"mode":"bus","color":"#0059a9","colorDark":"#00294f","angle":146.1,"snapDist":2,"label":1}},{"type":"Feature","geometry":{"type":"Point","coordinates":[38.829926,9.026972]},"properties":{"name":"Ahmed Building","lines":"AB010, AB040","arr":["AB010","AB040"],"terminus":0,"mode":"bus","color":"#0059a9","colorDark":"#00294f","angle":158.5,"snapDist":0,"label":1}},{"type":"Feature","geometry":{"type":"Point","coordinates":[38.84677,9.034124]},"properties":{"name":"Kotebe Teachers College","lines":"AB010, AB040","arr":["AB010","AB040"],"terminus":1,"mode":"bus","color":"#0059a9","colorDark":"#00294f","angle":154.4,"snapDist":0,"label":1}},{"type":"Feature","geometry":{"type":"Point","coordinates":[38.846701,9.034198]},"properties":{"name":"Kotebe Teachers College","lines":"AB010, AB089","arr":["AB010","AB089"],"terminus":1,"mode":"bus","color":"#0059a9","colorDark":"#00294f","angle":337.7,"snapDist":1,"label":0}},{"type":"Feature","geometry":{"type":"Point","coordinates":[38.830756,9.027452]},"properties":{"name":"NOC End","lines":"AB010, AB044, AB089","arr":["AB010","AB044","AB089"],"terminus":0,"mode":"bus","color":"#0059a9","colorDark":"#00294f","angle":331.9,"snapDist":0,"label":1}},{"type":"Feature","geometry":{"type":"Point","coordinates":[38.80002,9.022405]},"properties":{"name":"Marathon Motor (Megenagna)","lines":"AB010, AB033, AB079, AB083, C17","arr":["AB010","AB033","AB079","AB083","C17"],"terminus":1,"mode":"bus","color":"#0059a9","colorDark":"#00294f","angle":29,"snapDist":2,"label":0}},{"type":"Feature","geometry":{"type":"Point","coordinates":[38.795292,9.025068]},"properties":{"name":"Shola Gebeya","lines":"AB010, AB022, AB033, AB040, AB046, AB064, AB079, AB083, AB089, AB126, AB129, AB131, C51","arr":["AB010","AB022","AB033","AB040","AB046","AB064","AB079","AB083","AB089","AB126","AB129","AB131","C51"],"terminus":0,"mode":"bus","color":"#0059a9","colorDark":"#00294f","angle":31,"snapDist":1,"label":1}},{"type":"Feature","geometry":{"type":"Point","coordinates":[38.783935,9.031858]},"properties":{"name":"Belgium Embassy","lines":"AB010, AB011, AB033, AB040, AB064, AB079, AB080, AB081, AB083, AB131","arr":["AB010","AB011","AB033","AB040","AB064","AB079","AB080","AB081","AB083","AB131"],"terminus":0,"mode":"bus","color":"#0059a9","colorDark":"#00294f","angle":33.3,"snapDist":2,"label":1}},{"type":"Feature","geometry":{"type":"Point","coordinates":[38.773051,9.032477]},"properties":{"name":"Addis View Hotel","lines":"AB010, AB015, AB033, SH095","arr":["AB010","AB015","AB033","SH095"],"terminus":0,"mode":"bus","color":"#0059a9","colorDark":"#00294f","angle":352,"snapDist":2,"label":1}},{"type":"Feature","geometry":{"type":"Point","coordinates":[38.762508,9.033269]},"properties":{"name":"Arat Kilo","lines":"AB011, AB013, AB015, AB126, C17","arr":["AB011","AB013","AB015","AB126","C17"],"terminus":0,"mode":"bus","color":"#0059a9","colorDark":"#00294f","angle":204.3,"snapDist":0,"label":0}},{"type":"Feature","geometry":{"type":"Point","coordinates":[38.825188,9.025357]},"properties":{"name":"Lamberet","lines":"AB011, AB044, SH004","arr":["AB011","AB044","SH004"],"terminus":0,"mode":"bus","color":"#0059a9","colorDark":"#00294f","angle":166.1,"snapDist":2,"label":1}},{"type":"Feature","geometry":{"type":"Point","coordinates":[38.827316,9.020321]},"properties":{"name":"Sealite Mihret","lines":"AB011, AB022, AB061, AB079, AB083, AB097, AB119, AB126, AB127, D23, D25, D46, SH066, SH067","arr":["AB011","AB022","AB061","AB079","AB083","AB097","AB119","AB126","AB127","D23","D25","D46","SH066","SH067"],"terminus":0,"mode":"bus","color":"#0059a9","colorDark":"#00294f","angle":161.1,"snapDist":2,"label":1}},{"type":"Feature","geometry":{"type":"Point","coordinates":[38.834204,9.021635]},"properties":{"name":"Civil Service College","lines":"AB011, AB022, AB061, AB079, AB097, AB119, AB126, D23, D25, D46, SH066, SH067","arr":["AB011","AB022","AB061","AB079","AB097","AB119","AB126","D23","D25","D46","SH066","SH067"],"terminus":0,"mode":"bus","color":"#0059a9","colorDark":"#00294f","angle":182.4,"snapDist":2,"label":1}},{"type":"Feature","geometry":{"type":"Point","coordinates":[38.840159,9.021397]},"properties":{"name":"St. Michael","lines":"AB011, AB022, AB079, AB097, AB119, AB126, D25, SH067","arr":["AB011","AB022","AB079","AB097","AB119","AB126","D25","SH067"],"terminus":0,"mode":"bus","color":"#0059a9","colorDark":"#00294f","angle":182.9,"snapDist":4,"label":1}},{"type":"Feature","geometry":{"type":"Point","coordinates":[38.850458,9.020878]},"properties":{"name":"CMC (Apartments)","lines":"AB011, AB079, AB097, AB119, AB126, D25","arr":["AB011","AB079","AB097","AB119","AB126","D25"],"terminus":0,"mode":"bus","color":"#0059a9","colorDark":"#00294f","angle":182.8,"snapDist":3,"label":1}},{"type":"Feature","geometry":{"type":"Point","coordinates":[38.852111,9.019099]},"properties":{"name":"Sunshine Apartments","lines":"AB011, AB022, AB079, AB119, D25","arr":["AB011","AB022","AB079","AB119","D25"],"terminus":0,"mode":"bus","color":"#0059a9","colorDark":"#00294f","angle":271.6,"snapDist":1,"label":1}},{"type":"Feature","geometry":{"type":"Point","coordinates":[38.851773,9.004083]},"properties":{"name":"Summit (MOHA)","lines":"AB011, AB022, AB079, AB119, D25","arr":["AB011","AB022","AB079","AB119","D25"],"terminus":0,"mode":"bus","color":"#0059a9","colorDark":"#00294f","angle":270.6,"snapDist":6,"label":1}},{"type":"Feature","geometry":{"type":"Point","coordinates":[38.857317,9.001434]},"properties":{"name":"Gomista","lines":"AB011, AB042, AB079, AB119, D25, SH078","arr":["AB011","AB042","AB079","AB119","D25","SH078"],"terminus":0,"mode":"bus","color":"#0059a9","colorDark":"#00294f","angle":161.3,"snapDist":3,"label":1}},{"type":"Feature","geometry":{"type":"Point","coordinates":[38.860128,8.998414]},"properties":{"name":"Condminium (Gate)","lines":"AB011, AB042, AB079, AB119, D25, SH078","arr":["AB011","AB042","AB079","AB119","D25","SH078"],"terminus":0,"mode":"bus","color":"#0059a9","colorDark":"#00294f","angle":241.7,"snapDist":3,"label":1}},{"type":"Feature","geometry":{"type":"Point","coordinates":[38.860569,8.994186]},"properties":{"name":"Tena Tabeya","lines":"AB011, AB042, AB079, AB119, D25, SH078","arr":["AB011","AB042","AB079","AB119","D25","SH078"],"terminus":0,"mode":"bus","color":"#0059a9","colorDark":"#00294f","angle":307.9,"snapDist":4,"label":1}},{"type":"Feature","geometry":{"type":"Point","coordinates":[38.858124,8.989488]},"properties":{"name":"Gate 2","lines":"AB011, AB042, AB079, AB119, D25, SH078","arr":["AB011","AB042","AB079","AB119","D25","SH078"],"terminus":1,"mode":"bus","color":"#0059a9","colorDark":"#00294f","angle":282,"snapDist":4,"label":1}},{"type":"Feature","geometry":{"type":"Point","coordinates":[38.856984,8.984269]},"properties":{"name":"Summit Condominiums","lines":"AB011, AB042, AB079, AB119, SH078","arr":["AB011","AB042","AB079","AB119","SH078"],"terminus":1,"mode":"bus","color":"#0059a9","colorDark":"#00294f","angle":281.8,"snapDist":1,"label":1}},{"type":"Feature","geometry":{"type":"Point","coordinates":[38.857076,8.984243]},"properties":{"name":"Summit Condominiums","lines":"AB011, AB042, AB079, AB119, SH078","arr":["AB011","AB042","AB079","AB119","SH078"],"terminus":1,"mode":"bus","color":"#0059a9","colorDark":"#00294f","angle":101.7,"snapDist":1,"label":0}},{"type":"Feature","geometry":{"type":"Point","coordinates":[38.858238,8.989483]},"properties":{"name":"Gate 2","lines":"AB011, AB042, AB079, AB119, D25, SH078","arr":["AB011","AB042","AB079","AB119","D25","SH078"],"terminus":1,"mode":"bus","color":"#0059a9","colorDark":"#00294f","angle":102.5,"snapDist":5,"label":0}},{"type":"Feature","geometry":{"type":"Point","coordinates":[38.860653,8.994128]},"properties":{"name":"Tena Tabeya","lines":"AB011, AB042, AB079, AB119, D25, SH078","arr":["AB011","AB042","AB079","AB119","D25","SH078"],"terminus":0,"mode":"bus","color":"#0059a9","colorDark":"#00294f","angle":127.9,"snapDist":4,"label":0}},{"type":"Feature","geometry":{"type":"Point","coordinates":[38.857591,9.001967]},"properties":{"name":"Gomista","lines":"AB011, AB119, D25","arr":["AB011","AB119","D25"],"terminus":0,"mode":"bus","color":"#0059a9","colorDark":"#00294f","angle":335.3,"snapDist":3,"label":0}},{"type":"Feature","geometry":{"type":"Point","coordinates":[38.852032,9.00439]},"properties":{"name":"Summit (MOHA)","lines":"AB011, AB079, AB119, D25","arr":["AB011","AB079","AB119","D25"],"terminus":0,"mode":"bus","color":"#0059a9","colorDark":"#00294f","angle":94.6,"snapDist":4,"label":0}},{"type":"Feature","geometry":{"type":"Point","coordinates":[38.852237,9.010683]},"properties":{"name":"Safari","lines":"AB011, AB022, AB079, AB119, D25","arr":["AB011","AB022","AB079","AB119","D25"],"terminus":0,"mode":"bus","color":"#0059a9","colorDark":"#00294f","angle":91.6,"snapDist":2,"label":1}},{"type":"Feature","geometry":{"type":"Point","coordinates":[38.852588,9.020198]},"properties":{"name":"Yetebaberut","lines":"AB011, AB022","arr":["AB011","AB022"],"terminus":0,"mode":"bus","color":"#0059a9","colorDark":"#00294f","angle":119.7,"snapDist":2,"label":1}},{"type":"Feature","geometry":{"type":"Point","coordinates":[38.840087,9.021602]},"properties":{"name":"St. Michael","lines":"AB011, AB022, AB079, AB119, AB127, D25, D46","arr":["AB011","AB022","AB079","AB119","AB127","D25","D46"],"terminus":0,"mode":"bus","color":"#0059a9","colorDark":"#00294f","angle":2,"snapDist":2,"label":0}},{"type":"Feature","geometry":{"type":"Point","coordinates":[38.833137,9.02191]},"properties":{"name":"Civil Service College","lines":"AB011, AB022, AB079, AB097, AB119, AB126, AB127, D23, D25, D46, SH066, SH067","arr":["AB011","AB022","AB079","AB097","AB119","AB126","AB127","D23","D25","D46","SH066","SH067"],"terminus":0,"mode":"bus","color":"#0059a9","colorDark":"#00294f","angle":2.5,"snapDist":2,"label":0}},{"type":"Feature","geometry":{"type":"Point","coordinates":[38.815733,9.022351]},"properties":{"name":"Lamberet (Queens)","lines":"AB011, AB032, AB033, AB040, AB057, AB089, AB102, AB126","arr":["AB011","AB032","AB033","AB040","AB057","AB089","AB102","AB126"],"terminus":0,"mode":"bus","color":"#0059a9","colorDark":"#00294f","angle":325.5,"snapDist":1,"label":1}},{"type":"Feature","geometry":{"type":"Point","coordinates":[38.780195,9.03451]},"properties":{"name":"Kokebe Tsebah School","lines":"AB011, AB015, AB023, AB033, AB040, AB046, AB064, AB079, AB080, AB081, AB083, AB089, AB112, AB126, AB129, AB131, C17, C51, SH035, SH080, SH095","arr":["AB011","AB015","AB023","AB033","AB040","AB046","AB064","AB079","AB080","AB081","AB083","AB089","AB112","AB126","AB129","AB131","C17","C51","SH035","SH080","SH095"],"terminus":0,"mode":"bus","color":"#0059a9","colorDark":"#00294f","angle":49.2,"snapDist":2,"label":0}},{"type":"Feature","geometry":{"type":"Point","coordinates":[38.737448,9.031741]},"properties":{"name":"Autobis Tera","lines":"AB012, AB030, AB088","arr":["AB012","AB030","AB088"],"terminus":1,"mode":"bus","color":"#0059a9","colorDark":"#00294f","angle":55,"snapDist":1,"label":0}},{"type":"Feature","geometry":{"type":"Point","coordinates":[38.737803,9.034267]},"properties":{"name":"Gojam Berenda","lines":"AB012, AB030, AB088, ADK013, ADK015, ADK053, ARD013, Bole016, Bole020, Kal012, Kal032, Kal035","arr":["AB012","AB030","AB088","ADK013","ADK015","ADK053","ARD013","Bole016","Bole020","Kal012","Kal032","Kal035"],"terminus":0,"mode":"bus","color":"#0059a9","colorDark":"#00294f","angle":196.1,"mstop":"mix","snapDist":1,"label":1}},{"type":"Feature","geometry":{"type":"Point","coordinates":[38.74054,9.03376]},"properties":{"name":"Ummar School","lines":"AB012, AB030, AB088, ADK053, B37, Bole016, Bole020","arr":["AB012","AB030","AB088","ADK053","B37","Bole016","Bole020"],"terminus":0,"mode":"bus","color":"#0059a9","colorDark":"#00294f","angle":175.3,"mstop":"mix","snapDist":1,"label":1}},{"type":"Feature","geometry":{"type":"Point","coordinates":[38.743754,9.034197]},"properties":{"name":"Kurtu Building","lines":"AB012, AB016, AB030, AB088, B37","arr":["AB012","AB016","AB030","AB088","B37"],"terminus":0,"mode":"bus","color":"#0059a9","colorDark":"#00294f","angle":173.1,"snapDist":1,"label":1}},{"type":"Feature","geometry":{"type":"Point","coordinates":[38.751431,9.035735]},"properties":{"name":"Piassa Arada","lines":"AB012, AB015, AB019, AB030, AB059, AB081, AB088, B37, C14","arr":["AB012","AB015","AB019","AB030","AB059","AB081","AB088","B37","C14"],"terminus":1,"mode":"bus","color":"#0059a9","colorDark":"#00294f","angle":183.8,"snapDist":1,"label":0}},{"type":"Feature","geometry":{"type":"Point","coordinates":[38.752764,9.038613]},"properties":{"name":"Red-Cross (St. George Total)","lines":"AB012, B37","arr":["AB012","B37"],"terminus":0,"mode":"bus","color":"#0059a9","colorDark":"#00294f","angle":111.7,"snapDist":0,"label":1}},{"type":"Feature","geometry":{"type":"Point","coordinates":[38.759309,9.043714]},"properties":{"name":"Yeatit 12 Hospital","lines":"AB012, AB112, SH080, SH101","arr":["AB012","AB112","SH080","SH101"],"terminus":0,"mode":"bus","color":"#0059a9","colorDark":"#00294f","angle":159.3,"snapDist":3,"label":1}},{"type":"Feature","geometry":{"type":"Point","coordinates":[38.760387,9.043918]},"properties":{"name":"Yekatit 12 Hospital","lines":"AB012, AB023, AB089, B37","arr":["AB012","AB023","AB089","B37"],"terminus":0,"mode":"bus","color":"#0059a9","colorDark":"#00294f","angle":177.5,"snapDist":3,"label":1}},{"type":"Feature","geometry":{"type":"Point","coordinates":[38.77222,9.053541]},"properties":{"name":"Mezan","lines":"AB012, AB064, SH095, SH101","arr":["AB012","AB064","SH095","SH101"],"terminus":0,"mode":"bus","color":"#0059a9","colorDark":"#00294f","angle":129.8,"snapDist":1,"label":1}},{"type":"Feature","geometry":{"type":"Point","coordinates":[38.783623,9.060749]},"properties":{"name":"Yeha","lines":"AB012","arr":["AB012"],"terminus":0,"mode":"bus","color":"#0059a9","colorDark":"#00294f","angle":160.1,"snapDist":1,"label":1}},{"type":"Feature","geometry":{"type":"Point","coordinates":[38.783925,9.060855]},"properties":{"name":"Tena Tabya","lines":"AB012, AB055, AB064","arr":["AB012","AB055","AB064"],"terminus":0,"mode":"bus","color":"#0059a9","colorDark":"#00294f","angle":164.3,"snapDist":1,"label":1}},{"type":"Feature","geometry":{"type":"Point","coordinates":[38.788798,9.062422]},"properties":{"name":"Gurara","lines":"AB012, AB055, AB064","arr":["AB012","AB055","AB064"],"terminus":1,"mode":"bus","color":"#0059a9","colorDark":"#00294f","angle":163.6,"snapDist":2,"label":0}},{"type":"Feature","geometry":{"type":"Point","coordinates":[38.781097,9.059972]},"properties":{"name":"Bret Dildy (Bono Wuha)","lines":"AB012, AB064","arr":["AB012","AB064"],"terminus":0,"mode":"bus","color":"#0059a9","colorDark":"#00294f","angle":343.1,"snapDist":2,"label":1}},{"type":"Feature","geometry":{"type":"Point","coordinates":[38.779127,9.057947]},"properties":{"name":"Bono Weha","lines":"AB012, AB055","arr":["AB012","AB055"],"terminus":0,"mode":"bus","color":"#0059a9","colorDark":"#00294f","angle":307.4,"snapDist":1,"label":1}},{"type":"Feature","geometry":{"type":"Point","coordinates":[38.754521,9.04407]},"properties":{"name":"Wube Bereha","lines":"AB012, B37","arr":["AB012","B37"],"terminus":0,"mode":"bus","color":"#0059a9","colorDark":"#00294f","angle":263.4,"snapDist":2,"label":1}},{"type":"Feature","geometry":{"type":"Point","coordinates":[38.753347,9.04045]},"properties":{"name":"Dej. Wube (Ras Abebe School)","lines":"AB012, AB016, AB023, B37, SH101","arr":["AB012","AB016","AB023","B37","SH101"],"terminus":0,"mode":"bus","color":"#0059a9","colorDark":"#00294f","angle":290.8,"snapDist":1,"label":1}},{"type":"Feature","geometry":{"type":"Point","coordinates":[38.751628,9.035844]},"properties":{"name":"St. George Church (2)","lines":"AB012, AB030, AB088","arr":["AB012","AB030","AB088"],"terminus":0,"mode":"bus","color":"#0059a9","colorDark":"#00294f","angle":1.2,"snapDist":3,"label":1}},{"type":"Feature","geometry":{"type":"Point","coordinates":[38.749127,9.03525]},"properties":{"name":"Habtegiorgis Bridge","lines":"AB012, AB015, AB016, AB030, AB041, AB088, B37","arr":["AB012","AB015","AB016","AB030","AB041","AB088","B37"],"terminus":0,"mode":"bus","color":"#0059a9","colorDark":"#00294f","angle":334.9,"snapDist":1,"label":1}},{"type":"Feature","geometry":{"type":"Point","coordinates":[38.743892,9.034386]},"properties":{"name":"Kurtu Building","lines":"AB012, AB016, AB030, AB088","arr":["AB012","AB016","AB030","AB088"],"terminus":0,"mode":"bus","color":"#0059a9","colorDark":"#00294f","angle":352.7,"snapDist":0,"label":0}},{"type":"Feature","geometry":{"type":"Point","coordinates":[38.743414,9.034326]},"properties":{"name":"Pharmacy","lines":"AB012, AB030, AB041, AB088","arr":["AB012","AB030","AB041","AB088"],"terminus":0,"mode":"bus","color":"#0059a9","colorDark":"#00294f","angle":352.1,"snapDist":1,"label":1}},{"type":"Feature","geometry":{"type":"Point","coordinates":[38.741839,9.034095]},"properties":{"name":"Gojam Berenda (Tefera Buillding)","lines":"AB012, B37","arr":["AB012","B37"],"terminus":0,"mode":"bus","color":"#0059a9","colorDark":"#00294f","angle":350.7,"snapDist":4,"label":1}},{"type":"Feature","geometry":{"type":"Point","coordinates":[38.7381,9.034348]},"properties":{"name":"Gojam Berenda","lines":"AB012, ADK008, ADK013, ADK015, ADK024, ADK053, ADK055, Bole016, Bole020, Kal012, Kal032, Kal035","arr":["AB012","ADK008","ADK013","ADK015","ADK024","ADK053","ADK055","Bole016","Bole020","Kal012","Kal032","Kal035"],"terminus":0,"mode":"bus","color":"#0059a9","colorDark":"#00294f","angle":14.9,"mstop":"mix","snapDist":1,"label":0}},{"type":"Feature","geometry":{"type":"Point","coordinates":[38.737965,9.034384]},"properties":{"name":"Gojam Berenda","lines":"AB012, AB023, AB030, AB041, AB052, AB088","arr":["AB012","AB023","AB030","AB041","AB052","AB088"],"terminus":0,"mode":"bus","color":"#0059a9","colorDark":"#00294f","angle":14.9,"snapDist":1,"label":0}},{"type":"Feature","geometry":{"type":"Point","coordinates":[38.734433,9.03431]},"properties":{"name":"Autobus Tera","lines":"AB012, ADK008, ADK013, ADK015, ADK023, ADK024, ADK053, ADK055, ARD013, Bole016, Bole020, Kal012, Kal035, Kolfa042, KRK006, YK019","arr":["AB012","ADK008","ADK013","ADK015","ADK023","ADK024","ADK053","ADK055","ARD013","Bole016","Bole020","Kal012","Kal035","Kolfa042","KRK006","YK019"],"terminus":1,"mode":"bus","color":"#0059a9","colorDark":"#00294f","angle":351.4,"mstop":"mix","snapDist":2,"label":1}},{"type":"Feature","geometry":{"type":"Point","coordinates":[38.785292,9.046526]},"properties":{"name":"Bela Mazorya","lines":"AB013","arr":["AB013"],"terminus":1,"mode":"bus","color":"#0059a9","colorDark":"#00294f","angle":342.3,"snapDist":1,"label":1}},{"type":"Feature","geometry":{"type":"Point","coordinates":[38.782727,9.045224]},"properties":{"name":"Talian Embase","lines":"AB013","arr":["AB013"],"terminus":0,"mode":"bus","color":"#0059a9","colorDark":"#00294f","angle":307.1,"snapDist":2,"label":1}},{"type":"Feature","geometry":{"type":"Point","coordinates":[38.778709,9.044983]},"properties":{"name":"Dildiy","lines":"AB013","arr":["AB013"],"terminus":0,"mode":"bus","color":"#0059a9","colorDark":"#00294f","angle":52.1,"snapDist":4,"label":1}},{"type":"Feature","geometry":{"type":"Point","coordinates":[38.777203,9.045244]},"properties":{"name":"Bela Taxy Tera","lines":"AB013","arr":["AB013"],"terminus":0,"mode":"bus","color":"#0059a9","colorDark":"#00294f","angle":313.2,"snapDist":1,"label":1}},{"type":"Feature","geometry":{"type":"Point","coordinates":[38.768745,9.046588]},"properties":{"name":"Jan Meda","lines":"AB013","arr":["AB013"],"terminus":0,"mode":"bus","color":"#0059a9","colorDark":"#00294f","angle":347.9,"snapDist":3,"label":0}},{"type":"Feature","geometry":{"type":"Point","coordinates":[38.761469,9.042665]},"properties":{"name":"Lion Zoo (PEPSI Kiosk)","lines":"AB013, AB055, SH095","arr":["AB013","AB055","SH095"],"terminus":0,"mode":"bus","color":"#0059a9","colorDark":"#00294f","angle":255.8,"snapDist":4,"label":1}},{"type":"Feature","geometry":{"type":"Point","coordinates":[38.761951,9.040831]},"properties":{"name":"5 Kilo University","lines":"AB013, AB017, AB031, AB041, AB053, AB055, AB056, AB110, AB122, SH027, SH028","arr":["AB013","AB017","AB031","AB041","AB053","AB055","AB056","AB110","AB122","SH027","SH028"],"terminus":0,"mode":"bus","color":"#0059a9","colorDark":"#00294f","angle":256.5,"snapDist":0,"label":1}},{"type":"Feature","geometry":{"type":"Point","coordinates":[38.762464,9.038573]},"properties":{"name":"5 Kilo (History Museum)","lines":"AB013, AB055, AB064, AB068","arr":["AB013","AB055","AB064","AB068"],"terminus":0,"mode":"bus","color":"#0059a9","colorDark":"#00294f","angle":258.8,"snapDist":4,"label":0}},{"type":"Feature","geometry":{"type":"Point","coordinates":[38.763009,9.035141]},"properties":{"name":"4 Kilo Minilik School","lines":"AB013, AB031, SH095","arr":["AB013","AB031","SH095"],"terminus":0,"mode":"bus","color":"#0059a9","colorDark":"#00294f","angle":262.4,"snapDist":4,"label":1}},{"type":"Feature","geometry":{"type":"Point","coordinates":[38.762508,9.033269]},"properties":{"name":"Arat Kilo","lines":"AB013, AB081, C17","arr":["AB013","AB081","C17"],"terminus":0,"mode":"bus","color":"#0059a9","colorDark":"#00294f","angle":24.3,"snapDist":0,"label":0}},{"type":"Feature","geometry":{"type":"Point","coordinates":[38.74133,9.034023]},"properties":{"name":"Raguel Church","lines":"AB013, AB015, AB040, AB052, AB089","arr":["AB013","AB015","AB040","AB052","AB089"],"terminus":1,"mode":"bus","color":"#0059a9","colorDark":"#00294f","angle":352.3,"snapDist":1,"label":0}},{"type":"Feature","geometry":{"type":"Point","coordinates":[38.76156,9.042713]},"properties":{"name":"Lion Zoo (PEPSI Kiosk)","lines":"AB013, AB017, AB031, AB110, AB122, SH027, SH028, SH095","arr":["AB013","AB017","AB031","AB110","AB122","SH027","SH028","SH095"],"terminus":0,"mode":"bus","color":"#0059a9","colorDark":"#00294f","angle":75.5,"snapDist":1,"label":0}},{"type":"Feature","geometry":{"type":"Point","coordinates":[38.768752,9.046589]},"properties":{"name":"Jan Meda","lines":"AB013","arr":["AB013"],"terminus":0,"mode":"bus","color":"#0059a9","colorDark":"#00294f","angle":167.9,"snapDist":1,"label":0}},{"type":"Feature","geometry":{"type":"Point","coordinates":[38.777208,9.045249]},"properties":{"name":"Bela Taxy Tera","lines":"AB013","arr":["AB013"],"terminus":0,"mode":"bus","color":"#0059a9","colorDark":"#00294f","angle":133.2,"snapDist":1,"label":0}},{"type":"Feature","geometry":{"type":"Point","coordinates":[38.778704,9.044988]},"properties":{"name":"Dildiy","lines":"AB013","arr":["AB013"],"terminus":0,"mode":"bus","color":"#0059a9","colorDark":"#00294f","angle":232.1,"snapDist":1,"label":0}},{"type":"Feature","geometry":{"type":"Point","coordinates":[38.78273,9.045228]},"properties":{"name":"Talian Embase","lines":"AB013","arr":["AB013"],"terminus":0,"mode":"bus","color":"#0059a9","colorDark":"#00294f","angle":127.1,"snapDist":2,"label":0}},{"type":"Feature","geometry":{"type":"Point","coordinates":[38.785293,9.046526]},"properties":{"name":"Bela Mazorya","lines":"AB013","arr":["AB013"],"terminus":1,"mode":"bus","color":"#0059a9","colorDark":"#00294f","angle":162.3,"snapDist":1,"label":0}},{"type":"Feature","geometry":{"type":"Point","coordinates":[38.785298,8.948588]},"properties":{"name":"Bole Bulbula","lines":"AB014, AB093, SH082","arr":["AB014","AB093","SH082"],"terminus":1,"mode":"bus","color":"#0059a9","colorDark":"#00294f","angle":104.6,"snapDist":1,"label":1}},{"type":"Feature","geometry":{"type":"Point","coordinates":[38.785675,8.96046]},"properties":{"name":"93 Mazoria","lines":"AB014, AB093, SH082","arr":["AB014","AB093","SH082"],"terminus":0,"mode":"bus","color":"#0059a9","colorDark":"#00294f","angle":114,"snapDist":4,"label":1}},{"type":"Feature","geometry":{"type":"Point","coordinates":[38.78731,8.96421]},"properties":{"name":"Key Afer","lines":"AB014, AB093, SH082","arr":["AB014","AB093","SH082"],"terminus":0,"mode":"bus","color":"#0059a9","colorDark":"#00294f","angle":98.8,"snapDist":1,"label":1}},{"type":"Feature","geometry":{"type":"Point","coordinates":[38.791199,8.987003]},"properties":{"name":"Bole Dildiy","lines":"AB014, AB048, AB093, AB125, SH082, SH089","arr":["AB014","AB048","AB093","AB125","SH082","SH089"],"terminus":0,"mode":"bus","color":"#0059a9","colorDark":"#00294f","angle":141.8,"snapDist":1,"label":1}},{"type":"Feature","geometry":{"type":"Point","coordinates":[38.784481,8.990836]},"properties":{"name":"Friendship","lines":"AB014, AB048, SH015, SH072, SH079, SH099","arr":["AB014","AB048","SH015","SH072","SH079","SH099"],"terminus":0,"mode":"bus","color":"#0059a9","colorDark":"#00294f","angle":21.9,"snapDist":2,"label":1}},{"type":"Feature","geometry":{"type":"Point","coordinates":[38.782219,8.991726]},"properties":{"name":"Heber Restaurant","lines":"AB014, AB048, SH099","arr":["AB014","AB048","SH099"],"terminus":0,"mode":"bus","color":"#0059a9","colorDark":"#00294f","angle":20.6,"snapDist":4,"label":1}},{"type":"Feature","geometry":{"type":"Point","coordinates":[38.77984,8.99236]},"properties":{"name":"Rwanda","lines":"AB014, AB048, AB052, SH015, SH072, SH079, SH099","arr":["AB014","AB048","AB052","SH015","SH072","SH079","SH099"],"terminus":0,"mode":"bus","color":"#0059a9","colorDark":"#00294f","angle":10.7,"snapDist":5,"label":1}},{"type":"Feature","geometry":{"type":"Point","coordinates":[38.774069,8.994627]},"properties":{"name":"Wollo Sefer","lines":"AB014, SH072","arr":["AB014","SH072"],"terminus":0,"mode":"bus","color":"#0059a9","colorDark":"#00294f","angle":43.6,"snapDist":4,"label":1}},{"type":"Feature","geometry":{"type":"Point","coordinates":[38.771798,8.997614]},"properties":{"name":"Bole Printing Press","lines":"AB014, AB048, SH027, SH099","arr":["AB014","AB048","SH027","SH099"],"terminus":0,"mode":"bus","color":"#0059a9","colorDark":"#00294f","angle":61.5,"snapDist":4,"label":1}},{"type":"Feature","geometry":{"type":"Point","coordinates":[38.769734,9.001394]},"properties":{"name":"Getu Commercial Center","lines":"AB014, AB048, SH015, SH079, SH099","arr":["AB014","AB048","SH015","SH079","SH099"],"terminus":0,"mode":"bus","color":"#0059a9","colorDark":"#00294f","angle":60.1,"snapDist":4,"label":1}},{"type":"Feature","geometry":{"type":"Point","coordinates":[38.757605,9.013824]},"properties":{"name":"Ghion Hotel (Enterance)","lines":"AB014, AB048, AB052, SH079, SH099","arr":["AB014","AB048","AB052","SH079","SH099"],"terminus":0,"mode":"bus","color":"#0059a9","colorDark":"#00294f","angle":46.9,"snapDist":1,"label":1}},{"type":"Feature","geometry":{"type":"Point","coordinates":[38.755277,9.016406]},"properties":{"name":"Ambassador","lines":"AB014, AB048, SH016, SH079, SH099","arr":["AB014","AB048","SH016","SH079","SH099"],"terminus":0,"mode":"bus","color":"#0059a9","colorDark":"#00294f","angle":48,"snapDist":6,"label":1}},{"type":"Feature","geometry":{"type":"Point","coordinates":[38.755141,9.016421]},"properties":{"name":"Ambassador","lines":"AB014, AB048, AB073, SH016, SH099","arr":["AB014","AB048","AB073","SH016","SH099"],"terminus":0,"mode":"bus","color":"#0059a9","colorDark":"#00294f","angle":228.9,"snapDist":5,"label":0}},{"type":"Feature","geometry":{"type":"Point","coordinates":[38.757454,9.013766]},"properties":{"name":"Ghion Hotel (Enterance)","lines":"AB014","arr":["AB014"],"terminus":0,"mode":"bus","color":"#0059a9","colorDark":"#00294f","angle":226.5,"snapDist":1,"label":0}},{"type":"Feature","geometry":{"type":"Point","coordinates":[38.763429,9.010057]},"properties":{"name":"Flamingo","lines":"AB014, AB048, AB053, SH015, SH027, SH072, SH079, SH099","arr":["AB014","AB048","AB053","SH015","SH027","SH072","SH079","SH099"],"terminus":0,"mode":"bus","color":"#0059a9","colorDark":"#00294f","angle":227.3,"snapDist":1,"label":1}},{"type":"Feature","geometry":{"type":"Point","coordinates":[38.767325,9.005615]},"properties":{"name":"Dembel City Center","lines":"AB014, AB053, SH015, SH027","arr":["AB014","AB053","SH015","SH027"],"terminus":0,"mode":"bus","color":"#0059a9","colorDark":"#00294f","angle":240.8,"snapDist":9,"label":1}},{"type":"Feature","geometry":{"type":"Point","coordinates":[38.769718,9.001137]},"properties":{"name":"Shewa Dabo","lines":"AB014, AB048, AB053, SH015, SH027, SH072, SH079, SH099","arr":["AB014","AB048","AB053","SH015","SH027","SH072","SH079","SH099"],"terminus":0,"mode":"bus","color":"#0059a9","colorDark":"#00294f","angle":242.6,"snapDist":1,"label":1}},{"type":"Feature","geometry":{"type":"Point","coordinates":[38.775095,8.993491]},"properties":{"name":"Wollo Sefer","lines":"AB014, AB048, AB053, SH079, SH099","arr":["AB014","AB048","AB053","SH079","SH099"],"terminus":0,"mode":"bus","color":"#0059a9","colorDark":"#00294f","angle":211.9,"snapDist":3,"label":0}},{"type":"Feature","geometry":{"type":"Point","coordinates":[38.779162,8.992343]},"properties":{"name":"RWANDA (Werbek House)","lines":"AB014, AB048, SH015, SH027, SH072, SH099","arr":["AB014","AB048","SH015","SH027","SH072","SH099"],"terminus":0,"mode":"bus","color":"#0059a9","colorDark":"#00294f","angle":190.4,"snapDist":5,"label":1}},{"type":"Feature","geometry":{"type":"Point","coordinates":[38.786023,8.990051]},"properties":{"name":"Friendship Building","lines":"AB014, SH015, SH027, SH072, SH079","arr":["AB014","SH015","SH027","SH072","SH079"],"terminus":0,"mode":"bus","color":"#0059a9","colorDark":"#00294f","angle":201.2,"snapDist":7,"label":1}},{"type":"Feature","geometry":{"type":"Point","coordinates":[38.790362,8.986724]},"properties":{"name":"Bole Bridge","lines":"AB014, AB076, AB093, AB125, SH082, SH089, SH092, SH096","arr":["AB014","AB076","AB093","AB125","SH082","SH089","SH092","SH096"],"terminus":0,"mode":"bus","color":"#0059a9","colorDark":"#00294f","angle":321.7,"snapDist":0,"label":0}},{"type":"Feature","geometry":{"type":"Point","coordinates":[38.787217,8.964192]},"properties":{"name":"Key Afer","lines":"AB014, AB093, SH082","arr":["AB014","AB093","SH082"],"terminus":0,"mode":"bus","color":"#0059a9","colorDark":"#00294f","angle":286.6,"snapDist":1,"label":0}},{"type":"Feature","geometry":{"type":"Point","coordinates":[38.785311,8.949037]},"properties":{"name":"Bole Bulbula","lines":"AB014, AB093, SH082","arr":["AB014","AB093","SH082"],"terminus":1,"mode":"bus","color":"#0059a9","colorDark":"#00294f","angle":285.7,"snapDist":1,"label":0}},{"type":"Feature","geometry":{"type":"Point","coordinates":[38.800019,9.022405]},"properties":{"name":"Megenagna","lines":"AB015, AB081, SH095","arr":["AB015","AB081","SH095"],"terminus":1,"mode":"bus","color":"#0059a9","colorDark":"#00294f","angle":29,"snapDist":1,"label":0}},{"type":"Feature","geometry":{"type":"Point","coordinates":[38.752619,9.032994]},"properties":{"name":"Piassa Arada (2)","lines":"AB015, AB019, AB081, SH016, SH079, TX001","arr":["AB015","AB019","AB081","SH016","SH079","TX001"],"terminus":0,"mode":"bus","color":"#0059a9","colorDark":"#00294f","angle":16.6,"mstop":"mix","snapDist":2,"label":1}},{"type":"Feature","geometry":{"type":"Point","coordinates":[38.79943,9.022496]},"properties":{"name":"Megenagna","lines":"AB015","arr":["AB015"],"terminus":1,"mode":"bus","color":"#0059a9","colorDark":"#00294f","angle":205.1,"snapDist":1,"label":0}},{"type":"Feature","geometry":{"type":"Point","coordinates":[38.759858,9.05838]},"properties":{"name":"Tsehay Chora (ShiroMeda)","lines":"AB016","arr":["AB016"],"terminus":0,"mode":"bus","color":"#0059a9","colorDark":"#00294f","angle":104.9,"snapDist":2,"label":1}},{"type":"Feature","geometry":{"type":"Point","coordinates":[38.771942,9.07728]},"properties":{"name":"Kidane Mihret","lines":"AB016","arr":["AB016"],"terminus":1,"mode":"bus","color":"#0059a9","colorDark":"#00294f","angle":116.9,"snapDist":16,"label":1}},{"type":"Feature","geometry":{"type":"Point","coordinates":[38.77196,9.077316]},"properties":{"name":"Kidane Mihret","lines":"AB016","arr":["AB016"],"terminus":1,"mode":"bus","color":"#0059a9","colorDark":"#00294f","angle":296.9,"snapDist":11,"label":0}},{"type":"Feature","geometry":{"type":"Point","coordinates":[38.762559,9.054155]},"properties":{"name":"Sebseba Maekel","lines":"AB017, AB056, AB122","arr":["AB017","AB056","AB122"],"terminus":0,"mode":"bus","color":"#0059a9","colorDark":"#00294f","angle":97.5,"snapDist":1,"label":1}},{"type":"Feature","geometry":{"type":"Point","coordinates":[38.761381,9.06182]},"properties":{"name":"Shero Meda","lines":"AB017, AB031, AB056, AB122, B37, SH035","arr":["AB017","AB031","AB056","AB122","B37","SH035"],"terminus":1,"mode":"bus","color":"#0059a9","colorDark":"#00294f","angle":68.4,"snapDist":1,"label":0}},{"type":"Feature","geometry":{"type":"Point","coordinates":[38.760717,9.069216]},"properties":{"name":"Selassie","lines":"AB017, AB122","arr":["AB017","AB122"],"terminus":0,"mode":"bus","color":"#0059a9","colorDark":"#00294f","angle":84.8,"snapDist":0,"label":1}},{"type":"Feature","geometry":{"type":"Point","coordinates":[38.759043,9.074528]},"properties":{"name":"Sanba Nekersa-Shiromeda","lines":"AB017, AB122","arr":["AB017","AB122"],"terminus":0,"mode":"bus","color":"#0059a9","colorDark":"#00294f","angle":95.9,"snapDist":2,"label":1}},{"type":"Feature","geometry":{"type":"Point","coordinates":[38.757248,9.077725]},"properties":{"name":"Kuskoam","lines":"AB017, AB122","arr":["AB017","AB122"],"terminus":0,"mode":"bus","color":"#0059a9","colorDark":"#00294f","angle":38.8,"snapDist":1,"label":1}},{"type":"Feature","geometry":{"type":"Point","coordinates":[38.76344,9.090793]},"properties":{"name":"Entoto Mariam","lines":"AB017, AB122","arr":["AB017","AB122"],"terminus":1,"mode":"bus","color":"#0059a9","colorDark":"#00294f","angle":18.9,"snapDist":1,"label":1}},{"type":"Feature","geometry":{"type":"Point","coordinates":[38.763439,9.090793]},"properties":{"name":"Entoto Mariam","lines":"AB017, AB122","arr":["AB017","AB122"],"terminus":1,"mode":"bus","color":"#0059a9","colorDark":"#00294f","angle":198.9,"snapDist":1,"label":0}},{"type":"Feature","geometry":{"type":"Point","coordinates":[38.757246,9.077727]},"properties":{"name":"Kuskoam","lines":"AB017, AB122","arr":["AB017","AB122"],"terminus":0,"mode":"bus","color":"#0059a9","colorDark":"#00294f","angle":220,"snapDist":1,"label":0}},{"type":"Feature","geometry":{"type":"Point","coordinates":[38.760717,9.069216]},"properties":{"name":"Shiromeda Selassie","lines":"AB017, AB122","arr":["AB017","AB122"],"terminus":0,"mode":"bus","color":"#0059a9","colorDark":"#00294f","angle":264.8,"snapDist":0,"label":1}},{"type":"Feature","geometry":{"type":"Point","coordinates":[38.761287,9.062287]},"properties":{"name":"Shero Meda","lines":"AB017, AB056, AB122, SH027, SH035","arr":["AB017","AB056","AB122","SH027","SH035"],"terminus":1,"mode":"bus","color":"#0059a9","colorDark":"#00294f","angle":261.9,"snapDist":4,"label":0}},{"type":"Feature","geometry":{"type":"Point","coordinates":[38.73728,9.030232]},"properties":{"name":"Autobis Tera","lines":"AB018, AB021, AB028, AB030, AB034, AB041, AB047, AB088, AB118, SH076","arr":["AB018","AB021","AB028","AB030","AB034","AB041","AB047","AB088","AB118","SH076"],"terminus":1,"mode":"bus","color":"#0059a9","colorDark":"#00294f","angle":236.5,"snapDist":1,"label":0}},{"type":"Feature","geometry":{"type":"Point","coordinates":[38.729442,9.033829]},"properties":{"name":"Darsema Grosery","lines":"AB018, AB021, SH076","arr":["AB018","AB021","SH076"],"terminus":0,"mode":"bus","color":"#0059a9","colorDark":"#00294f","angle":3.3,"snapDist":3,"label":1}},{"type":"Feature","geometry":{"type":"Point","coordinates":[38.724489,9.034444]},"properties":{"name":"Mesalemia","lines":"AB018, AB024, AB028, AB043, AB085, AB095, AB118, B35, B35B, SH076","arr":["AB018","AB024","AB028","AB043","AB085","AB095","AB118","B35","B35B","SH076"],"terminus":0,"mode":"bus","color":"#0059a9","colorDark":"#00294f","angle":41.8,"snapDist":1,"label":1}},{"type":"Feature","geometry":{"type":"Point","coordinates":[38.720905,9.037658]},"properties":{"name":"Chid Tera","lines":"AB018, AB021, SH076","arr":["AB018","AB021","SH076"],"terminus":0,"mode":"bus","color":"#0059a9","colorDark":"#00294f","angle":329.5,"snapDist":2,"label":1}},{"type":"Feature","geometry":{"type":"Point","coordinates":[38.716406,9.037029]},"properties":{"name":"Abysinia Coffee","lines":"AB018, SH076","arr":["AB018","SH076"],"terminus":0,"mode":"bus","color":"#0059a9","colorDark":"#00294f","angle":275.4,"snapDist":4,"label":1}},{"type":"Feature","geometry":{"type":"Point","coordinates":[38.714686,9.029546]},"properties":{"name":"Mebrathail","lines":"AB018, AB073, AB087, SH076","arr":["AB018","AB073","AB087","SH076"],"terminus":0,"mode":"bus","color":"#0059a9","colorDark":"#00294f","angle":265.7,"snapDist":1,"label":1}},{"type":"Feature","geometry":{"type":"Point","coordinates":[38.714969,9.024542]},"properties":{"name":"Meseret Edget","lines":"AB018, AB073, AB087, SH076","arr":["AB018","AB073","AB087","SH076"],"terminus":0,"mode":"bus","color":"#0059a9","colorDark":"#00294f","angle":267,"snapDist":2,"label":1}},{"type":"Feature","geometry":{"type":"Point","coordinates":[38.717689,9.017029]},"properties":{"name":"Kolfe Keranyo","lines":"AB018, AB087, SH076","arr":["AB018","AB087","SH076"],"terminus":0,"mode":"bus","color":"#0059a9","colorDark":"#00294f","angle":231.1,"snapDist":1,"label":1}},{"type":"Feature","geometry":{"type":"Point","coordinates":[38.708944,9.019447]},"properties":{"name":"Keranio Bridge","lines":"AB018, SH076","arr":["AB018","SH076"],"terminus":0,"mode":"bus","color":"#0059a9","colorDark":"#00294f","angle":320,"snapDist":0,"label":1}},{"type":"Feature","geometry":{"type":"Point","coordinates":[38.699494,9.018064]},"properties":{"name":"Kokebe","lines":"AB018, AB037, AB105, SH076","arr":["AB018","AB037","AB105","SH076"],"terminus":0,"mode":"bus","color":"#0059a9","colorDark":"#00294f","angle":11,"snapDist":2,"label":1}},{"type":"Feature","geometry":{"type":"Point","coordinates":[38.6954,9.01953]},"properties":{"name":"Yeshi Debele","lines":"AB018, AB037, AB105, SH076","arr":["AB018","AB037","AB105","SH076"],"terminus":1,"mode":"bus","color":"#0059a9","colorDark":"#00294f","angle":35.4,"snapDist":1,"label":1}},{"type":"Feature","geometry":{"type":"Point","coordinates":[38.695772,9.019078]},"properties":{"name":"Yeshi Debele","lines":"AB018, AB037, AB105, SH076","arr":["AB018","AB037","AB105","SH076"],"terminus":1,"mode":"bus","color":"#0059a9","colorDark":"#00294f","angle":206.3,"snapDist":0,"label":0}},{"type":"Feature","geometry":{"type":"Point","coordinates":[38.700645,9.017669]},"properties":{"name":"Keranio Adebabay","lines":"AB018, SH076","arr":["AB018","SH076"],"terminus":0,"mode":"bus","color":"#0059a9","colorDark":"#00294f","angle":187.4,"snapDist":1,"label":1}},{"type":"Feature","geometry":{"type":"Point","coordinates":[38.704974,9.01758]},"properties":{"name":"Medhanialem","lines":"AB018, SH076","arr":["AB018","SH076"],"terminus":0,"mode":"bus","color":"#0059a9","colorDark":"#00294f","angle":175.3,"snapDist":1,"label":1}},{"type":"Feature","geometry":{"type":"Point","coordinates":[38.70899,9.019387]},"properties":{"name":"Keranio Bridge","lines":"AB018, SH076","arr":["AB018","SH076"],"terminus":0,"mode":"bus","color":"#0059a9","colorDark":"#00294f","angle":136.3,"snapDist":0,"label":0}},{"type":"Feature","geometry":{"type":"Point","coordinates":[38.720657,9.013912]},"properties":{"name":"Tor Hailoch","lines":"AB018, AB073, AB087, SH076","arr":["AB018","AB073","AB087","SH076"],"terminus":0,"mode":"bus","color":"#0059a9","colorDark":"#00294f","angle":267.5,"snapDist":1,"label":1}},{"type":"Feature","geometry":{"type":"Point","coordinates":[38.720915,9.013939]},"properties":{"name":"Tor Hailoch","lines":"AB018, AB073, AB087, SH076","arr":["AB018","AB073","AB087","SH076"],"terminus":0,"mode":"bus","color":"#0059a9","colorDark":"#00294f","angle":84.6,"snapDist":0,"label":0}},{"type":"Feature","geometry":{"type":"Point","coordinates":[38.717755,9.01737]},"properties":{"name":"Kolfe Keranyo","lines":"AB018, AB073, AB087, SH076","arr":["AB018","AB073","AB087","SH076"],"terminus":0,"mode":"bus","color":"#0059a9","colorDark":"#00294f","angle":59.1,"snapDist":3,"label":0}},{"type":"Feature","geometry":{"type":"Point","coordinates":[38.715933,9.0213]},"properties":{"name":"Holand","lines":"AB018, AB073, AB087, SH076","arr":["AB018","AB073","AB087","SH076"],"terminus":0,"mode":"bus","color":"#0059a9","colorDark":"#00294f","angle":69.2,"snapDist":2,"label":1}},{"type":"Feature","geometry":{"type":"Point","coordinates":[38.71493,9.029495]},"properties":{"name":"Mebrathail","lines":"AB018, AB073, AB087, SH076","arr":["AB018","AB073","AB087","SH076"],"terminus":0,"mode":"bus","color":"#0059a9","colorDark":"#00294f","angle":87.5,"snapDist":1,"label":0}},{"type":"Feature","geometry":{"type":"Point","coordinates":[38.715146,9.03383]},"properties":{"name":"Degu Hotel","lines":"AB018, AB021, AB063, SH076","arr":["AB018","AB021","AB063","SH076"],"terminus":0,"mode":"bus","color":"#0059a9","colorDark":"#00294f","angle":154.1,"snapDist":2,"label":1}},{"type":"Feature","geometry":{"type":"Point","coordinates":[38.717385,9.037047]},"properties":{"name":"Kolfe","lines":"AB018, AB021, AB085, SH076","arr":["AB018","AB021","AB085","SH076"],"terminus":0,"mode":"bus","color":"#0059a9","colorDark":"#00294f","angle":220.3,"snapDist":0,"label":1}},{"type":"Feature","geometry":{"type":"Point","coordinates":[38.721598,9.037452]},"properties":{"name":"Chid Tera","lines":"AB018, AB021, AB063, AB085, SH076","arr":["AB018","AB021","AB063","AB085","SH076"],"terminus":0,"mode":"bus","color":"#0059a9","colorDark":"#00294f","angle":67.9,"snapDist":1,"label":0}},{"type":"Feature","geometry":{"type":"Point","coordinates":[38.725492,9.033869]},"properties":{"name":"Mesalemia (Area Police)","lines":"AB018, AB021, AB024, AB028, AB043, AB063, AB085, AB095, AB118, B35, B35B, SH076","arr":["AB018","AB021","AB024","AB028","AB043","AB063","AB085","AB095","AB118","B35","B35B","SH076"],"terminus":0,"mode":"bus","color":"#0059a9","colorDark":"#00294f","angle":184.5,"snapDist":1,"label":1}},{"type":"Feature","geometry":{"type":"Point","coordinates":[38.729845,9.033719]},"properties":{"name":"Autobus Tera","lines":"AB018, AB028, AB085, AB095, SH076","arr":["AB018","AB028","AB085","AB095","SH076"],"terminus":0,"mode":"bus","color":"#0059a9","colorDark":"#00294f","angle":183.8,"snapDist":1,"label":1}},{"type":"Feature","geometry":{"type":"Point","coordinates":[38.733798,9.03411]},"properties":{"name":"Autobis Tera (3)","lines":"AB018, AB021, AB095, B37, SH076","arr":["AB018","AB021","AB095","B37","SH076"],"terminus":1,"mode":"bus","color":"#0059a9","colorDark":"#00294f","angle":170.7,"snapDist":1,"label":1}},{"type":"Feature","geometry":{"type":"Point","coordinates":[38.745009,9.043402]},"properties":{"name":"Yohannes","lines":"AB019, AB081, AB108, AB111, C14","arr":["AB019","AB081","AB108","AB111","C14"],"terminus":0,"mode":"bus","color":"#0059a9","colorDark":"#00294f","angle":35.3,"snapDist":0,"label":1}},{"type":"Feature","geometry":{"type":"Point","coordinates":[38.742178,9.047233]},"properties":{"name":"Arbegnoch Primary School","lines":"AB019, AB081, C14","arr":["AB019","AB081","C14"],"terminus":0,"mode":"bus","color":"#0059a9","colorDark":"#00294f","angle":56.7,"snapDist":1,"label":1}},{"type":"Feature","geometry":{"type":"Point","coordinates":[38.737362,9.048104]},"properties":{"name":"Enqulal Fabrica","lines":"AB019, AB081, AB108, AB111, C14","arr":["AB019","AB081","AB108","AB111","C14"],"terminus":0,"mode":"bus","color":"#0059a9","colorDark":"#00294f","angle":289.1,"snapDist":1,"label":1}},{"type":"Feature","geometry":{"type":"Point","coordinates":[38.730183,9.046291]},"properties":{"name":"Pastor","lines":"AB019, AB047, AB081, AB111, B22, C14, SH012","arr":["AB019","AB047","AB081","AB111","B22","C14","SH012"],"terminus":0,"mode":"bus","color":"#0059a9","colorDark":"#00294f","angle":9.1,"snapDist":1,"label":1}},{"type":"Feature","geometry":{"type":"Point","coordinates":[38.727757,9.047416]},"properties":{"name":"Pawlos Hospital","lines":"AB019, AB047, AB081","arr":["AB019","AB047","AB081"],"terminus":0,"mode":"bus","color":"#0059a9","colorDark":"#00294f","angle":37.1,"snapDist":1,"label":1}},{"type":"Feature","geometry":{"type":"Point","coordinates":[38.722857,9.051154]},"properties":{"name":"Medhanialem","lines":"AB019, AB081, AB108, B22, C14, SH012","arr":["AB019","AB081","AB108","B22","C14","SH012"],"terminus":0,"mode":"bus","color":"#0059a9","colorDark":"#00294f","angle":31.4,"snapDist":1,"label":1}},{"type":"Feature","geometry":{"type":"Point","coordinates":[38.722164,9.051475]},"properties":{"name":"Finance","lines":"AB019, AB047, AB081, AB111","arr":["AB019","AB047","AB081","AB111"],"terminus":0,"mode":"bus","color":"#0059a9","colorDark":"#00294f","angle":27.8,"snapDist":1,"label":1}},{"type":"Feature","geometry":{"type":"Point","coordinates":[38.719895,9.053111]},"properties":{"name":"Finance","lines":"AB019, AB024, AB028, AB043, AB081, AB108","arr":["AB019","AB024","AB028","AB043","AB081","AB108"],"terminus":0,"mode":"bus","color":"#0059a9","colorDark":"#00294f","angle":27.9,"snapDist":2,"label":1}},{"type":"Feature","geometry":{"type":"Point","coordinates":[38.714984,9.054415]},"properties":{"name":"Winget Chaf","lines":"AB019, AB081","arr":["AB019","AB081"],"terminus":0,"mode":"bus","color":"#0059a9","colorDark":"#00294f","angle":6.4,"snapDist":1,"label":1}},{"type":"Feature","geometry":{"type":"Point","coordinates":[38.713875,9.055442]},"properties":{"name":"Winget","lines":"AB019, AB024, AB028, AB043, AB081, AB095, AB111, B22, C14, SH012","arr":["AB019","AB024","AB028","AB043","AB081","AB095","AB111","B22","C14","SH012"],"terminus":0,"mode":"bus","color":"#0059a9","colorDark":"#00294f","angle":74.8,"snapDist":2,"label":0}},{"type":"Feature","geometry":{"type":"Point","coordinates":[38.711644,9.057602]},"properties":{"name":"Awolia","lines":"AB019, AB024, AB028, AB043, AB081","arr":["AB019","AB024","AB028","AB043","AB081"],"terminus":0,"mode":"bus","color":"#0059a9","colorDark":"#00294f","angle":312.6,"snapDist":1,"label":1}},{"type":"Feature","geometry":{"type":"Point","coordinates":[38.706542,9.058235]},"properties":{"name":"Gulele Fana","lines":"AB019, AB024, AB081, AB111","arr":["AB019","AB024","AB081","AB111"],"terminus":0,"mode":"bus","color":"#0059a9","colorDark":"#00294f","angle":65.7,"snapDist":1,"label":1}},{"type":"Feature","geometry":{"type":"Point","coordinates":[38.705878,9.059876]},"properties":{"name":"Gulele","lines":"AB019, AB028, AB081","arr":["AB019","AB028","AB081"],"terminus":0,"mode":"bus","color":"#0059a9","colorDark":"#00294f","angle":22,"snapDist":1,"label":1}},{"type":"Feature","geometry":{"type":"Point","coordinates":[38.701013,9.061682]},"properties":{"name":"Chereta","lines":"AB019, AB024, AB028, AB081, AB111, B22, C14, SH012","arr":["AB019","AB024","AB028","AB081","AB111","B22","C14","SH012"],"terminus":0,"mode":"bus","color":"#0059a9","colorDark":"#00294f","angle":71.2,"snapDist":1,"label":1}},{"type":"Feature","geometry":{"type":"Point","coordinates":[38.698348,9.064056]},"properties":{"name":"Bercheko Fabrica (Asko)","lines":"AB019, AB028, AB081","arr":["AB019","AB028","AB081"],"terminus":0,"mode":"bus","color":"#0059a9","colorDark":"#00294f","angle":45.3,"snapDist":0,"label":1}},{"type":"Feature","geometry":{"type":"Point","coordinates":[38.692274,9.065291]},"properties":{"name":"Asko","lines":"AB019, AB024, AB028, AB081, AB111, B22, C14, SH012","arr":["AB019","AB024","AB028","AB081","AB111","B22","C14","SH012"],"terminus":1,"mode":"bus","color":"#0059a9","colorDark":"#00294f","angle":325.5,"snapDist":1,"label":1}},{"type":"Feature","geometry":{"type":"Point","coordinates":[38.690442,9.066581]},"properties":{"name":"Gebriel (Sansusi)","lines":"AB019, AB024, AB028, AB081","arr":["AB019","AB024","AB028","AB081"],"terminus":0,"mode":"bus","color":"#0059a9","colorDark":"#00294f","angle":89,"snapDist":1,"label":1}},{"type":"Feature","geometry":{"type":"Point","coordinates":[38.689096,9.071437]},"properties":{"name":"Sansusi","lines":"AB019, AB028, AB081, C14, SH012","arr":["AB019","AB028","AB081","C14","SH012"],"terminus":1,"mode":"bus","color":"#0059a9","colorDark":"#00294f","angle":168.3,"snapDist":2,"label":1}},{"type":"Feature","geometry":{"type":"Point","coordinates":[38.689089,9.071552]},"properties":{"name":"Sansusi","lines":"AB019, AB028, C14","arr":["AB019","AB028","C14"],"terminus":1,"mode":"bus","color":"#0059a9","colorDark":"#00294f","angle":328.7,"snapDist":10,"label":0}},{"type":"Feature","geometry":{"type":"Point","coordinates":[38.688969,9.071167]},"properties":{"name":"Sansusi","lines":"AB019, AB024, AB043, AB095, AB111","arr":["AB019","AB024","AB043","AB095","AB111"],"terminus":0,"mode":"bus","color":"#0059a9","colorDark":"#00294f","angle":228.6,"snapDist":0,"label":0}},{"type":"Feature","geometry":{"type":"Point","coordinates":[38.692809,9.065491]},"properties":{"name":"Asko","lines":"AB019, AB024, AB028, AB043, AB081, AB095, AB111, B22, C14, SH012","arr":["AB019","AB024","AB028","AB043","AB081","AB095","AB111","B22","C14","SH012"],"terminus":1,"mode":"bus","color":"#0059a9","colorDark":"#00294f","angle":151.6,"snapDist":2,"label":0}},{"type":"Feature","geometry":{"type":"Point","coordinates":[38.698312,9.063954]},"properties":{"name":"Bercheko Fabrica (Asko)","lines":"AB019, AB043","arr":["AB019","AB043"],"terminus":0,"mode":"bus","color":"#0059a9","colorDark":"#00294f","angle":224.5,"snapDist":3,"label":0}},{"type":"Feature","geometry":{"type":"Point","coordinates":[38.70102,9.061379]},"properties":{"name":"Chereta","lines":"AB019, AB024, AB028, AB043, AB081, AB111, B22, C14, SH012","arr":["AB019","AB024","AB028","AB043","AB081","AB111","B22","C14","SH012"],"terminus":0,"mode":"bus","color":"#0059a9","colorDark":"#00294f","angle":250.7,"snapDist":5,"label":0}},{"type":"Feature","geometry":{"type":"Point","coordinates":[38.706732,9.057802]},"properties":{"name":"Gulele Fana","lines":"AB019, AB024, AB028, AB094, AB108","arr":["AB019","AB024","AB028","AB094","AB108"],"terminus":0,"mode":"bus","color":"#0059a9","colorDark":"#00294f","angle":227.4,"snapDist":1,"label":0}},{"type":"Feature","geometry":{"type":"Point","coordinates":[38.711408,9.057257]},"properties":{"name":"Awolia","lines":"AB019, AB028, AB043, AB094, AB108, AB111","arr":["AB019","AB028","AB043","AB094","AB108","AB111"],"terminus":0,"mode":"bus","color":"#0059a9","colorDark":"#00294f","angle":136.1,"snapDist":0,"label":0}},{"type":"Feature","geometry":{"type":"Point","coordinates":[38.7135,9.056073]},"properties":{"name":"Winget","lines":"AB019, AB024, AB028, AB081, AB095, AB108, AB111, B22, C14, SH012","arr":["AB019","AB024","AB028","AB081","AB095","AB108","AB111","B22","C14","SH012"],"terminus":0,"mode":"bus","color":"#0059a9","colorDark":"#00294f","angle":258.5,"snapDist":5,"label":0}},{"type":"Feature","geometry":{"type":"Point","coordinates":[38.720192,9.052845]},"properties":{"name":"Finance","lines":"AB019, AB024, AB028, AB095, AB108, AB111","arr":["AB019","AB024","AB028","AB095","AB108","AB111"],"terminus":0,"mode":"bus","color":"#0059a9","colorDark":"#00294f","angle":204.4,"snapDist":1,"label":0}},{"type":"Feature","geometry":{"type":"Point","coordinates":[38.722058,9.051377]},"properties":{"name":"Medhanialem (TOTAL)","lines":"AB019, AB047, AB081, B22, C14, SH012","arr":["AB019","AB047","AB081","B22","C14","SH012"],"terminus":0,"mode":"bus","color":"#0059a9","colorDark":"#00294f","angle":209.2,"snapDist":1,"label":1}},{"type":"Feature","geometry":{"type":"Point","coordinates":[38.726139,9.048523]},"properties":{"name":"Pawlos Hospital (Saba Mosque)","lines":"AB019, AB047","arr":["AB019","AB047"],"terminus":0,"mode":"bus","color":"#0059a9","colorDark":"#00294f","angle":223.3,"snapDist":0,"label":1}},{"type":"Feature","geometry":{"type":"Point","coordinates":[38.730659,9.046087]},"properties":{"name":"Pastor","lines":"AB019, AB047, AB081, AB108, AB111, B22, C14, SH012","arr":["AB019","AB047","AB081","AB108","AB111","B22","C14","SH012"],"terminus":0,"mode":"bus","color":"#0059a9","colorDark":"#00294f","angle":180.6,"snapDist":1,"label":0}},{"type":"Feature","geometry":{"type":"Point","coordinates":[38.737678,9.048536]},"properties":{"name":"Enqulal Fabrica","lines":"AB019, AB081, AB108, C14","arr":["AB019","AB081","AB108","C14"],"terminus":0,"mode":"bus","color":"#0059a9","colorDark":"#00294f","angle":127.1,"snapDist":1,"label":0}},{"type":"Feature","geometry":{"type":"Point","coordinates":[38.749272,9.035893]},"properties":{"name":"Abune Petros","lines":"AB019, AB081, AB108, AB111, C14","arr":["AB019","AB081","AB108","AB111","C14"],"terminus":0,"mode":"bus","color":"#0059a9","colorDark":"#00294f","angle":241.7,"snapDist":0,"label":0}},{"type":"Feature","geometry":{"type":"Point","coordinates":[38.752862,9.035044]},"properties":{"name":"Piassa Arada","lines":"AB019, AB108, C17","arr":["AB019","AB108","C17"],"terminus":1,"mode":"bus","color":"#0059a9","colorDark":"#00294f","angle":243.6,"snapDist":111,"label":0}},{"type":"Feature","geometry":{"type":"Point","coordinates":[38.737566,9.07136]},"properties":{"name":"Dil Ber","lines":"AB020, AB045, SH097","arr":["AB020","AB045","SH097"],"terminus":1,"mode":"bus","color":"#0059a9","colorDark":"#00294f","angle":305.9,"snapDist":1,"label":1}},{"type":"Feature","geometry":{"type":"Point","coordinates":[38.732751,9.065385]},"properties":{"name":"Total (Dil Ber)","lines":"AB020, AB030, AB088, C31, SH097","arr":["AB020","AB030","AB088","C31","SH097"],"terminus":0,"mode":"bus","color":"#0059a9","colorDark":"#00294f","angle":286.8,"snapDist":1,"label":1}},{"type":"Feature","geometry":{"type":"Point","coordinates":[38.73318,9.063899]},"properties":{"name":"Tsion Cafe (Addisu Gebeya)","lines":"AB020, AB030, AB088, C31","arr":["AB020","AB030","AB088","C31"],"terminus":0,"mode":"bus","color":"#0059a9","colorDark":"#00294f","angle":239.1,"snapDist":2,"label":1}},{"type":"Feature","geometry":{"type":"Point","coordinates":[38.743428,9.052394]},"properties":{"name":"Semen Mazegaga","lines":"AB020, AB094, AB112, C31, SH080","arr":["AB020","AB094","AB112","C31","SH080"],"terminus":0,"mode":"bus","color":"#0059a9","colorDark":"#00294f","angle":236.4,"snapDist":6,"label":1}},{"type":"Feature","geometry":{"type":"Point","coordinates":[38.748127,9.045239]},"properties":{"name":"Semen Hotel","lines":"AB020, AB030, AB045, AB088, AB094, C31, C50, SH079, SH103","arr":["AB020","AB030","AB045","AB088","AB094","C31","C50","SH079","SH103"],"terminus":0,"mode":"bus","color":"#0059a9","colorDark":"#00294f","angle":62.8,"snapDist":1,"label":0}},{"type":"Feature","geometry":{"type":"Point","coordinates":[38.741151,9.055894]},"properties":{"name":"Del Ber School","lines":"AB020, AB030, AB088, AB094, AB104, AB112, C31, SH080, SH103","arr":["AB020","AB030","AB088","AB094","AB104","AB112","C31","SH080","SH103"],"terminus":0,"mode":"bus","color":"#0059a9","colorDark":"#00294f","angle":54.9,"snapDist":1,"label":1}},{"type":"Feature","geometry":{"type":"Point","coordinates":[38.735545,9.0616]},"properties":{"name":"Kelebat","lines":"AB020, AB030, AB088, C31","arr":["AB020","AB030","AB088","C31"],"terminus":0,"mode":"bus","color":"#0059a9","colorDark":"#00294f","angle":46.1,"snapDist":1,"label":1}},{"type":"Feature","geometry":{"type":"Point","coordinates":[38.732888,9.0648]},"properties":{"name":"Total (Dil Ber)","lines":"AB020, AB030, AB045, AB088, C31","arr":["AB020","AB030","AB045","AB088","C31"],"terminus":0,"mode":"bus","color":"#0059a9","colorDark":"#00294f","angle":71.8,"snapDist":3,"label":0}},{"type":"Feature","geometry":{"type":"Point","coordinates":[38.734785,9.067941]},"properties":{"name":"Oilibiya (Dil Ber)","lines":"AB020, AB030, AB088, C31","arr":["AB020","AB030","AB088","C31"],"terminus":0,"mode":"bus","color":"#0059a9","colorDark":"#00294f","angle":308.5,"snapDist":1,"label":1}},{"type":"Feature","geometry":{"type":"Point","coordinates":[38.737433,9.071095]},"properties":{"name":"Dil Ber","lines":"AB020, AB030, AB045, AB088, C31, SH097","arr":["AB020","AB030","AB045","AB088","C31","SH097"],"terminus":1,"mode":"bus","color":"#0059a9","colorDark":"#00294f","angle":129.5,"snapDist":1,"label":0}},{"type":"Feature","geometry":{"type":"Point","coordinates":[38.732542,9.03181]},"properties":{"name":"Autobis Tera (2)","lines":"AB021, B35, SH009, SH010","arr":["AB021","B35","SH009","SH010"],"terminus":1,"mode":"bus","color":"#0059a9","colorDark":"#00294f","angle":82.8,"snapDist":1,"label":1}},{"type":"Feature","geometry":{"type":"Point","coordinates":[38.73238,9.033025]},"properties":{"name":"Autobis Tera (1)","lines":"AB021, B19, SH040","arr":["AB021","B19","SH040"],"terminus":1,"mode":"bus","color":"#0059a9","colorDark":"#00294f","angle":79.4,"snapDist":1,"label":1}},{"type":"Feature","geometry":{"type":"Point","coordinates":[38.73121,9.033845]},"properties":{"name":"Merkato","lines":"AB021, AB118, B35, B35B","arr":["AB021","AB118","B35","B35B"],"terminus":1,"mode":"bus","color":"#0059a9","colorDark":"#00294f","angle":350.9,"snapDist":2,"label":1}},{"type":"Feature","geometry":{"type":"Point","coordinates":[38.721942,9.036643]},"properties":{"name":"Sefere Salam","lines":"AB021, AB024, AB028, AB043, AB085, AB118, B35, B35B","arr":["AB021","AB024","AB028","AB043","AB085","AB118","B35","B35B"],"terminus":0,"mode":"bus","color":"#0059a9","colorDark":"#00294f","angle":242.1,"snapDist":3,"label":1}},{"type":"Feature","geometry":{"type":"Point","coordinates":[38.713512,9.033568]},"properties":{"name":"18 Mazoria","lines":"AB021, AB085, AB118, B35, B35B, TX001","arr":["AB021","AB085","AB118","B35","B35B","TX001"],"terminus":0,"mode":"bus","color":"#0059a9","colorDark":"#00294f","angle":356,"mstop":"mix","snapDist":2,"label":0}},{"type":"Feature","geometry":{"type":"Point","coordinates":[38.708652,9.033294]},"properties":{"name":"Luwkanda","lines":"AB021, AB085, AB118, B35, B35B","arr":["AB021","AB085","AB118","B35","B35B"],"terminus":0,"mode":"bus","color":"#0059a9","colorDark":"#00294f","angle":358.3,"snapDist":3,"label":0}},{"type":"Feature","geometry":{"type":"Point","coordinates":[38.704962,9.033867]},"properties":{"name":"Comprensive","lines":"AB021, AB085, AB118, B35, B35B","arr":["AB021","AB085","AB118","B35","B35B"],"terminus":0,"mode":"bus","color":"#0059a9","colorDark":"#00294f","angle":17.6,"snapDist":2,"label":1}},{"type":"Feature","geometry":{"type":"Point","coordinates":[38.695121,9.032793]},"properties":{"name":"Realstate","lines":"AB021, AB085, AB118, B35, B35B","arr":["AB021","AB085","AB118","B35","B35B"],"terminus":0,"mode":"bus","color":"#0059a9","colorDark":"#00294f","angle":335.8,"snapDist":1,"label":1}},{"type":"Feature","geometry":{"type":"Point","coordinates":[38.688893,9.034062]},"properties":{"name":"Police Tabiya","lines":"AB021, AB085","arr":["AB021","AB085"],"terminus":0,"mode":"bus","color":"#0059a9","colorDark":"#00294f","angle":11.3,"snapDist":0,"label":1}},{"type":"Feature","geometry":{"type":"Point","coordinates":[38.687172,9.034372]},"properties":{"name":"Feli Doro (2)","lines":"AB021, AB085, AB118, B35, B35B","arr":["AB021","AB085","AB118","B35","B35B"],"terminus":1,"mode":"bus","color":"#0059a9","colorDark":"#00294f","angle":16.1,"snapDist":0,"label":1}},{"type":"Feature","geometry":{"type":"Point","coordinates":[38.685325,9.035376]},"properties":{"name":"Feli Doro","lines":"AB021","arr":["AB021"],"terminus":1,"mode":"bus","color":"#0059a9","colorDark":"#00294f","angle":212.5,"snapDist":2,"label":1}},{"type":"Feature","geometry":{"type":"Point","coordinates":[38.687526,9.034287]},"properties":{"name":"Feli Doro (1)","lines":"AB021","arr":["AB021"],"terminus":0,"mode":"bus","color":"#0059a9","colorDark":"#00294f","angle":190.6,"snapDist":1,"label":1}},{"type":"Feature","geometry":{"type":"Point","coordinates":[38.713078,9.033541]},"properties":{"name":"18 Mazoria","lines":"AB021, AB118, B35, B35B","arr":["AB021","AB118","B35","B35B"],"terminus":0,"mode":"bus","color":"#0059a9","colorDark":"#00294f","angle":175.8,"snapDist":1,"label":0}},{"type":"Feature","geometry":{"type":"Point","coordinates":[38.753298,9.01096]},"properties":{"name":"Legehar (Old Train Station)","lines":"AB022, AB032, AB036, AB055, AB057, AB058, AB062, AB067, AB090, AB102","arr":["AB022","AB032","AB036","AB055","AB057","AB058","AB062","AB067","AB090","AB102"],"terminus":1,"mode":"bus","color":"#0059a9","colorDark":"#00294f","angle":78.9,"snapDist":1,"label":1}},{"type":"Feature","geometry":{"type":"Point","coordinates":[38.757057,9.017567]},"properties":{"name":"Filweha (Hotsprings)","lines":"AB022, AB032, AB057, AB061, AB070, AB071, AB102, AB128, SH070","arr":["AB022","AB032","AB057","AB061","AB070","AB071","AB102","AB128","SH070"],"terminus":0,"mode":"bus","color":"#0059a9","colorDark":"#00294f","angle":173.7,"snapDist":1,"label":1}},{"type":"Feature","geometry":{"type":"Point","coordinates":[38.770672,9.019427]},"properties":{"name":"Azmari Bet (Traditional Music Club)","lines":"AB022, AB032, AB057, AB061, AB070, AB071, AB102, AB128, SH070","arr":["AB022","AB032","AB057","AB061","AB070","AB071","AB102","AB128","SH070"],"terminus":0,"mode":"bus","color":"#0059a9","colorDark":"#00294f","angle":98.5,"snapDist":3,"label":1}},{"type":"Feature","geometry":{"type":"Point","coordinates":[38.777234,9.023355]},"properties":{"name":"Women Square","lines":"AB022, AB032, AB057, AB061, AB071, AB102, AB128, SH070","arr":["AB022","AB032","AB057","AB061","AB071","AB102","AB128","SH070"],"terminus":0,"mode":"bus","color":"#0059a9","colorDark":"#00294f","angle":179.7,"snapDist":1,"label":1}},{"type":"Feature","geometry":{"type":"Point","coordinates":[38.781565,9.023374]},"properties":{"name":"Signal","lines":"AB022, AB032, AB057, AB071, AB102, AB128, SH070","arr":["AB022","AB032","AB057","AB071","AB102","AB128","SH070"],"terminus":0,"mode":"bus","color":"#0059a9","colorDark":"#00294f","angle":190.4,"snapDist":1,"label":1}},{"type":"Feature","geometry":{"type":"Point","coordinates":[38.786696,9.022138]},"properties":{"name":"Dinberwa Hospital","lines":"AB022, AB032, AB057, AB061, AB071, AB102, AB128, SH070","arr":["AB022","AB032","AB057","AB061","AB071","AB102","AB128","SH070"],"terminus":0,"mode":"bus","color":"#0059a9","colorDark":"#00294f","angle":195.3,"snapDist":1,"label":1}},{"type":"Feature","geometry":{"type":"Point","coordinates":[38.81328,9.019712]},"properties":{"name":"Century Mall","lines":"AB022, AB049, AB061, AB079, AB097, AB101, SH067","arr":["AB022","AB049","AB061","AB079","AB097","AB101","SH067"],"terminus":1,"mode":"bus","color":"#0059a9","colorDark":"#00294f","angle":183.4,"snapDist":4,"label":1}},{"type":"Feature","geometry":{"type":"Point","coordinates":[38.851323,8.995524]},"properties":{"name":"Saint Georgis","lines":"AB022","arr":["AB022"],"terminus":0,"mode":"bus","color":"#0059a9","colorDark":"#00294f","angle":263.5,"snapDist":1,"label":1}},{"type":"Feature","geometry":{"type":"Point","coordinates":[38.852655,8.990781]},"properties":{"name":"Summit Condominiums","lines":"AB022","arr":["AB022"],"terminus":0,"mode":"bus","color":"#0059a9","colorDark":"#00294f","angle":255.6,"snapDist":1,"label":1}},{"type":"Feature","geometry":{"type":"Point","coordinates":[38.85445,8.984606]},"properties":{"name":"Summit Condominiums","lines":"AB022","arr":["AB022"],"terminus":1,"mode":"bus","color":"#0059a9","colorDark":"#00294f","angle":253.8,"snapDist":0,"label":1}},{"type":"Feature","geometry":{"type":"Point","coordinates":[38.85327,8.990872]},"properties":{"name":"Summit Condominiums","lines":"AB022","arr":["AB022"],"terminus":0,"mode":"bus","color":"#0059a9","colorDark":"#00294f","angle":352.8,"snapDist":0,"label":0}},{"type":"Feature","geometry":{"type":"Point","coordinates":[38.851924,8.994197]},"properties":{"name":"Saint Georgis","lines":"AB022","arr":["AB022"],"terminus":0,"mode":"bus","color":"#0059a9","colorDark":"#00294f","angle":70.3,"snapDist":1,"label":0}},{"type":"Feature","geometry":{"type":"Point","coordinates":[38.850609,9.021115]},"properties":{"name":"CMC (Apartments)","lines":"AB022, AB079, AB097, AB126, AB127, D23, D46, SH066","arr":["AB022","AB079","AB097","AB126","AB127","D23","D46","SH066"],"terminus":0,"mode":"bus","color":"#0059a9","colorDark":"#00294f","angle":2.3,"snapDist":1,"label":0}},{"type":"Feature","geometry":{"type":"Point","coordinates":[38.826866,9.020372]},"properties":{"name":"Management Institute","lines":"AB022, AB049, AB061, AB097, AB101, AB119, AB126, AB127, D25, D46","arr":["AB022","AB049","AB061","AB097","AB101","AB119","AB126","AB127","D25","D46"],"terminus":1,"mode":"bus","color":"#0059a9","colorDark":"#00294f","angle":337.2,"snapDist":2,"label":1}},{"type":"Feature","geometry":{"type":"Point","coordinates":[38.820804,9.01904]},"properties":{"name":"Gurd-shola","lines":"AB022, SH067","arr":["AB022","SH067"],"terminus":0,"mode":"bus","color":"#0059a9","colorDark":"#00294f","angle":8.1,"snapDist":2,"label":0}},{"type":"Feature","geometry":{"type":"Point","coordinates":[38.779896,9.023296]},"properties":{"name":"Adwa Square","lines":"AB022","arr":["AB022"],"terminus":0,"mode":"bus","color":"#0059a9","colorDark":"#00294f","angle":7.8,"snapDist":1,"label":1}},{"type":"Feature","geometry":{"type":"Point","coordinates":[38.752573,9.016542]},"properties":{"name":"Beherawi Theatre","lines":"AB022, AB032, AB045, AB057, AB061","arr":["AB022","AB032","AB045","AB057","AB061"],"terminus":1,"mode":"bus","color":"#0059a9","colorDark":"#00294f","angle":263.2,"snapDist":2,"label":1}},{"type":"Feature","geometry":{"type":"Point","coordinates":[38.75322,9.01065]},"properties":{"name":"Legehar (Old Train Station)","lines":"AB022, AB025, AB031, AB036, AB045, AB055, AB057, AB058, AB060, AB061, AB062, AB068, AB090, AB102, AB105","arr":["AB022","AB025","AB031","AB036","AB045","AB055","AB057","AB058","AB060","AB061","AB062","AB068","AB090","AB102","AB105"],"terminus":1,"mode":"bus","color":"#0059a9","colorDark":"#00294f","angle":195,"snapDist":2,"label":0}},{"type":"Feature","geometry":{"type":"Point","coordinates":[38.733798,9.03411]},"properties":{"name":"Autobis Tera","lines":"AB023, AB052","arr":["AB023","AB052"],"terminus":1,"mode":"bus","color":"#0059a9","colorDark":"#00294f","angle":170.7,"snapDist":1,"label":1}},{"type":"Feature","geometry":{"type":"Point","coordinates":[38.756761,9.044465]},"properties":{"name":"Afincho Ber","lines":"AB023, AB089, AB112, SH080, SH101","arr":["AB023","AB089","AB112","SH080","SH101"],"terminus":0,"mode":"bus","color":"#0059a9","colorDark":"#00294f","angle":222.8,"snapDist":3,"label":1}},{"type":"Feature","geometry":{"type":"Point","coordinates":[38.771933,9.038834]},"properties":{"name":"Menlik Hospital","lines":"AB023, AB068, AB080, AB083, AB089, SH035","arr":["AB023","AB068","AB080","AB083","AB089","SH035"],"terminus":1,"mode":"bus","color":"#0059a9","colorDark":"#00294f","angle":202.3,"snapDist":2,"label":1}},{"type":"Feature","geometry":{"type":"Point","coordinates":[38.817852,9.023692]},"properties":{"name":"Lamberet","lines":"AB023","arr":["AB023"],"terminus":1,"mode":"bus","color":"#0059a9","colorDark":"#00294f","angle":326.6,"snapDist":0,"label":1}},{"type":"Feature","geometry":{"type":"Point","coordinates":[38.804857,9.020869]},"properties":{"name":"Megenagna","lines":"AB023","arr":["AB023"],"terminus":0,"mode":"bus","color":"#0059a9","colorDark":"#00294f","angle":333,"snapDist":0,"label":0}},{"type":"Feature","geometry":{"type":"Point","coordinates":[38.798423,9.023237]},"properties":{"name":"Shola","lines":"AB023","arr":["AB023"],"terminus":0,"mode":"bus","color":"#0059a9","colorDark":"#00294f","angle":30.7,"snapDist":1,"label":1}},{"type":"Feature","geometry":{"type":"Point","coordinates":[38.788826,9.028927]},"properties":{"name":"Abebe Sook","lines":"AB023, AB040, AB064, AB080, AB081, AB089, C17, SH035, SH095","arr":["AB023","AB040","AB064","AB080","AB081","AB089","C17","SH035","SH095"],"terminus":0,"mode":"bus","color":"#0059a9","colorDark":"#00294f","angle":32,"snapDist":1,"label":0}},{"type":"Feature","geometry":{"type":"Point","coordinates":[38.773052,9.038575]},"properties":{"name":"Menelik II Hospital","lines":"AB023, AB068, AB080, AB083, AB112, SH035, SH080","arr":["AB023","AB068","AB080","AB083","AB112","SH035","SH080"],"terminus":1,"mode":"bus","color":"#0059a9","colorDark":"#00294f","angle":20,"snapDist":1,"label":1}},{"type":"Feature","geometry":{"type":"Point","coordinates":[38.764204,9.042965]},"properties":{"name":"6 Kilo","lines":"AB023, AB112, SH080","arr":["AB023","AB112","SH080"],"terminus":0,"mode":"bus","color":"#0059a9","colorDark":"#00294f","angle":27.1,"snapDist":1,"label":1}},{"type":"Feature","geometry":{"type":"Point","coordinates":[38.756854,9.044563]},"properties":{"name":"Afincho Ber","lines":"AB023, AB112, SH080, SH101","arr":["AB023","AB112","SH080","SH101"],"terminus":0,"mode":"bus","color":"#0059a9","colorDark":"#00294f","angle":42.6,"snapDist":3,"label":0}},{"type":"Feature","geometry":{"type":"Point","coordinates":[38.732551,9.034042]},"properties":{"name":"Autobis Tera","lines":"AB023","arr":["AB023"],"terminus":1,"mode":"bus","color":"#0059a9","colorDark":"#00294f","angle":351.6,"snapDist":1,"label":0}},{"type":"Feature","geometry":{"type":"Point","coordinates":[38.737203,9.031108]},"properties":{"name":"Autobis Tera","lines":"AB024, AB118","arr":["AB024","AB118"],"terminus":1,"mode":"bus","color":"#0059a9","colorDark":"#00294f","angle":55.7,"snapDist":1,"label":0}},{"type":"Feature","geometry":{"type":"Point","coordinates":[38.72128,9.04091]},"properties":{"name":"Woreda 7 TVET","lines":"AB024, AB028, AB043","arr":["AB024","AB028","AB043"],"terminus":0,"mode":"bus","color":"#0059a9","colorDark":"#00294f","angle":100.7,"snapDist":0,"label":1}},{"type":"Feature","geometry":{"type":"Point","coordinates":[38.72109,9.050783]},"properties":{"name":"Ras Hailu (Medhanialem)","lines":"AB024, AB028","arr":["AB024","AB028"],"terminus":0,"mode":"bus","color":"#0059a9","colorDark":"#00294f","angle":113,"snapDist":0,"label":1}},{"type":"Feature","geometry":{"type":"Point","coordinates":[38.68856,9.071531]},"properties":{"name":"Sansusi","lines":"AB024, AB043, AB111","arr":["AB024","AB043","AB111"],"terminus":0,"mode":"bus","color":"#0059a9","colorDark":"#00294f","angle":21.8,"snapDist":3,"label":0}},{"type":"Feature","geometry":{"type":"Point","coordinates":[38.678329,9.07348]},"properties":{"name":"Keta Medhanialem","lines":"AB024","arr":["AB024"],"terminus":0,"mode":"bus","color":"#0059a9","colorDark":"#00294f","angle":59.4,"snapDist":1,"label":1}},{"type":"Feature","geometry":{"type":"Point","coordinates":[38.664703,9.070737]},"properties":{"name":"Burayu","lines":"AB024, AB095","arr":["AB024","AB095"],"terminus":0,"mode":"bus","color":"#0059a9","colorDark":"#00294f","angle":333.4,"snapDist":1,"label":1}},{"type":"Feature","geometry":{"type":"Point","coordinates":[38.648192,9.06611]},"properties":{"name":"Gefersa","lines":"AB024, AB095, AB111","arr":["AB024","AB095","AB111"],"terminus":1,"mode":"bus","color":"#0059a9","colorDark":"#00294f","angle":316.9,"snapDist":1,"label":1}},{"type":"Feature","geometry":{"type":"Point","coordinates":[38.647694,9.065144]},"properties":{"name":"Dire Sololiya","lines":"AB024","arr":["AB024"],"terminus":1,"mode":"bus","color":"#0059a9","colorDark":"#00294f","angle":274.2,"snapDist":0,"label":1}},{"type":"Feature","geometry":{"type":"Point","coordinates":[38.647802,9.065191]},"properties":{"name":"Dire Sololiya","lines":"AB024","arr":["AB024"],"terminus":1,"mode":"bus","color":"#0059a9","colorDark":"#00294f","angle":96,"snapDist":0,"label":0}},{"type":"Feature","geometry":{"type":"Point","coordinates":[38.655516,9.066458]},"properties":{"name":"Tsedenya Mariam","lines":"AB024, AB095","arr":["AB024","AB095"],"terminus":0,"mode":"bus","color":"#0059a9","colorDark":"#00294f","angle":188.9,"snapDist":1,"label":1}},{"type":"Feature","geometry":{"type":"Point","coordinates":[38.665348,9.068734]},"properties":{"name":"Burayu","lines":"AB024, AB095","arr":["AB024","AB095"],"terminus":0,"mode":"bus","color":"#0059a9","colorDark":"#00294f","angle":77.6,"snapDist":1,"label":1}},{"type":"Feature","geometry":{"type":"Point","coordinates":[38.678261,9.073403]},"properties":{"name":"Keta Medhanialem","lines":"AB024","arr":["AB024"],"terminus":0,"mode":"bus","color":"#0059a9","colorDark":"#00294f","angle":238.7,"snapDist":2,"label":0}},{"type":"Feature","geometry":{"type":"Point","coordinates":[38.681627,9.070764]},"properties":{"name":"Andnet Hotel","lines":"AB024","arr":["AB024"],"terminus":0,"mode":"bus","color":"#0059a9","colorDark":"#00294f","angle":111.3,"snapDist":2,"label":1}},{"type":"Feature","geometry":{"type":"Point","coordinates":[38.681996,9.07201]},"properties":{"name":"Keta","lines":"AB024, AB095","arr":["AB024","AB095"],"terminus":0,"mode":"bus","color":"#0059a9","colorDark":"#00294f","angle":115.7,"snapDist":1,"label":1}},{"type":"Feature","geometry":{"type":"Point","coordinates":[38.690272,9.066872]},"properties":{"name":"Gebriel (Sansusi)","lines":"AB024","arr":["AB024"],"terminus":0,"mode":"bus","color":"#0059a9","colorDark":"#00294f","angle":250.8,"snapDist":1,"label":0}},{"type":"Feature","geometry":{"type":"Point","coordinates":[38.72117,9.05097]},"properties":{"name":"Ras Hailu (Medhanialem)","lines":"AB024, AB028, AB043, AB095","arr":["AB024","AB028","AB043","AB095"],"terminus":0,"mode":"bus","color":"#0059a9","colorDark":"#00294f","angle":296.2,"snapDist":1,"label":0}},{"type":"Feature","geometry":{"type":"Point","coordinates":[38.719978,9.046246]},"properties":{"name":"Girum Hospital","lines":"AB024, AB028, AB043","arr":["AB024","AB028","AB043"],"terminus":0,"mode":"bus","color":"#0059a9","colorDark":"#00294f","angle":283.6,"snapDist":1,"label":1}},{"type":"Feature","geometry":{"type":"Point","coordinates":[38.731227,9.033776]},"properties":{"name":"Merkato","lines":"AB024, AB118, B35, B35B","arr":["AB024","AB118","B35","B35B"],"terminus":1,"mode":"bus","color":"#0059a9","colorDark":"#00294f","angle":171.1,"snapDist":2,"label":0}},{"type":"Feature","geometry":{"type":"Point","coordinates":[38.736578,9.031221]},"properties":{"name":"Autobis Tera","lines":"AB024, AB028, AB030, AB043, AB047, AB088","arr":["AB024","AB028","AB030","AB043","AB047","AB088"],"terminus":1,"mode":"bus","color":"#0059a9","colorDark":"#00294f","angle":257.8,"snapDist":0,"label":0}},{"type":"Feature","geometry":{"type":"Point","coordinates":[38.796165,8.859765]},"properties":{"name":"Akaki Korkoro","lines":"AB025","arr":["AB025"],"terminus":1,"mode":"bus","color":"#0059a9","colorDark":"#00294f","angle":228,"snapDist":2,"label":1}},{"type":"Feature","geometry":{"type":"Point","coordinates":[38.788807,8.873897]},"properties":{"name":"Akaki Beretaberet","lines":"AB025","arr":["AB025"],"terminus":0,"mode":"bus","color":"#0059a9","colorDark":"#00294f","angle":-102.7,"snapDist":7,"label":1}},{"type":"Feature","geometry":{"type":"Point","coordinates":[38.786615,8.876904]},"properties":{"name":"Meshuwalekia Akaki","lines":"AB025","arr":["AB025"],"terminus":0,"mode":"bus","color":"#0059a9","colorDark":"#00294f","angle":220.1,"snapDist":15,"label":1}},{"type":"Feature","geometry":{"type":"Point","coordinates":[38.785532,8.884453]},"properties":{"name":"08 Adarash","lines":"AB025","arr":["AB025"],"terminus":0,"mode":"bus","color":"#0059a9","colorDark":"#00294f","angle":220.4,"snapDist":7,"label":1}},{"type":"Feature","geometry":{"type":"Point","coordinates":[38.783831,8.885711]},"properties":{"name":"Gelan Condominium","lines":"AB025","arr":["AB025"],"terminus":0,"mode":"bus","color":"#0059a9","colorDark":"#00294f","angle":310.2,"snapDist":8,"label":1}},{"type":"Feature","geometry":{"type":"Point","coordinates":[38.782098,8.886884]},"properties":{"name":"Derartu","lines":"AB025, Kal011, Kal030, Kal034, Kal035, Lafto038, Lafto039","arr":["AB025","Kal011","Kal030","Kal034","Kal035","Lafto038","Lafto039"],"terminus":0,"mode":"bus","color":"#0059a9","colorDark":"#00294f","angle":32.1,"mstop":"mix","snapDist":5,"label":1}},{"type":"Feature","geometry":{"type":"Point","coordinates":[38.776828,8.891083]},"properties":{"name":"Gojo Hotel","lines":"AB025","arr":["AB025"],"terminus":0,"mode":"bus","color":"#0059a9","colorDark":"#00294f","angle":220.5,"snapDist":0,"label":1}},{"type":"Feature","geometry":{"type":"Point","coordinates":[38.772974,8.894927]},"properties":{"name":"Kality Total","lines":"AB025, ADK015, ARD004, Kal002, Kal003, Kal012, Kal013, Kal017, Kal021, Kal022, Kal030, Kal032, Kal033, Kal034, Kal035, KRK008, Lafto012, Lafto038, Lafto039, Lafto043, Lafto045, YK009","arr":["AB025","ADK015","ARD004","Kal002","Kal003","Kal012","Kal013","Kal017","Kal021","Kal022","Kal030","Kal032","Kal033","Kal034","Kal035","KRK008","Lafto012","Lafto038","Lafto039","Lafto043","Lafto045","YK009"],"terminus":1,"mode":"bus","color":"#0059a9","colorDark":"#00294f","angle":42.6,"mstop":"mix","snapDist":5,"label":1}},{"type":"Feature","geometry":{"type":"Point","coordinates":[38.772185,8.89576]},"properties":{"name":"kality Meneharia","lines":"AB025, ADK015, ARD011, Kal012, Kal032, Kal035, Lafto028, Lafto045, TX005","arr":["AB025","ADK015","ARD011","Kal012","Kal032","Kal035","Lafto028","Lafto045","TX005"],"terminus":1,"mode":"bus","color":"#0059a9","colorDark":"#00294f","angle":-132.4,"mstop":"mix","snapDist":9,"label":1}},{"type":"Feature","geometry":{"type":"Point","coordinates":[38.770489,8.897424]},"properties":{"name":"Kality Menaheria","lines":"AB025, Kal003, Kal021, Kal022, Kal030, Kal034, Lafto012, Lafto038, Lafto039, Lafto043","arr":["AB025","Kal003","Kal021","Kal022","Kal030","Kal034","Lafto012","Lafto038","Lafto039","Lafto043"],"terminus":0,"mode":"bus","color":"#0059a9","colorDark":"#00294f","angle":-136.4,"mstop":"mix","snapDist":7,"label":1}},{"type":"Feature","geometry":{"type":"Point","coordinates":[38.765576,8.906898]},"properties":{"name":"Kality Cheralia","lines":"AB025, Kal001, Lafto045","arr":["AB025","Kal001","Lafto045"],"terminus":0,"mode":"bus","color":"#0059a9","colorDark":"#00294f","angle":-113.2,"mstop":"mix","snapDist":14,"label":1}},{"type":"Feature","geometry":{"type":"Point","coordinates":[38.764636,8.909352]},"properties":{"name":"Kality Gebriel","lines":"AB025, ADK015, Kal001, Kal003, Kal009, Kal011, Kal012, Kal013, Kal017, Kal021, Kal022, Kal030, Kal032, Kal034, Kal035, Lafto012, Lafto038, Lafto039, Lafto043, Lafto045","arr":["AB025","ADK015","Kal001","Kal003","Kal009","Kal011","Kal012","Kal013","Kal017","Kal021","Kal022","Kal030","Kal032","Kal034","Kal035","Lafto012","Lafto038","Lafto039","Lafto043","Lafto045"],"terminus":0,"mode":"bus","color":"#0059a9","colorDark":"#00294f","angle":-107.7,"mstop":"mix","snapDist":9,"label":1}},{"type":"Feature","geometry":{"type":"Point","coordinates":[38.763657,8.91927]},"properties":{"name":"Sheger building","lines":"AB025, Kal013, Lafto028, Lafto045","arr":["AB025","Kal013","Lafto028","Lafto045"],"terminus":0,"mode":"bus","color":"#0059a9","colorDark":"#00294f","angle":-83,"mstop":"mix","snapDist":10,"label":1}},{"type":"Feature","geometry":{"type":"Point","coordinates":[38.764943,8.923361]},"properties":{"name":"Kality (Correctional Facility)","lines":"AB025, AB098, AB104, AB109, AB110, SH083, SH090, SH091","arr":["AB025","AB098","AB104","AB109","AB110","SH083","SH090","SH091"],"terminus":0,"mode":"bus","color":"#0059a9","colorDark":"#00294f","angle":-58.3,"snapDist":11,"label":0}},{"type":"Feature","geometry":{"type":"Point","coordinates":[38.768245,8.929594]},"properties":{"name":"Wuhalimat","lines":"AB025, Kal003, Kal009, Kal011, Kal021, Kal022, Kal030, Kal034, KRK008, Lafto012, Lafto028, Lafto038, Lafto039, Lafto043, Lafto045","arr":["AB025","Kal003","Kal009","Kal011","Kal021","Kal022","Kal030","Kal034","KRK008","Lafto012","Lafto028","Lafto038","Lafto039","Lafto043","Lafto045"],"terminus":0,"mode":"bus","color":"#0059a9","colorDark":"#00294f","angle":90.5,"mstop":"mix","snapDist":9,"label":1}},{"type":"Feature","geometry":{"type":"Point","coordinates":[38.767077,8.932112]},"properties":{"name":"kality Maseltegna","lines":"AB025, ARD011, Kal002, Kal003, Kal011, Kal017, Kal021, Kal022, Kal030, Kal033, Kal034, Lafto012, Lafto038, Lafto039, Lafto043, Lafto045, TX005, YK009","arr":["AB025","ARD011","Kal002","Kal003","Kal011","Kal017","Kal021","Kal022","Kal030","Kal033","Kal034","Lafto012","Lafto038","Lafto039","Lafto043","Lafto045","TX005","YK009"],"terminus":0,"mode":"bus","color":"#0059a9","colorDark":"#00294f","angle":56.6,"mstop":"mix","snapDist":1,"label":1}},{"type":"Feature","geometry":{"type":"Point","coordinates":[38.764718,8.935871]},"properties":{"name":"kality Maseltegna","lines":"AB025, ADK015, Kal011, Kal012, Kal013, Kal032, Kal035, KRK008","arr":["AB025","ADK015","Kal011","Kal012","Kal013","Kal032","Kal035","KRK008"],"terminus":0,"mode":"bus","color":"#0059a9","colorDark":"#00294f","angle":62,"mstop":"mix","snapDist":4,"label":1}},{"type":"Feature","geometry":{"type":"Point","coordinates":[38.763169,8.938048]},"properties":{"name":"Kality Customs","lines":"AB025, ADK015, Kal011, Kal012, Kal013, Kal032, Kal035","arr":["AB025","ADK015","Kal011","Kal012","Kal013","Kal032","Kal035"],"terminus":0,"mode":"bus","color":"#0059a9","colorDark":"#00294f","angle":50.3,"mstop":"mix","snapDist":2,"label":1}},{"type":"Feature","geometry":{"type":"Point","coordinates":[38.766637,8.944187]},"properties":{"name":"Saris Abo","lines":"AB025, ADK015, Kal012, Kal013, Kal017, Kal032, Kal035, KRK008","arr":["AB025","ADK015","Kal012","Kal013","Kal017","Kal032","Kal035","KRK008"],"terminus":0,"mode":"bus","color":"#0059a9","colorDark":"#00294f","angle":88.3,"mstop":"mix","snapDist":1,"label":0}},{"type":"Feature","geometry":{"type":"Point","coordinates":[38.763969,8.957184]},"properties":{"name":"Adey abada","lines":"AB025, ADK024, ADK047, ADK048, Kal017, KRK008, KRK014, Lafto012","arr":["AB025","ADK024","ADK047","ADK048","Kal017","KRK008","KRK014","Lafto012"],"terminus":0,"mode":"bus","color":"#0059a9","colorDark":"#00294f","angle":95.8,"mstop":"mix","snapDist":5,"label":1}},{"type":"Feature","geometry":{"type":"Point","coordinates":[38.763303,8.963883]},"properties":{"name":"Kadisco","lines":"AB025","arr":["AB025"],"terminus":0,"mode":"bus","color":"#0059a9","colorDark":"#00294f","angle":81.9,"snapDist":3,"label":1}},{"type":"Feature","geometry":{"type":"Point","coordinates":[38.762053,8.969729]},"properties":{"name":"St. Joseph Church","lines":"AB025, AB056, SH086","arr":["AB025","AB056","SH086"],"terminus":0,"mode":"bus","color":"#0059a9","colorDark":"#00294f","angle":64.1,"snapDist":1,"label":1}},{"type":"Feature","geometry":{"type":"Point","coordinates":[38.759972,8.986763]},"properties":{"name":"Agona","lines":"AB025, ADK015, ARD002, ARD004, ARD008, Kal012, Kal017, Kal032, Kal035, KRK008, KRK011, KRK014","arr":["AB025","ADK015","ARD002","ARD004","ARD008","Kal012","Kal017","Kal032","Kal035","KRK008","KRK011","KRK014"],"terminus":0,"mode":"bus","color":"#0059a9","colorDark":"#00294f","angle":92,"mstop":"mix","snapDist":1,"label":1}},{"type":"Feature","geometry":{"type":"Point","coordinates":[38.759253,8.990641]},"properties":{"name":"Lancha","lines":"AB025, Kal017","arr":["AB025","Kal017"],"terminus":0,"mode":"bus","color":"#0059a9","colorDark":"#00294f","angle":80.9,"mstop":"mix","snapDist":5,"label":1}},{"type":"Feature","geometry":{"type":"Point","coordinates":[38.759812,8.994185]},"properties":{"name":"Global Hotel","lines":"AB025, AB056, AB110, SH086","arr":["AB025","AB056","AB110","SH086"],"terminus":0,"mode":"bus","color":"#0059a9","colorDark":"#00294f","angle":105.3,"snapDist":1,"label":1}},{"type":"Feature","geometry":{"type":"Point","coordinates":[38.758693,9.00005]},"properties":{"name":"Tele Garage","lines":"AB025, ADK015, ARD002, ARD008, Kal012, Kal017, Kal032, Kal035, KRK008, KRK011, KRK014","arr":["AB025","ADK015","ARD002","ARD008","Kal012","Kal017","Kal032","Kal035","KRK008","KRK011","KRK014"],"terminus":0,"mode":"bus","color":"#0059a9","colorDark":"#00294f","angle":93.9,"mstop":"mix","snapDist":1,"label":1}},{"type":"Feature","geometry":{"type":"Point","coordinates":[38.75888,9.004181]},"properties":{"name":"Riche","lines":"AB025, ADK015, ARD002, ARD004, ARD008, Kal012, Kal017, Kal032, Kal035, KRK008, KRK011, KRK014","arr":["AB025","ADK015","ARD002","ARD004","ARD008","Kal012","Kal017","Kal032","Kal035","KRK008","KRK011","KRK014"],"terminus":0,"mode":"bus","color":"#0059a9","colorDark":"#00294f","angle":92.2,"mstop":"mix","snapDist":1,"label":1}},{"type":"Feature","geometry":{"type":"Point","coordinates":[38.759175,9.009802]},"properties":{"name":"St. Joseph School","lines":"AB025","arr":["AB025"],"terminus":0,"mode":"bus","color":"#0059a9","colorDark":"#00294f","angle":94.8,"snapDist":1,"label":1}},{"type":"Feature","geometry":{"type":"Point","coordinates":[38.759084,9.010526]},"properties":{"name":"Admas University College","lines":"AB025, AB056, AB110, SH016, SH028","arr":["AB025","AB056","AB110","SH016","SH028"],"terminus":0,"mode":"bus","color":"#0059a9","colorDark":"#00294f","angle":277.5,"snapDist":4,"label":1}},{"type":"Feature","geometry":{"type":"Point","coordinates":[38.758723,9.004325]},"properties":{"name":"Riche","lines":"AB025, AB056, AB110, SH016, SH028","arr":["AB025","AB056","AB110","SH016","SH028"],"terminus":0,"mode":"bus","color":"#0059a9","colorDark":"#00294f","angle":271.7,"snapDist":3,"label":0}},{"type":"Feature","geometry":{"type":"Point","coordinates":[38.759604,8.98822]},"properties":{"name":"Agona Cinema","lines":"AB025, AB056, AB110, SH016, SH028, SH086","arr":["AB025","AB056","AB110","SH016","SH028","SH086"],"terminus":0,"mode":"bus","color":"#0059a9","colorDark":"#00294f","angle":255.3,"snapDist":3,"label":1}},{"type":"Feature","geometry":{"type":"Point","coordinates":[38.76378,8.957266]},"properties":{"name":"Adey Abeba","lines":"AB025, AB110","arr":["AB025","AB110"],"terminus":0,"mode":"bus","color":"#0059a9","colorDark":"#00294f","angle":275.9,"snapDist":2,"label":0}},{"type":"Feature","geometry":{"type":"Point","coordinates":[38.763437,8.953572]},"properties":{"name":"Saris","lines":"AB025, AB056, SH086","arr":["AB025","AB056","SH086"],"terminus":0,"mode":"bus","color":"#0059a9","colorDark":"#00294f","angle":277.6,"snapDist":3,"label":0}},{"type":"Feature","geometry":{"type":"Point","coordinates":[38.766118,8.945007]},"properties":{"name":"Abo Junction","lines":"AB025, AB104, AB110, B19, SH016, SH028","arr":["AB025","AB104","AB110","B19","SH016","SH028"],"terminus":1,"mode":"bus","color":"#0059a9","colorDark":"#00294f","angle":245.7,"snapDist":2,"label":0}},{"type":"Feature","geometry":{"type":"Point","coordinates":[38.766626,8.932327]},"properties":{"name":"Kality Maseltegna","lines":"AB025, AB109, AB110, SH083, SH086","arr":["AB025","AB109","AB110","SH083","SH086"],"terminus":0,"mode":"bus","color":"#0059a9","colorDark":"#00294f","angle":238.9,"snapDist":0,"label":0}},{"type":"Feature","geometry":{"type":"Point","coordinates":[38.768022,8.929803]},"properties":{"name":"Wehalemat","lines":"AB025, AB104, SH083, SH090, SH091","arr":["AB025","AB104","SH083","SH090","SH091"],"terminus":0,"mode":"bus","color":"#0059a9","colorDark":"#00294f","angle":84.4,"snapDist":16,"label":0}},{"type":"Feature","geometry":{"type":"Point","coordinates":[38.763364,8.912474]},"properties":{"name":"Kality Prison","lines":"AB025, AB109, AB110, SH090, SH091","arr":["AB025","AB109","AB110","SH090","SH091"],"terminus":0,"mode":"bus","color":"#0059a9","colorDark":"#00294f","angle":251.7,"snapDist":3,"label":1}},{"type":"Feature","geometry":{"type":"Point","coordinates":[38.766806,8.902945]},"properties":{"name":"Cheralia Factory","lines":"AB025, AB104, AB109, AB110, SH086","arr":["AB025","AB104","AB109","AB110","SH086"],"terminus":0,"mode":"bus","color":"#0059a9","colorDark":"#00294f","angle":249.5,"snapDist":7,"label":0}},{"type":"Feature","geometry":{"type":"Point","coordinates":[38.770889,8.896786]},"properties":{"name":"Kality Menaheriya","lines":"AB025","arr":["AB025"],"terminus":0,"mode":"bus","color":"#0059a9","colorDark":"#00294f","angle":227,"snapDist":6,"label":1}},{"type":"Feature","geometry":{"type":"Point","coordinates":[38.772845,8.894814]},"properties":{"name":"Kality Total","lines":"AB025, AB098, AB109, AB110","arr":["AB025","AB098","AB109","AB110"],"terminus":0,"mode":"bus","color":"#0059a9","colorDark":"#00294f","angle":225.8,"snapDist":0,"label":0}},{"type":"Feature","geometry":{"type":"Point","coordinates":[38.781866,8.886924]},"properties":{"name":"Derartu","lines":"AB025","arr":["AB025"],"terminus":0,"mode":"bus","color":"#0059a9","colorDark":"#00294f","angle":212.7,"snapDist":5,"label":0}},{"type":"Feature","geometry":{"type":"Point","coordinates":[38.78874,8.873883]},"properties":{"name":"Akaki Beretaberet","lines":"AB025","arr":["AB025"],"terminus":0,"mode":"bus","color":"#0059a9","colorDark":"#00294f","angle":251.2,"snapDist":1,"label":0}},{"type":"Feature","geometry":{"type":"Point","coordinates":[38.792678,8.86348]},"properties":{"name":"02 Kebele","lines":"AB025","arr":["AB025"],"terminus":0,"mode":"bus","color":"#0059a9","colorDark":"#00294f","angle":227.8,"snapDist":0,"label":1}},{"type":"Feature","geometry":{"type":"Point","coordinates":[38.738115,9.030843]},"properties":{"name":"Autobis Tera","lines":"AB026, AB051, SH085","arr":["AB026","AB051","SH085"],"terminus":1,"mode":"bus","color":"#0059a9","colorDark":"#00294f","angle":54.2,"snapDist":1,"label":0}},{"type":"Feature","geometry":{"type":"Point","coordinates":[38.732755,9.01963]},"properties":{"name":"Abinet","lines":"AB026, AB051, AB059, AB091, AB123, SH009, SH010, SH071","arr":["AB026","AB051","AB059","AB091","AB123","SH009","SH010","SH071"],"terminus":0,"mode":"bus","color":"#0059a9","colorDark":"#00294f","angle":300.4,"snapDist":2,"label":1}},{"type":"Feature","geometry":{"type":"Point","coordinates":[38.722246,9.011777]},"properties":{"name":"Tor Hailoch","lines":"AB026, AB037, AB050, AB058, AB059, AB070, AB090, AB123, AB130, SH071, SH081","arr":["AB026","AB037","AB050","AB058","AB059","AB070","AB090","AB123","AB130","SH071","SH081"],"terminus":0,"mode":"bus","color":"#0059a9","colorDark":"#00294f","angle":25,"snapDist":0,"label":1}},{"type":"Feature","geometry":{"type":"Point","coordinates":[38.696096,8.982551]},"properties":{"name":"Ayer Tena","lines":"AB026, AB036, AB036(S), AB062, AB091, SH068, SH100","arr":["AB026","AB036","AB036(S)","AB062","AB091","SH068","SH100"],"terminus":0,"mode":"bus","color":"#0059a9","colorDark":"#00294f","angle":343.3,"snapDist":1,"label":0}},{"type":"Feature","geometry":{"type":"Point","coordinates":[38.680681,8.975453]},"properties":{"name":"Kara Kore","lines":"AB026, AB036, AB036(S), AB050, AB062, AB066, AB091, AB099, SH068, SH100","arr":["AB026","AB036","AB036(S)","AB050","AB062","AB066","AB091","AB099","SH068","SH100"],"terminus":1,"mode":"bus","color":"#0059a9","colorDark":"#00294f","angle":-168.1,"snapDist":6,"label":1}},{"type":"Feature","geometry":{"type":"Point","coordinates":[38.670777,8.964182]},"properties":{"name":"Weleta","lines":"AB026, AB062, AB091, AB099","arr":["AB026","AB062","AB091","AB099"],"terminus":0,"mode":"bus","color":"#0059a9","colorDark":"#00294f","angle":259.6,"snapDist":1,"label":1}},{"type":"Feature","geometry":{"type":"Point","coordinates":[38.670013,8.949051]},"properties":{"name":"Noc","lines":"AB026, AB050, AB062, AB091, AB099, SH069","arr":["AB026","AB050","AB062","AB091","AB099","SH069"],"terminus":0,"mode":"bus","color":"#0059a9","colorDark":"#00294f","angle":276.8,"snapDist":3,"label":1}},{"type":"Feature","geometry":{"type":"Point","coordinates":[38.659011,8.92749]},"properties":{"name":"Tabelew","lines":"AB026, AB062, SH069","arr":["AB026","AB062","SH069"],"terminus":0,"mode":"bus","color":"#0059a9","colorDark":"#00294f","angle":308.4,"snapDist":0,"label":1}},{"type":"Feature","geometry":{"type":"Point","coordinates":[38.652651,8.922994]},"properties":{"name":"Alem Gena","lines":"AB026, AB062, AB099","arr":["AB026","AB062","AB099"],"terminus":1,"mode":"bus","color":"#0059a9","colorDark":"#00294f","angle":325.4,"snapDist":1,"label":1}},{"type":"Feature","geometry":{"type":"Point","coordinates":[38.626544,8.912531]},"properties":{"name":"Sebeta","lines":"AB026, SH069","arr":["AB026","SH069"],"terminus":1,"mode":"bus","color":"#0059a9","colorDark":"#00294f","angle":349.9,"snapDist":3,"label":1}},{"type":"Feature","geometry":{"type":"Point","coordinates":[38.62655,8.912532]},"properties":{"name":"Sebeta","lines":"AB026, AB091, SH069","arr":["AB026","AB091","SH069"],"terminus":1,"mode":"bus","color":"#0059a9","colorDark":"#00294f","angle":169.9,"snapDist":3,"label":0}},{"type":"Feature","geometry":{"type":"Point","coordinates":[38.646607,8.921379]},"properties":{"name":"Mama","lines":"AB026, AB062, SH069","arr":["AB026","AB062","SH069"],"terminus":0,"mode":"bus","color":"#0059a9","colorDark":"#00294f","angle":111.8,"snapDist":1,"label":1}},{"type":"Feature","geometry":{"type":"Point","coordinates":[38.652652,8.922994]},"properties":{"name":"Alem Gena","lines":"AB026, AB050, AB062, SH069","arr":["AB026","AB050","AB062","SH069"],"terminus":1,"mode":"bus","color":"#0059a9","colorDark":"#00294f","angle":145.4,"snapDist":1,"label":0}},{"type":"Feature","geometry":{"type":"Point","coordinates":[38.670147,8.949424]},"properties":{"name":"Noc","lines":"AB026, AB050, AB062, AB091, AB099, SH069","arr":["AB026","AB050","AB062","AB091","AB099","SH069"],"terminus":0,"mode":"bus","color":"#0059a9","colorDark":"#00294f","angle":97.7,"snapDist":5,"label":0}},{"type":"Feature","geometry":{"type":"Point","coordinates":[38.670887,8.963591]},"properties":{"name":"Welete","lines":"AB026, AB062, AB091, AB099","arr":["AB026","AB062","AB091","AB099"],"terminus":0,"mode":"bus","color":"#0059a9","colorDark":"#00294f","angle":79.6,"snapDist":1,"label":1}},{"type":"Feature","geometry":{"type":"Point","coordinates":[38.680555,8.97548]},"properties":{"name":"Kara Kore","lines":"AB026, AB036, AB036(S), AB050, AB062, AB066, AB099, SH068","arr":["AB026","AB036","AB036(S)","AB050","AB062","AB066","AB099","SH068"],"terminus":1,"mode":"bus","color":"#0059a9","colorDark":"#00294f","angle":191.9,"snapDist":11,"label":0}},{"type":"Feature","geometry":{"type":"Point","coordinates":[38.709004,8.987651]},"properties":{"name":"Zenebework","lines":"AB026, AB036, AB036(S), AB059, AB062, AB066, AB087, AB090, AB091, SH009, SH040, SH068","arr":["AB026","AB036","AB036(S)","AB059","AB062","AB066","AB087","AB090","AB091","SH009","SH040","SH068"],"terminus":0,"mode":"bus","color":"#0059a9","colorDark":"#00294f","angle":132.6,"snapDist":2,"label":0}},{"type":"Feature","geometry":{"type":"Point","coordinates":[38.718844,9.005616]},"properties":{"name":"Augusta Bridge (Tor Hailoch)","lines":"AB026, AB036, AB058, AB062, AB065, AB070, AB087, AB090, AB130, SH081","arr":["AB026","AB036","AB058","AB062","AB065","AB070","AB087","AB090","AB130","SH081"],"terminus":0,"mode":"bus","color":"#0059a9","colorDark":"#00294f","angle":95.4,"snapDist":1,"label":0}},{"type":"Feature","geometry":{"type":"Point","coordinates":[38.737153,9.029681]},"properties":{"name":"Autobis Tera","lines":"AB026, AB051","arr":["AB026","AB051"],"terminus":1,"mode":"bus","color":"#0059a9","colorDark":"#00294f","angle":159.3,"snapDist":1,"label":0}},{"type":"Feature","geometry":{"type":"Point","coordinates":[38.765626,8.878517]},"properties":{"name":"Gelan Condominium","lines":"AB027, AB076, SH096","arr":["AB027","AB076","SH096"],"terminus":1,"mode":"bus","color":"#0059a9","colorDark":"#00294f","angle":328.2,"snapDist":1,"label":1}},{"type":"Feature","geometry":{"type":"Point","coordinates":[38.752562,8.886841]},"properties":{"name":"Mesalemia","lines":"AB027, AB106, AB121","arr":["AB027","AB106","AB121"],"terminus":0,"mode":"bus","color":"#0059a9","colorDark":"#00294f","angle":56.1,"snapDist":3,"label":1}},{"type":"Feature","geometry":{"type":"Point","coordinates":[38.7491,8.903471]},"properties":{"name":"Chera Medhanilem","lines":"AB027, AB076, AB106, AB121, SH096","arr":["AB027","AB076","AB106","AB121","SH096"],"terminus":0,"mode":"bus","color":"#0059a9","colorDark":"#00294f","angle":34.2,"snapDist":4,"label":1}},{"type":"Feature","geometry":{"type":"Point","coordinates":[38.735064,8.940728]},"properties":{"name":"Haile Garment","lines":"AB027","arr":["AB027"],"terminus":0,"mode":"bus","color":"#0059a9","colorDark":"#00294f","angle":99.4,"snapDist":11,"label":1}},{"type":"Feature","geometry":{"type":"Point","coordinates":[38.734234,8.94701]},"properties":{"name":"Mebrathile (EEPCo)","lines":"AB027, AB086, AB106, AB121, B40","arr":["AB027","AB086","AB106","AB121","B40"],"terminus":0,"mode":"bus","color":"#0059a9","colorDark":"#00294f","angle":70,"snapDist":0,"label":1}},{"type":"Feature","geometry":{"type":"Point","coordinates":[38.73271,8.955597]},"properties":{"name":"Gebriel Bridge","lines":"AB027, AB086, AB092, AB106, AB117, AB121, B40","arr":["AB027","AB086","AB092","AB106","AB117","AB121","B40"],"terminus":0,"mode":"bus","color":"#0059a9","colorDark":"#00294f","angle":93.7,"snapDist":1,"label":1}},{"type":"Feature","geometry":{"type":"Point","coordinates":[38.732457,8.955623]},"properties":{"name":"Gebriel Bridge","lines":"AB027, AB092, AB106, AB117, AB121, B40","arr":["AB027","AB092","AB106","AB117","AB121","B40"],"terminus":0,"mode":"bus","color":"#0059a9","colorDark":"#00294f","angle":275.2,"snapDist":1,"label":0}},{"type":"Feature","geometry":{"type":"Point","coordinates":[38.734198,8.92493]},"properties":{"name":"Sefera Square","lines":"AB027, AB076, AB106, AB107, AB121, SH096","arr":["AB027","AB076","AB106","AB107","AB121","SH096"],"terminus":0,"mode":"bus","color":"#0059a9","colorDark":"#00294f","angle":276.3,"snapDist":2,"label":1}},{"type":"Feature","geometry":{"type":"Point","coordinates":[38.764931,8.877961]},"properties":{"name":"Gelan Condominium","lines":"AB027, AB076, SH096","arr":["AB027","AB076","SH096"],"terminus":1,"mode":"bus","color":"#0059a9","colorDark":"#00294f","angle":148.1,"snapDist":2,"label":0}},{"type":"Feature","geometry":{"type":"Point","coordinates":[38.721366,9.038044]},"properties":{"name":"Chid Tera","lines":"AB028, AB043","arr":["AB028","AB043"],"terminus":0,"mode":"bus","color":"#0059a9","colorDark":"#00294f","angle":68.4,"snapDist":1,"label":0}},{"type":"Feature","geometry":{"type":"Point","coordinates":[38.720006,9.046361]},"properties":{"name":"Girum Hospital","lines":"AB028, AB043","arr":["AB028","AB043"],"terminus":0,"mode":"bus","color":"#0059a9","colorDark":"#00294f","angle":103.5,"snapDist":0,"label":0}},{"type":"Feature","geometry":{"type":"Point","coordinates":[38.703408,9.059363]},"properties":{"name":"Berchiko","lines":"AB028, AB094, AB108","arr":["AB028","AB094","AB108"],"terminus":0,"mode":"bus","color":"#0059a9","colorDark":"#00294f","angle":184.9,"snapDist":1,"label":1}},{"type":"Feature","geometry":{"type":"Point","coordinates":[38.721244,9.040725]},"properties":{"name":"Woreda 7 TVET","lines":"AB028, AB043","arr":["AB028","AB043"],"terminus":0,"mode":"bus","color":"#0059a9","colorDark":"#00294f","angle":281.6,"snapDist":0,"label":0}},{"type":"Feature","geometry":{"type":"Point","coordinates":[38.753927,9.0118]},"properties":{"name":"Legehar","lines":"AB029, AB078, AB127, AB130, SH081","arr":["AB029","AB078","AB127","AB130","SH081"],"terminus":0,"mode":"bus","color":"#0059a9","colorDark":"#00294f","angle":173.7,"snapDist":2,"label":0}},{"type":"Feature","geometry":{"type":"Point","coordinates":[38.763644,9.010783]},"properties":{"name":"Estifanos","lines":"AB029, AB060, AB127, AB130, SH067, SH081","arr":["AB029","AB060","AB127","AB130","SH067","SH081"],"terminus":0,"mode":"bus","color":"#0059a9","colorDark":"#00294f","angle":184.4,"snapDist":4,"label":0}},{"type":"Feature","geometry":{"type":"Point","coordinates":[38.801805,9.018287]},"properties":{"name":"Megenagna","lines":"AB029, AB082, AB093, AB113, D26","arr":["AB029","AB082","AB093","AB113","D26"],"terminus":1,"mode":"bus","color":"#0059a9","colorDark":"#00294f","angle":253.2,"snapDist":6,"label":0}},{"type":"Feature","geometry":{"type":"Point","coordinates":[38.829226,8.991332]},"properties":{"name":"Yerer Goro","lines":"AB029, AB042, AB060, AB082, AB113, AB120, AB124, AB131, D26, D52, SH078","arr":["AB029","AB042","AB060","AB082","AB113","AB120","AB124","AB131","D26","D52","SH078"],"terminus":1,"mode":"bus","color":"#0059a9","colorDark":"#00294f","angle":221.3,"snapDist":1,"label":1}},{"type":"Feature","geometry":{"type":"Point","coordinates":[38.8294,8.991341]},"properties":{"name":"Yerer Goro","lines":"AB029, AB042, AB060, AB113, AB131, D26, D52, SH078","arr":["AB029","AB042","AB060","AB113","AB131","D26","D52","SH078"],"terminus":1,"mode":"bus","color":"#0059a9","colorDark":"#00294f","angle":35.6,"snapDist":1,"label":0}},{"type":"Feature","geometry":{"type":"Point","coordinates":[38.820929,8.999461]},"properties":{"name":"Alemayehu","lines":"AB029, AB042, AB113, AB124, D26, D52, SH078","arr":["AB029","AB042","AB113","AB124","D26","D52","SH078"],"terminus":0,"mode":"bus","color":"#0059a9","colorDark":"#00294f","angle":48.3,"snapDist":2,"label":1}},{"type":"Feature","geometry":{"type":"Point","coordinates":[38.813254,9.003738]},"properties":{"name":"Gerji Mebrat Haile","lines":"AB029, AB042, AB060, AB071, AB082, AB113, AB120, AB124, AB131, D26, D52, SH078","arr":["AB029","AB042","AB060","AB071","AB082","AB113","AB120","AB124","AB131","D26","D52","SH078"],"terminus":1,"mode":"bus","color":"#0059a9","colorDark":"#00294f","angle":6.5,"snapDist":3,"label":1}},{"type":"Feature","geometry":{"type":"Point","coordinates":[38.802139,9.01809]},"properties":{"name":"Megenagna","lines":"AB029, AB060, AB071, AB082, AB113, AB120, AB124, D26, D52","arr":["AB029","AB060","AB071","AB082","AB113","AB120","AB124","D26","D52"],"terminus":1,"mode":"bus","color":"#0059a9","colorDark":"#00294f","angle":73,"snapDist":1,"label":1}},{"type":"Feature","geometry":{"type":"Point","coordinates":[38.768236,9.019089]},"properties":{"name":"Zenebewerk Hotel","lines":"AB029","arr":["AB029"],"terminus":0,"mode":"bus","color":"#0059a9","colorDark":"#00294f","angle":295.4,"snapDist":3,"label":0}},{"type":"Feature","geometry":{"type":"Point","coordinates":[38.744333,9.051242]},"properties":{"name":"Tibeb Ediget School","lines":"AB030, AB045, AB088, AB104, SH079","arr":["AB030","AB045","AB088","AB104","SH079"],"terminus":0,"mode":"bus","color":"#0059a9","colorDark":"#00294f","angle":57.7,"snapDist":1,"label":1}},{"type":"Feature","geometry":{"type":"Point","coordinates":[38.709552,9.105097]},"properties":{"name":"Weserbi Realestate","lines":"AB030, AB088, SH097","arr":["AB030","AB088","SH097"],"terminus":0,"mode":"bus","color":"#0059a9","colorDark":"#00294f","angle":129.4,"snapDist":3,"label":1}},{"type":"Feature","geometry":{"type":"Point","coordinates":[38.714729,9.109486]},"properties":{"name":"Classy Water","lines":"AB030, AB088, SH097","arr":["AB030","AB088","SH097"],"terminus":0,"mode":"bus","color":"#0059a9","colorDark":"#00294f","angle":-26.4,"snapDist":6,"label":1}},{"type":"Feature","geometry":{"type":"Point","coordinates":[38.730122,9.117583]},"properties":{"name":"Kburea","lines":"AB030, AB088, SH097","arr":["AB030","AB088","SH097"],"terminus":0,"mode":"bus","color":"#0059a9","colorDark":"#00294f","angle":135.9,"snapDist":4,"label":1}},{"type":"Feature","geometry":{"type":"Point","coordinates":[38.730473,9.117918]},"properties":{"name":"Kenenisa","lines":"AB030, AB088, SH097","arr":["AB030","AB088","SH097"],"terminus":0,"mode":"bus","color":"#0059a9","colorDark":"#00294f","angle":135.9,"snapDist":3,"label":1}},{"type":"Feature","geometry":{"type":"Point","coordinates":[38.739545,9.127304]},"properties":{"name":"Shefunea","lines":"AB030, AB088, SH097","arr":["AB030","AB088","SH097"],"terminus":0,"mode":"bus","color":"#0059a9","colorDark":"#00294f","angle":297.4,"snapDist":2,"label":1}},{"type":"Feature","geometry":{"type":"Point","coordinates":[38.739797,9.127783]},"properties":{"name":"Shefine","lines":"AB030, AB088, SH097","arr":["AB030","AB088","SH097"],"terminus":0,"mode":"bus","color":"#0059a9","colorDark":"#00294f","angle":119,"snapDist":2,"label":1}},{"type":"Feature","geometry":{"type":"Point","coordinates":[38.752276,9.133898]},"properties":{"name":"Doro Erbata","lines":"AB030, AB088, SH097","arr":["AB030","AB088","SH097"],"terminus":0,"mode":"bus","color":"#0059a9","colorDark":"#00294f","angle":-47,"snapDist":6,"label":1}},{"type":"Feature","geometry":{"type":"Point","coordinates":[38.752478,9.13411]},"properties":{"name":"Abo Gabriel","lines":"AB030, AB088, SH097","arr":["AB030","AB088","SH097"],"terminus":0,"mode":"bus","color":"#0059a9","colorDark":"#00294f","angle":134.4,"snapDist":4,"label":1}},{"type":"Feature","geometry":{"type":"Point","coordinates":[38.754936,9.140832]},"properties":{"name":"Tulu Fati","lines":"AB030, AB088","arr":["AB030","AB088"],"terminus":0,"mode":"bus","color":"#0059a9","colorDark":"#00294f","angle":73.2,"snapDist":0,"label":1}},{"type":"Feature","geometry":{"type":"Point","coordinates":[38.754212,9.156003]},"properties":{"name":"Tabya Hotel","lines":"AB030, AB088, SH097","arr":["AB030","AB088","SH097"],"terminus":0,"mode":"bus","color":"#0059a9","colorDark":"#00294f","angle":92.7,"snapDist":4,"label":1}},{"type":"Feature","geometry":{"type":"Point","coordinates":[38.758974,9.182487]},"properties":{"name":"Sululta","lines":"AB030, AB088, SH097","arr":["AB030","AB088","SH097"],"terminus":1,"mode":"bus","color":"#0059a9","colorDark":"#00294f","angle":105.3,"snapDist":0,"label":1}},{"type":"Feature","geometry":{"type":"Point","coordinates":[38.758974,9.182487]},"properties":{"name":"Sululta","lines":"AB030, AB088, SH097","arr":["AB030","AB088","SH097"],"terminus":1,"mode":"bus","color":"#0059a9","colorDark":"#00294f","angle":285.3,"snapDist":1,"label":0}},{"type":"Feature","geometry":{"type":"Point","coordinates":[38.753862,9.144903]},"properties":{"name":"Ashewa","lines":"AB030, AB088, SH097","arr":["AB030","AB088","SH097"],"terminus":0,"mode":"bus","color":"#0059a9","colorDark":"#00294f","angle":276.1,"snapDist":1,"label":1}},{"type":"Feature","geometry":{"type":"Point","coordinates":[38.715837,9.110029]},"properties":{"name":"Medret Hotel","lines":"AB030, AB088, SH097","arr":["AB030","AB088","SH097"],"terminus":0,"mode":"bus","color":"#0059a9","colorDark":"#00294f","angle":331.7,"snapDist":2,"label":1}},{"type":"Feature","geometry":{"type":"Point","coordinates":[38.722993,9.084364]},"properties":{"name":"Entoto Kela","lines":"AB030, AB088, SH097","arr":["AB030","AB088","SH097"],"terminus":0,"mode":"bus","color":"#0059a9","colorDark":"#00294f","angle":228,"snapDist":1,"label":1}},{"type":"Feature","geometry":{"type":"Point","coordinates":[38.748305,9.044699]},"properties":{"name":"Semen Hotel","lines":"AB030, AB088, SH103","arr":["AB030","AB088","SH103"],"terminus":0,"mode":"bus","color":"#0059a9","colorDark":"#00294f","angle":241.3,"snapDist":1,"label":0}},{"type":"Feature","geometry":{"type":"Point","coordinates":[38.733778,9.034226]},"properties":{"name":"Autobis Tera (3)","lines":"AB030, AB041, AB088, B37","arr":["AB030","AB041","AB088","B37"],"terminus":1,"mode":"bus","color":"#0059a9","colorDark":"#00294f","angle":353.1,"snapDist":0,"label":0}},{"type":"Feature","geometry":{"type":"Point","coordinates":[38.754537,9.011864]},"properties":{"name":"Legehar","lines":"AB031","arr":["AB031"],"terminus":0,"mode":"bus","color":"#0059a9","colorDark":"#00294f","angle":174.1,"snapDist":2,"label":0}},{"type":"Feature","geometry":{"type":"Point","coordinates":[38.764077,9.021443]},"properties":{"name":"Place Parking (Gibi Gebriel)","lines":"AB031, ARD011, TX005","arr":["AB031","ARD011","TX005"],"terminus":0,"mode":"bus","color":"#0059a9","colorDark":"#00294f","angle":98.4,"mstop":"mix","snapDist":6,"label":1}},{"type":"Feature","geometry":{"type":"Point","coordinates":[38.762032,9.050734]},"properties":{"name":"Medhanialem","lines":"AB031, SH028, SH035","arr":["AB031","SH028","SH035"],"terminus":0,"mode":"bus","color":"#0059a9","colorDark":"#00294f","angle":275.8,"snapDist":4,"label":1}},{"type":"Feature","geometry":{"type":"Point","coordinates":[38.762441,9.038688]},"properties":{"name":"5 Kilo St. Mary","lines":"AB031, Gl007, KRK013, TX008, YK007","arr":["AB031","Gl007","KRK013","TX008","YK007"],"terminus":0,"mode":"bus","color":"#0059a9","colorDark":"#00294f","angle":258.2,"mstop":"mix","snapDist":6,"label":1}},{"type":"Feature","geometry":{"type":"Point","coordinates":[38.763344,9.032405]},"properties":{"name":"Arat Kilo","lines":"AB031","arr":["AB031"],"terminus":0,"mode":"bus","color":"#0059a9","colorDark":"#00294f","angle":263.3,"snapDist":3,"label":0}},{"type":"Feature","geometry":{"type":"Point","coordinates":[38.763393,9.031934]},"properties":{"name":"Arat Kilo","lines":"AB031, AB056, AB068","arr":["AB031","AB056","AB068"],"terminus":0,"mode":"bus","color":"#0059a9","colorDark":"#00294f","angle":264.9,"snapDist":3,"label":0}},{"type":"Feature","geometry":{"type":"Point","coordinates":[38.76223,9.026373]},"properties":{"name":"National Palace","lines":"AB031","arr":["AB031"],"terminus":0,"mode":"bus","color":"#0059a9","colorDark":"#00294f","angle":306.4,"snapDist":15,"label":1}},{"type":"Feature","geometry":{"type":"Point","coordinates":[38.762738,9.012553]},"properties":{"name":"St. Estifanos","lines":"AB031, ARD011, KRK013, TX005","arr":["AB031","ARD011","KRK013","TX005"],"terminus":0,"mode":"bus","color":"#0059a9","colorDark":"#00294f","angle":277,"mstop":"mix","snapDist":12,"label":1}},{"type":"Feature","geometry":{"type":"Point","coordinates":[38.762654,9.011872]},"properties":{"name":"St. Estifanos Church","lines":"AB031, AB053, AB055, AB056, AB068, AB110, SH015, SH027, SH028, SH073","arr":["AB031","AB053","AB055","AB056","AB068","AB110","SH015","SH027","SH028","SH073"],"terminus":0,"mode":"bus","color":"#0059a9","colorDark":"#00294f","angle":277.4,"snapDist":2,"label":0}},{"type":"Feature","geometry":{"type":"Point","coordinates":[38.756043,9.012118]},"properties":{"name":"Stadium","lines":"AB031","arr":["AB031"],"terminus":0,"mode":"bus","color":"#0059a9","colorDark":"#00294f","angle":5,"snapDist":1,"label":0}},{"type":"Feature","geometry":{"type":"Point","coordinates":[38.754453,9.012026]},"properties":{"name":"Legehar","lines":"AB031, Kal017, KRK008, KRK012, LID009, YK016","arr":["AB031","Kal017","KRK008","KRK012","LID009","YK016"],"terminus":1,"mode":"bus","color":"#0059a9","colorDark":"#00294f","angle":352.9,"mstop":"mix","snapDist":1,"label":1}},{"type":"Feature","geometry":{"type":"Point","coordinates":[38.766954,9.016697]},"properties":{"name":"6th (Raddison Blu)","lines":"AB032, AB061, AB070, AB071","arr":["AB032","AB061","AB070","AB071"],"terminus":0,"mode":"bus","color":"#0059a9","colorDark":"#00294f","angle":188.4,"snapDist":0,"label":1}},{"type":"Feature","geometry":{"type":"Point","coordinates":[38.770225,9.016641]},"properties":{"name":"Kazanchis (6th)","lines":"AB032, AB057, AB061, AB070, AB071, AB102","arr":["AB032","AB057","AB061","AB070","AB071","AB102"],"terminus":0,"mode":"bus","color":"#0059a9","colorDark":"#00294f","angle":98.5,"snapDist":1,"label":1}},{"type":"Feature","geometry":{"type":"Point","coordinates":[38.792498,9.021198]},"properties":{"name":"Sumeya Mosque","lines":"AB032, AB057, AB102","arr":["AB032","AB057","AB102"],"terminus":0,"mode":"bus","color":"#0059a9","colorDark":"#00294f","angle":183.8,"snapDist":0,"label":1}},{"type":"Feature","geometry":{"type":"Point","coordinates":[38.794867,9.021706]},"properties":{"name":"Shola (United Bank)","lines":"AB032, AB057, AB102","arr":["AB032","AB057","AB102"],"terminus":0,"mode":"bus","color":"#0059a9","colorDark":"#00294f","angle":87.9,"snapDist":0,"label":1}},{"type":"Feature","geometry":{"type":"Point","coordinates":[38.82819,9.034909]},"properties":{"name":"Kotebe 01","lines":"AB032","arr":["AB032"],"terminus":0,"mode":"bus","color":"#0059a9","colorDark":"#00294f","angle":71.9,"snapDist":0,"label":1}},{"type":"Feature","geometry":{"type":"Point","coordinates":[38.831617,9.037578]},"properties":{"name":"Hanna Mariam","lines":"AB032","arr":["AB032"],"terminus":1,"mode":"bus","color":"#0059a9","colorDark":"#00294f","angle":187.6,"snapDist":3,"label":1}},{"type":"Feature","geometry":{"type":"Point","coordinates":[38.831622,9.037577]},"properties":{"name":"Hanna Mariam","lines":"AB032","arr":["AB032"],"terminus":1,"mode":"bus","color":"#0059a9","colorDark":"#00294f","angle":7.6,"snapDist":2,"label":0}},{"type":"Feature","geometry":{"type":"Point","coordinates":[38.828136,9.034898]},"properties":{"name":"Kotebe 01","lines":"AB032","arr":["AB032"],"terminus":0,"mode":"bus","color":"#0059a9","colorDark":"#00294f","angle":253.2,"snapDist":2,"label":0}},{"type":"Feature","geometry":{"type":"Point","coordinates":[38.794024,9.021196]},"properties":{"name":"Lem Hotel","lines":"AB032, AB057, AB061, AB071, AB102, AB128, SH070","arr":["AB032","AB057","AB061","AB071","AB102","AB128","SH070"],"terminus":0,"mode":"bus","color":"#0059a9","colorDark":"#00294f","angle":5.5,"snapDist":1,"label":1}},{"type":"Feature","geometry":{"type":"Point","coordinates":[38.786784,9.022194]},"properties":{"name":"Dinberwa Hospital","lines":"AB032, AB057, AB061, AB071, AB102, AB128, SH070","arr":["AB032","AB057","AB061","AB071","AB102","AB128","SH070"],"terminus":0,"mode":"bus","color":"#0059a9","colorDark":"#00294f","angle":14.6,"snapDist":0,"label":0}},{"type":"Feature","geometry":{"type":"Point","coordinates":[38.781532,9.02348]},"properties":{"name":"Signal","lines":"AB032, AB057, AB061, AB071, AB102, AB128, SH070","arr":["AB032","AB057","AB061","AB071","AB102","AB128","SH070"],"terminus":0,"mode":"bus","color":"#0059a9","colorDark":"#00294f","angle":13,"snapDist":1,"label":0}},{"type":"Feature","geometry":{"type":"Point","coordinates":[38.775891,9.023099]},"properties":{"name":"Aware Roundabout","lines":"AB032, AB057, AB061, AB070, AB071, AB102","arr":["AB032","AB057","AB061","AB070","AB071","AB102"],"terminus":0,"mode":"bus","color":"#0059a9","colorDark":"#00294f","angle":325.1,"snapDist":2,"label":1}},{"type":"Feature","geometry":{"type":"Point","coordinates":[38.770214,9.01719]},"properties":{"name":"Kazanchis (6th)","lines":"AB032, AB057, AB061, AB070, AB071, AB102, AB128, SH070","arr":["AB032","AB057","AB061","AB070","AB071","AB102","AB128","SH070"],"terminus":0,"mode":"bus","color":"#0059a9","colorDark":"#00294f","angle":277.8,"snapDist":2,"label":0}},{"type":"Feature","geometry":{"type":"Point","coordinates":[38.767519,9.016619]},"properties":{"name":"6th (Raddison Blu)","lines":"AB032, AB057, AB071, AB102","arr":["AB032","AB057","AB071","AB102"],"terminus":0,"mode":"bus","color":"#0059a9","colorDark":"#00294f","angle":8.8,"snapDist":1,"label":0}},{"type":"Feature","geometry":{"type":"Point","coordinates":[38.757265,9.017713]},"properties":{"name":"Filweha (Hotsprings)","lines":"AB032, AB061, AB070, AB071, AB102, AB128, SH070","arr":["AB032","AB061","AB070","AB071","AB102","AB128","SH070"],"terminus":0,"mode":"bus","color":"#0059a9","colorDark":"#00294f","angle":354.9,"snapDist":1,"label":0}},{"type":"Feature","geometry":{"type":"Point","coordinates":[38.765409,9.032158]},"properties":{"name":"Arat Kilo","lines":"AB033, AB064, AB081, SH095","arr":["AB033","AB064","AB081","SH095"],"terminus":1,"mode":"bus","color":"#0059a9","colorDark":"#00294f","angle":171.8,"snapDist":2,"label":0}},{"type":"Feature","geometry":{"type":"Point","coordinates":[38.827176,9.025891]},"properties":{"name":"Lamberet Area","lines":"AB033, AB057, AB089, AB102, AB128, AB129, C51, SH004, SH070","arr":["AB033","AB057","AB089","AB102","AB128","AB129","C51","SH004","SH070"],"terminus":0,"mode":"bus","color":"#0059a9","colorDark":"#00294f","angle":162.7,"snapDist":1,"label":0}},{"type":"Feature","geometry":{"type":"Point","coordinates":[38.833195,9.028374]},"properties":{"name":"Salite Mihret","lines":"AB033, AB040, AB044, AB128, AB129, C51, SH004, SH070","arr":["AB033","AB040","AB044","AB128","AB129","C51","SH004","SH070"],"terminus":0,"mode":"bus","color":"#0059a9","colorDark":"#00294f","angle":166.2,"snapDist":0,"label":1}},{"type":"Feature","geometry":{"type":"Point","coordinates":[38.844591,9.033208]},"properties":{"name":"Wessen","lines":"AB033","arr":["AB033"],"terminus":0,"mode":"bus","color":"#0059a9","colorDark":"#00294f","angle":335.2,"snapDist":2,"label":0}},{"type":"Feature","geometry":{"type":"Point","coordinates":[38.82712,9.025992]},"properties":{"name":"Lamberet Area","lines":"AB033, AB057, AB128, SH004, SH070","arr":["AB033","AB057","AB128","SH004","SH070"],"terminus":0,"mode":"bus","color":"#0059a9","colorDark":"#00294f","angle":344.7,"snapDist":1,"label":0}},{"type":"Feature","geometry":{"type":"Point","coordinates":[38.733004,9.028095]},"properties":{"name":"Sebategna","lines":"AB034, AB065, AB066, SH010","arr":["AB034","AB065","AB066","SH010"],"terminus":0,"mode":"bus","color":"#0059a9","colorDark":"#00294f","angle":261.3,"snapDist":3,"label":0}},{"type":"Feature","geometry":{"type":"Point","coordinates":[38.741177,9.003023]},"properties":{"name":"African Union","lines":"AB034, AB067, AB092, AB117","arr":["AB034","AB067","AB092","AB117"],"terminus":0,"mode":"bus","color":"#0059a9","colorDark":"#00294f","angle":294.6,"snapDist":5,"label":0}},{"type":"Feature","geometry":{"type":"Point","coordinates":[38.746954,9.002056]},"properties":{"name":"Guenet Hotel (Orbis)","lines":"AB034, B19","arr":["AB034","B19"],"terminus":0,"mode":"bus","color":"#0059a9","colorDark":"#00294f","angle":264.7,"snapDist":1,"label":1}},{"type":"Feature","geometry":{"type":"Point","coordinates":[38.747551,8.996818]},"properties":{"name":"Beg Tera","lines":"AB034, Kal013, KRK001, Lafto030, Lafto042","arr":["AB034","Kal013","KRK001","Lafto030","Lafto042"],"terminus":0,"mode":"bus","color":"#0059a9","colorDark":"#00294f","angle":264.4,"mstop":"mix","snapDist":2,"label":1}},{"type":"Feature","geometry":{"type":"Point","coordinates":[38.747758,8.994791]},"properties":{"name":"Bulgaria","lines":"AB034, ADK022, Kal006, Kal013, KRK015","arr":["AB034","ADK022","Kal006","Kal013","KRK015"],"terminus":0,"mode":"bus","color":"#0059a9","colorDark":"#00294f","angle":264,"mstop":"mix","snapDist":1,"label":0}},{"type":"Feature","geometry":{"type":"Point","coordinates":[38.734037,8.965196]},"properties":{"name":"German Square","lines":"AB034","arr":["AB034"],"terminus":1,"mode":"bus","color":"#0059a9","colorDark":"#00294f","angle":145.2,"snapDist":2,"label":1}},{"type":"Feature","geometry":{"type":"Point","coordinates":[38.748625,8.987516]},"properties":{"name":"Kera","lines":"AB034, ADK014, ADK022, Kal006, KRK015, KRK016","arr":["AB034","ADK014","ADK022","Kal006","KRK015","KRK016"],"terminus":1,"mode":"bus","color":"#0059a9","colorDark":"#00294f","angle":85.6,"mstop":"mix","snapDist":1,"label":0}},{"type":"Feature","geometry":{"type":"Point","coordinates":[38.747981,8.993761]},"properties":{"name":"Bulgaria","lines":"AB034, ADK014, ADK024, ADK047, ADK048, Kal013, KRK001, KRK016, Lafto011, Lafto030, Lafto042","arr":["AB034","ADK014","ADK024","ADK047","ADK048","Kal013","KRK001","KRK016","Lafto011","Lafto030","Lafto042"],"terminus":0,"mode":"bus","color":"#0059a9","colorDark":"#00294f","angle":84.5,"mstop":"mix","snapDist":0,"label":0}},{"type":"Feature","geometry":{"type":"Point","coordinates":[38.747615,8.997041]},"properties":{"name":"Beg Tera","lines":"AB034, Kal013","arr":["AB034","Kal013"],"terminus":0,"mode":"bus","color":"#0059a9","colorDark":"#00294f","angle":84.5,"mstop":"mix","snapDist":1,"label":0}},{"type":"Feature","geometry":{"type":"Point","coordinates":[38.746981,9.00265]},"properties":{"name":"Guenet Hotel (Orbis)","lines":"AB034","arr":["AB034"],"terminus":0,"mode":"bus","color":"#0059a9","colorDark":"#00294f","angle":85.3,"snapDist":3,"label":0}},{"type":"Feature","geometry":{"type":"Point","coordinates":[38.742408,9.005292]},"properties":{"name":"Popolare","lines":"AB034, AB067, AB092","arr":["AB034","AB067","AB092"],"terminus":0,"mode":"bus","color":"#0059a9","colorDark":"#00294f","angle":122.2,"snapDist":3,"label":1}},{"type":"Feature","geometry":{"type":"Point","coordinates":[38.733252,9.027494]},"properties":{"name":"Sebategna (Taem Bakery)","lines":"AB034, B19","arr":["AB034","B19"],"terminus":0,"mode":"bus","color":"#0059a9","colorDark":"#00294f","angle":82.3,"snapDist":2,"label":1}},{"type":"Feature","geometry":{"type":"Point","coordinates":[38.689422,8.981358]},"properties":{"name":"Gerar","lines":"AB036(S), AB050, AB099, SH068","arr":["AB036(S)","AB050","AB099","SH068"],"terminus":0,"mode":"bus","color":"#0059a9","colorDark":"#00294f","angle":153,"snapDist":2,"label":1}},{"type":"Feature","geometry":{"type":"Point","coordinates":[38.696014,8.982515]},"properties":{"name":"Ayer Tena","lines":"AB036(S), AB050, AB091, AB099, SH068, SH100","arr":["AB036(S)","AB050","AB091","AB099","SH068","SH100"],"terminus":1,"mode":"bus","color":"#0059a9","colorDark":"#00294f","angle":170.5,"snapDist":1,"label":0}},{"type":"Feature","geometry":{"type":"Point","coordinates":[38.727879,8.993942]},"properties":{"name":"Austria Embassy","lines":"AB036(S), AB077, AB100, SH085","arr":["AB036(S)","AB077","AB100","SH085"],"terminus":0,"mode":"bus","color":"#0059a9","colorDark":"#00294f","angle":129.6,"snapDist":0,"label":1}},{"type":"Feature","geometry":{"type":"Point","coordinates":[38.744686,9.011944]},"properties":{"name":"Mexico","lines":"AB036(S), AB050","arr":["AB036(S)","AB050"],"terminus":1,"mode":"bus","color":"#0059a9","colorDark":"#00294f","angle":89,"snapDist":0,"label":0}},{"type":"Feature","geometry":{"type":"Point","coordinates":[38.719594,9.008397]},"properties":{"name":"Tor Hailoch","lines":"AB036(S), AB051, AB091, SH068, SH071, SH100","arr":["AB036(S)","AB051","AB091","SH068","SH071","SH100"],"terminus":0,"mode":"bus","color":"#0059a9","colorDark":"#00294f","angle":294.9,"snapDist":4,"label":0}},{"type":"Feature","geometry":{"type":"Point","coordinates":[38.698221,8.9831]},"properties":{"name":"Ayer Tena","lines":"AB036(S), AB050, AB058, AB066, SH009, SH040, SH068, SH100","arr":["AB036(S)","AB050","AB058","AB066","SH009","SH040","SH068","SH100"],"terminus":1,"mode":"bus","color":"#0059a9","colorDark":"#00294f","angle":350.4,"snapDist":1,"label":1}},{"type":"Feature","geometry":{"type":"Point","coordinates":[38.689411,8.981352]},"properties":{"name":"Gerar","lines":"AB036(S), AB050, AB099, SH068, SH100","arr":["AB036(S)","AB050","AB099","SH068","SH100"],"terminus":0,"mode":"bus","color":"#0059a9","colorDark":"#00294f","angle":333,"snapDist":1,"label":0}},{"type":"Feature","geometry":{"type":"Point","coordinates":[38.700475,9.015091]},"properties":{"name":"Mendida","lines":"AB037, AB105, AB123, SH010","arr":["AB037","AB105","AB123","SH010"],"terminus":0,"mode":"bus","color":"#0059a9","colorDark":"#00294f","angle":20.2,"snapDist":3,"label":1}},{"type":"Feature","geometry":{"type":"Point","coordinates":[38.700481,9.014982]},"properties":{"name":"Mendida","lines":"AB037, AB105, AB123","arr":["AB037","AB105","AB123"],"terminus":0,"mode":"bus","color":"#0059a9","colorDark":"#00294f","angle":199.8,"snapDist":2,"label":0}},{"type":"Feature","geometry":{"type":"Point","coordinates":[38.722022,9.011582]},"properties":{"name":"Tor Hailoch Junction","lines":"AB037, AB105","arr":["AB037","AB105"],"terminus":0,"mode":"bus","color":"#0059a9","colorDark":"#00294f","angle":185.4,"snapDist":2,"label":1}},{"type":"Feature","geometry":{"type":"Point","coordinates":[38.828788,9.026598]},"properties":{"name":"Ethio-china","lines":"AB040, AB129, C51","arr":["AB040","AB129","C51"],"terminus":0,"mode":"bus","color":"#0059a9","colorDark":"#00294f","angle":337.4,"snapDist":2,"label":1}},{"type":"Feature","geometry":{"type":"Point","coordinates":[38.800908,9.021647]},"properties":{"name":"Megenagna","lines":"AB040, AB112, SH080, SH095","arr":["AB040","AB112","SH080","SH095"],"terminus":1,"mode":"bus","color":"#0059a9","colorDark":"#00294f","angle":216.8,"snapDist":1,"label":0}},{"type":"Feature","geometry":{"type":"Point","coordinates":[38.737637,9.031499]},"properties":{"name":"Autobis Tera","lines":"AB041","arr":["AB041"],"terminus":1,"mode":"bus","color":"#0059a9","colorDark":"#00294f","angle":54.2,"snapDist":0,"label":0}},{"type":"Feature","geometry":{"type":"Point","coordinates":[38.753841,9.032498]},"properties":{"name":"Piassa (EPPCO)","lines":"AB041","arr":["AB041"],"terminus":0,"mode":"bus","color":"#0059a9","colorDark":"#00294f","angle":178.1,"snapDist":1,"label":1}},{"type":"Feature","geometry":{"type":"Point","coordinates":[38.761709,9.04765]},"properties":{"name":"6 Kilo","lines":"AB041, AB056","arr":["AB041","AB056"],"terminus":0,"mode":"bus","color":"#0059a9","colorDark":"#00294f","angle":94.6,"snapDist":1,"label":0}},{"type":"Feature","geometry":{"type":"Point","coordinates":[38.768096,9.058552]},"properties":{"name":"Hamle 19","lines":"AB041","arr":["AB041"],"terminus":0,"mode":"bus","color":"#0059a9","colorDark":"#00294f","angle":94.6,"snapDist":0,"label":1}},{"type":"Feature","geometry":{"type":"Point","coordinates":[38.771495,9.064945]},"properties":{"name":"Eyesus","lines":"AB041","arr":["AB041"],"terminus":1,"mode":"bus","color":"#0059a9","colorDark":"#00294f","angle":106.5,"snapDist":4,"label":1}},{"type":"Feature","geometry":{"type":"Point","coordinates":[38.771274,9.065267]},"properties":{"name":"Eyesus","lines":"AB041","arr":["AB041"],"terminus":1,"mode":"bus","color":"#0059a9","colorDark":"#00294f","angle":255.7,"snapDist":1,"label":0}},{"type":"Feature","geometry":{"type":"Point","coordinates":[38.794913,8.99169]},"properties":{"name":"Bole","lines":"AB042, AB076, SH078, SH092, SH096","arr":["AB042","AB076","SH078","SH092","SH096"],"terminus":1,"mode":"bus","color":"#0059a9","colorDark":"#00294f","angle":109.2,"snapDist":2,"label":1}},{"type":"Feature","geometry":{"type":"Point","coordinates":[38.800935,9.003791]},"properties":{"name":"Emperial Hotel","lines":"AB042, AB046, SH078, SH092","arr":["AB042","AB046","SH078","SH092"],"terminus":0,"mode":"bus","color":"#0059a9","colorDark":"#00294f","angle":122.9,"snapDist":1,"label":1}},{"type":"Feature","geometry":{"type":"Point","coordinates":[38.809558,9.005103]},"properties":{"name":"Condominium","lines":"AB042, AB071, AB082, D26, SH078","arr":["AB042","AB071","AB082","D26","SH078"],"terminus":0,"mode":"bus","color":"#0059a9","colorDark":"#00294f","angle":209.6,"snapDist":2,"label":1}},{"type":"Feature","geometry":{"type":"Point","coordinates":[38.814875,9.003638]},"properties":{"name":"Gerji Mebrat Haile","lines":"AB042, AB060, AB071, AB082, AB113, AB131, D26, D52, SH078","arr":["AB042","AB060","AB071","AB082","AB113","AB131","D26","D52","SH078"],"terminus":1,"mode":"bus","color":"#0059a9","colorDark":"#00294f","angle":169.2,"snapDist":1,"label":0}},{"type":"Feature","geometry":{"type":"Point","coordinates":[38.81969,9.000574]},"properties":{"name":"Alemayehu","lines":"AB042, AB113, D26, D52, SH078","arr":["AB042","AB113","D26","D52","SH078"],"terminus":0,"mode":"bus","color":"#0059a9","colorDark":"#00294f","angle":226.3,"snapDist":1,"label":0}},{"type":"Feature","geometry":{"type":"Point","coordinates":[38.826774,8.993811]},"properties":{"name":"Goro School","lines":"AB042, AB060, AB082, AB113, D26, D52, SH078","arr":["AB042","AB060","AB082","AB113","D26","D52","SH078"],"terminus":0,"mode":"bus","color":"#0059a9","colorDark":"#00294f","angle":227.7,"snapDist":2,"label":1}},{"type":"Feature","geometry":{"type":"Point","coordinates":[38.860195,8.998432]},"properties":{"name":"Condminium (Gate)","lines":"AB042, AB079, AB119, D25, SH078","arr":["AB042","AB079","AB119","D25","SH078"],"terminus":0,"mode":"bus","color":"#0059a9","colorDark":"#00294f","angle":59.3,"snapDist":5,"label":0}},{"type":"Feature","geometry":{"type":"Point","coordinates":[38.810045,9.00493]},"properties":{"name":"Condominium","lines":"AB042, AB071, AB082, AB113, AB124, AB131, D26, D52, SH078","arr":["AB042","AB071","AB082","AB113","AB124","AB131","D26","D52","SH078"],"terminus":0,"mode":"bus","color":"#0059a9","colorDark":"#00294f","angle":28.1,"snapDist":2,"label":0}},{"type":"Feature","geometry":{"type":"Point","coordinates":[38.805394,9.007422]},"properties":{"name":"Anbessa Garage","lines":"AB042, AB060, AB082, AB113, AB120, AB124, AB131, D26, D52, SH078","arr":["AB042","AB060","AB082","AB113","AB120","AB124","AB131","D26","D52","SH078"],"terminus":0,"mode":"bus","color":"#0059a9","colorDark":"#00294f","angle":29.7,"snapDist":2,"label":0}},{"type":"Feature","geometry":{"type":"Point","coordinates":[38.786934,8.997487]},"properties":{"name":"Edna Mall","lines":"AB042, SH078","arr":["AB042","SH078"],"terminus":0,"mode":"bus","color":"#0059a9","colorDark":"#00294f","angle":228.2,"snapDist":1,"label":1}},{"type":"Feature","geometry":{"type":"Point","coordinates":[38.792757,8.990767]},"properties":{"name":"Bole","lines":"AB042, SH078","arr":["AB042","SH078"],"terminus":1,"mode":"bus","color":"#0059a9","colorDark":"#00294f","angle":235.9,"snapDist":2,"label":1}},{"type":"Feature","geometry":{"type":"Point","coordinates":[38.667522,9.072599]},"properties":{"name":"Firaol Hotel","lines":"AB043","arr":["AB043"],"terminus":0,"mode":"bus","color":"#0059a9","colorDark":"#00294f","angle":333.8,"snapDist":2,"label":1}},{"type":"Feature","geometry":{"type":"Point","coordinates":[38.647703,9.065025]},"properties":{"name":"Gefersa","lines":"AB043","arr":["AB043"],"terminus":0,"mode":"bus","color":"#0059a9","colorDark":"#00294f","angle":265.6,"snapDist":4,"label":0}},{"type":"Feature","geometry":{"type":"Point","coordinates":[38.567501,9.054746]},"properties":{"name":"Menagesha","lines":"AB043, AB095","arr":["AB043","AB095"],"terminus":1,"mode":"bus","color":"#0059a9","colorDark":"#00294f","angle":327,"snapDist":3,"label":1}},{"type":"Feature","geometry":{"type":"Point","coordinates":[38.567358,9.054654]},"properties":{"name":"Menagesha","lines":"AB043, AB095","arr":["AB043","AB095"],"terminus":1,"mode":"bus","color":"#0059a9","colorDark":"#00294f","angle":147,"snapDist":1,"label":0}},{"type":"Feature","geometry":{"type":"Point","coordinates":[38.607812,9.061454]},"properties":{"name":"Kela","lines":"AB043, AB095","arr":["AB043","AB095"],"terminus":0,"mode":"bus","color":"#0059a9","colorDark":"#00294f","angle":122,"snapDist":1,"label":0}},{"type":"Feature","geometry":{"type":"Point","coordinates":[38.648222,9.066015]},"properties":{"name":"Gefersa","lines":"AB043, AB095, AB111","arr":["AB043","AB095","AB111"],"terminus":1,"mode":"bus","color":"#0059a9","colorDark":"#00294f","angle":140.4,"snapDist":1,"label":0}},{"type":"Feature","geometry":{"type":"Point","coordinates":[38.720364,9.052807]},"properties":{"name":"Finance","lines":"AB043","arr":["AB043"],"terminus":0,"mode":"bus","color":"#0059a9","colorDark":"#00294f","angle":206.7,"snapDist":1,"label":0}},{"type":"Feature","geometry":{"type":"Point","coordinates":[38.801969,9.021064]},"properties":{"name":"Megenagna","lines":"AB044, AB076, AB125, SH089, SH092, SH096","arr":["AB044","AB076","AB125","SH089","SH092","SH096"],"terminus":1,"mode":"bus","color":"#0059a9","colorDark":"#00294f","angle":207.2,"snapDist":1,"label":0}},{"type":"Feature","geometry":{"type":"Point","coordinates":[38.884162,9.06307]},"properties":{"name":"Makefafeya","lines":"AB044, AB097","arr":["AB044","AB097"],"terminus":0,"mode":"bus","color":"#0059a9","colorDark":"#00294f","angle":142.7,"snapDist":1,"label":1}},{"type":"Feature","geometry":{"type":"Point","coordinates":[38.878643,9.057367]},"properties":{"name":"Tafo Junction","lines":"AB044, AB089","arr":["AB044","AB089"],"terminus":0,"mode":"bus","color":"#0059a9","colorDark":"#00294f","angle":308.4,"snapDist":6,"label":0}},{"type":"Feature","geometry":{"type":"Point","coordinates":[38.800551,9.009891]},"properties":{"name":"24","lines":"AB046, AB071","arr":["AB046","AB071"],"terminus":0,"mode":"bus","color":"#0059a9","colorDark":"#00294f","angle":207.3,"snapDist":1,"label":1}},{"type":"Feature","geometry":{"type":"Point","coordinates":[38.803083,9.007785]},"properties":{"name":"Anbessa Garage","lines":"AB046, AB076, AB093, AB125, SH082, SH089, SH096","arr":["AB046","AB076","AB093","AB125","SH082","SH089","SH096"],"terminus":0,"mode":"bus","color":"#0059a9","colorDark":"#00294f","angle":301.5,"snapDist":1,"label":1}},{"type":"Feature","geometry":{"type":"Point","coordinates":[38.805338,8.998606]},"properties":{"name":"Kebede Wessene Rd.","lines":"AB046","arr":["AB046"],"terminus":0,"mode":"bus","color":"#0059a9","colorDark":"#00294f","angle":229.3,"snapDist":0,"label":1}},{"type":"Feature","geometry":{"type":"Point","coordinates":[38.80922,8.994792]},"properties":{"name":"Taxi Tera","lines":"AB046, AB052","arr":["AB046","AB052"],"terminus":0,"mode":"bus","color":"#0059a9","colorDark":"#00294f","angle":179.3,"snapDist":1,"label":1}},{"type":"Feature","geometry":{"type":"Point","coordinates":[38.813441,8.994743]},"properties":{"name":"Gerji","lines":"AB046, AB052","arr":["AB046","AB052"],"terminus":1,"mode":"bus","color":"#0059a9","colorDark":"#00294f","angle":179.4,"snapDist":1,"label":1}},{"type":"Feature","geometry":{"type":"Point","coordinates":[38.81344,8.994742]},"properties":{"name":"Gerji","lines":"AB046, AB052","arr":["AB046","AB052"],"terminus":1,"mode":"bus","color":"#0059a9","colorDark":"#00294f","angle":359.4,"snapDist":1,"label":0}},{"type":"Feature","geometry":{"type":"Point","coordinates":[38.803263,9.007613]},"properties":{"name":"Anbessa Garage","lines":"AB046, AB093, AB125, SH082, SH089, SH092","arr":["AB046","AB093","AB125","SH082","SH089","SH092"],"terminus":0,"mode":"bus","color":"#0059a9","colorDark":"#00294f","angle":120.6,"snapDist":2,"label":0}},{"type":"Feature","geometry":{"type":"Point","coordinates":[38.764806,9.03233]},"properties":{"name":"Arat Kilo","lines":"AB046, AB081, AB089","arr":["AB046","AB081","AB089"],"terminus":1,"mode":"bus","color":"#0059a9","colorDark":"#00294f","angle":16.1,"snapDist":0,"label":0}},{"type":"Feature","geometry":{"type":"Point","coordinates":[38.73209,9.034726]},"properties":{"name":"Autobis Tera","lines":"AB047, B22, SH012","arr":["AB047","B22","SH012"],"terminus":1,"mode":"bus","color":"#0059a9","colorDark":"#00294f","angle":81.1,"snapDist":1,"label":0}},{"type":"Feature","geometry":{"type":"Point","coordinates":[38.732141,9.040956]},"properties":{"name":"Michael","lines":"AB047","arr":["AB047"],"terminus":0,"mode":"bus","color":"#0059a9","colorDark":"#00294f","angle":114.3,"snapDist":1,"label":1}},{"type":"Feature","geometry":{"type":"Point","coordinates":[38.719842,9.054834]},"properties":{"name":"Shegole Bank","lines":"AB047","arr":["AB047"],"terminus":0,"mode":"bus","color":"#0059a9","colorDark":"#00294f","angle":73,"snapDist":0,"label":1}},{"type":"Feature","geometry":{"type":"Point","coordinates":[38.718949,9.058916]},"properties":{"name":"Hassen & Hussein Mosque (Shegole)","lines":"AB047","arr":["AB047"],"terminus":0,"mode":"bus","color":"#0059a9","colorDark":"#00294f","angle":86.1,"snapDist":1,"label":1}},{"type":"Feature","geometry":{"type":"Point","coordinates":[38.720404,9.063831]},"properties":{"name":"Anbessa Garage (Shegole)","lines":"AB047","arr":["AB047"],"terminus":0,"mode":"bus","color":"#0059a9","colorDark":"#00294f","angle":108.3,"snapDist":1,"label":1}},{"type":"Feature","geometry":{"type":"Point","coordinates":[38.726699,9.064141]},"properties":{"name":"Shegole (Mender 7)","lines":"AB047, AB094","arr":["AB047","AB094"],"terminus":1,"mode":"bus","color":"#0059a9","colorDark":"#00294f","angle":359.4,"snapDist":1,"label":1}},{"type":"Feature","geometry":{"type":"Point","coordinates":[38.726613,9.064141]},"properties":{"name":"Shegole (Mender 7)","lines":"AB047, AB094","arr":["AB047","AB094"],"terminus":1,"mode":"bus","color":"#0059a9","colorDark":"#00294f","angle":0,"snapDist":0,"label":0}},{"type":"Feature","geometry":{"type":"Point","coordinates":[38.720586,9.064378]},"properties":{"name":"Anbessa Garage (Shegole)","lines":"AB047","arr":["AB047"],"terminus":0,"mode":"bus","color":"#0059a9","colorDark":"#00294f","angle":288.2,"snapDist":1,"label":0}},{"type":"Feature","geometry":{"type":"Point","coordinates":[38.720035,9.054106]},"properties":{"name":"Shegole Bank","lines":"AB047","arr":["AB047"],"terminus":0,"mode":"bus","color":"#0059a9","colorDark":"#00294f","angle":258.5,"snapDist":3,"label":0}},{"type":"Feature","geometry":{"type":"Point","coordinates":[38.732684,9.042621]},"properties":{"name":"Michael (2)","lines":"AB047","arr":["AB047"],"terminus":0,"mode":"bus","color":"#0059a9","colorDark":"#00294f","angle":275.8,"snapDist":0,"label":1}},{"type":"Feature","geometry":{"type":"Point","coordinates":[38.732043,9.03472]},"properties":{"name":"Autobis Tera","lines":"AB047, B22, SH012","arr":["AB047","B22","SH012"],"terminus":1,"mode":"bus","color":"#0059a9","colorDark":"#00294f","angle":261.5,"snapDist":2,"label":0}},{"type":"Feature","geometry":{"type":"Point","coordinates":[38.776141,8.98128]},"properties":{"name":"Bole Mikael","lines":"AB048, ARD011, Bole001, Lafto044, TX005","arr":["AB048","ARD011","Bole001","Lafto044","TX005"],"terminus":1,"mode":"bus","color":"#0059a9","colorDark":"#00294f","angle":158.7,"mstop":"mix","snapDist":2,"label":1}},{"type":"Feature","geometry":{"type":"Point","coordinates":[38.781906,8.983458]},"properties":{"name":"Bole Cargo","lines":"AB048, Bole001, Bole011, Kal002, Kal033, Lafto044, YK009","arr":["AB048","Bole001","Bole011","Kal002","Kal033","Lafto044","YK009"],"terminus":0,"mode":"bus","color":"#0059a9","colorDark":"#00294f","angle":158.9,"mstop":"mix","snapDist":1,"label":1}},{"type":"Feature","geometry":{"type":"Point","coordinates":[38.790881,8.986737]},"properties":{"name":"Bole Roundabout","lines":"AB048, ARD011, Kal002, Lafto044, TX005","arr":["AB048","ARD011","Kal002","Lafto044","TX005"],"terminus":0,"mode":"bus","color":"#0059a9","colorDark":"#00294f","angle":136.8,"mstop":"mix","snapDist":2,"label":1}},{"type":"Feature","geometry":{"type":"Point","coordinates":[38.789861,8.988697]},"properties":{"name":"Bole Millenium","lines":"AB048, AB052, SH015, SH027, SH072","arr":["AB048","AB052","SH015","SH027","SH072"],"terminus":1,"mode":"bus","color":"#0059a9","colorDark":"#00294f","angle":23.8,"snapDist":7,"label":1}},{"type":"Feature","geometry":{"type":"Point","coordinates":[38.787213,8.989749]},"properties":{"name":"SNAP Building","lines":"AB048, SH099","arr":["AB048","SH099"],"terminus":0,"mode":"bus","color":"#0059a9","colorDark":"#00294f","angle":19.6,"snapDist":1,"label":1}},{"type":"Feature","geometry":{"type":"Point","coordinates":[38.774309,8.9944]},"properties":{"name":"Wollo Sefer","lines":"AB048, ADK053, ARD011, Bole015, Bole016, Bole018, Bole019, Bole020, KRK012, KRK017, KRK020, TX005","arr":["AB048","ADK053","ARD011","Bole015","Bole016","Bole018","Bole019","Bole020","KRK012","KRK017","KRK020","TX005"],"terminus":0,"mode":"bus","color":"#0059a9","colorDark":"#00294f","angle":44.2,"mstop":"mix","snapDist":2,"label":0}},{"type":"Feature","geometry":{"type":"Point","coordinates":[38.772367,8.996619]},"properties":{"name":"Bole Printing Press","lines":"AB048, SH015, SH079, SH099","arr":["AB048","SH015","SH079","SH099"],"terminus":0,"mode":"bus","color":"#0059a9","colorDark":"#00294f","angle":58,"snapDist":1,"label":0}},{"type":"Feature","geometry":{"type":"Point","coordinates":[38.770857,8.999342]},"properties":{"name":"Mega Printing Press","lines":"AB048, SH072, SH099","arr":["AB048","SH072","SH099"],"terminus":0,"mode":"bus","color":"#0059a9","colorDark":"#00294f","angle":62.8,"snapDist":1,"label":1}},{"type":"Feature","geometry":{"type":"Point","coordinates":[38.764655,9.008923]},"properties":{"name":"Flamingo","lines":"AB048, AB052, SH015, SH027, SH072, SH099","arr":["AB048","AB052","SH015","SH027","SH072","SH099"],"terminus":0,"mode":"bus","color":"#0059a9","colorDark":"#00294f","angle":45.2,"snapDist":2,"label":0}},{"type":"Feature","geometry":{"type":"Point","coordinates":[38.766292,9.007007]},"properties":{"name":"Dembel","lines":"AB048, AB053, SH099","arr":["AB048","AB053","SH099"],"terminus":0,"mode":"bus","color":"#0059a9","colorDark":"#00294f","angle":226.3,"snapDist":4,"label":1}},{"type":"Feature","geometry":{"type":"Point","coordinates":[38.784089,8.99083]},"properties":{"name":"Friendship Building","lines":"AB048, ADK020, ADK053, Bole019, Bole020, KRK012, KRK017","arr":["AB048","ADK020","ADK053","Bole019","Bole020","KRK012","KRK017"],"terminus":0,"mode":"bus","color":"#0059a9","colorDark":"#00294f","angle":200.7,"mstop":"mix","snapDist":3,"label":1}},{"type":"Feature","geometry":{"type":"Point","coordinates":[38.789773,8.988566]},"properties":{"name":"Bole Bridge","lines":"AB048, ADK020, ADK053, Bole019, Bole020, KRK012, KRK017","arr":["AB048","ADK020","ADK053","Bole019","Bole020","KRK012","KRK017"],"terminus":1,"mode":"bus","color":"#0059a9","colorDark":"#00294f","angle":201.7,"mstop":"mix","snapDist":1,"label":1}},{"type":"Feature","geometry":{"type":"Point","coordinates":[38.776738,8.981712]},"properties":{"name":"Bole Mickael","lines":"AB048, AB076, SH092, SH096","arr":["AB048","AB076","SH092","SH096"],"terminus":1,"mode":"bus","color":"#0059a9","colorDark":"#00294f","angle":338.4,"snapDist":2,"label":1}},{"type":"Feature","geometry":{"type":"Point","coordinates":[38.894626,9.01139]},"properties":{"name":"Ayat Chefe Condominium","lines":"AB049, AB061, AB083","arr":["AB049","AB061","AB083"],"terminus":1,"mode":"bus","color":"#0059a9","colorDark":"#00294f","angle":89.6,"snapDist":5,"label":1}},{"type":"Feature","geometry":{"type":"Point","coordinates":[38.894601,9.01707]},"properties":{"name":"Police Tabia","lines":"AB049, AB083","arr":["AB049","AB083"],"terminus":0,"mode":"bus","color":"#0059a9","colorDark":"#00294f","angle":90,"snapDist":1,"label":1}},{"type":"Feature","geometry":{"type":"Point","coordinates":[38.891209,9.022254]},"properties":{"name":"Tsebel","lines":"AB049, AB061, AB083","arr":["AB049","AB061","AB083"],"terminus":0,"mode":"bus","color":"#0059a9","colorDark":"#00294f","angle":357.5,"snapDist":0,"label":1}},{"type":"Feature","geometry":{"type":"Point","coordinates":[38.871983,9.021281]},"properties":{"name":"Ayat Train Station","lines":"AB049, AB061, AB083, AB097, AB101, AB126, D46","arr":["AB049","AB061","AB083","AB097","AB101","AB126","D46"],"terminus":0,"mode":"bus","color":"#0059a9","colorDark":"#00294f","angle":357.5,"snapDist":5,"label":1}},{"type":"Feature","geometry":{"type":"Point","coordinates":[38.867825,9.021056]},"properties":{"name":"Ayat Zone 2","lines":"AB049, AB061, AB083, AB097, AB101, AB127, SH067","arr":["AB049","AB061","AB083","AB097","AB101","AB127","SH067"],"terminus":0,"mode":"bus","color":"#0059a9","colorDark":"#00294f","angle":356.6,"snapDist":1,"label":1}},{"type":"Feature","geometry":{"type":"Point","coordinates":[38.860357,9.020699]},"properties":{"name":"Meri","lines":"AB049, AB061, AB083, AB097, AB101, D23, D46, SH066, SH067","arr":["AB049","AB061","AB083","AB097","AB101","D23","D46","SH066","SH067"],"terminus":0,"mode":"bus","color":"#0059a9","colorDark":"#00294f","angle":357.8,"snapDist":1,"label":1}},{"type":"Feature","geometry":{"type":"Point","coordinates":[38.842502,9.021521]},"properties":{"name":"St. Micheal Church","lines":"AB049, AB061, AB079, AB083, AB097, AB101, AB126, D23, SH066","arr":["AB049","AB061","AB079","AB083","AB097","AB101","AB126","D23","SH066"],"terminus":0,"mode":"bus","color":"#0059a9","colorDark":"#00294f","angle":1.7,"snapDist":3,"label":1}},{"type":"Feature","geometry":{"type":"Point","coordinates":[38.853908,9.020707]},"properties":{"name":"Yetebaberut","lines":"AB049, AB061, AB083, AB097, AB101, AB126, AB127, D23, D46, SH066, SH067","arr":["AB049","AB061","AB083","AB097","AB101","AB126","AB127","D23","D46","SH066","SH067"],"terminus":0,"mode":"bus","color":"#0059a9","colorDark":"#00294f","angle":183.4,"snapDist":0,"label":0}},{"type":"Feature","geometry":{"type":"Point","coordinates":[38.861072,9.020526]},"properties":{"name":"Meri (Yetebaberut)","lines":"AB049, AB061, AB083, AB097, AB101, D23, D46, SH066, SH067","arr":["AB049","AB061","AB083","AB097","AB101","D23","D46","SH066","SH067"],"terminus":0,"mode":"bus","color":"#0059a9","colorDark":"#00294f","angle":176.4,"snapDist":2,"label":1}},{"type":"Feature","geometry":{"type":"Point","coordinates":[38.872594,9.021123]},"properties":{"name":"CMC","lines":"AB049, AB061, AB083, AB097, AB101, D46","arr":["AB049","AB061","AB083","AB097","AB101","D46"],"terminus":0,"mode":"bus","color":"#0059a9","colorDark":"#00294f","angle":176.4,"snapDist":0,"label":1}},{"type":"Feature","geometry":{"type":"Point","coordinates":[38.876768,9.021246]},"properties":{"name":"Ayat Square","lines":"AB049, AB061, AB083, AB126, D46","arr":["AB049","AB061","AB083","AB126","D46"],"terminus":0,"mode":"bus","color":"#0059a9","colorDark":"#00294f","angle":175.3,"snapDist":1,"label":1}},{"type":"Feature","geometry":{"type":"Point","coordinates":[38.886257,9.021698]},"properties":{"name":"Feres Bet","lines":"AB049, AB061, AB083","arr":["AB049","AB061","AB083"],"terminus":0,"mode":"bus","color":"#0059a9","colorDark":"#00294f","angle":178.5,"snapDist":1,"label":1}},{"type":"Feature","geometry":{"type":"Point","coordinates":[38.890293,9.021906]},"properties":{"name":"Bono Meskid","lines":"AB049, AB061, AB083","arr":["AB049","AB061","AB083"],"terminus":0,"mode":"bus","color":"#0059a9","colorDark":"#00294f","angle":178.2,"snapDist":0,"label":1}},{"type":"Feature","geometry":{"type":"Point","coordinates":[38.894505,9.010937]},"properties":{"name":"Ayat Chefe Condominium","lines":"AB049, AB061, AB083","arr":["AB049","AB061","AB083"],"terminus":1,"mode":"bus","color":"#0059a9","colorDark":"#00294f","angle":271.4,"snapDist":2,"label":0}},{"type":"Feature","geometry":{"type":"Point","coordinates":[38.673206,8.9666]},"properties":{"name":"Welete Tele","lines":"AB050, AB091, AB099","arr":["AB050","AB091","AB099"],"terminus":0,"mode":"bus","color":"#0059a9","colorDark":"#00294f","angle":173,"snapDist":4,"label":1}},{"type":"Feature","geometry":{"type":"Point","coordinates":[38.720853,9.009732]},"properties":{"name":"Tor Hailoch","lines":"AB050, AB051, AB059, AB066, AB130, SH040, SH068, SH071, SH081, SH100","arr":["AB050","AB051","AB059","AB066","AB130","SH040","SH068","SH071","SH081","SH100"],"terminus":0,"mode":"bus","color":"#0059a9","colorDark":"#00294f","angle":115.7,"snapDist":4,"label":0}},{"type":"Feature","geometry":{"type":"Point","coordinates":[38.738604,9.010937]},"properties":{"name":"Lideta Condominium","lines":"AB050, AB092, AB130, SH081, SH100","arr":["AB050","AB092","AB130","SH081","SH100"],"terminus":0,"mode":"bus","color":"#0059a9","colorDark":"#00294f","angle":187.8,"snapDist":1,"label":1}},{"type":"Feature","geometry":{"type":"Point","coordinates":[38.729312,9.012146]},"properties":{"name":"Hintsa College","lines":"AB050, AB068, AB070, AB073, AB090, AB105","arr":["AB050","AB068","AB070","AB073","AB090","AB105"],"terminus":0,"mode":"bus","color":"#0059a9","colorDark":"#00294f","angle":4.3,"snapDist":1,"label":1}},{"type":"Feature","geometry":{"type":"Point","coordinates":[38.685348,8.979519]},"properties":{"name":"Repi (Gerar)","lines":"AB050, AB066, AB091, AB099, SH040, SH100","arr":["AB050","AB066","AB091","AB099","SH040","SH100"],"terminus":0,"mode":"bus","color":"#0059a9","colorDark":"#00294f","angle":335.1,"snapDist":3,"label":1}},{"type":"Feature","geometry":{"type":"Point","coordinates":[38.673189,8.966598]},"properties":{"name":"Weleta Tele","lines":"AB050, AB091, AB099","arr":["AB050","AB091","AB099"],"terminus":0,"mode":"bus","color":"#0059a9","colorDark":"#00294f","angle":353,"snapDist":2,"label":1}},{"type":"Feature","geometry":{"type":"Point","coordinates":[38.67132,8.96118]},"properties":{"name":"Welete Maryam","lines":"AB050, AB099","arr":["AB050","AB099"],"terminus":0,"mode":"bus","color":"#0059a9","colorDark":"#00294f","angle":258.4,"snapDist":1,"label":1}},{"type":"Feature","geometry":{"type":"Point","coordinates":[38.652964,8.923202]},"properties":{"name":"Alem Gena","lines":"AB050, AB091, SH069","arr":["AB050","AB091","SH069"],"terminus":1,"mode":"bus","color":"#0059a9","colorDark":"#00294f","angle":325.9,"snapDist":0,"label":0}},{"type":"Feature","geometry":{"type":"Point","coordinates":[38.70806,8.988279]},"properties":{"name":"Zenebework","lines":"AB051, AB059, AB090, SH071","arr":["AB051","AB059","AB090","SH071"],"terminus":0,"mode":"bus","color":"#0059a9","colorDark":"#00294f","angle":95.8,"snapDist":2,"label":0}},{"type":"Feature","geometry":{"type":"Point","coordinates":[38.708814,8.996494]},"properties":{"name":"Tabot Maderya","lines":"AB051, SH071","arr":["AB051","SH071"],"terminus":0,"mode":"bus","color":"#0059a9","colorDark":"#00294f","angle":76.8,"snapDist":2,"label":1}},{"type":"Feature","geometry":{"type":"Point","coordinates":[38.70704,9.00442]},"properties":{"name":"Weyra Sefer","lines":"AB051, SH071","arr":["AB051","SH071"],"terminus":0,"mode":"bus","color":"#0059a9","colorDark":"#00294f","angle":71.3,"snapDist":2,"label":1}},{"type":"Feature","geometry":{"type":"Point","coordinates":[38.694341,9.004285]},"properties":{"name":"Bethel","lines":"AB051, SH071","arr":["AB051","SH071"],"terminus":1,"mode":"bus","color":"#0059a9","colorDark":"#00294f","angle":103.7,"snapDist":1,"label":1}},{"type":"Feature","geometry":{"type":"Point","coordinates":[38.694489,9.005829]},"properties":{"name":"Bethel","lines":"AB051, SH071","arr":["AB051","SH071"],"terminus":1,"mode":"bus","color":"#0059a9","colorDark":"#00294f","angle":281,"snapDist":1,"label":0}},{"type":"Feature","geometry":{"type":"Point","coordinates":[38.707014,9.004322]},"properties":{"name":"Weyra Sefer","lines":"AB051, SH071","arr":["AB051","SH071"],"terminus":0,"mode":"bus","color":"#0059a9","colorDark":"#00294f","angle":252.6,"snapDist":3,"label":0}},{"type":"Feature","geometry":{"type":"Point","coordinates":[38.708736,8.996485]},"properties":{"name":"Tabot Maderya","lines":"AB051, SH071","arr":["AB051","SH071"],"terminus":0,"mode":"bus","color":"#0059a9","colorDark":"#00294f","angle":258.2,"snapDist":1,"label":0}},{"type":"Feature","geometry":{"type":"Point","coordinates":[38.708056,8.988763]},"properties":{"name":"Zenebework","lines":"AB051, SH071","arr":["AB051","SH071"],"terminus":0,"mode":"bus","color":"#0059a9","colorDark":"#00294f","angle":277.9,"snapDist":3,"label":1}},{"type":"Feature","geometry":{"type":"Point","coordinates":[38.737794,9.034269]},"properties":{"name":"Gojam Berenda","lines":"AB052","arr":["AB052"],"terminus":0,"mode":"bus","color":"#0059a9","colorDark":"#00294f","angle":196.1,"snapDist":1,"label":0}},{"type":"Feature","geometry":{"type":"Point","coordinates":[38.743965,9.027837]},"properties":{"name":"Teklehaymanot","lines":"AB052","arr":["AB052"],"terminus":0,"mode":"bus","color":"#0059a9","colorDark":"#00294f","angle":236.9,"snapDist":3,"label":1}},{"type":"Feature","geometry":{"type":"Point","coordinates":[38.747606,9.02177]},"properties":{"name":"Tikur Anbessa Hospital","lines":"AB052","arr":["AB052"],"terminus":0,"mode":"bus","color":"#0059a9","colorDark":"#00294f","angle":254.3,"snapDist":3,"label":1}},{"type":"Feature","geometry":{"type":"Point","coordinates":[38.746695,9.019282]},"properties":{"name":"Meteorology","lines":"AB052","arr":["AB052"],"terminus":0,"mode":"bus","color":"#0059a9","colorDark":"#00294f","angle":290.6,"snapDist":2,"label":1}},{"type":"Feature","geometry":{"type":"Point","coordinates":[38.789763,8.98857]},"properties":{"name":"Bole Millenium","lines":"AB052, SH015, SH027","arr":["AB052","SH015","SH027"],"terminus":1,"mode":"bus","color":"#0059a9","colorDark":"#00294f","angle":201.7,"snapDist":4,"label":0}},{"type":"Feature","geometry":{"type":"Point","coordinates":[38.809241,8.994792]},"properties":{"name":"Taxi Tera","lines":"AB052","arr":["AB052"],"terminus":0,"mode":"bus","color":"#0059a9","colorDark":"#00294f","angle":359.5,"snapDist":1,"label":0}},{"type":"Feature","geometry":{"type":"Point","coordinates":[38.794367,8.991147]},"properties":{"name":"Bole (Bora Amusement)","lines":"AB052, AB076, SH096","arr":["AB052","AB076","SH096"],"terminus":0,"mode":"bus","color":"#0059a9","colorDark":"#00294f","angle":292.1,"snapDist":3,"label":1}},{"type":"Feature","geometry":{"type":"Point","coordinates":[38.765937,9.007555]},"properties":{"name":"Dembel City Center","lines":"AB052","arr":["AB052"],"terminus":0,"mode":"bus","color":"#0059a9","colorDark":"#00294f","angle":48.2,"snapDist":4,"label":1}},{"type":"Feature","geometry":{"type":"Point","coordinates":[38.746848,9.019416]},"properties":{"name":"Meteorology","lines":"AB052","arr":["AB052"],"terminus":0,"mode":"bus","color":"#0059a9","colorDark":"#00294f","angle":111.8,"snapDist":2,"label":0}},{"type":"Feature","geometry":{"type":"Point","coordinates":[38.745772,9.024731]},"properties":{"name":"Kebele 11","lines":"AB052","arr":["AB052"],"terminus":0,"mode":"bus","color":"#0059a9","colorDark":"#00294f","angle":60.2,"snapDist":4,"label":1}},{"type":"Feature","geometry":{"type":"Point","coordinates":[38.744056,9.02782]},"properties":{"name":"Teklehaymanot","lines":"AB052","arr":["AB052"],"terminus":0,"mode":"bus","color":"#0059a9","colorDark":"#00294f","angle":56,"snapDist":1,"label":0}},{"type":"Feature","geometry":{"type":"Point","coordinates":[38.733779,9.034226]},"properties":{"name":"Autobis Tera","lines":"AB052","arr":["AB052"],"terminus":1,"mode":"bus","color":"#0059a9","colorDark":"#00294f","angle":353.1,"snapDist":0,"label":0}},{"type":"Feature","geometry":{"type":"Point","coordinates":[38.761276,9.044773]},"properties":{"name":"6 Kilo","lines":"AB053","arr":["AB053"],"terminus":1,"mode":"bus","color":"#0059a9","colorDark":"#00294f","angle":277,"snapDist":1,"label":0}},{"type":"Feature","geometry":{"type":"Point","coordinates":[38.763531,9.022034]},"properties":{"name":"ICT Park","lines":"AB053","arr":["AB053"],"terminus":0,"mode":"bus","color":"#0059a9","colorDark":"#00294f","angle":253.4,"snapDist":2,"label":1}},{"type":"Feature","geometry":{"type":"Point","coordinates":[38.771606,8.997679]},"properties":{"name":"Bole Printing Press","lines":"AB053, SH015, SH027, SH072, SH079","arr":["AB053","SH015","SH027","SH072","SH079"],"terminus":0,"mode":"bus","color":"#0059a9","colorDark":"#00294f","angle":242.2,"snapDist":2,"label":0}},{"type":"Feature","geometry":{"type":"Point","coordinates":[38.775645,8.98728]},"properties":{"name":"Washington Hospital","lines":"AB053","arr":["AB053"],"terminus":0,"mode":"bus","color":"#0059a9","colorDark":"#00294f","angle":311.1,"snapDist":1,"label":1}},{"type":"Feature","geometry":{"type":"Point","coordinates":[38.773009,8.984313]},"properties":{"name":"Bole Mikael","lines":"AB053","arr":["AB053"],"terminus":1,"mode":"bus","color":"#0059a9","colorDark":"#00294f","angle":282.8,"snapDist":3,"label":1}},{"type":"Feature","geometry":{"type":"Point","coordinates":[38.743833,8.947766]},"properties":{"name":"Lafto","lines":"AB054","arr":["AB054"],"terminus":1,"mode":"bus","color":"#0059a9","colorDark":"#00294f","angle":264.6,"snapDist":1,"label":0}},{"type":"Feature","geometry":{"type":"Point","coordinates":[38.744426,8.948513]},"properties":{"name":"Lafto","lines":"AB054","arr":["AB054"],"terminus":1,"mode":"bus","color":"#0059a9","colorDark":"#00294f","angle":274.9,"snapDist":2,"label":0}},{"type":"Feature","geometry":{"type":"Point","coordinates":[38.788027,9.062268]},"properties":{"name":"Gurara","lines":"AB055, AB064","arr":["AB055","AB064"],"terminus":1,"mode":"bus","color":"#0059a9","colorDark":"#00294f","angle":342.3,"snapDist":1,"label":0}},{"type":"Feature","geometry":{"type":"Point","coordinates":[38.783588,9.060835]},"properties":{"name":"Yeha","lines":"AB055","arr":["AB055"],"terminus":0,"mode":"bus","color":"#0059a9","colorDark":"#00294f","angle":340.5,"snapDist":2,"label":0}},{"type":"Feature","geometry":{"type":"Point","coordinates":[38.777179,9.057098]},"properties":{"name":"Abo Mazoriya","lines":"AB055, AB064","arr":["AB055","AB064"],"terminus":0,"mode":"bus","color":"#0059a9","colorDark":"#00294f","angle":7.8,"snapDist":2,"label":0}},{"type":"Feature","geometry":{"type":"Point","coordinates":[38.759589,8.994145]},"properties":{"name":"Global Hotel","lines":"AB056, AB110","arr":["AB056","AB110"],"terminus":0,"mode":"bus","color":"#0059a9","colorDark":"#00294f","angle":283.3,"snapDist":1,"label":0}},{"type":"Feature","geometry":{"type":"Point","coordinates":[38.763155,8.963771]},"properties":{"name":"Kadisco","lines":"AB056, SH086","arr":["AB056","SH086"],"terminus":0,"mode":"bus","color":"#0059a9","colorDark":"#00294f","angle":261.4,"snapDist":8,"label":0}},{"type":"Feature","geometry":{"type":"Point","coordinates":[38.76612,8.945003]},"properties":{"name":"Saris Abo","lines":"AB056, AB098, AB109, SH090, SH091, SH093","arr":["AB056","AB098","AB109","SH090","SH091","SH093"],"terminus":1,"mode":"bus","color":"#0059a9","colorDark":"#00294f","angle":245.1,"snapDist":1,"label":1}},{"type":"Feature","geometry":{"type":"Point","coordinates":[38.765955,8.945832]},"properties":{"name":"Saris Abo","lines":"AB056, AB109, SH086","arr":["AB056","AB109","SH086"],"terminus":1,"mode":"bus","color":"#0059a9","colorDark":"#00294f","angle":65.6,"snapDist":2,"label":0}},{"type":"Feature","geometry":{"type":"Point","coordinates":[38.763609,8.953596]},"properties":{"name":"Saris","lines":"AB056","arr":["AB056"],"terminus":0,"mode":"bus","color":"#0059a9","colorDark":"#00294f","angle":97,"snapDist":2,"label":0}},{"type":"Feature","geometry":{"type":"Point","coordinates":[38.759772,8.98826]},"properties":{"name":"Agona Cinema","lines":"AB056, AB110, SH016, SH028, SH086","arr":["AB056","AB110","SH016","SH028","SH086"],"terminus":0,"mode":"bus","color":"#0059a9","colorDark":"#00294f","angle":74.2,"snapDist":3,"label":0}},{"type":"Feature","geometry":{"type":"Point","coordinates":[38.758732,9.000468]},"properties":{"name":"Tele Garage","lines":"AB056, AB110, SH016, SH028, SH086","arr":["AB056","AB110","SH016","SH028","SH086"],"terminus":0,"mode":"bus","color":"#0059a9","colorDark":"#00294f","angle":92.3,"snapDist":1,"label":0}},{"type":"Feature","geometry":{"type":"Point","coordinates":[38.758889,9.004394]},"properties":{"name":"Riche","lines":"AB056, AB110, SH028","arr":["AB056","AB110","SH028"],"terminus":0,"mode":"bus","color":"#0059a9","colorDark":"#00294f","angle":92.2,"snapDist":1,"label":0}},{"type":"Feature","geometry":{"type":"Point","coordinates":[38.759265,9.010501]},"properties":{"name":"St. Joseph School","lines":"AB056, AB110","arr":["AB056","AB110"],"terminus":0,"mode":"bus","color":"#0059a9","colorDark":"#00294f","angle":97.3,"snapDist":1,"label":0}},{"type":"Feature","geometry":{"type":"Point","coordinates":[38.755214,9.01738]},"properties":{"name":"Ambassador","lines":"AB057","arr":["AB057"],"terminus":0,"mode":"bus","color":"#0059a9","colorDark":"#00294f","angle":175.9,"snapDist":3,"label":0}},{"type":"Feature","geometry":{"type":"Point","coordinates":[38.749494,9.013902]},"properties":{"name":"A.A. Commercial College","lines":"AB058, AB070, AB090, AB103","arr":["AB058","AB070","AB090","AB103"],"terminus":0,"mode":"bus","color":"#0059a9","colorDark":"#00294f","angle":325,"snapDist":1,"label":0}},{"type":"Feature","geometry":{"type":"Point","coordinates":[38.737779,9.011216]},"properties":{"name":"Lideta Condominium","lines":"AB058, AB090, AB092, B19","arr":["AB058","AB090","AB092","B19"],"terminus":0,"mode":"bus","color":"#0059a9","colorDark":"#00294f","angle":8.2,"snapDist":2,"label":0}},{"type":"Feature","geometry":{"type":"Point","coordinates":[38.683007,8.99657]},"properties":{"name":"Tropical","lines":"AB058, AB065, SH010","arr":["AB058","AB065","SH010"],"terminus":0,"mode":"bus","color":"#0059a9","colorDark":"#00294f","angle":38.9,"snapDist":2,"label":1}},{"type":"Feature","geometry":{"type":"Point","coordinates":[38.694206,9.004476]},"properties":{"name":"Bethel","lines":"AB059, AB090, SH010","arr":["AB059","AB090","SH010"],"terminus":1,"mode":"bus","color":"#0059a9","colorDark":"#00294f","angle":281.6,"snapDist":2,"label":0}},{"type":"Feature","geometry":{"type":"Point","coordinates":[38.7184,8.995416]},"properties":{"name":"Minaye Building","lines":"AB059, AB065, AB070, AB087, SH068, SH071","arr":["AB059","AB065","AB070","AB087","SH068","SH071"],"terminus":0,"mode":"bus","color":"#0059a9","colorDark":"#00294f","angle":109,"snapDist":1,"label":1}},{"type":"Feature","geometry":{"type":"Point","coordinates":[38.732683,9.011666]},"properties":{"name":"Lideta Kefetega Firdbet","lines":"AB059, AB066, AB123, SH009, SH010, SH040, SH068","arr":["AB059","AB066","AB123","SH009","SH010","SH040","SH068"],"terminus":0,"mode":"bus","color":"#0059a9","colorDark":"#00294f","angle":185.5,"snapDist":2,"label":1}},{"type":"Feature","geometry":{"type":"Point","coordinates":[38.729526,9.015889]},"properties":{"name":"Coca Cola","lines":"AB059, AB091, AB123, SH071","arr":["AB059","AB091","AB123","SH071"],"terminus":0,"mode":"bus","color":"#0059a9","colorDark":"#00294f","angle":297.4,"snapDist":7,"label":1}},{"type":"Feature","geometry":{"type":"Point","coordinates":[38.694414,9.004592]},"properties":{"name":"Bethel","lines":"AB059, AB090, SH010","arr":["AB059","AB090","SH010"],"terminus":1,"mode":"bus","color":"#0059a9","colorDark":"#00294f","angle":102.9,"snapDist":2,"label":0}},{"type":"Feature","geometry":{"type":"Point","coordinates":[38.991931,8.742031]},"properties":{"name":"Debre Zeit","lines":"AB060","arr":["AB060"],"terminus":1,"mode":"bus","color":"#0059a9","colorDark":"#00294f","angle":75,"snapDist":0,"label":1}},{"type":"Feature","geometry":{"type":"Point","coordinates":[38.98267,8.747762]},"properties":{"name":"Bishoftu","lines":"AB060","arr":["AB060"],"terminus":0,"mode":"bus","color":"#0059a9","colorDark":"#00294f","angle":179.7,"snapDist":1,"label":1}},{"type":"Feature","geometry":{"type":"Point","coordinates":[38.968893,8.750309]},"properties":{"name":"Bishoftu","lines":"AB060","arr":["AB060"],"terminus":0,"mode":"bus","color":"#0059a9","colorDark":"#00294f","angle":202.1,"snapDist":1,"label":1}},{"type":"Feature","geometry":{"type":"Point","coordinates":[38.961829,8.751444]},"properties":{"name":"Bishoftu (Eyasu Meda)","lines":"AB060","arr":["AB060"],"terminus":0,"mode":"bus","color":"#0059a9","colorDark":"#00294f","angle":106.6,"snapDist":13,"label":1}},{"type":"Feature","geometry":{"type":"Point","coordinates":[38.956922,8.751774]},"properties":{"name":"Bishoftu (Pyramid Paradise)","lines":"AB060","arr":["AB060"],"terminus":0,"mode":"bus","color":"#0059a9","colorDark":"#00294f","angle":22.6,"snapDist":8,"label":1}},{"type":"Feature","geometry":{"type":"Point","coordinates":[38.943893,8.76075]},"properties":{"name":"Bishoftu Harar Supermarket","lines":"AB060","arr":["AB060"],"terminus":0,"mode":"bus","color":"#0059a9","colorDark":"#00294f","angle":38,"snapDist":1,"label":1}},{"type":"Feature","geometry":{"type":"Point","coordinates":[38.941512,8.762631]},"properties":{"name":"Eldana Pharmacy","lines":"AB060","arr":["AB060"],"terminus":0,"mode":"bus","color":"#0059a9","colorDark":"#00294f","angle":218.1,"snapDist":1,"label":1}},{"type":"Feature","geometry":{"type":"Point","coordinates":[38.820702,8.870906]},"properties":{"name":"G7 (Tulu Dimtu)","lines":"AB060, AB106, AB110, AB121, AB124","arr":["AB060","AB106","AB110","AB121","AB124"],"terminus":0,"mode":"bus","color":"#0059a9","colorDark":"#00294f","angle":81.9,"snapDist":1,"label":1}},{"type":"Feature","geometry":{"type":"Point","coordinates":[38.820158,8.874775]},"properties":{"name":"Tulu Dimtu Adebabay","lines":"AB060, AB109, AB110","arr":["AB060","AB109","AB110"],"terminus":1,"mode":"bus","color":"#0059a9","colorDark":"#00294f","angle":55.6,"snapDist":1,"label":1}},{"type":"Feature","geometry":{"type":"Point","coordinates":[38.815538,8.900526]},"properties":{"name":"kilinto (Heniken Brewery)","lines":"AB060, AB113, AB120, AB124, D52, SH077","arr":["AB060","AB113","AB120","AB124","D52","SH077"],"terminus":1,"mode":"bus","color":"#0059a9","colorDark":"#00294f","angle":108.8,"snapDist":4,"label":1}},{"type":"Feature","geometry":{"type":"Point","coordinates":[38.829877,8.990083]},"properties":{"name":"Goro Roundabout","lines":"AB060, AB120, AB124, SH077","arr":["AB060","AB120","AB124","SH077"],"terminus":0,"mode":"bus","color":"#0059a9","colorDark":"#00294f","angle":100.2,"snapDist":4,"label":1}},{"type":"Feature","geometry":{"type":"Point","coordinates":[38.82317,8.997251]},"properties":{"name":"Goro Primary School","lines":"AB060","arr":["AB060"],"terminus":0,"mode":"bus","color":"#0059a9","colorDark":"#00294f","angle":44.9,"snapDist":0,"label":1}},{"type":"Feature","geometry":{"type":"Point","coordinates":[38.805625,9.007187]},"properties":{"name":"Anbessa Garage","lines":"AB060, AB071, AB082, AB113, AB120, AB131, D26, D52","arr":["AB060","AB071","AB082","AB113","AB120","AB131","D26","D52"],"terminus":1,"mode":"bus","color":"#0059a9","colorDark":"#00294f","angle":209.6,"snapDist":1,"label":1}},{"type":"Feature","geometry":{"type":"Point","coordinates":[38.81525,8.90079]},"properties":{"name":"Kilinto Right (Heniken)","lines":"AB060, AB113, AB120, AB131, D52, SH077","arr":["AB060","AB113","AB120","AB131","D52","SH077"],"terminus":0,"mode":"bus","color":"#0059a9","colorDark":"#00294f","angle":288.7,"snapDist":2,"label":1}},{"type":"Feature","geometry":{"type":"Point","coordinates":[38.819383,8.875194]},"properties":{"name":"Tulu Dimtu","lines":"AB060, AB106, SH077","arr":["AB060","AB106","SH077"],"terminus":1,"mode":"bus","color":"#0059a9","colorDark":"#00294f","angle":252.3,"snapDist":1,"label":1}},{"type":"Feature","geometry":{"type":"Point","coordinates":[38.928547,8.773545]},"properties":{"name":"Debre Zeit (Toll Exit)","lines":"AB060","arr":["AB060"],"terminus":0,"mode":"bus","color":"#0059a9","colorDark":"#00294f","angle":129.9,"snapDist":4,"label":1}},{"type":"Feature","geometry":{"type":"Point","coordinates":[38.941441,8.762686]},"properties":{"name":"Eldana Pharmacy","lines":"AB060","arr":["AB060"],"terminus":0,"mode":"bus","color":"#0059a9","colorDark":"#00294f","angle":218.1,"snapDist":0,"label":0}},{"type":"Feature","geometry":{"type":"Point","coordinates":[38.948257,8.757669]},"properties":{"name":"Eastern Industry Zone","lines":"AB060","arr":["AB060"],"terminus":0,"mode":"bus","color":"#0059a9","colorDark":"#00294f","angle":214.5,"snapDist":2,"label":1}},{"type":"Feature","geometry":{"type":"Point","coordinates":[38.962155,8.751404]},"properties":{"name":"Bishoftu (Eyasu Meda)","lines":"AB060","arr":["AB060"],"terminus":0,"mode":"bus","color":"#0059a9","colorDark":"#00294f","angle":182.4,"snapDist":1,"label":0}},{"type":"Feature","geometry":{"type":"Point","coordinates":[38.967151,8.750967]},"properties":{"name":"Eastern Industry Zone","lines":"AB060","arr":["AB060"],"terminus":0,"mode":"bus","color":"#0059a9","colorDark":"#00294f","angle":200.4,"snapDist":1,"label":1}},{"type":"Feature","geometry":{"type":"Point","coordinates":[38.982794,8.747763]},"properties":{"name":"Bishoftu","lines":"AB060","arr":["AB060"],"terminus":0,"mode":"bus","color":"#0059a9","colorDark":"#00294f","angle":179.7,"snapDist":5,"label":0}},{"type":"Feature","geometry":{"type":"Point","coordinates":[38.987077,8.747494]},"properties":{"name":"Bishoftu","lines":"AB060","arr":["AB060"],"terminus":0,"mode":"bus","color":"#0059a9","colorDark":"#00294f","angle":196.2,"snapDist":0,"label":1}},{"type":"Feature","geometry":{"type":"Point","coordinates":[38.991931,8.742032]},"properties":{"name":"Debre Zeit","lines":"AB060","arr":["AB060"],"terminus":1,"mode":"bus","color":"#0059a9","colorDark":"#00294f","angle":255,"snapDist":1,"label":0}},{"type":"Feature","geometry":{"type":"Point","coordinates":[38.80001,9.02033]},"properties":{"name":"Megenagna / Zefmesh","lines":"AB061, AB071","arr":["AB061","AB071"],"terminus":0,"mode":"bus","color":"#0059a9","colorDark":"#00294f","angle":18.5,"snapDist":1,"label":1}},{"type":"Feature","geometry":{"type":"Point","coordinates":[38.788782,9.021678]},"properties":{"name":"Dinberwa Hospital (1)","lines":"AB061","arr":["AB061"],"terminus":0,"mode":"bus","color":"#0059a9","colorDark":"#00294f","angle":13.8,"snapDist":1,"label":1}},{"type":"Feature","geometry":{"type":"Point","coordinates":[38.777174,9.02344]},"properties":{"name":"Women Square","lines":"AB061, AB128, SH070","arr":["AB061","AB128","SH070"],"terminus":0,"mode":"bus","color":"#0059a9","colorDark":"#00294f","angle":359.9,"snapDist":1,"label":0}},{"type":"Feature","geometry":{"type":"Point","coordinates":[38.771536,9.020637]},"properties":{"name":"Meles Zenawi Foundation","lines":"AB061, AB071, AB128, SH070","arr":["AB061","AB071","AB128","SH070"],"terminus":0,"mode":"bus","color":"#0059a9","colorDark":"#00294f","angle":338.2,"snapDist":4,"label":1}},{"type":"Feature","geometry":{"type":"Point","coordinates":[38.821512,9.018754]},"properties":{"name":"Gurd-shola","lines":"AB061, AB119, AB127, D23, D25, D46, SH066, SH067","arr":["AB061","AB119","AB127","D23","D25","D46","SH066","SH067"],"terminus":0,"mode":"bus","color":"#0059a9","colorDark":"#00294f","angle":184.6,"snapDist":2,"label":0}},{"type":"Feature","geometry":{"type":"Point","coordinates":[38.841422,9.021348]},"properties":{"name":"St. Michael","lines":"AB061, AB083, AB127, D23, SH066","arr":["AB061","AB083","AB127","D23","SH066"],"terminus":0,"mode":"bus","color":"#0059a9","colorDark":"#00294f","angle":181.2,"snapDist":4,"label":0}},{"type":"Feature","geometry":{"type":"Point","coordinates":[38.622123,8.91142]},"properties":{"name":"Sebeta","lines":"AB062, AB091","arr":["AB062","AB091"],"terminus":1,"mode":"bus","color":"#0059a9","colorDark":"#00294f","angle":157.8,"snapDist":0,"label":1}},{"type":"Feature","geometry":{"type":"Point","coordinates":[38.622122,8.91142]},"properties":{"name":"Sebeta","lines":"AB062, AB091","arr":["AB062","AB091"],"terminus":1,"mode":"bus","color":"#0059a9","colorDark":"#00294f","angle":336.1,"snapDist":0,"label":0}},{"type":"Feature","geometry":{"type":"Point","coordinates":[38.712715,9.041441]},"properties":{"name":"Atena Tera","lines":"AB063, AB073, AB087, ADK052, Kolfa018","arr":["AB063","AB073","AB087","ADK052","Kolfa018"],"terminus":0,"mode":"bus","color":"#0059a9","colorDark":"#00294f","angle":71.4,"mstop":"mix","snapDist":1,"label":0}},{"type":"Feature","geometry":{"type":"Point","coordinates":[38.708873,9.052057]},"properties":{"name":"4 Menta Adebabay","lines":"AB063, AB108","arr":["AB063","AB108"],"terminus":0,"mode":"bus","color":"#0059a9","colorDark":"#00294f","angle":56.6,"snapDist":0,"label":1}},{"type":"Feature","geometry":{"type":"Point","coordinates":[38.698785,9.051339]},"properties":{"name":"Mikili Land","lines":"AB063, AB094","arr":["AB063","AB094"],"terminus":1,"mode":"bus","color":"#0059a9","colorDark":"#00294f","angle":212.9,"snapDist":1,"label":1}},{"type":"Feature","geometry":{"type":"Point","coordinates":[38.709352,9.051301]},"properties":{"name":"4 Menta Adebabay","lines":"AB063","arr":["AB063"],"terminus":0,"mode":"bus","color":"#0059a9","colorDark":"#00294f","angle":219.2,"snapDist":2,"label":0}},{"type":"Feature","geometry":{"type":"Point","coordinates":[38.711662,9.049123]},"properties":{"name":"Winget TVET","lines":"AB063, AB087","arr":["AB063","AB087"],"terminus":0,"mode":"bus","color":"#0059a9","colorDark":"#00294f","angle":238.6,"snapDist":1,"label":0}},{"type":"Feature","geometry":{"type":"Point","coordinates":[38.712615,9.040979]},"properties":{"name":"Atena Tera","lines":"AB063, AB073, AB087","arr":["AB063","AB073","AB087"],"terminus":0,"mode":"bus","color":"#0059a9","colorDark":"#00294f","angle":251.9,"snapDist":2,"label":0}},{"type":"Feature","geometry":{"type":"Point","coordinates":[38.714154,9.036169]},"properties":{"name":"18 Mazoria (Atena Tera)","lines":"AB063, AB073, AB087","arr":["AB063","AB073","AB087"],"terminus":0,"mode":"bus","color":"#0059a9","colorDark":"#00294f","angle":262.5,"snapDist":1,"label":1}},{"type":"Feature","geometry":{"type":"Point","coordinates":[38.716436,9.037343]},"properties":{"name":"Abysinia Coffee","lines":"AB063, AB118, B35, B35B","arr":["AB063","AB118","B35","B35B"],"terminus":0,"mode":"bus","color":"#0059a9","colorDark":"#00294f","angle":95.4,"snapDist":1,"label":0}},{"type":"Feature","geometry":{"type":"Point","coordinates":[38.683358,8.996071]},"properties":{"name":"Tropical","lines":"AB065, SH010","arr":["AB065","SH010"],"terminus":0,"mode":"bus","color":"#0059a9","colorDark":"#00294f","angle":218.2,"snapDist":2,"label":0}},{"type":"Feature","geometry":{"type":"Point","coordinates":[38.737153,9.02968]},"properties":{"name":"Autobis Tera","lines":"AB065, AB066, AB100","arr":["AB065","AB066","AB100"],"terminus":1,"mode":"bus","color":"#0059a9","colorDark":"#00294f","angle":339.3,"snapDist":1,"label":0}},{"type":"Feature","geometry":{"type":"Point","coordinates":[38.69491,8.982371]},"properties":{"name":"Ayer Tena","lines":"AB066, SH040","arr":["AB066","SH040"],"terminus":0,"mode":"bus","color":"#0059a9","colorDark":"#00294f","angle":171.7,"snapDist":9,"label":0}},{"type":"Feature","geometry":{"type":"Point","coordinates":[38.705989,8.958527]},"properties":{"name":"Mestawet Fabrica","lines":"AB067","arr":["AB067"],"terminus":0,"mode":"bus","color":"#0059a9","colorDark":"#00294f","angle":164.2,"snapDist":2,"label":1}},{"type":"Feature","geometry":{"type":"Point","coordinates":[38.727388,8.965374]},"properties":{"name":"Mickael Bridge","lines":"AB067, AB078, AB086, AB103, B40","arr":["AB067","AB078","AB086","AB103","B40"],"terminus":0,"mode":"bus","color":"#0059a9","colorDark":"#00294f","angle":210.8,"snapDist":2,"label":1}},{"type":"Feature","geometry":{"type":"Point","coordinates":[38.731315,8.968398]},"properties":{"name":"Mekanisa (Old Revenues Office)","lines":"AB067, AB117","arr":["AB067","AB117"],"terminus":0,"mode":"bus","color":"#0059a9","colorDark":"#00294f","angle":261.7,"snapDist":3,"label":1}},{"type":"Feature","geometry":{"type":"Point","coordinates":[38.7272,8.965776]},"properties":{"name":"Mickael Bridge","lines":"AB067, AB086, B40","arr":["AB067","AB086","B40"],"terminus":0,"mode":"bus","color":"#0059a9","colorDark":"#00294f","angle":32.4,"snapDist":1,"label":0}},{"type":"Feature","geometry":{"type":"Point","coordinates":[38.715259,8.961482]},"properties":{"name":"Jemo YBP (All Mart)","lines":"AB067, AB078","arr":["AB067","AB078"],"terminus":0,"mode":"bus","color":"#0059a9","colorDark":"#00294f","angle":344.2,"snapDist":1,"label":1}},{"type":"Feature","geometry":{"type":"Point","coordinates":[38.708476,8.959491]},"properties":{"name":"Mestawet Fabrica","lines":"AB067","arr":["AB067"],"terminus":0,"mode":"bus","color":"#0059a9","colorDark":"#00294f","angle":342.9,"snapDist":2,"label":1}},{"type":"Feature","geometry":{"type":"Point","coordinates":[38.722052,9.011579]},"properties":{"name":"Torhailoch","lines":"AB068","arr":["AB068"],"terminus":1,"mode":"bus","color":"#0059a9","colorDark":"#00294f","angle":192,"snapDist":4,"label":0}},{"type":"Feature","geometry":{"type":"Point","coordinates":[38.747972,9.010602]},"properties":{"name":"Buna Ena Shay","lines":"AB068, AB078, AB130, SH081","arr":["AB068","AB078","AB130","SH081"],"terminus":0,"mode":"bus","color":"#0059a9","colorDark":"#00294f","angle":169.9,"snapDist":1,"label":0}},{"type":"Feature","geometry":{"type":"Point","coordinates":[38.775821,9.026438]},"properties":{"name":"Abuare Roundabout","lines":"AB070","arr":["AB070"],"terminus":1,"mode":"bus","color":"#0059a9","colorDark":"#00294f","angle":232.7,"snapDist":3,"label":1}},{"type":"Feature","geometry":{"type":"Point","coordinates":[38.766954,9.016696]},"properties":{"name":"6th (Raddison Blu)","lines":"AB070","arr":["AB070"],"terminus":0,"mode":"bus","color":"#0059a9","colorDark":"#00294f","angle":7.8,"snapDist":0,"label":0}},{"type":"Feature","geometry":{"type":"Point","coordinates":[38.69712,8.983735]},"properties":{"name":"Ayer Tena","lines":"AB070, AB077, AB130, SH081","arr":["AB070","AB077","AB130","SH081"],"terminus":1,"mode":"bus","color":"#0059a9","colorDark":"#00294f","angle":77.7,"snapDist":1,"label":0}},{"type":"Feature","geometry":{"type":"Point","coordinates":[38.701563,8.98371]},"properties":{"name":"Ayer Tena","lines":"AB070, AB077, AB130, SH009, SH081","arr":["AB070","AB077","AB130","SH009","SH081"],"terminus":1,"mode":"bus","color":"#0059a9","colorDark":"#00294f","angle":166.2,"snapDist":1,"label":0}},{"type":"Feature","geometry":{"type":"Point","coordinates":[38.776564,9.024432]},"properties":{"name":"Aware Bridge","lines":"AB070","arr":["AB070"],"terminus":0,"mode":"bus","color":"#0059a9","colorDark":"#00294f","angle":91.3,"snapDist":1,"label":1}},{"type":"Feature","geometry":{"type":"Point","coordinates":[38.775904,9.02649]},"properties":{"name":"Abuare Roundabout","lines":"AB070","arr":["AB070"],"terminus":1,"mode":"bus","color":"#0059a9","colorDark":"#00294f","angle":56.2,"snapDist":3,"label":0}},{"type":"Feature","geometry":{"type":"Point","coordinates":[38.737841,9.016415]},"properties":{"name":"Darmar","lines":"AB071","arr":["AB071"],"terminus":1,"mode":"bus","color":"#0059a9","colorDark":"#00294f","angle":180.8,"snapDist":1,"label":1}},{"type":"Feature","geometry":{"type":"Point","coordinates":[38.737727,9.016533]},"properties":{"name":"Darmar","lines":"AB071, AB092","arr":["AB071","AB092"],"terminus":1,"mode":"bus","color":"#0059a9","colorDark":"#00294f","angle":359.4,"snapDist":1,"label":0}},{"type":"Feature","geometry":{"type":"Point","coordinates":[38.74177,8.928123]},"properties":{"name":"Hana Maryam","lines":"AB072","arr":["AB072"],"terminus":1,"mode":"bus","color":"#0059a9","colorDark":"#00294f","angle":114.6,"snapDist":1,"label":1}},{"type":"Feature","geometry":{"type":"Point","coordinates":[38.754028,8.943181]},"properties":{"name":"58 Mazoria","lines":"AB072","arr":["AB072"],"terminus":0,"mode":"bus","color":"#0059a9","colorDark":"#00294f","angle":137.8,"snapDist":2,"label":1}},{"type":"Feature","geometry":{"type":"Point","coordinates":[38.763146,8.95312]},"properties":{"name":"Saris","lines":"AB072","arr":["AB072"],"terminus":1,"mode":"bus","color":"#0059a9","colorDark":"#00294f","angle":161.2,"snapDist":1,"label":1}},{"type":"Feature","geometry":{"type":"Point","coordinates":[38.763149,8.95323]},"properties":{"name":"Saris","lines":"AB072","arr":["AB072"],"terminus":1,"mode":"bus","color":"#0059a9","colorDark":"#00294f","angle":338.1,"snapDist":1,"label":0}},{"type":"Feature","geometry":{"type":"Point","coordinates":[38.753943,8.943237]},"properties":{"name":"58 Mazoria","lines":"AB072","arr":["AB072"],"terminus":0,"mode":"bus","color":"#0059a9","colorDark":"#00294f","angle":318.4,"snapDist":1,"label":0}},{"type":"Feature","geometry":{"type":"Point","coordinates":[38.74168,8.928129]},"properties":{"name":"Hana Maryam","lines":"AB072, AB092","arr":["AB072","AB092"],"terminus":1,"mode":"bus","color":"#0059a9","colorDark":"#00294f","angle":301.3,"snapDist":2,"label":0}},{"type":"Feature","geometry":{"type":"Point","coordinates":[38.758296,9.012398]},"properties":{"name":"Stadium","lines":"AB073","arr":["AB073"],"terminus":1,"mode":"bus","color":"#0059a9","colorDark":"#00294f","angle":138.1,"snapDist":1,"label":1}},{"type":"Feature","geometry":{"type":"Point","coordinates":[38.715222,9.024479]},"properties":{"name":"Meseret Edget","lines":"AB073, AB087","arr":["AB073","AB087"],"terminus":0,"mode":"bus","color":"#0059a9","colorDark":"#00294f","angle":86.1,"snapDist":3,"label":0}},{"type":"Feature","geometry":{"type":"Point","coordinates":[38.714391,9.036231]},"properties":{"name":"18 Mazoria (Atena Tera)","lines":"AB073, AB087","arr":["AB073","AB087"],"terminus":0,"mode":"bus","color":"#0059a9","colorDark":"#00294f","angle":82.5,"snapDist":1,"label":0}},{"type":"Feature","geometry":{"type":"Point","coordinates":[38.712224,9.044819]},"properties":{"name":"kolfe (Atena Tera)","lines":"AB073, AB087","arr":["AB073","AB087"],"terminus":0,"mode":"bus","color":"#0059a9","colorDark":"#00294f","angle":111.7,"snapDist":1,"label":1}},{"type":"Feature","geometry":{"type":"Point","coordinates":[38.712714,9.055459]},"properties":{"name":"Winget","lines":"AB073","arr":["AB073"],"terminus":1,"mode":"bus","color":"#0059a9","colorDark":"#00294f","angle":109.3,"snapDist":2,"label":1}},{"type":"Feature","geometry":{"type":"Point","coordinates":[38.758296,9.012398]},"properties":{"name":"Stadium","lines":"AB073","arr":["AB073"],"terminus":1,"mode":"bus","color":"#0059a9","colorDark":"#00294f","angle":318.1,"snapDist":4,"label":0}},{"type":"Feature","geometry":{"type":"Point","coordinates":[38.736318,8.936876]},"properties":{"name":"Haile Garment","lines":"AB076, AB086, B40, SH096","arr":["AB076","AB086","B40","SH096"],"terminus":0,"mode":"bus","color":"#0059a9","colorDark":"#00294f","angle":169.5,"snapDist":1,"label":0}},{"type":"Feature","geometry":{"type":"Point","coordinates":[38.744095,8.935843]},"properties":{"name":"Hana Mariam (2)","lines":"AB076, AB125, B40, SH022, SH089, SH096","arr":["AB076","AB125","B40","SH022","SH089","SH096"],"terminus":1,"mode":"bus","color":"#0059a9","colorDark":"#00294f","angle":215.1,"snapDist":1,"label":1}},{"type":"Feature","geometry":{"type":"Point","coordinates":[38.769326,8.944437]},"properties":{"name":"Saris Abo","lines":"AB076, AB125, SH089, SH096","arr":["AB076","AB125","SH089","SH096"],"terminus":0,"mode":"bus","color":"#0059a9","colorDark":"#00294f","angle":83.7,"snapDist":4,"label":0}},{"type":"Feature","geometry":{"type":"Point","coordinates":[38.767676,8.96037]},"properties":{"name":"Addis Sefer","lines":"AB076, AB125, SH083, SH089, SH092, SH096","arr":["AB076","AB125","SH083","SH089","SH092","SH096"],"terminus":0,"mode":"bus","color":"#0059a9","colorDark":"#00294f","angle":75.7,"snapDist":1,"label":1}},{"type":"Feature","geometry":{"type":"Point","coordinates":[38.772145,8.979605]},"properties":{"name":"Bole Mickael (2)","lines":"AB076, AB125, SH083, SH089, SH092, SH096","arr":["AB076","AB125","SH083","SH089","SH092","SH096"],"terminus":0,"mode":"bus","color":"#0059a9","colorDark":"#00294f","angle":154.8,"snapDist":1,"label":1}},{"type":"Feature","geometry":{"type":"Point","coordinates":[38.79063,8.986505]},"properties":{"name":"Bole Bridge","lines":"AB076, SH083, SH092, SH096","arr":["AB076","SH083","SH092","SH096"],"terminus":1,"mode":"bus","color":"#0059a9","colorDark":"#00294f","angle":137,"snapDist":1,"label":0}},{"type":"Feature","geometry":{"type":"Point","coordinates":[38.802155,9.020959]},"properties":{"name":"Megenagna","lines":"AB076, AB125, SH082, SH089, SH092, SH096","arr":["AB076","AB125","SH082","SH089","SH092","SH096"],"terminus":1,"mode":"bus","color":"#0059a9","colorDark":"#00294f","angle":-148.4,"snapDist":34,"label":0}},{"type":"Feature","geometry":{"type":"Point","coordinates":[38.765228,8.973789]},"properties":{"name":"Mamo","lines":"AB076, AB125, SH083, SH089, SH092, SH096","arr":["AB076","AB125","SH083","SH089","SH092","SH096"],"terminus":0,"mode":"bus","color":"#0059a9","colorDark":"#00294f","angle":267.7,"snapDist":3,"label":1}},{"type":"Feature","geometry":{"type":"Point","coordinates":[38.766562,8.970536]},"properties":{"name":"Yosef","lines":"AB076, AB125, SH089, SH092, SH096","arr":["AB076","AB125","SH089","SH092","SH096"],"terminus":0,"mode":"bus","color":"#0059a9","colorDark":"#00294f","angle":257.7,"snapDist":0,"label":1}},{"type":"Feature","geometry":{"type":"Point","coordinates":[38.76921,8.944429]},"properties":{"name":"Saris Abo","lines":"AB076, AB086, AB125, B40, SH083, SH089, SH092, SH096","arr":["AB076","AB086","AB125","B40","SH083","SH089","SH092","SH096"],"terminus":1,"mode":"bus","color":"#0059a9","colorDark":"#00294f","angle":261.5,"snapDist":1,"label":1}},{"type":"Feature","geometry":{"type":"Point","coordinates":[38.758507,8.931031]},"properties":{"name":"Kadisco","lines":"AB076, SH096","arr":["AB076","SH096"],"terminus":0,"mode":"bus","color":"#0059a9","colorDark":"#00294f","angle":355.4,"snapDist":1,"label":1}},{"type":"Feature","geometry":{"type":"Point","coordinates":[38.744163,8.936141]},"properties":{"name":"Hana Mariam","lines":"AB076, AB125, SH089, SH096","arr":["AB076","AB125","SH089","SH096"],"terminus":0,"mode":"bus","color":"#0059a9","colorDark":"#00294f","angle":28.9,"snapDist":2,"label":1}},{"type":"Feature","geometry":{"type":"Point","coordinates":[38.735669,8.937537]},"properties":{"name":"Haile Garment","lines":"AB076, AB125, SH089, SH096","arr":["AB076","AB125","SH089","SH096"],"terminus":1,"mode":"bus","color":"#0059a9","colorDark":"#00294f","angle":11.4,"snapDist":1,"label":0}},{"type":"Feature","geometry":{"type":"Point","coordinates":[38.725578,8.991407]},"properties":{"name":"Bisrate Gebrael","lines":"AB077, AB100, SH085","arr":["AB077","AB100","SH085"],"terminus":0,"mode":"bus","color":"#0059a9","colorDark":"#00294f","angle":310,"snapDist":2,"label":1}},{"type":"Feature","geometry":{"type":"Point","coordinates":[38.748854,9.011297]},"properties":{"name":"Mexico","lines":"AB078, AB127, SH072, SH073","arr":["AB078","AB127","SH072","SH073"],"terminus":1,"mode":"bus","color":"#0059a9","colorDark":"#00294f","angle":327.8,"snapDist":1,"label":1}},{"type":"Feature","geometry":{"type":"Point","coordinates":[38.749027,8.977113]},"properties":{"name":"Gofa Gebriel","lines":"AB078","arr":["AB078"],"terminus":0,"mode":"bus","color":"#0059a9","colorDark":"#00294f","angle":277.5,"snapDist":1,"label":0}},{"type":"Feature","geometry":{"type":"Point","coordinates":[38.742082,8.971885]},"properties":{"name":"Gofa Camp","lines":"AB078","arr":["AB078"],"terminus":0,"mode":"bus","color":"#0059a9","colorDark":"#00294f","angle":313.7,"snapDist":6,"label":1}},{"type":"Feature","geometry":{"type":"Point","coordinates":[38.734205,8.965407]},"properties":{"name":"German Square","lines":"AB078","arr":["AB078"],"terminus":0,"mode":"bus","color":"#0059a9","colorDark":"#00294f","angle":326.5,"snapDist":4,"label":0}},{"type":"Feature","geometry":{"type":"Point","coordinates":[38.766586,9.032866]},"properties":{"name":"4 kilo (Children Theatre)","lines":"AB079, TX006, TX008","arr":["AB079","TX006","TX008"],"terminus":0,"mode":"bus","color":"#0059a9","colorDark":"#00294f","angle":135.2,"mstop":"mix","snapDist":5,"label":1}},{"type":"Feature","geometry":{"type":"Point","coordinates":[38.782391,9.032559]},"properties":{"name":"Kenya Embassy (Kebena)","lines":"AB079, TX006, YK001","arr":["AB079","TX006","YK001"],"terminus":0,"mode":"bus","color":"#0059a9","colorDark":"#00294f","angle":211.1,"mstop":"mix","snapDist":8,"label":1}},{"type":"Feature","geometry":{"type":"Point","coordinates":[38.784365,9.031382]},"properties":{"name":"British Embassy","lines":"AB079, ADK057, ARD007, TX008, YK008, YK017, YK019","arr":["AB079","ADK057","ARD007","TX008","YK008","YK017","YK019"],"terminus":0,"mode":"bus","color":"#0059a9","colorDark":"#00294f","angle":200.3,"mstop":"mix","snapDist":7,"label":0}},{"type":"Feature","geometry":{"type":"Point","coordinates":[38.788678,9.028803]},"properties":{"name":"Abebe Sook","lines":"AB079, ADK057, Gl005, TX008, YK001, YK006, YK008, YK011, YK017, YK021","arr":["AB079","ADK057","Gl005","TX008","YK001","YK006","YK008","YK011","YK017","YK021"],"terminus":0,"mode":"bus","color":"#0059a9","colorDark":"#00294f","angle":212.7,"mstop":"mix","snapDist":1,"label":0}},{"type":"Feature","geometry":{"type":"Point","coordinates":[38.794769,9.025161]},"properties":{"name":"Shola (Yeka Court)","lines":"AB079, ARD001, ARD007, Gl005, TX006, TX008, YK006, YK017","arr":["AB079","ARD001","ARD007","Gl005","TX006","TX008","YK006","YK017"],"terminus":0,"mode":"bus","color":"#0059a9","colorDark":"#00294f","angle":211.1,"mstop":"mix","snapDist":4,"label":1}},{"type":"Feature","geometry":{"type":"Point","coordinates":[38.799744,9.022419]},"properties":{"name":"Megenagna (Marathon Motors)","lines":"AB079, Gl005, TX006, TX008","arr":["AB079","Gl005","TX006","TX008"],"terminus":0,"mode":"bus","color":"#0059a9","colorDark":"#00294f","angle":210.4,"mstop":"mix","snapDist":2,"label":1}},{"type":"Feature","geometry":{"type":"Point","coordinates":[38.801042,9.020905]},"properties":{"name":"Megenagna","lines":"AB079, ADK057","arr":["AB079","ADK057"],"terminus":0,"mode":"bus","color":"#0059a9","colorDark":"#00294f","angle":214.1,"mstop":"mix","snapDist":1,"label":0}},{"type":"Feature","geometry":{"type":"Point","coordinates":[38.820144,9.018937]},"properties":{"name":"Gurd Shola","lines":"AB079, AB097, Bole007, Bole022, LK004, TX065","arr":["AB079","AB097","Bole007","Bole022","LK004","TX065"],"terminus":0,"mode":"bus","color":"#0059a9","colorDark":"#00294f","angle":189.7,"mstop":"mix","snapDist":1,"label":1}},{"type":"Feature","geometry":{"type":"Point","coordinates":[38.851957,9.010658]},"properties":{"name":"Safari","lines":"AB079, AB119, D25","arr":["AB079","AB119","D25"],"terminus":0,"mode":"bus","color":"#0059a9","colorDark":"#00294f","angle":270.8,"snapDist":14,"label":0}},{"type":"Feature","geometry":{"type":"Point","coordinates":[38.858809,8.991869]},"properties":{"name":"Hasset Photo","lines":"AB079, AB119, D25","arr":["AB079","AB119","D25"],"terminus":0,"mode":"bus","color":"#0059a9","colorDark":"#00294f","angle":303,"snapDist":1,"label":1}},{"type":"Feature","geometry":{"type":"Point","coordinates":[38.85241,9.019318]},"properties":{"name":"Sunshine Apartments","lines":"AB079, AB119, D25","arr":["AB079","AB119","D25"],"terminus":0,"mode":"bus","color":"#0059a9","colorDark":"#00294f","angle":90.9,"snapDist":2,"label":0}},{"type":"Feature","geometry":{"type":"Point","coordinates":[38.82658,9.020254]},"properties":{"name":"Se'alite Mihret Church","lines":"AB079, D23, SH066","arr":["AB079","D23","SH066"],"terminus":0,"mode":"bus","color":"#0059a9","colorDark":"#00294f","angle":337.2,"snapDist":0,"label":1}},{"type":"Feature","geometry":{"type":"Point","coordinates":[38.819607,9.019264]},"properties":{"name":"Gurd-shola","lines":"AB079, AB097, AB119, D23, D25, D46, SH066","arr":["AB079","AB097","AB119","D23","D25","D46","SH066"],"terminus":1,"mode":"bus","color":"#0059a9","colorDark":"#00294f","angle":10.8,"snapDist":1,"label":1}},{"type":"Feature","geometry":{"type":"Point","coordinates":[38.802809,9.020322]},"properties":{"name":"Megenagna Terminal","lines":"AB079, AB119, D23, D46, SH066","arr":["AB079","AB119","D23","D46","SH066"],"terminus":1,"mode":"bus","color":"#0059a9","colorDark":"#00294f","angle":-91.2,"snapDist":16,"label":1}},{"type":"Feature","geometry":{"type":"Point","coordinates":[38.802571,9.020713]},"properties":{"name":"Megenagna Terminal","lines":"AB079, D23, D25, D46, SH066","arr":["AB079","D23","D25","D46","SH066"],"terminus":1,"mode":"bus","color":"#0059a9","colorDark":"#00294f","angle":-150.6,"snapDist":31,"label":0}},{"type":"Feature","geometry":{"type":"Point","coordinates":[38.802289,9.020878]},"properties":{"name":"Megenagna Terminal","lines":"AB079, AB119","arr":["AB079","AB119"],"terminus":1,"mode":"bus","color":"#0059a9","colorDark":"#00294f","angle":-148.4,"snapDist":33,"label":0}},{"type":"Feature","geometry":{"type":"Point","coordinates":[38.798401,9.02325]},"properties":{"name":"Shola Abyssinia Bank","lines":"AB079, TX006","arr":["AB079","TX006"],"terminus":0,"mode":"bus","color":"#0059a9","colorDark":"#00294f","angle":30.7,"mstop":"mix","snapDist":1,"label":1}},{"type":"Feature","geometry":{"type":"Point","coordinates":[38.788805,9.02894]},"properties":{"name":"Abebe Sook","lines":"AB079, ARD007, TX006, TX008, YK008","arr":["AB079","ARD007","TX006","TX008","YK008"],"terminus":0,"mode":"bus","color":"#0059a9","colorDark":"#00294f","angle":32,"mstop":"mix","snapDist":4,"label":0}},{"type":"Feature","geometry":{"type":"Point","coordinates":[38.785568,9.030889]},"properties":{"name":"British Embassy","lines":"AB079, TX006, TX008, YK008, YK017, YK019","arr":["AB079","TX006","TX008","YK008","YK017","YK019"],"terminus":0,"mode":"bus","color":"#0059a9","colorDark":"#00294f","angle":31.1,"mstop":"mix","snapDist":2,"label":0}},{"type":"Feature","geometry":{"type":"Point","coordinates":[38.782638,9.032642]},"properties":{"name":"Kenya Embassy (Kebena)","lines":"AB079, TX008","arr":["AB079","TX008"],"terminus":0,"mode":"bus","color":"#0059a9","colorDark":"#00294f","angle":31,"mstop":"mix","snapDist":5,"label":0}},{"type":"Feature","geometry":{"type":"Point","coordinates":[38.779408,9.035048]},"properties":{"name":"Kokebe Tsebah (Kebena)","lines":"AB079, ADK057, ARD007, TX006, YK011, YK019","arr":["AB079","ADK057","ARD007","TX006","YK011","YK019"],"terminus":0,"mode":"bus","color":"#0059a9","colorDark":"#00294f","angle":7.8,"mstop":"mix","snapDist":3,"label":1}},{"type":"Feature","geometry":{"type":"Point","coordinates":[38.776828,9.034389]},"properties":{"name":"Kebena","lines":"AB079, ADK057, ARD001, ARD007, TX006, YK008, YK017, YK019, YK021","arr":["AB079","ADK057","ARD001","ARD007","TX006","YK008","YK017","YK019","YK021"],"terminus":0,"mode":"bus","color":"#0059a9","colorDark":"#00294f","angle":312.9,"mstop":"mix","snapDist":3,"label":1}},{"type":"Feature","geometry":{"type":"Point","coordinates":[38.773678,9.032518]},"properties":{"name":"Bel Air","lines":"AB079, ARD007, TX006, TX008, YK017","arr":["AB079","ARD007","TX006","TX008","YK017"],"terminus":0,"mode":"bus","color":"#0059a9","colorDark":"#00294f","angle":354.7,"mstop":"mix","snapDist":3,"label":0}},{"type":"Feature","geometry":{"type":"Point","coordinates":[38.765008,9.032275]},"properties":{"name":"Arat Kilo","lines":"AB079, TX006, TX008","arr":["AB079","TX006","TX008"],"terminus":0,"mode":"bus","color":"#0059a9","colorDark":"#00294f","angle":8.4,"mstop":"mix","snapDist":2,"label":0}},{"type":"Feature","geometry":{"type":"Point","coordinates":[38.762197,9.051301]},"properties":{"name":"Meksaye Hizunan Medhanialem","lines":"AB080, B37, SH027, SH028","arr":["AB080","B37","SH027","SH028"],"terminus":0,"mode":"bus","color":"#0059a9","colorDark":"#00294f","angle":96.4,"snapDist":1,"label":1}},{"type":"Feature","geometry":{"type":"Point","coordinates":[38.689091,9.071435]},"properties":{"name":"Sansusi","lines":"AB081, SH012","arr":["AB081","SH012"],"terminus":1,"mode":"bus","color":"#0059a9","colorDark":"#00294f","angle":348.3,"snapDist":1,"label":0}},{"type":"Feature","geometry":{"type":"Point","coordinates":[38.7459,9.04249]},"properties":{"name":"Yohannes","lines":"AB081, AB108, AB111, C14","arr":["AB081","AB108","AB111","C14"],"terminus":0,"mode":"bus","color":"#0059a9","colorDark":"#00294f","angle":246.3,"snapDist":0,"label":0}},{"type":"Feature","geometry":{"type":"Point","coordinates":[38.800609,9.020061]},"properties":{"name":"Megenagna","lines":"AB081","arr":["AB081"],"terminus":1,"mode":"bus","color":"#0059a9","colorDark":"#00294f","angle":197.3,"snapDist":2,"label":0}},{"type":"Feature","geometry":{"type":"Point","coordinates":[38.829039,8.991599]},"properties":{"name":"Yerer Goro","lines":"AB082","arr":["AB082"],"terminus":1,"mode":"bus","color":"#0059a9","colorDark":"#00294f","angle":40.4,"snapDist":1,"label":0}},{"type":"Feature","geometry":{"type":"Point","coordinates":[38.826851,8.993867]},"properties":{"name":"Goro School","lines":"AB082, AB113, AB120, D26, D52","arr":["AB082","AB113","AB120","D26","D52"],"terminus":0,"mode":"bus","color":"#0059a9","colorDark":"#00294f","angle":46.6,"snapDist":4,"label":0}},{"type":"Feature","geometry":{"type":"Point","coordinates":[38.73741,9.031132]},"properties":{"name":"Merkato","lines":"AB085, AB095","arr":["AB085","AB095"],"terminus":1,"mode":"bus","color":"#0059a9","colorDark":"#00294f","angle":236.1,"snapDist":2,"label":1}},{"type":"Feature","geometry":{"type":"Point","coordinates":[38.709333,9.033322]},"properties":{"name":"Luwkanda","lines":"AB085, AB118, B35, B35B","arr":["AB085","AB118","B35","B35B"],"terminus":0,"mode":"bus","color":"#0059a9","colorDark":"#00294f","angle":357,"snapDist":1,"label":0}},{"type":"Feature","geometry":{"type":"Point","coordinates":[38.704539,9.034008]},"properties":{"name":"Kolfe Secondary School","lines":"AB085","arr":["AB085"],"terminus":0,"mode":"bus","color":"#0059a9","colorDark":"#00294f","angle":19.9,"snapDist":1,"label":1}},{"type":"Feature","geometry":{"type":"Point","coordinates":[38.685327,9.035374]},"properties":{"name":"Feli Doro","lines":"AB085","arr":["AB085"],"terminus":0,"mode":"bus","color":"#0059a9","colorDark":"#00294f","angle":32.5,"snapDist":1,"label":0}},{"type":"Feature","geometry":{"type":"Point","coordinates":[38.676047,9.028591]},"properties":{"name":"Kersa (1)","lines":"AB085, AB118, B35, B35B","arr":["AB085","AB118","B35","B35B"],"terminus":0,"mode":"bus","color":"#0059a9","colorDark":"#00294f","angle":343.1,"snapDist":1,"label":1}},{"type":"Feature","geometry":{"type":"Point","coordinates":[38.672249,9.028557]},"properties":{"name":"Kersa (2)","lines":"AB085","arr":["AB085"],"terminus":0,"mode":"bus","color":"#0059a9","colorDark":"#00294f","angle":225,"snapDist":3,"label":1}},{"type":"Feature","geometry":{"type":"Point","coordinates":[38.667458,9.032855]},"properties":{"name":"Ashewa Meda (1)","lines":"AB085, AB118, B35","arr":["AB085","AB118","B35"],"terminus":0,"mode":"bus","color":"#0059a9","colorDark":"#00294f","angle":7.5,"snapDist":1,"label":1}},{"type":"Feature","geometry":{"type":"Point","coordinates":[38.660027,9.028609]},"properties":{"name":"United Bank (Ashewa Meda)","lines":"AB085, AB118, B35","arr":["AB085","AB118","B35"],"terminus":0,"mode":"bus","color":"#0059a9","colorDark":"#00294f","angle":133.5,"snapDist":1,"label":1}},{"type":"Feature","geometry":{"type":"Point","coordinates":[38.656962,9.02591]},"properties":{"name":"United Bank (Ashewa Meda)","lines":"AB085, AB118, B35","arr":["AB085","AB118","B35"],"terminus":0,"mode":"bus","color":"#0059a9","colorDark":"#00294f","angle":336.4,"snapDist":1,"label":1}},{"type":"Feature","geometry":{"type":"Point","coordinates":[38.65158,9.027687]},"properties":{"name":"St. Gebriel","lines":"AB085, AB118, B35","arr":["AB085","AB118","B35"],"terminus":0,"mode":"bus","color":"#0059a9","colorDark":"#00294f","angle":65.1,"snapDist":1,"label":1}},{"type":"Feature","geometry":{"type":"Point","coordinates":[38.642413,9.031922]},"properties":{"name":"Gefersa","lines":"AB085, AB118, B35","arr":["AB085","AB118","B35"],"terminus":0,"mode":"bus","color":"#0059a9","colorDark":"#00294f","angle":15.8,"snapDist":1,"label":1}},{"type":"Feature","geometry":{"type":"Point","coordinates":[38.632949,9.035674]},"properties":{"name":"Gefersa","lines":"AB085, AB118, B35","arr":["AB085","AB118","B35"],"terminus":0,"mode":"bus","color":"#0059a9","colorDark":"#00294f","angle":9.2,"snapDist":1,"label":1}},{"type":"Feature","geometry":{"type":"Point","coordinates":[38.626515,9.03753]},"properties":{"name":"Gefersa (2)","lines":"AB085, AB118, B35","arr":["AB085","AB118","B35"],"terminus":0,"mode":"bus","color":"#0059a9","colorDark":"#00294f","angle":27.4,"snapDist":1,"label":1}},{"type":"Feature","geometry":{"type":"Point","coordinates":[38.621702,9.041813]},"properties":{"name":"Gojo","lines":"AB085, AB118, B35","arr":["AB085","AB118","B35"],"terminus":0,"mode":"bus","color":"#0059a9","colorDark":"#00294f","angle":53.8,"snapDist":2,"label":1}},{"type":"Feature","geometry":{"type":"Point","coordinates":[38.61202,9.056042]},"properties":{"name":"Gojo (Kela)","lines":"AB085, AB118, B35","arr":["AB085","AB118","B35"],"terminus":0,"mode":"bus","color":"#0059a9","colorDark":"#00294f","angle":51,"snapDist":1,"label":1}},{"type":"Feature","geometry":{"type":"Point","coordinates":[38.61016,9.057614]},"properties":{"name":"Kela","lines":"AB085, B35","arr":["AB085","B35"],"terminus":1,"mode":"bus","color":"#0059a9","colorDark":"#00294f","angle":35.3,"snapDist":0,"label":1}},{"type":"Feature","geometry":{"type":"Point","coordinates":[38.598442,9.070364]},"properties":{"name":"Gift Guesthouse","lines":"AB085","arr":["AB085"],"terminus":0,"mode":"bus","color":"#0059a9","colorDark":"#00294f","angle":32.4,"snapDist":0,"label":1}},{"type":"Feature","geometry":{"type":"Point","coordinates":[38.590831,9.070808]},"properties":{"name":"Menagesha","lines":"AB085","arr":["AB085"],"terminus":0,"mode":"bus","color":"#0059a9","colorDark":"#00294f","angle":338.4,"snapDist":1,"label":1}},{"type":"Feature","geometry":{"type":"Point","coordinates":[38.580327,9.063706]},"properties":{"name":"Gebeya","lines":"AB085","arr":["AB085"],"terminus":0,"mode":"bus","color":"#0059a9","colorDark":"#00294f","angle":317,"snapDist":0,"label":1}},{"type":"Feature","geometry":{"type":"Point","coordinates":[38.573537,9.058519]},"properties":{"name":"Kolobo 1st School","lines":"AB085","arr":["AB085"],"terminus":0,"mode":"bus","color":"#0059a9","colorDark":"#00294f","angle":300,"snapDist":1,"label":1}},{"type":"Feature","geometry":{"type":"Point","coordinates":[38.5713,9.056598]},"properties":{"name":"Kolobo","lines":"AB085, AB095","arr":["AB085","AB095"],"terminus":0,"mode":"bus","color":"#0059a9","colorDark":"#00294f","angle":3.7,"snapDist":6,"label":1}},{"type":"Feature","geometry":{"type":"Point","coordinates":[38.514164,9.072389]},"properties":{"name":"Blu Water Factory","lines":"AB085, AB095","arr":["AB085","AB095"],"terminus":0,"mode":"bus","color":"#0059a9","colorDark":"#00294f","angle":18.4,"snapDist":4,"label":1}},{"type":"Feature","geometry":{"type":"Point","coordinates":[38.498636,9.070498]},"properties":{"name":"Surqa Harbu","lines":"AB085, AB095","arr":["AB085","AB095"],"terminus":0,"mode":"bus","color":"#0059a9","colorDark":"#00294f","angle":291.2,"snapDist":5,"label":1}},{"type":"Feature","geometry":{"type":"Point","coordinates":[38.497947,9.067566]},"properties":{"name":"Holeta","lines":"AB085","arr":["AB085"],"terminus":1,"mode":"bus","color":"#0059a9","colorDark":"#00294f","angle":319.6,"snapDist":0,"label":1}},{"type":"Feature","geometry":{"type":"Point","coordinates":[38.497947,9.067566]},"properties":{"name":"Holeta","lines":"AB085, AB095","arr":["AB085","AB095"],"terminus":1,"mode":"bus","color":"#0059a9","colorDark":"#00294f","angle":139.7,"snapDist":0,"label":0}},{"type":"Feature","geometry":{"type":"Point","coordinates":[38.516117,9.071643]},"properties":{"name":"Blu Water Factory","lines":"AB085, AB095","arr":["AB085","AB095"],"terminus":0,"mode":"bus","color":"#0059a9","colorDark":"#00294f","angle":205.8,"snapDist":2,"label":1}},{"type":"Feature","geometry":{"type":"Point","coordinates":[38.571529,9.056583]},"properties":{"name":"Kolobo","lines":"AB085","arr":["AB085"],"terminus":0,"mode":"bus","color":"#0059a9","colorDark":"#00294f","angle":183.7,"snapDist":1,"label":0}},{"type":"Feature","geometry":{"type":"Point","coordinates":[38.573539,9.058522]},"properties":{"name":"Kolobo 1st School","lines":"AB085","arr":["AB085"],"terminus":0,"mode":"bus","color":"#0059a9","colorDark":"#00294f","angle":120,"snapDist":0,"label":0}},{"type":"Feature","geometry":{"type":"Point","coordinates":[38.580131,9.063531]},"properties":{"name":"Gebeya","lines":"AB085","arr":["AB085"],"terminus":0,"mode":"bus","color":"#0059a9","colorDark":"#00294f","angle":143.3,"snapDist":1,"label":0}},{"type":"Feature","geometry":{"type":"Point","coordinates":[38.590658,9.07074]},"properties":{"name":"Menagesha","lines":"AB085","arr":["AB085"],"terminus":0,"mode":"bus","color":"#0059a9","colorDark":"#00294f","angle":158.4,"snapDist":0,"label":0}},{"type":"Feature","geometry":{"type":"Point","coordinates":[38.598353,9.07041]},"properties":{"name":"Gift Guesthouse","lines":"AB085","arr":["AB085"],"terminus":0,"mode":"bus","color":"#0059a9","colorDark":"#00294f","angle":204.7,"snapDist":1,"label":0}},{"type":"Feature","geometry":{"type":"Point","coordinates":[38.607426,9.059636]},"properties":{"name":"Kela","lines":"AB085, AB118","arr":["AB085","AB118"],"terminus":1,"mode":"bus","color":"#0059a9","colorDark":"#00294f","angle":215.6,"snapDist":5,"label":1}},{"type":"Feature","geometry":{"type":"Point","coordinates":[38.611758,9.056337]},"properties":{"name":"Gojo (Kela)","lines":"AB085, AB118, B35","arr":["AB085","AB118","B35"],"terminus":0,"mode":"bus","color":"#0059a9","colorDark":"#00294f","angle":228.1,"snapDist":2,"label":0}},{"type":"Feature","geometry":{"type":"Point","coordinates":[38.621702,9.041815]},"properties":{"name":"Gojo","lines":"AB085, AB118, B35","arr":["AB085","AB118","B35"],"terminus":0,"mode":"bus","color":"#0059a9","colorDark":"#00294f","angle":233.8,"snapDist":3,"label":0}},{"type":"Feature","geometry":{"type":"Point","coordinates":[38.73675,9.030958]},"properties":{"name":"Merkato","lines":"AB085","arr":["AB085"],"terminus":1,"mode":"bus","color":"#0059a9","colorDark":"#00294f","angle":232.8,"snapDist":1,"label":0}},{"type":"Feature","geometry":{"type":"Point","coordinates":[38.696851,8.984058]},"properties":{"name":"Ayer Tena","lines":"AB086","arr":["AB086"],"terminus":1,"mode":"bus","color":"#0059a9","colorDark":"#00294f","angle":38.6,"snapDist":1,"label":0}},{"type":"Feature","geometry":{"type":"Point","coordinates":[38.733983,8.946952]},"properties":{"name":"Mebrathile (EEPCo)","lines":"AB086, AB117, B40","arr":["AB086","AB117","B40"],"terminus":0,"mode":"bus","color":"#0059a9","colorDark":"#00294f","angle":256.2,"snapDist":2,"label":0}},{"type":"Feature","geometry":{"type":"Point","coordinates":[38.764582,8.933654]},"properties":{"name":"Kality Maseltegna","lines":"AB086, B40","arr":["AB086","B40"],"terminus":0,"mode":"bus","color":"#0059a9","colorDark":"#00294f","angle":151.4,"snapDist":2,"label":1}},{"type":"Feature","geometry":{"type":"Point","coordinates":[38.76313,8.938094]},"properties":{"name":"Customs (Train Station)","lines":"AB086, AB098, AB104, AB109, AB110, B40, SH086, SH093","arr":["AB086","AB098","AB104","AB109","AB110","B40","SH086","SH093"],"terminus":0,"mode":"bus","color":"#0059a9","colorDark":"#00294f","angle":50.5,"snapDist":0,"label":1}},{"type":"Feature","geometry":{"type":"Point","coordinates":[38.766603,8.944352]},"properties":{"name":"Saris Abo","lines":"AB086, AB098, B40, SH090, SH093","arr":["AB086","AB098","B40","SH090","SH093"],"terminus":1,"mode":"bus","color":"#0059a9","colorDark":"#00294f","angle":78.1,"snapDist":1,"label":0}},{"type":"Feature","geometry":{"type":"Point","coordinates":[38.764381,8.933959]},"properties":{"name":"Kality Maseltegna","lines":"AB086, B40","arr":["AB086","B40"],"terminus":0,"mode":"bus","color":"#0059a9","colorDark":"#00294f","angle":328.2,"snapDist":3,"label":0}},{"type":"Feature","geometry":{"type":"Point","coordinates":[38.754408,8.930918]},"properties":{"name":"Hana Mariam","lines":"AB086, B40","arr":["AB086","B40"],"terminus":0,"mode":"bus","color":"#0059a9","colorDark":"#00294f","angle":18.8,"snapDist":2,"label":1}},{"type":"Feature","geometry":{"type":"Point","coordinates":[38.697705,8.982146]},"properties":{"name":"Ayer Tena","lines":"AB086, B40, SH069","arr":["AB086","B40","SH069"],"terminus":1,"mode":"bus","color":"#0059a9","colorDark":"#00294f","angle":51.3,"snapDist":1,"label":0}},{"type":"Feature","geometry":{"type":"Point","coordinates":[38.711776,9.049396]},"properties":{"name":"Winget TVET","lines":"AB087","arr":["AB087"],"terminus":1,"mode":"bus","color":"#0059a9","colorDark":"#00294f","angle":61.4,"snapDist":1,"label":1}},{"type":"Feature","geometry":{"type":"Point","coordinates":[38.71246,9.055516]},"properties":{"name":"Winget","lines":"AB087","arr":["AB087"],"terminus":1,"mode":"bus","color":"#0059a9","colorDark":"#00294f","angle":289.2,"snapDist":1,"label":0}},{"type":"Feature","geometry":{"type":"Point","coordinates":[38.715835,9.020855]},"properties":{"name":"Holand","lines":"AB087","arr":["AB087"],"terminus":0,"mode":"bus","color":"#0059a9","colorDark":"#00294f","angle":249.8,"snapDist":1,"label":0}},{"type":"Feature","geometry":{"type":"Point","coordinates":[38.759889,9.199126]},"properties":{"name":"Chancho Fitesha","lines":"AB088","arr":["AB088"],"terminus":0,"mode":"bus","color":"#0059a9","colorDark":"#00294f","angle":85.4,"snapDist":1,"label":1}},{"type":"Feature","geometry":{"type":"Point","coordinates":[38.75515,9.209999]},"properties":{"name":"Sakela","lines":"AB088","arr":["AB088"],"terminus":0,"mode":"bus","color":"#0059a9","colorDark":"#00294f","angle":87.1,"snapDist":1,"label":1}},{"type":"Feature","geometry":{"type":"Point","coordinates":[38.754091,9.228991]},"properties":{"name":"Wererso","lines":"AB088","arr":["AB088"],"terminus":0,"mode":"bus","color":"#0059a9","colorDark":"#00294f","angle":87,"snapDist":2,"label":1}},{"type":"Feature","geometry":{"type":"Point","coordinates":[38.757641,9.236127]},"properties":{"name":"Cosober","lines":"AB088","arr":["AB088"],"terminus":0,"mode":"bus","color":"#0059a9","colorDark":"#00294f","angle":123.5,"snapDist":2,"label":1}},{"type":"Feature","geometry":{"type":"Point","coordinates":[38.752704,9.306468]},"properties":{"name":"Chancho","lines":"AB088","arr":["AB088"],"terminus":1,"mode":"bus","color":"#0059a9","colorDark":"#00294f","angle":104.6,"snapDist":6,"label":1}},{"type":"Feature","geometry":{"type":"Point","coordinates":[38.75271,9.306491]},"properties":{"name":"Chancho","lines":"AB088","arr":["AB088"],"terminus":1,"mode":"bus","color":"#0059a9","colorDark":"#00294f","angle":284.6,"snapDist":6,"label":0}},{"type":"Feature","geometry":{"type":"Point","coordinates":[38.758892,9.271658]},"properties":{"name":"Kore Roba","lines":"AB088","arr":["AB088"],"terminus":0,"mode":"bus","color":"#0059a9","colorDark":"#00294f","angle":229.8,"snapDist":2,"label":1}},{"type":"Feature","geometry":{"type":"Point","coordinates":[38.763504,9.263643]},"properties":{"name":"Eilamu","lines":"AB088","arr":["AB088"],"terminus":0,"mode":"bus","color":"#0059a9","colorDark":"#00294f","angle":265,"snapDist":2,"label":1}},{"type":"Feature","geometry":{"type":"Point","coordinates":[38.757634,9.236116]},"properties":{"name":"Cosober","lines":"AB088","arr":["AB088"],"terminus":0,"mode":"bus","color":"#0059a9","colorDark":"#00294f","angle":303.5,"snapDist":3,"label":0}},{"type":"Feature","geometry":{"type":"Point","coordinates":[38.754091,9.228996]},"properties":{"name":"Wererso","lines":"AB088","arr":["AB088"],"terminus":0,"mode":"bus","color":"#0059a9","colorDark":"#00294f","angle":267,"snapDist":4,"label":0}},{"type":"Feature","geometry":{"type":"Point","coordinates":[38.759889,9.199128]},"properties":{"name":"Chancho Fitesha","lines":"AB088","arr":["AB088"],"terminus":0,"mode":"bus","color":"#0059a9","colorDark":"#00294f","angle":265.4,"snapDist":2,"label":0}},{"type":"Feature","geometry":{"type":"Point","coordinates":[38.986318,9.111357]},"properties":{"name":"44 Mazoria","lines":"AB089","arr":["AB089"],"terminus":0,"mode":"bus","color":"#0059a9","colorDark":"#00294f","angle":279.9,"snapDist":3,"label":1}},{"type":"Feature","geometry":{"type":"Point","coordinates":[38.98192,9.103954]},"properties":{"name":"Ejere","lines":"AB089","arr":["AB089"],"terminus":0,"mode":"bus","color":"#0059a9","colorDark":"#00294f","angle":344.9,"snapDist":14,"label":1}},{"type":"Feature","geometry":{"type":"Point","coordinates":[38.945616,9.093372]},"properties":{"name":"Kura Jida","lines":"AB089","arr":["AB089"],"terminus":0,"mode":"bus","color":"#0059a9","colorDark":"#00294f","angle":339.8,"snapDist":6,"label":1}},{"type":"Feature","geometry":{"type":"Point","coordinates":[38.899062,9.075056]},"properties":{"name":"Tafo","lines":"AB089","arr":["AB089"],"terminus":0,"mode":"bus","color":"#0059a9","colorDark":"#00294f","angle":321.3,"snapDist":2,"label":1}},{"type":"Feature","geometry":{"type":"Point","coordinates":[38.853389,9.035756]},"properties":{"name":"Yabem Hotel","lines":"AB089, AB128, SH070","arr":["AB089","AB128","SH070"],"terminus":0,"mode":"bus","color":"#0059a9","colorDark":"#00294f","angle":343.5,"snapDist":1,"label":1}},{"type":"Feature","geometry":{"type":"Point","coordinates":[38.754974,9.034585]},"properties":{"name":"Piassa","lines":"AB089","arr":["AB089"],"terminus":0,"mode":"bus","color":"#0059a9","colorDark":"#00294f","angle":277.8,"snapDist":4,"label":1}},{"type":"Feature","geometry":{"type":"Point","coordinates":[38.738276,9.029864]},"properties":{"name":"Merkato","lines":"AB091","arr":["AB091"],"terminus":1,"mode":"bus","color":"#0059a9","colorDark":"#00294f","angle":55.7,"snapDist":1,"label":0}},{"type":"Feature","geometry":{"type":"Point","coordinates":[38.67726,8.976272]},"properties":{"name":"Repi Highschool","lines":"AB091","arr":["AB091"],"terminus":0,"mode":"bus","color":"#0059a9","colorDark":"#00294f","angle":324.5,"snapDist":12,"label":1}},{"type":"Feature","geometry":{"type":"Point","coordinates":[38.663161,8.932966]},"properties":{"name":"Kentery","lines":"AB091","arr":["AB091"],"terminus":0,"mode":"bus","color":"#0059a9","colorDark":"#00294f","angle":307.3,"snapDist":1,"label":1}},{"type":"Feature","geometry":{"type":"Point","coordinates":[38.63741,8.915427]},"properties":{"name":"Gojeb Hotel","lines":"AB091","arr":["AB091"],"terminus":0,"mode":"bus","color":"#0059a9","colorDark":"#00294f","angle":14.3,"snapDist":1,"label":1}},{"type":"Feature","geometry":{"type":"Point","coordinates":[38.598464,8.904044]},"properties":{"name":"Meta Abo","lines":"AB091","arr":["AB091"],"terminus":0,"mode":"bus","color":"#0059a9","colorDark":"#00294f","angle":330.9,"snapDist":0,"label":1}},{"type":"Feature","geometry":{"type":"Point","coordinates":[38.587853,8.898203]},"properties":{"name":"Dima","lines":"AB091","arr":["AB091"],"terminus":0,"mode":"bus","color":"#0059a9","colorDark":"#00294f","angle":330.9,"snapDist":5,"label":1}},{"type":"Feature","geometry":{"type":"Point","coordinates":[38.507419,8.847897]},"properties":{"name":"Mezoria","lines":"AB091","arr":["AB091"],"terminus":0,"mode":"bus","color":"#0059a9","colorDark":"#00294f","angle":335.4,"snapDist":0,"label":1}},{"type":"Feature","geometry":{"type":"Point","coordinates":[38.501695,8.848074]},"properties":{"name":"Tefki","lines":"AB091","arr":["AB091"],"terminus":0,"mode":"bus","color":"#0059a9","colorDark":"#00294f","angle":25.1,"snapDist":1,"label":1}},{"type":"Feature","geometry":{"type":"Point","coordinates":[38.498233,8.84861]},"properties":{"name":"Tefki Tele","lines":"AB091","arr":["AB091"],"terminus":0,"mode":"bus","color":"#0059a9","colorDark":"#00294f","angle":333.6,"snapDist":2,"label":1}},{"type":"Feature","geometry":{"type":"Point","coordinates":[38.415842,8.848003]},"properties":{"name":"Unity Hotel","lines":"AB091","arr":["AB091"],"terminus":1,"mode":"bus","color":"#0059a9","colorDark":"#00294f","angle":9.1,"snapDist":3,"label":1}},{"type":"Feature","geometry":{"type":"Point","coordinates":[38.367856,8.828617]},"properties":{"name":"Teji","lines":"AB091","arr":["AB091"],"terminus":1,"mode":"bus","color":"#0059a9","colorDark":"#00294f","angle":136.6,"snapDist":0,"label":1}},{"type":"Feature","geometry":{"type":"Point","coordinates":[38.414592,8.848224]},"properties":{"name":"Unity Hotel","lines":"AB091","arr":["AB091"],"terminus":0,"mode":"bus","color":"#0059a9","colorDark":"#00294f","angle":190.2,"snapDist":0,"label":0}},{"type":"Feature","geometry":{"type":"Point","coordinates":[38.49601,8.847654]},"properties":{"name":"Tefki Tele","lines":"AB091","arr":["AB091"],"terminus":0,"mode":"bus","color":"#0059a9","colorDark":"#00294f","angle":156,"snapDist":1,"label":1}},{"type":"Feature","geometry":{"type":"Point","coordinates":[38.501701,8.848071]},"properties":{"name":"Tefki","lines":"AB091","arr":["AB091"],"terminus":0,"mode":"bus","color":"#0059a9","colorDark":"#00294f","angle":205.1,"snapDist":1,"label":0}},{"type":"Feature","geometry":{"type":"Point","coordinates":[38.507325,8.847855]},"properties":{"name":"Mezoria","lines":"AB091","arr":["AB091"],"terminus":0,"mode":"bus","color":"#0059a9","colorDark":"#00294f","angle":155.4,"snapDist":0,"label":0}},{"type":"Feature","geometry":{"type":"Point","coordinates":[38.53552,8.868652]},"properties":{"name":"Kela","lines":"AB091","arr":["AB091"],"terminus":0,"mode":"bus","color":"#0059a9","colorDark":"#00294f","angle":147.6,"snapDist":1,"label":1}},{"type":"Feature","geometry":{"type":"Point","coordinates":[38.58696,8.897711]},"properties":{"name":"Dima","lines":"AB091","arr":["AB091"],"terminus":0,"mode":"bus","color":"#0059a9","colorDark":"#00294f","angle":152.1,"snapDist":5,"label":0}},{"type":"Feature","geometry":{"type":"Point","coordinates":[38.599103,8.904395]},"properties":{"name":"Meta Abo","lines":"AB091","arr":["AB091"],"terminus":0,"mode":"bus","color":"#0059a9","colorDark":"#00294f","angle":150.9,"snapDist":0,"label":0}},{"type":"Feature","geometry":{"type":"Point","coordinates":[38.636976,8.91554]},"properties":{"name":"Gojeb Hotel","lines":"AB091","arr":["AB091"],"terminus":0,"mode":"bus","color":"#0059a9","colorDark":"#00294f","angle":194.8,"snapDist":1,"label":0}},{"type":"Feature","geometry":{"type":"Point","coordinates":[38.652966,8.923203]},"properties":{"name":"Alem Gena","lines":"AB091, AB099","arr":["AB091","AB099"],"terminus":1,"mode":"bus","color":"#0059a9","colorDark":"#00294f","angle":145.8,"snapDist":2,"label":0}},{"type":"Feature","geometry":{"type":"Point","coordinates":[38.663232,8.932865]},"properties":{"name":"Kentery","lines":"AB091","arr":["AB091"],"terminus":0,"mode":"bus","color":"#0059a9","colorDark":"#00294f","angle":127.7,"snapDist":0,"label":0}},{"type":"Feature","geometry":{"type":"Point","coordinates":[38.677253,8.976268]},"properties":{"name":"Repi Highschool","lines":"AB091","arr":["AB091"],"terminus":0,"mode":"bus","color":"#0059a9","colorDark":"#00294f","angle":-35.5,"snapDist":11,"label":0}},{"type":"Feature","geometry":{"type":"Point","coordinates":[38.681736,8.975626]},"properties":{"name":"Kara Kore","lines":"AB091, SH040","arr":["AB091","SH040"],"terminus":1,"mode":"bus","color":"#0059a9","colorDark":"#00294f","angle":145.6,"snapDist":4,"label":0}},{"type":"Feature","geometry":{"type":"Point","coordinates":[38.685186,8.979437]},"properties":{"name":"Repi (Gerar)","lines":"AB091, AB099, SH100","arr":["AB091","AB099","SH100"],"terminus":0,"mode":"bus","color":"#0059a9","colorDark":"#00294f","angle":153.8,"snapDist":2,"label":0}},{"type":"Feature","geometry":{"type":"Point","coordinates":[38.72968,9.015978]},"properties":{"name":"Coca Cola","lines":"AB091","arr":["AB091"],"terminus":0,"mode":"bus","color":"#0059a9","colorDark":"#00294f","angle":117.1,"snapDist":1,"label":0}},{"type":"Feature","geometry":{"type":"Point","coordinates":[38.738272,9.029869]},"properties":{"name":"Merkato","lines":"AB091","arr":["AB091"],"terminus":1,"mode":"bus","color":"#0059a9","colorDark":"#00294f","angle":235.7,"snapDist":2,"label":0}},{"type":"Feature","geometry":{"type":"Point","coordinates":[38.741868,8.927]},"properties":{"name":"Hana Maryam","lines":"AB092","arr":["AB092"],"terminus":1,"mode":"bus","color":"#0059a9","colorDark":"#00294f","angle":28.2,"snapDist":1,"label":0}},{"type":"Feature","geometry":{"type":"Point","coordinates":[38.794671,8.991039]},"properties":{"name":"Bole (Bora Amusement)","lines":"AB093, SH082","arr":["AB093","SH082"],"terminus":0,"mode":"bus","color":"#0059a9","colorDark":"#00294f","angle":112.5,"snapDist":5,"label":0}},{"type":"Feature","geometry":{"type":"Point","coordinates":[38.795831,8.994848]},"properties":{"name":"MOENCO","lines":"AB093, SH082","arr":["AB093","SH082"],"terminus":0,"mode":"bus","color":"#0059a9","colorDark":"#00294f","angle":291.2,"snapDist":9,"label":1}},{"type":"Feature","geometry":{"type":"Point","coordinates":[38.700755,9.058672]},"properties":{"name":"Bercheko Condominium","lines":"AB094","arr":["AB094"],"terminus":0,"mode":"bus","color":"#0059a9","colorDark":"#00294f","angle":104.4,"snapDist":0,"label":1}},{"type":"Feature","geometry":{"type":"Point","coordinates":[38.713696,9.057175]},"properties":{"name":"Winget Adebabay","lines":"AB094","arr":["AB094"],"terminus":0,"mode":"bus","color":"#0059a9","colorDark":"#00294f","angle":120.9,"snapDist":1,"label":1}},{"type":"Feature","geometry":{"type":"Point","coordinates":[38.71822,9.06916]},"properties":{"name":"Kebt Beret","lines":"AB094","arr":["AB094"],"terminus":0,"mode":"bus","color":"#0059a9","colorDark":"#00294f","angle":160,"snapDist":0,"label":1}},{"type":"Feature","geometry":{"type":"Point","coordinates":[38.389867,9.047279]},"properties":{"name":"Addis Alem","lines":"AB095","arr":["AB095"],"terminus":1,"mode":"bus","color":"#0059a9","colorDark":"#00294f","angle":183.7,"snapDist":2,"label":1}},{"type":"Feature","geometry":{"type":"Point","coordinates":[38.402973,9.04669]},"properties":{"name":"Addis Alem Coca","lines":"AB095","arr":["AB095"],"terminus":0,"mode":"bus","color":"#0059a9","colorDark":"#00294f","angle":182.2,"snapDist":1,"label":1}},{"type":"Feature","geometry":{"type":"Point","coordinates":[38.406274,9.046578]},"properties":{"name":"Addis Alem Total","lines":"AB095","arr":["AB095"],"terminus":0,"mode":"bus","color":"#0059a9","colorDark":"#00294f","angle":181.4,"snapDist":3,"label":1}},{"type":"Feature","geometry":{"type":"Point","coordinates":[38.444581,9.054056]},"properties":{"name":"Ch'Iri","lines":"AB095","arr":["AB095"],"terminus":0,"mode":"bus","color":"#0059a9","colorDark":"#00294f","angle":166.7,"snapDist":1,"label":1}},{"type":"Feature","geometry":{"type":"Point","coordinates":[38.474329,9.060313]},"properties":{"name":"Meskelegna (Condominiums)","lines":"AB095","arr":["AB095"],"terminus":0,"mode":"bus","color":"#0059a9","colorDark":"#00294f","angle":157.6,"snapDist":4,"label":1}},{"type":"Feature","geometry":{"type":"Point","coordinates":[38.491633,9.065816]},"properties":{"name":"Holeta 44","lines":"AB095","arr":["AB095"],"terminus":0,"mode":"bus","color":"#0059a9","colorDark":"#00294f","angle":239.5,"snapDist":1,"label":1}},{"type":"Feature","geometry":{"type":"Point","coordinates":[38.528473,9.067011]},"properties":{"name":"Sademo","lines":"AB095","arr":["AB095"],"terminus":0,"mode":"bus","color":"#0059a9","colorDark":"#00294f","angle":198.7,"snapDist":1,"label":1}},{"type":"Feature","geometry":{"type":"Point","coordinates":[38.576789,9.061877]},"properties":{"name":"Kolobo","lines":"AB095","arr":["AB095"],"terminus":0,"mode":"bus","color":"#0059a9","colorDark":"#00294f","angle":143.6,"snapDist":0,"label":1}},{"type":"Feature","geometry":{"type":"Point","coordinates":[38.588226,9.06929]},"properties":{"name":"NOC Fuel Station","lines":"AB095","arr":["AB095"],"terminus":0,"mode":"bus","color":"#0059a9","colorDark":"#00294f","angle":132.1,"snapDist":1,"label":1}},{"type":"Feature","geometry":{"type":"Point","coordinates":[38.592066,9.071244]},"properties":{"name":"Cheshire Ethiopia","lines":"AB095","arr":["AB095"],"terminus":0,"mode":"bus","color":"#0059a9","colorDark":"#00294f","angle":168.3,"snapDist":1,"label":1}},{"type":"Feature","geometry":{"type":"Point","coordinates":[38.606644,9.060236]},"properties":{"name":"Kela Yetebaberut","lines":"AB095","arr":["AB095"],"terminus":0,"mode":"bus","color":"#0059a9","colorDark":"#00294f","angle":221.2,"snapDist":3,"label":1}},{"type":"Feature","geometry":{"type":"Point","coordinates":[38.637477,9.072747]},"properties":{"name":"Gefersa","lines":"AB095","arr":["AB095"],"terminus":0,"mode":"bus","color":"#0059a9","colorDark":"#00294f","angle":238.7,"snapDist":3,"label":1}},{"type":"Feature","geometry":{"type":"Point","coordinates":[38.721501,9.037691]},"properties":{"name":"Chid Tera","lines":"AB095","arr":["AB095"],"terminus":0,"mode":"bus","color":"#0059a9","colorDark":"#00294f","angle":249.9,"snapDist":2,"label":0}},{"type":"Feature","geometry":{"type":"Point","coordinates":[38.60713,9.060697]},"properties":{"name":"Kela","lines":"AB095","arr":["AB095"],"terminus":0,"mode":"bus","color":"#0059a9","colorDark":"#00294f","angle":308.9,"snapDist":3,"label":0}},{"type":"Feature","geometry":{"type":"Point","coordinates":[38.592065,9.071244]},"properties":{"name":"Cheshire Ethiopia","lines":"AB095","arr":["AB095"],"terminus":0,"mode":"bus","color":"#0059a9","colorDark":"#00294f","angle":348.3,"snapDist":3,"label":0}},{"type":"Feature","geometry":{"type":"Point","coordinates":[38.578749,9.062733]},"properties":{"name":"Menagesha","lines":"AB095","arr":["AB095"],"terminus":0,"mode":"bus","color":"#0059a9","colorDark":"#00294f","angle":339.1,"snapDist":8,"label":1}},{"type":"Feature","geometry":{"type":"Point","coordinates":[38.531979,9.065852]},"properties":{"name":"Sademo","lines":"AB095","arr":["AB095"],"terminus":0,"mode":"bus","color":"#0059a9","colorDark":"#00294f","angle":18.6,"snapDist":4,"label":1}},{"type":"Feature","geometry":{"type":"Point","coordinates":[38.52343,9.068674]},"properties":{"name":"Sademo 2","lines":"AB095","arr":["AB095"],"terminus":0,"mode":"bus","color":"#0059a9","colorDark":"#00294f","angle":18.4,"snapDist":5,"label":1}},{"type":"Feature","geometry":{"type":"Point","coordinates":[38.485231,9.064412]},"properties":{"name":"Meskelegna","lines":"AB095","arr":["AB095"],"terminus":0,"mode":"bus","color":"#0059a9","colorDark":"#00294f","angle":15.2,"snapDist":5,"label":1}},{"type":"Feature","geometry":{"type":"Point","coordinates":[38.409664,9.046493]},"properties":{"name":"Addis Alem Total","lines":"AB095","arr":["AB095"],"terminus":0,"mode":"bus","color":"#0059a9","colorDark":"#00294f","angle":1.4,"snapDist":1,"label":1}},{"type":"Feature","geometry":{"type":"Point","coordinates":[38.402972,9.04669]},"properties":{"name":"Addis Alem Coca","lines":"AB095","arr":["AB095"],"terminus":0,"mode":"bus","color":"#0059a9","colorDark":"#00294f","angle":2.2,"snapDist":2,"label":0}},{"type":"Feature","geometry":{"type":"Point","coordinates":[38.399469,9.046823]},"properties":{"name":"Maremia Mazoria","lines":"AB095","arr":["AB095"],"terminus":0,"mode":"bus","color":"#0059a9","colorDark":"#00294f","angle":2.2,"snapDist":1,"label":1}},{"type":"Feature","geometry":{"type":"Point","coordinates":[38.389867,9.047279]},"properties":{"name":"Addis Alem","lines":"AB095","arr":["AB095"],"terminus":1,"mode":"bus","color":"#0059a9","colorDark":"#00294f","angle":3.7,"snapDist":3,"label":0}},{"type":"Feature","geometry":{"type":"Point","coordinates":[38.877593,9.050263]},"properties":{"name":"Tafo Condominium 1","lines":"AB097, D23, SH066, SH067","arr":["AB097","D23","SH066","SH067"],"terminus":0,"mode":"bus","color":"#0059a9","colorDark":"#00294f","angle":271,"snapDist":5,"label":1}},{"type":"Feature","geometry":{"type":"Point","coordinates":[38.877517,9.046258]},"properties":{"name":"Tafo Condominium 2","lines":"AB097, D23, SH066, SH067","arr":["AB097","D23","SH066","SH067"],"terminus":0,"mode":"bus","color":"#0059a9","colorDark":"#00294f","angle":271.4,"snapDist":4,"label":1}},{"type":"Feature","geometry":{"type":"Point","coordinates":[38.87745,9.042595]},"properties":{"name":"Tafo Mebrathail","lines":"AB097, SH067","arr":["AB097","SH067"],"terminus":0,"mode":"bus","color":"#0059a9","colorDark":"#00294f","angle":271.3,"snapDist":6,"label":1}},{"type":"Feature","geometry":{"type":"Point","coordinates":[38.87741,9.038186]},"properties":{"name":"Yeka 03","lines":"AB097, D23, SH066, SH067","arr":["AB097","D23","SH066","SH067"],"terminus":0,"mode":"bus","color":"#0059a9","colorDark":"#00294f","angle":269.7,"snapDist":3,"label":1}},{"type":"Feature","geometry":{"type":"Point","coordinates":[38.877611,9.030414]},"properties":{"name":"Zone 8","lines":"AB097, D23, SH066, SH067","arr":["AB097","D23","SH066","SH067"],"terminus":0,"mode":"bus","color":"#0059a9","colorDark":"#00294f","angle":268.5,"snapDist":7,"label":1}},{"type":"Feature","geometry":{"type":"Point","coordinates":[38.875976,9.022064]},"properties":{"name":"Hill Bottom (Recreation)","lines":"AB097, D23, SH066, SH067","arr":["AB097","D23","SH066","SH067"],"terminus":0,"mode":"bus","color":"#0059a9","colorDark":"#00294f","angle":322.3,"snapDist":3,"label":1}},{"type":"Feature","geometry":{"type":"Point","coordinates":[38.868604,9.020883]},"properties":{"name":"Ayat","lines":"AB097, AB126, AB127, D23, SH066, SH067","arr":["AB097","AB126","AB127","D23","SH066","SH067"],"terminus":0,"mode":"bus","color":"#0059a9","colorDark":"#00294f","angle":178.7,"snapDist":6,"label":1}},{"type":"Feature","geometry":{"type":"Point","coordinates":[38.876517,9.022133]},"properties":{"name":"Ayat Roundabout","lines":"AB097, D23, SH066, SH077","arr":["AB097","D23","SH066","SH077"],"terminus":0,"mode":"bus","color":"#0059a9","colorDark":"#00294f","angle":123.4,"snapDist":1,"label":1}},{"type":"Feature","geometry":{"type":"Point","coordinates":[38.87797,9.030429]},"properties":{"name":"Yekiber Demena Church","lines":"AB097, AB101, D23, SH066, SH067","arr":["AB097","AB101","D23","SH066","SH067"],"terminus":0,"mode":"bus","color":"#0059a9","colorDark":"#00294f","angle":90,"snapDist":2,"label":1}},{"type":"Feature","geometry":{"type":"Point","coordinates":[38.877897,9.035489]},"properties":{"name":"Yeka Condominium 1","lines":"AB097, D23, SH066","arr":["AB097","D23","SH066"],"terminus":0,"mode":"bus","color":"#0059a9","colorDark":"#00294f","angle":89.5,"snapDist":2,"label":1}},{"type":"Feature","geometry":{"type":"Point","coordinates":[38.877771,9.03813]},"properties":{"name":"Tafo Gebrael","lines":"AB097, AB101, SH067, SH077","arr":["AB097","AB101","SH067","SH077"],"terminus":0,"mode":"bus","color":"#0059a9","colorDark":"#00294f","angle":87.8,"snapDist":1,"label":1}},{"type":"Feature","geometry":{"type":"Point","coordinates":[38.877775,9.040129]},"properties":{"name":"Gebriel","lines":"AB097, D23, SH066","arr":["AB097","D23","SH066"],"terminus":0,"mode":"bus","color":"#0059a9","colorDark":"#00294f","angle":90.8,"snapDist":2,"label":1}},{"type":"Feature","geometry":{"type":"Point","coordinates":[38.877826,9.042775]},"properties":{"name":"Tafo Mebrathail","lines":"AB097, AB101","arr":["AB097","AB101"],"terminus":0,"mode":"bus","color":"#0059a9","colorDark":"#00294f","angle":91.1,"snapDist":4,"label":0}},{"type":"Feature","geometry":{"type":"Point","coordinates":[38.877888,9.046584]},"properties":{"name":"Tafo Condominium 2","lines":"AB097, AB101, D23, SH066, SH067","arr":["AB097","AB101","D23","SH066","SH067"],"terminus":0,"mode":"bus","color":"#0059a9","colorDark":"#00294f","angle":90.5,"snapDist":3,"label":0}},{"type":"Feature","geometry":{"type":"Point","coordinates":[38.877952,9.050516]},"properties":{"name":"Tafo Condominium 1","lines":"AB097, AB101, D23, SH066","arr":["AB097","AB101","D23","SH066"],"terminus":0,"mode":"bus","color":"#0059a9","colorDark":"#00294f","angle":91.1,"snapDist":2,"label":0}},{"type":"Feature","geometry":{"type":"Point","coordinates":[38.878522,9.05613]},"properties":{"name":"Aba Kiros Roundabout","lines":"AB097, AB101, D23, SH066, SH077","arr":["AB097","AB101","D23","SH066","SH077"],"terminus":1,"mode":"bus","color":"#0059a9","colorDark":"#00294f","angle":122.8,"snapDist":1,"label":1}},{"type":"Feature","geometry":{"type":"Point","coordinates":[38.893803,9.070705]},"properties":{"name":"CCD","lines":"AB097","arr":["AB097"],"terminus":0,"mode":"bus","color":"#0059a9","colorDark":"#00294f","angle":141.4,"snapDist":1,"label":1}},{"type":"Feature","geometry":{"type":"Point","coordinates":[38.895209,9.071828]},"properties":{"name":"140","lines":"AB097","arr":["AB097"],"terminus":0,"mode":"bus","color":"#0059a9","colorDark":"#00294f","angle":139.4,"snapDist":1,"label":1}},{"type":"Feature","geometry":{"type":"Point","coordinates":[38.904497,8.792303]},"properties":{"name":"Dukem","lines":"AB098","arr":["AB098"],"terminus":1,"mode":"bus","color":"#0059a9","colorDark":"#00294f","angle":38.3,"snapDist":0,"label":1}},{"type":"Feature","geometry":{"type":"Point","coordinates":[38.870239,8.820344]},"properties":{"name":"Gelan Customs","lines":"AB098","arr":["AB098"],"terminus":0,"mode":"bus","color":"#0059a9","colorDark":"#00294f","angle":48.9,"snapDist":1,"label":1}},{"type":"Feature","geometry":{"type":"Point","coordinates":[38.85885,8.827797]},"properties":{"name":"Gelan","lines":"AB098","arr":["AB098"],"terminus":0,"mode":"bus","color":"#0059a9","colorDark":"#00294f","angle":39.3,"snapDist":2,"label":1}},{"type":"Feature","geometry":{"type":"Point","coordinates":[38.853774,8.829193]},"properties":{"name":"KOSPI","lines":"AB098","arr":["AB098"],"terminus":0,"mode":"bus","color":"#0059a9","colorDark":"#00294f","angle":8.4,"snapDist":0,"label":1}},{"type":"Feature","geometry":{"type":"Point","coordinates":[38.838964,8.831993]},"properties":{"name":"Atlas Resort","lines":"AB098","arr":["AB098"],"terminus":0,"mode":"bus","color":"#0059a9","colorDark":"#00294f","angle":40.3,"snapDist":1,"label":1}},{"type":"Feature","geometry":{"type":"Point","coordinates":[38.82323,8.841822]},"properties":{"name":"Sidama Awash NOC","lines":"AB098","arr":["AB098"],"terminus":0,"mode":"bus","color":"#0059a9","colorDark":"#00294f","angle":29,"snapDist":1,"label":1}},{"type":"Feature","geometry":{"type":"Point","coordinates":[38.809248,8.850057]},"properties":{"name":"Delta Fuel Station","lines":"AB098","arr":["AB098"],"terminus":0,"mode":"bus","color":"#0059a9","colorDark":"#00294f","angle":37.2,"snapDist":1,"label":1}},{"type":"Feature","geometry":{"type":"Point","coordinates":[38.802174,8.854821]},"properties":{"name":"Tulu Dimtu Unisa","lines":"AB098, AB106, AB121","arr":["AB098","AB106","AB121"],"terminus":0,"mode":"bus","color":"#0059a9","colorDark":"#00294f","angle":337.1,"snapDist":0,"label":1}},{"type":"Feature","geometry":{"type":"Point","coordinates":[38.768547,8.88022]},"properties":{"name":"Gelan Condominium","lines":"AB098","arr":["AB098"],"terminus":0,"mode":"bus","color":"#0059a9","colorDark":"#00294f","angle":150.1,"snapDist":0,"label":1}},{"type":"Feature","geometry":{"type":"Point","coordinates":[38.773177,8.894683]},"properties":{"name":"Kality Total","lines":"AB098, SH091, SH093","arr":["AB098","SH091","SH093"],"terminus":0,"mode":"bus","color":"#0059a9","colorDark":"#00294f","angle":53.4,"snapDist":3,"label":0}},{"type":"Feature","geometry":{"type":"Point","coordinates":[38.776466,8.883438]},"properties":{"name":"Awash Bank (Akaki Kality)","lines":"AB098","arr":["AB098"],"terminus":0,"mode":"bus","color":"#0059a9","colorDark":"#00294f","angle":342,"snapDist":0,"label":1}},{"type":"Feature","geometry":{"type":"Point","coordinates":[38.804131,8.854071]},"properties":{"name":"Tulu Dimtu","lines":"AB098","arr":["AB098"],"terminus":0,"mode":"bus","color":"#0059a9","colorDark":"#00294f","angle":220.9,"snapDist":2,"label":0}},{"type":"Feature","geometry":{"type":"Point","coordinates":[38.808624,8.850535]},"properties":{"name":"Delta Fuel Station","lines":"AB098","arr":["AB098"],"terminus":0,"mode":"bus","color":"#0059a9","colorDark":"#00294f","angle":220.6,"snapDist":5,"label":0}},{"type":"Feature","geometry":{"type":"Point","coordinates":[38.818067,8.844749]},"properties":{"name":"ODDA Fuel Station","lines":"AB098","arr":["AB098"],"terminus":0,"mode":"bus","color":"#0059a9","colorDark":"#00294f","angle":210,"snapDist":0,"label":1}},{"type":"Feature","geometry":{"type":"Point","coordinates":[38.824384,8.84127]},"properties":{"name":"Sidama Awash NOC","lines":"AB098","arr":["AB098"],"terminus":0,"mode":"bus","color":"#0059a9","colorDark":"#00294f","angle":201.6,"snapDist":1,"label":0}},{"type":"Feature","geometry":{"type":"Point","coordinates":[38.832256,8.83773]},"properties":{"name":"Adal Bamboo Industrial PLC","lines":"AB098","arr":["AB098"],"terminus":0,"mode":"bus","color":"#0059a9","colorDark":"#00294f","angle":219.9,"snapDist":1,"label":1}},{"type":"Feature","geometry":{"type":"Point","coordinates":[38.839603,8.831487]},"properties":{"name":"Atlas Resort","lines":"AB098","arr":["AB098"],"terminus":0,"mode":"bus","color":"#0059a9","colorDark":"#00294f","angle":215.1,"snapDist":0,"label":0}},{"type":"Feature","geometry":{"type":"Point","coordinates":[38.854042,8.829155]},"properties":{"name":"KOSPI","lines":"AB098","arr":["AB098"],"terminus":0,"mode":"bus","color":"#0059a9","colorDark":"#00294f","angle":187.2,"snapDist":1,"label":0}},{"type":"Feature","geometry":{"type":"Point","coordinates":[38.859707,8.827117]},"properties":{"name":"Gelan","lines":"AB098","arr":["AB098"],"terminus":0,"mode":"bus","color":"#0059a9","colorDark":"#00294f","angle":218.5,"snapDist":3,"label":0}},{"type":"Feature","geometry":{"type":"Point","coordinates":[38.870712,8.819865]},"properties":{"name":"Gelan Customs","lines":"AB098","arr":["AB098"],"terminus":0,"mode":"bus","color":"#0059a9","colorDark":"#00294f","angle":220.9,"snapDist":1,"label":0}},{"type":"Feature","geometry":{"type":"Point","coordinates":[38.883945,8.815168]},"properties":{"name":"Elsewdy","lines":"AB098","arr":["AB098"],"terminus":0,"mode":"bus","color":"#0059a9","colorDark":"#00294f","angle":211.6,"snapDist":1,"label":1}},{"type":"Feature","geometry":{"type":"Point","coordinates":[38.897588,8.797778]},"properties":{"name":"Abysinnia Bank Oda Nebie Branch","lines":"AB098","arr":["AB098"],"terminus":0,"mode":"bus","color":"#0059a9","colorDark":"#00294f","angle":238.5,"snapDist":1,"label":1}},{"type":"Feature","geometry":{"type":"Point","coordinates":[38.904497,8.792303]},"properties":{"name":"Dukem","lines":"AB098","arr":["AB098"],"terminus":1,"mode":"bus","color":"#0059a9","colorDark":"#00294f","angle":218.3,"snapDist":0,"label":0}},{"type":"Feature","geometry":{"type":"Point","coordinates":[38.73382,9.009308]},"properties":{"name":"Dessie Hotel","lines":"AB100, SH085","arr":["AB100","SH085"],"terminus":0,"mode":"bus","color":"#0059a9","colorDark":"#00294f","angle":276.4,"snapDist":1,"label":1}},{"type":"Feature","geometry":{"type":"Point","coordinates":[38.724622,8.973375]},"properties":{"name":"Sheged Hotel","lines":"AB100, SH085","arr":["AB100","SH085"],"terminus":0,"mode":"bus","color":"#0059a9","colorDark":"#00294f","angle":262.4,"snapDist":1,"label":1}},{"type":"Feature","geometry":{"type":"Point","coordinates":[38.698425,8.955824]},"properties":{"name":"Jemmo 3","lines":"AB100, AB103, SH069","arr":["AB100","AB103","SH069"],"terminus":1,"mode":"bus","color":"#0059a9","colorDark":"#00294f","angle":321,"snapDist":1,"label":0}},{"type":"Feature","geometry":{"type":"Point","coordinates":[38.72201,8.977339]},"properties":{"name":"Gebre Kirstos","lines":"AB100, SH085","arr":["AB100","SH085"],"terminus":0,"mode":"bus","color":"#0059a9","colorDark":"#00294f","angle":76.9,"snapDist":1,"label":1}},{"type":"Feature","geometry":{"type":"Point","coordinates":[38.72288,8.988455]},"properties":{"name":"Bisrate Gebrael","lines":"AB100, SH085","arr":["AB100","SH085"],"terminus":0,"mode":"bus","color":"#0059a9","colorDark":"#00294f","angle":151.2,"snapDist":3,"label":0}},{"type":"Feature","geometry":{"type":"Point","coordinates":[38.733821,9.004171]},"properties":{"name":"Lideta Tsebel","lines":"AB100, SH085","arr":["AB100","SH085"],"terminus":0,"mode":"bus","color":"#0059a9","colorDark":"#00294f","angle":95.7,"snapDist":0,"label":1}},{"type":"Feature","geometry":{"type":"Point","coordinates":[38.734134,9.010872]},"properties":{"name":"High Court","lines":"AB100, SH085","arr":["AB100","SH085"],"terminus":0,"mode":"bus","color":"#0059a9","colorDark":"#00294f","angle":98.7,"snapDist":11,"label":1}},{"type":"Feature","geometry":{"type":"Point","coordinates":[38.877865,9.055685]},"properties":{"name":"Aba Kiros Roundabout","lines":"AB101, D23, SH066, SH077","arr":["AB101","D23","SH066","SH077"],"terminus":1,"mode":"bus","color":"#0059a9","colorDark":"#00294f","angle":291.2,"snapDist":1,"label":0}},{"type":"Feature","geometry":{"type":"Point","coordinates":[38.708344,8.9592]},"properties":{"name":"Mestawet Fabrica","lines":"AB103","arr":["AB103"],"terminus":0,"mode":"bus","color":"#0059a9","colorDark":"#00294f","angle":163.7,"snapDist":2,"label":0}},{"type":"Feature","geometry":{"type":"Point","coordinates":[38.744758,9.009501]},"properties":{"name":"Mexico","lines":"AB103, AB106","arr":["AB103","AB106"],"terminus":1,"mode":"bus","color":"#0059a9","colorDark":"#00294f","angle":82.2,"snapDist":3,"label":0}},{"type":"Feature","geometry":{"type":"Point","coordinates":[38.752781,9.036129]},"properties":{"name":"Piassa Arada","lines":"AB103, AB107, SH071, SH100","arr":["AB103","AB107","SH071","SH100"],"terminus":1,"mode":"bus","color":"#0059a9","colorDark":"#00294f","angle":150.6,"snapDist":1,"label":0}},{"type":"Feature","geometry":{"type":"Point","coordinates":[38.770167,8.897727]},"properties":{"name":"Kality Meneharia","lines":"AB104, SH083, SH086","arr":["AB104","SH083","SH086"],"terminus":1,"mode":"bus","color":"#0059a9","colorDark":"#00294f","angle":-135.2,"snapDist":6,"label":1}},{"type":"Feature","geometry":{"type":"Point","coordinates":[38.763566,8.95319]},"properties":{"name":"Saris","lines":"AB104, SH090, SH091","arr":["AB104","SH090","SH091"],"terminus":1,"mode":"bus","color":"#0059a9","colorDark":"#00294f","angle":96.8,"snapDist":1,"label":0}},{"type":"Feature","geometry":{"type":"Point","coordinates":[38.75333,9.034166]},"properties":{"name":"Piassa Arada","lines":"AB104, C31","arr":["AB104","C31"],"terminus":1,"mode":"bus","color":"#0059a9","colorDark":"#00294f","angle":63,"snapDist":3,"label":0}},{"type":"Feature","geometry":{"type":"Point","coordinates":[38.737254,9.059863]},"properties":{"name":"Adissu Gebeya","lines":"AB104, AB112, SH080, SH103","arr":["AB104","AB112","SH080","SH103"],"terminus":1,"mode":"bus","color":"#0059a9","colorDark":"#00294f","angle":45.2,"snapDist":1,"label":1}},{"type":"Feature","geometry":{"type":"Point","coordinates":[38.756084,8.982281]},"properties":{"name":"MOHA (Pepsi Factory)","lines":"AB104, B19","arr":["AB104","B19"],"terminus":0,"mode":"bus","color":"#0059a9","colorDark":"#00294f","angle":203.4,"snapDist":2,"label":0}},{"type":"Feature","geometry":{"type":"Point","coordinates":[38.762828,8.965952]},"properties":{"name":"kadisco Building","lines":"AB104, AB110, B19, SH016, SH028","arr":["AB104","AB110","B19","SH016","SH028"],"terminus":0,"mode":"bus","color":"#0059a9","colorDark":"#00294f","angle":258.9,"snapDist":4,"label":0}},{"type":"Feature","geometry":{"type":"Point","coordinates":[38.771799,8.895859]},"properties":{"name":"Kality Meneharia","lines":"AB104, SH091, SH093","arr":["AB104","SH091","SH093"],"terminus":1,"mode":"bus","color":"#0059a9","colorDark":"#00294f","angle":224.7,"snapDist":0,"label":0}},{"type":"Feature","geometry":{"type":"Point","coordinates":[38.674432,9.022119]},"properties":{"name":"Anfo Meda","lines":"AB105","arr":["AB105"],"terminus":1,"mode":"bus","color":"#0059a9","colorDark":"#00294f","angle":42.6,"snapDist":1,"label":1}},{"type":"Feature","geometry":{"type":"Point","coordinates":[38.674279,9.021991]},"properties":{"name":"Anfo Meda","lines":"AB105","arr":["AB105"],"terminus":1,"mode":"bus","color":"#0059a9","colorDark":"#00294f","angle":221.2,"snapDist":1,"label":0}},{"type":"Feature","geometry":{"type":"Point","coordinates":[38.688451,9.02316]},"properties":{"name":"Mariam","lines":"AB105","arr":["AB105"],"terminus":0,"mode":"bus","color":"#0059a9","colorDark":"#00294f","angle":171.8,"snapDist":1,"label":1}},{"type":"Feature","geometry":{"type":"Point","coordinates":[38.71003,9.013351]},"properties":{"name":"Keranio Mewcha","lines":"AB105, AB123, SH010","arr":["AB105","AB123","SH010"],"terminus":0,"mode":"bus","color":"#0059a9","colorDark":"#00294f","angle":172.2,"snapDist":1,"label":1}},{"type":"Feature","geometry":{"type":"Point","coordinates":[38.826939,8.904406]},"properties":{"name":"Koye Feche","lines":"AB106, AB131","arr":["AB106","AB131"],"terminus":1,"mode":"bus","color":"#0059a9","colorDark":"#00294f","angle":242.5,"snapDist":5,"label":1}},{"type":"Feature","geometry":{"type":"Point","coordinates":[38.814485,8.899208]},"properties":{"name":"Koye Adebabay","lines":"AB106, SH091","arr":["AB106","SH091"],"terminus":0,"mode":"bus","color":"#0059a9","colorDark":"#00294f","angle":159.6,"snapDist":4,"label":1}},{"type":"Feature","geometry":{"type":"Point","coordinates":[38.820415,8.870124]},"properties":{"name":"G7 (Tulu Dimtu)","lines":"AB106, AB110, AB121","arr":["AB106","AB110","AB121"],"terminus":0,"mode":"bus","color":"#0059a9","colorDark":"#00294f","angle":259.5,"snapDist":0,"label":0}},{"type":"Feature","geometry":{"type":"Point","coordinates":[38.821049,8.865212]},"properties":{"name":"Project 12 Akababi","lines":"AB106, AB110, AB121","arr":["AB106","AB110","AB121"],"terminus":0,"mode":"bus","color":"#0059a9","colorDark":"#00294f","angle":270.7,"snapDist":0,"label":1}},{"type":"Feature","geometry":{"type":"Point","coordinates":[38.814628,8.859625]},"properties":{"name":"Mahiber Betoch","lines":"AB106, AB110, AB121, AB124","arr":["AB106","AB110","AB121","AB124"],"terminus":0,"mode":"bus","color":"#0059a9","colorDark":"#00294f","angle":347.2,"snapDist":0,"label":1}},{"type":"Feature","geometry":{"type":"Point","coordinates":[38.784541,8.854798]},"properties":{"name":"Total","lines":"AB106, AB107, AB121","arr":["AB106","AB107","AB121"],"terminus":0,"mode":"bus","color":"#0059a9","colorDark":"#00294f","angle":27.1,"snapDist":10,"label":1}},{"type":"Feature","geometry":{"type":"Point","coordinates":[38.763117,8.876252]},"properties":{"name":"Gelan Condominium","lines":"AB106, AB121","arr":["AB106","AB121"],"terminus":0,"mode":"bus","color":"#0059a9","colorDark":"#00294f","angle":48.1,"snapDist":6,"label":1}},{"type":"Feature","geometry":{"type":"Point","coordinates":[38.734624,8.935965]},"properties":{"name":"Haile Garment","lines":"AB106, AB107, AB121","arr":["AB106","AB107","AB121"],"terminus":0,"mode":"bus","color":"#0059a9","colorDark":"#00294f","angle":100,"snapDist":2,"label":0}},{"type":"Feature","geometry":{"type":"Point","coordinates":[38.762774,8.8761]},"properties":{"name":"Gelan Condominium","lines":"AB106, AB107, AB121","arr":["AB106","AB107","AB121"],"terminus":0,"mode":"bus","color":"#0059a9","colorDark":"#00294f","angle":229.1,"snapDist":6,"label":0}},{"type":"Feature","geometry":{"type":"Point","coordinates":[38.804231,8.855283]},"properties":{"name":"Tulu Dimtu Unisa","lines":"AB106, AB110, AB121, AB124","arr":["AB106","AB110","AB121","AB124"],"terminus":1,"mode":"bus","color":"#0059a9","colorDark":"#00294f","angle":158.5,"snapDist":1,"label":1}},{"type":"Feature","geometry":{"type":"Point","coordinates":[38.814886,8.859226]},"properties":{"name":"Mahiber Betoch","lines":"AB106, AB110, AB121","arr":["AB106","AB110","AB121"],"terminus":0,"mode":"bus","color":"#0059a9","colorDark":"#00294f","angle":161.9,"snapDist":1,"label":0}},{"type":"Feature","geometry":{"type":"Point","coordinates":[38.82184,8.865857]},"properties":{"name":"Project 12 Akababi","lines":"AB106, AB110, AB121, AB124","arr":["AB106","AB110","AB121","AB124"],"terminus":0,"mode":"bus","color":"#0059a9","colorDark":"#00294f","angle":66.2,"snapDist":1,"label":0}},{"type":"Feature","geometry":{"type":"Point","coordinates":[38.820285,8.873377]},"properties":{"name":"Tulu Dimtu","lines":"AB106, AB107, AB121","arr":["AB106","AB107","AB121"],"terminus":1,"mode":"bus","color":"#0059a9","colorDark":"#00294f","angle":78.8,"snapDist":1,"label":1}},{"type":"Feature","geometry":{"type":"Point","coordinates":[38.824049,8.894808]},"properties":{"name":"Koye Feche 4","lines":"AB106, D52, SH091","arr":["AB106","D52","SH091"],"terminus":0,"mode":"bus","color":"#0059a9","colorDark":"#00294f","angle":239.1,"snapDist":3,"label":1}},{"type":"Feature","geometry":{"type":"Point","coordinates":[38.829916,8.894068]},"properties":{"name":"Nifas Silk","lines":"AB106, SH091","arr":["AB106","SH091"],"terminus":0,"mode":"bus","color":"#0059a9","colorDark":"#00294f","angle":146.4,"snapDist":2,"label":1}},{"type":"Feature","geometry":{"type":"Point","coordinates":[38.827618,8.903297]},"properties":{"name":"Koye Feche","lines":"AB106, SH091","arr":["AB106","SH091"],"terminus":1,"mode":"bus","color":"#0059a9","colorDark":"#00294f","angle":62.5,"snapDist":2,"label":0}},{"type":"Feature","geometry":{"type":"Point","coordinates":[38.750265,9.035764]},"properties":{"name":"Piassa Arada","lines":"AB107","arr":["AB107"],"terminus":1,"mode":"bus","color":"#0059a9","colorDark":"#00294f","angle":337.2,"snapDist":0,"label":1}},{"type":"Feature","geometry":{"type":"Point","coordinates":[38.734737,8.939409]},"properties":{"name":"Haile Garment","lines":"AB107","arr":["AB107"],"terminus":0,"mode":"bus","color":"#0059a9","colorDark":"#00294f","angle":279.1,"snapDist":2,"label":0}},{"type":"Feature","geometry":{"type":"Point","coordinates":[38.784722,8.854259]},"properties":{"name":"Total","lines":"AB107","arr":["AB107"],"terminus":0,"mode":"bus","color":"#0059a9","colorDark":"#00294f","angle":208.7,"snapDist":5,"label":0}},{"type":"Feature","geometry":{"type":"Point","coordinates":[38.820388,8.872867]},"properties":{"name":"Tulu Dimtu","lines":"AB107","arr":["AB107"],"terminus":1,"mode":"bus","color":"#0059a9","colorDark":"#00294f","angle":80.6,"snapDist":1,"label":0}},{"type":"Feature","geometry":{"type":"Point","coordinates":[38.76224,8.877243]},"properties":{"name":"Gelan Condominium","lines":"AB107","arr":["AB107"],"terminus":0,"mode":"bus","color":"#0059a9","colorDark":"#00294f","angle":49.3,"snapDist":4,"label":0}},{"type":"Feature","geometry":{"type":"Point","coordinates":[38.734334,8.94637]},"properties":{"name":"Mebrathile (EEPCo)","lines":"AB107","arr":["AB107"],"terminus":0,"mode":"bus","color":"#0059a9","colorDark":"#00294f","angle":73.2,"snapDist":2,"label":0}},{"type":"Feature","geometry":{"type":"Point","coordinates":[38.694834,9.058554]},"properties":{"name":"Addis Sefer","lines":"AB108","arr":["AB108"],"terminus":1,"mode":"bus","color":"#0059a9","colorDark":"#00294f","angle":158,"snapDist":1,"label":1}},{"type":"Feature","geometry":{"type":"Point","coordinates":[38.730629,9.04622]},"properties":{"name":"Pastor","lines":"AB108","arr":["AB108"],"terminus":0,"mode":"bus","color":"#0059a9","colorDark":"#00294f","angle":3.4,"snapDist":2,"label":0}},{"type":"Feature","geometry":{"type":"Point","coordinates":[38.694506,9.058563]},"properties":{"name":"Addis Sefer","lines":"AB108","arr":["AB108"],"terminus":1,"mode":"bus","color":"#0059a9","colorDark":"#00294f","angle":348.3,"snapDist":1,"label":0}},{"type":"Feature","geometry":{"type":"Point","coordinates":[38.796497,8.871738]},"properties":{"name":"Belay Ab Moters","lines":"AB109, AB110","arr":["AB109","AB110"],"terminus":0,"mode":"bus","color":"#0059a9","colorDark":"#00294f","angle":-115.6,"snapDist":14,"label":1}},{"type":"Feature","geometry":{"type":"Point","coordinates":[38.7794,8.880013]},"properties":{"name":"Gelan Condominium","lines":"AB109, AB110","arr":["AB109","AB110"],"terminus":0,"mode":"bus","color":"#0059a9","colorDark":"#00294f","angle":-124.5,"snapDist":11,"label":1}},{"type":"Feature","geometry":{"type":"Point","coordinates":[38.77701,8.883852]},"properties":{"name":"Awash Bank (Akaki Kality)","lines":"AB109, AB110","arr":["AB109","AB110"],"terminus":0,"mode":"bus","color":"#0059a9","colorDark":"#00294f","angle":-113.8,"snapDist":20,"label":0}},{"type":"Feature","geometry":{"type":"Point","coordinates":[38.767552,8.928163]},"properties":{"name":"Techtra Engineering","lines":"AB109, AB110, SH093","arr":["AB109","AB110","SH093"],"terminus":0,"mode":"bus","color":"#0059a9","colorDark":"#00294f","angle":118.5,"snapDist":10,"label":1}},{"type":"Feature","geometry":{"type":"Point","coordinates":[38.777254,8.883328]},"properties":{"name":"Selam Building","lines":"AB109, AB110, SH091","arr":["AB109","AB110","SH091"],"terminus":0,"mode":"bus","color":"#0059a9","colorDark":"#00294f","angle":-115.3,"snapDist":12,"label":1}},{"type":"Feature","geometry":{"type":"Point","coordinates":[38.779386,8.879676]},"properties":{"name":"Gelan Condominium","lines":"AB109, AB110","arr":["AB109","AB110"],"terminus":0,"mode":"bus","color":"#0059a9","colorDark":"#00294f","angle":54.9,"snapDist":10,"label":0}},{"type":"Feature","geometry":{"type":"Point","coordinates":[38.805176,8.868906]},"properties":{"name":"Tulu Dimtu (Taf Gas Station)","lines":"AB109, AB110, SH088","arr":["AB109","AB110","SH088"],"terminus":0,"mode":"bus","color":"#0059a9","colorDark":"#00294f","angle":157.2,"snapDist":4,"label":1}},{"type":"Feature","geometry":{"type":"Point","coordinates":[38.814025,8.872231]},"properties":{"name":"Selam Sefer (Tapela Gar)","lines":"AB109, SH088","arr":["AB109","SH088"],"terminus":0,"mode":"bus","color":"#0059a9","colorDark":"#00294f","angle":158.4,"snapDist":0,"label":1}},{"type":"Feature","geometry":{"type":"Point","coordinates":[38.819828,8.873614]},"properties":{"name":"Tulu Dimtu Adebabay","lines":"AB109, AB110, SH088","arr":["AB109","AB110","SH088"],"terminus":1,"mode":"bus","color":"#0059a9","colorDark":"#00294f","angle":258.8,"snapDist":0,"label":0}},{"type":"Feature","geometry":{"type":"Point","coordinates":[38.758491,9.000141]},"properties":{"name":"Tele Garage","lines":"AB110, SH016, SH028, SH086","arr":["AB110","SH016","SH028","SH086"],"terminus":0,"mode":"bus","color":"#0059a9","colorDark":"#00294f","angle":271.1,"snapDist":1,"label":0}},{"type":"Feature","geometry":{"type":"Point","coordinates":[38.796474,8.871303]},"properties":{"name":"Belay Ab Moters","lines":"AB110","arr":["AB110"],"terminus":0,"mode":"bus","color":"#0059a9","colorDark":"#00294f","angle":64,"snapDist":8,"label":0}},{"type":"Feature","geometry":{"type":"Point","coordinates":[38.804157,8.855607]},"properties":{"name":"Tulu Dimtu","lines":"AB110, AB124","arr":["AB110","AB124"],"terminus":1,"mode":"bus","color":"#0059a9","colorDark":"#00294f","angle":339.1,"snapDist":1,"label":1}},{"type":"Feature","geometry":{"type":"Point","coordinates":[38.813663,8.872261]},"properties":{"name":"Arsema","lines":"AB110, SH088","arr":["AB110","SH088"],"terminus":0,"mode":"bus","color":"#0059a9","colorDark":"#00294f","angle":339.4,"snapDist":1,"label":1}},{"type":"Feature","geometry":{"type":"Point","coordinates":[38.809104,8.870558]},"properties":{"name":"TAF Oil (Tulu Dimtu)","lines":"AB110, SH088","arr":["AB110","SH088"],"terminus":0,"mode":"bus","color":"#0059a9","colorDark":"#00294f","angle":338.7,"snapDist":1,"label":1}},{"type":"Feature","geometry":{"type":"Point","coordinates":[38.759831,8.995375]},"properties":{"name":"Beklo Bet (Global)","lines":"AB110, SH016, SH028","arr":["AB110","SH016","SH028"],"terminus":0,"mode":"bus","color":"#0059a9","colorDark":"#00294f","angle":77.2,"snapDist":0,"label":1}},{"type":"Feature","geometry":{"type":"Point","coordinates":[38.761709,9.04765]},"properties":{"name":"6 Kilo","lines":"AB110","arr":["AB110"],"terminus":1,"mode":"bus","color":"#0059a9","colorDark":"#00294f","angle":96.5,"snapDist":4,"label":0}},{"type":"Feature","geometry":{"type":"Point","coordinates":[38.737108,9.059828]},"properties":{"name":"Adisu Gebeya","lines":"AB112, SH080","arr":["AB112","SH080"],"terminus":1,"mode":"bus","color":"#0059a9","colorDark":"#00294f","angle":224.1,"snapDist":1,"label":0}},{"type":"Feature","geometry":{"type":"Point","coordinates":[38.741063,9.055858]},"properties":{"name":"Del Ber School","lines":"AB112, SH080, SH103","arr":["AB112","SH080","SH103"],"terminus":0,"mode":"bus","color":"#0059a9","colorDark":"#00294f","angle":237.4,"snapDist":3,"label":0}},{"type":"Feature","geometry":{"type":"Point","coordinates":[38.764174,9.042858]},"properties":{"name":"6 Kilo","lines":"AB112, SH080","arr":["AB112","SH080"],"terminus":0,"mode":"bus","color":"#0059a9","colorDark":"#00294f","angle":208.6,"snapDist":1,"label":0}},{"type":"Feature","geometry":{"type":"Point","coordinates":[38.826959,8.904564]},"properties":{"name":"Koye Feche","lines":"AB113, AB131, SH091","arr":["AB113","AB131","SH091"],"terminus":1,"mode":"bus","color":"#0059a9","colorDark":"#00294f","angle":62.4,"snapDist":6,"label":0}},{"type":"Feature","geometry":{"type":"Point","coordinates":[38.819981,8.930706]},"properties":{"name":"Endorro 1","lines":"AB113, AB124, D52, SH077","arr":["AB113","AB124","D52","SH077"],"terminus":0,"mode":"bus","color":"#0059a9","colorDark":"#00294f","angle":96.2,"snapDist":3,"label":1}},{"type":"Feature","geometry":{"type":"Point","coordinates":[38.821767,8.939408]},"properties":{"name":"Endorro 2","lines":"AB113, D52, SH077","arr":["AB113","D52","SH077"],"terminus":0,"mode":"bus","color":"#0059a9","colorDark":"#00294f","angle":118.2,"snapDist":3,"label":1}},{"type":"Feature","geometry":{"type":"Point","coordinates":[38.835434,8.957327]},"properties":{"name":"Bole Lemi","lines":"AB113, AB120, AB124, D52, SH077","arr":["AB113","AB120","AB124","D52","SH077"],"terminus":0,"mode":"bus","color":"#0059a9","colorDark":"#00294f","angle":106.1,"snapDist":3,"label":1}},{"type":"Feature","geometry":{"type":"Point","coordinates":[38.837418,8.967809]},"properties":{"name":"Kotebe Shet'","lines":"AB113, D52, SH077","arr":["AB113","D52","SH077"],"terminus":0,"mode":"bus","color":"#0059a9","colorDark":"#00294f","angle":100.1,"snapDist":3,"label":1}},{"type":"Feature","geometry":{"type":"Point","coordinates":[38.82891,8.983798]},"properties":{"name":"Goro Roundabout","lines":"AB113, D52, SH077","arr":["AB113","D52","SH077"],"terminus":0,"mode":"bus","color":"#0059a9","colorDark":"#00294f","angle":94,"snapDist":3,"label":1}},{"type":"Feature","geometry":{"type":"Point","coordinates":[38.828508,8.983985]},"properties":{"name":"Goro Roundabout","lines":"AB113, D52","arr":["AB113","D52"],"terminus":0,"mode":"bus","color":"#0059a9","colorDark":"#00294f","angle":274.5,"snapDist":1,"label":0}},{"type":"Feature","geometry":{"type":"Point","coordinates":[38.837025,8.967885]},"properties":{"name":"Kotebe Shet'","lines":"AB113, D52, SH077","arr":["AB113","D52","SH077"],"terminus":0,"mode":"bus","color":"#0059a9","colorDark":"#00294f","angle":280.9,"snapDist":2,"label":0}},{"type":"Feature","geometry":{"type":"Point","coordinates":[38.835297,8.958527]},"properties":{"name":"Bole Lemi","lines":"AB113, AB120, AB124, AB131, D52, SH077","arr":["AB113","AB120","AB124","AB131","D52","SH077"],"terminus":0,"mode":"bus","color":"#0059a9","colorDark":"#00294f","angle":282,"snapDist":1,"label":0}},{"type":"Feature","geometry":{"type":"Point","coordinates":[38.821983,8.940536]},"properties":{"name":"Endorro 2","lines":"AB113, D52, SH077","arr":["AB113","D52","SH077"],"terminus":0,"mode":"bus","color":"#0059a9","colorDark":"#00294f","angle":302.3,"snapDist":6,"label":0}},{"type":"Feature","geometry":{"type":"Point","coordinates":[38.831352,8.896291]},"properties":{"name":"Koye Feche 2","lines":"AB113, D52","arr":["AB113","D52"],"terminus":1,"mode":"bus","color":"#0059a9","colorDark":"#00294f","angle":61.3,"snapDist":2,"label":1}},{"type":"Feature","geometry":{"type":"Point","coordinates":[38.665381,9.032648]},"properties":{"name":"Ashewa Meda","lines":"AB118, B35, B35B","arr":["AB118","B35","B35B"],"terminus":1,"mode":"bus","color":"#0059a9","colorDark":"#00294f","angle":351.6,"snapDist":1,"label":1}},{"type":"Feature","geometry":{"type":"Point","coordinates":[38.65158,9.027687]},"properties":{"name":"St. Gebriel","lines":"AB118, B35","arr":["AB118","B35"],"terminus":0,"mode":"bus","color":"#0059a9","colorDark":"#00294f","angle":65.1,"snapDist":1,"label":0}},{"type":"Feature","geometry":{"type":"Point","coordinates":[38.608233,9.059064]},"properties":{"name":"Kela","lines":"AB118","arr":["AB118"],"terminus":1,"mode":"bus","color":"#0059a9","colorDark":"#00294f","angle":35.7,"snapDist":4,"label":1}},{"type":"Feature","geometry":{"type":"Point","coordinates":[38.665381,9.032648]},"properties":{"name":"Ashewa Meda","lines":"AB118, B35, B35B","arr":["AB118","B35","B35B"],"terminus":1,"mode":"bus","color":"#0059a9","colorDark":"#00294f","angle":171.6,"snapDist":1,"label":0}},{"type":"Feature","geometry":{"type":"Point","coordinates":[38.801554,8.902512]},"properties":{"name":"Kilonto","lines":"AB120","arr":["AB120"],"terminus":1,"mode":"bus","color":"#0059a9","colorDark":"#00294f","angle":84.2,"snapDist":6,"label":1}},{"type":"Feature","geometry":{"type":"Point","coordinates":[38.801617,8.902706]},"properties":{"name":"Kilonto","lines":"AB120","arr":["AB120"],"terminus":1,"mode":"bus","color":"#0059a9","colorDark":"#00294f","angle":87.4,"snapDist":1,"label":0}},{"type":"Feature","geometry":{"type":"Point","coordinates":[38.820187,8.87387]},"properties":{"name":"Tulu Dimtu","lines":"AB121, Bole002, Lafto008","arr":["AB121","Bole002","Lafto008"],"terminus":1,"mode":"bus","color":"#0059a9","colorDark":"#00294f","angle":78.8,"mstop":"mix","snapDist":5,"label":0}},{"type":"Feature","geometry":{"type":"Point","coordinates":[38.668897,9.006922]},"properties":{"name":"Alem Bank Silase","lines":"AB123","arr":["AB123"],"terminus":1,"mode":"bus","color":"#0059a9","colorDark":"#00294f","angle":186.3,"snapDist":0,"label":1}},{"type":"Feature","geometry":{"type":"Point","coordinates":[38.705315,9.013921]},"properties":{"name":"Mewcha","lines":"AB123","arr":["AB123"],"terminus":0,"mode":"bus","color":"#0059a9","colorDark":"#00294f","angle":187.9,"snapDist":2,"label":1}},{"type":"Feature","geometry":{"type":"Point","coordinates":[38.72081,9.011764]},"properties":{"name":"Torhayloch","lines":"AB123, SH010","arr":["AB123","SH010"],"terminus":0,"mode":"bus","color":"#0059a9","colorDark":"#00294f","angle":204.7,"snapDist":3,"label":0}},{"type":"Feature","geometry":{"type":"Point","coordinates":[38.742643,9.028208]},"properties":{"name":"Teklehaymanot","lines":"AB123, SH071","arr":["AB123","SH071"],"terminus":0,"mode":"bus","color":"#0059a9","colorDark":"#00294f","angle":138.1,"snapDist":1,"label":0}},{"type":"Feature","geometry":{"type":"Point","coordinates":[38.7443,9.029177]},"properties":{"name":"Teklehaimanot","lines":"AB123, SH071","arr":["AB123","SH071"],"terminus":0,"mode":"bus","color":"#0059a9","colorDark":"#00294f","angle":313.3,"snapDist":2,"label":1}},{"type":"Feature","geometry":{"type":"Point","coordinates":[38.740651,9.026667]},"properties":{"name":"Berbere Tera","lines":"AB123","arr":["AB123"],"terminus":0,"mode":"bus","color":"#0059a9","colorDark":"#00294f","angle":326.1,"snapDist":1,"label":1}},{"type":"Feature","geometry":{"type":"Point","coordinates":[38.705053,9.014043]},"properties":{"name":"Mewcha","lines":"AB123","arr":["AB123"],"terminus":0,"mode":"bus","color":"#0059a9","colorDark":"#00294f","angle":2.4,"snapDist":1,"label":0}},{"type":"Feature","geometry":{"type":"Point","coordinates":[38.682088,9.006276]},"properties":{"name":"Wereda 07","lines":"AB123","arr":["AB123"],"terminus":0,"mode":"bus","color":"#0059a9","colorDark":"#00294f","angle":4.3,"snapDist":2,"label":1}},{"type":"Feature","geometry":{"type":"Point","coordinates":[38.672584,9.006838]},"properties":{"name":"Anfo","lines":"AB123","arr":["AB123"],"terminus":0,"mode":"bus","color":"#0059a9","colorDark":"#00294f","angle":1.9,"snapDist":0,"label":1}},{"type":"Feature","geometry":{"type":"Point","coordinates":[38.669268,9.007023]},"properties":{"name":"Alem Bank Silase","lines":"AB123","arr":["AB123"],"terminus":1,"mode":"bus","color":"#0059a9","colorDark":"#00294f","angle":3.8,"snapDist":3,"label":0}},{"type":"Feature","geometry":{"type":"Point","coordinates":[38.737088,8.936994]},"properties":{"name":"Haile Garment","lines":"AB125, SH089","arr":["AB125","SH089"],"terminus":1,"mode":"bus","color":"#0059a9","colorDark":"#00294f","angle":172.1,"snapDist":2,"label":1}},{"type":"Feature","geometry":{"type":"Point","coordinates":[38.766233,8.96621]},"properties":{"name":"Kadisco","lines":"AB125, SH089","arr":["AB125","SH089"],"terminus":0,"mode":"bus","color":"#0059a9","colorDark":"#00294f","angle":80.9,"snapDist":12,"label":1}},{"type":"Feature","geometry":{"type":"Point","coordinates":[38.76681,8.970563]},"properties":{"name":"Yosef","lines":"AB125, SH083, SH089, SH092","arr":["AB125","SH083","SH089","SH092"],"terminus":0,"mode":"bus","color":"#0059a9","colorDark":"#00294f","angle":78,"snapDist":1,"label":0}},{"type":"Feature","geometry":{"type":"Point","coordinates":[38.772325,8.979945]},"properties":{"name":"Bole Mickael (2)","lines":"AB125, SH089, SH092","arr":["AB125","SH089","SH092"],"terminus":0,"mode":"bus","color":"#0059a9","colorDark":"#00294f","angle":335.9,"snapDist":1,"label":0}},{"type":"Feature","geometry":{"type":"Point","coordinates":[38.766061,8.966217]},"properties":{"name":"Kadisco","lines":"AB125, SH083, SH089, SH092","arr":["AB125","SH083","SH089","SH092"],"terminus":0,"mode":"bus","color":"#0059a9","colorDark":"#00294f","angle":259.8,"snapDist":5,"label":0}},{"type":"Feature","geometry":{"type":"Point","coordinates":[38.767383,8.957292]},"properties":{"name":"Addis Sefer (Overpass)","lines":"AB125, SH083, SH089","arr":["AB125","SH083","SH089"],"terminus":0,"mode":"bus","color":"#0059a9","colorDark":"#00294f","angle":273.7,"snapDist":1,"label":1}},{"type":"Feature","geometry":{"type":"Point","coordinates":[38.891873,8.97545]},"properties":{"name":"Bole Arabsa","lines":"AB126","arr":["AB126"],"terminus":1,"mode":"bus","color":"#0059a9","colorDark":"#00294f","angle":90,"snapDist":1,"label":1}},{"type":"Feature","geometry":{"type":"Point","coordinates":[38.891144,8.973061]},"properties":{"name":"Bole Arabsa","lines":"AB126","arr":["AB126"],"terminus":1,"mode":"bus","color":"#0059a9","colorDark":"#00294f","angle":293.9,"snapDist":1,"label":1}},{"type":"Feature","geometry":{"type":"Point","coordinates":[38.747715,9.012578]},"properties":{"name":"Mexico","lines":"AB127, AB128, SH067, SH070","arr":["AB127","AB128","SH067","SH070"],"terminus":1,"mode":"bus","color":"#0059a9","colorDark":"#00294f","angle":145.1,"snapDist":2,"label":0}},{"type":"Feature","geometry":{"type":"Point","coordinates":[38.87794,9.010004]},"properties":{"name":"Noah Real Estate","lines":"AB127, D46","arr":["AB127","D46"],"terminus":0,"mode":"bus","color":"#0059a9","colorDark":"#00294f","angle":279.5,"snapDist":1,"label":1}},{"type":"Feature","geometry":{"type":"Point","coordinates":[38.890457,8.972644]},"properties":{"name":"Bole Arabsa","lines":"AB127, LK002, LK003, LK006, LK014","arr":["AB127","LK002","LK003","LK006","LK014"],"terminus":1,"mode":"bus","color":"#0059a9","colorDark":"#00294f","angle":228.9,"mstop":"mix","snapDist":2,"label":0}},{"type":"Feature","geometry":{"type":"Point","coordinates":[38.890266,8.973311]},"properties":{"name":"Bole Arabsa","lines":"AB127","arr":["AB127"],"terminus":1,"mode":"bus","color":"#0059a9","colorDark":"#00294f","angle":50.2,"snapDist":1,"label":0}},{"type":"Feature","geometry":{"type":"Point","coordinates":[38.885116,8.984161]},"properties":{"name":"Bole Arabsa (2)","lines":"AB127, D46","arr":["AB127","D46"],"terminus":0,"mode":"bus","color":"#0059a9","colorDark":"#00294f","angle":93.4,"snapDist":2,"label":1}},{"type":"Feature","geometry":{"type":"Point","coordinates":[38.885533,8.996333]},"properties":{"name":"Bole Arabsa (3)","lines":"AB127, D46","arr":["AB127","D46"],"terminus":0,"mode":"bus","color":"#0059a9","colorDark":"#00294f","angle":93.2,"snapDist":1,"label":1}},{"type":"Feature","geometry":{"type":"Point","coordinates":[38.876761,9.002348]},"properties":{"name":"Nebu Mikael","lines":"AB127, D46","arr":["AB127","D46"],"terminus":0,"mode":"bus","color":"#0059a9","colorDark":"#00294f","angle":54,"snapDist":1,"label":1}},{"type":"Feature","geometry":{"type":"Point","coordinates":[38.80429,9.020014]},"properties":{"name":"Megenagna","lines":"AB127, SH067","arr":["AB127","SH067"],"terminus":0,"mode":"bus","color":"#0059a9","colorDark":"#00294f","angle":350.7,"snapDist":1,"label":0}},{"type":"Feature","geometry":{"type":"Point","coordinates":[38.860593,9.037958]},"properties":{"name":"Kara (Turn)","lines":"AB128, SH070","arr":["AB128","SH070"],"terminus":0,"mode":"bus","color":"#0059a9","colorDark":"#00294f","angle":155.2,"snapDist":2,"label":1}},{"type":"Feature","geometry":{"type":"Point","coordinates":[38.870515,9.05017]},"properties":{"name":"Kara Condominium","lines":"AB128, AB129, C51, SH070","arr":["AB128","AB129","C51","SH070"],"terminus":0,"mode":"bus","color":"#0059a9","colorDark":"#00294f","angle":114,"snapDist":5,"label":1}},{"type":"Feature","geometry":{"type":"Point","coordinates":[38.874245,9.058009]},"properties":{"name":"Sara Ampol","lines":"AB128, AB129, C51, SH004, SH070","arr":["AB128","AB129","C51","SH004","SH070"],"terminus":0,"mode":"bus","color":"#0059a9","colorDark":"#00294f","angle":26.1,"snapDist":2,"label":1}},{"type":"Feature","geometry":{"type":"Point","coordinates":[38.864787,9.06661]},"properties":{"name":"Yeka Abado","lines":"AB128, C51, SH070, SH077","arr":["AB128","C51","SH070","SH077"],"terminus":1,"mode":"bus","color":"#0059a9","colorDark":"#00294f","angle":318,"snapDist":3,"label":1}},{"type":"Feature","geometry":{"type":"Point","coordinates":[38.873269,9.063075]},"properties":{"name":"Meskelegna (Ababdo)","lines":"AB128, AB129, C51, SH070","arr":["AB128","AB129","C51","SH070"],"terminus":0,"mode":"bus","color":"#0059a9","colorDark":"#00294f","angle":282.3,"snapDist":1,"label":1}},{"type":"Feature","geometry":{"type":"Point","coordinates":[38.864028,9.040145]},"properties":{"name":"Medhanalem Church","lines":"AB128, AB129, C51, SH004, SH070","arr":["AB128","AB129","C51","SH004","SH070"],"terminus":0,"mode":"bus","color":"#0059a9","colorDark":"#00294f","angle":312.5,"snapDist":2,"label":1}},{"type":"Feature","geometry":{"type":"Point","coordinates":[38.745353,9.011092]},"properties":{"name":"Mexico","lines":"AB128, SH070","arr":["AB128","SH070"],"terminus":1,"mode":"bus","color":"#0059a9","colorDark":"#00294f","angle":326.3,"snapDist":2,"label":0}},{"type":"Feature","geometry":{"type":"Point","coordinates":[38.875609,9.068844]},"properties":{"name":"Yeka Abado","lines":"AB129, C51, SH004","arr":["AB129","C51","SH004"],"terminus":1,"mode":"bus","color":"#0059a9","colorDark":"#00294f","angle":137.4,"snapDist":2,"label":1}},{"type":"Feature","geometry":{"type":"Point","coordinates":[38.875575,9.068918]},"properties":{"name":"Yeka Abado","lines":"AB129, SH004","arr":["AB129","SH004"],"terminus":1,"mode":"bus","color":"#0059a9","colorDark":"#00294f","angle":319.6,"snapDist":2,"label":0}},{"type":"Feature","geometry":{"type":"Point","coordinates":[38.742906,9.010586]},"properties":{"name":"Mexico","lines":"AB130, SH068, SH081","arr":["AB130","SH068","SH081"],"terminus":1,"mode":"bus","color":"#0059a9","colorDark":"#00294f","angle":7.6,"snapDist":1,"label":0}},{"type":"Feature","geometry":{"type":"Point","coordinates":[38.735361,9.029432]},"properties":{"name":"Merab Hotel","lines":"ADK002, ADK043, ADK044, Kolfa001, Kolfa011, Kolfa012, Kolfa013, Kolfa033, Kolfa034, Lafto034","arr":["ADK002","ADK043","ADK044","Kolfa001","Kolfa011","Kolfa012","Kolfa013","Kolfa033","Kolfa034","Lafto034"],"terminus":1,"mode":"bus","color":"#e8a000","colorDark":"#7d5600","angle":351.9,"mstop":"all","snapDist":0,"label":1}},{"type":"Feature","geometry":{"type":"Point","coordinates":[38.732187,9.02894]},"properties":{"name":"Sebategna","lines":"ADK002","arr":["ADK002"],"terminus":0,"mode":"bus","color":"#e8a000","colorDark":"#7d5600","angle":351.4,"mstop":"all","snapDist":4,"label":0}},{"type":"Feature","geometry":{"type":"Point","coordinates":[38.721137,9.025838]},"properties":{"name":"Amanuel Total","lines":"ADK002, ADK035","arr":["ADK002","ADK035"],"terminus":0,"mode":"bus","color":"#e8a000","colorDark":"#7d5600","angle":324.4,"mstop":"all","snapDist":1,"label":1}},{"type":"Feature","geometry":{"type":"Point","coordinates":[38.721138,9.025839]},"properties":{"name":"Amanuel Total","lines":"ADK002, ADK035, LID008","arr":["ADK002","ADK035","LID008"],"terminus":0,"mode":"bus","color":"#e8a000","colorDark":"#7d5600","angle":144.4,"mstop":"all","snapDist":1,"label":0}},{"type":"Feature","geometry":{"type":"Point","coordinates":[38.732204,9.028943]},"properties":{"name":"Sebategna","lines":"ADK002","arr":["ADK002"],"terminus":0,"mode":"bus","color":"#e8a000","colorDark":"#7d5600","angle":171.4,"mstop":"all","snapDist":3,"label":0}},{"type":"Feature","geometry":{"type":"Point","coordinates":[38.735374,9.029364]},"properties":{"name":"Merab Hotel","lines":"ADK002, ADK043, ADK044, Kolfa001, Kolfa011, Kolfa012, Kolfa013, Kolfa033, Kolfa034, Lafto034","arr":["ADK002","ADK043","ADK044","Kolfa001","Kolfa011","Kolfa012","Kolfa013","Kolfa033","Kolfa034","Lafto034"],"terminus":1,"mode":"bus","color":"#e8a000","colorDark":"#7d5600","angle":171.7,"mstop":"all","snapDist":1,"label":0}},{"type":"Feature","geometry":{"type":"Point","coordinates":[38.731932,9.035702]},"properties":{"name":"Autobus Tera","lines":"ADK004, ADK026, Gl013","arr":["ADK004","ADK026","Gl013"],"terminus":1,"mode":"bus","color":"#e8a000","colorDark":"#7d5600","angle":77.6,"mstop":"all","snapDist":1,"label":1}},{"type":"Feature","geometry":{"type":"Point","coordinates":[38.7306,9.046222]},"properties":{"name":"Pastor","lines":"ADK004, ADK009, ADK026, ADK037, Gl013, Gl015","arr":["ADK004","ADK009","ADK026","ADK037","Gl013","Gl015"],"terminus":0,"mode":"bus","color":"#e8a000","colorDark":"#7d5600","angle":3.4,"mstop":"all","snapDist":2,"label":0}},{"type":"Feature","geometry":{"type":"Point","coordinates":[38.722798,9.051189]},"properties":{"name":"Medhanalem","lines":"ADK004, ADK009, ADK026, ADK037, Gl013, Gl015","arr":["ADK004","ADK009","ADK026","ADK037","Gl013","Gl015"],"terminus":0,"mode":"bus","color":"#e8a000","colorDark":"#7d5600","angle":28.3,"mstop":"all","snapDist":2,"label":1}},{"type":"Feature","geometry":{"type":"Point","coordinates":[38.713158,9.057582]},"properties":{"name":"Winget","lines":"ADK004, ADK009, ADK026, ADK037, Gl015","arr":["ADK004","ADK009","ADK026","ADK037","Gl015"],"terminus":0,"mode":"bus","color":"#e8a000","colorDark":"#7d5600","angle":59.4,"mstop":"all","snapDist":5,"label":1}},{"type":"Feature","geometry":{"type":"Point","coordinates":[38.707043,9.057662]},"properties":{"name":"Gulele Fana","lines":"ADK004, ADK009, ADK026, ADK031, Gl012, Kolfa038, Kolfe023, LID011","arr":["ADK004","ADK009","ADK026","ADK031","Gl012","Kolfa038","Kolfe023","LID011"],"terminus":0,"mode":"bus","color":"#e8a000","colorDark":"#7d5600","angle":41,"mstop":"all","snapDist":0,"label":0}},{"type":"Feature","geometry":{"type":"Point","coordinates":[38.70116,9.061248]},"properties":{"name":"Chereta","lines":"ADK004, ADK009, ADK026, ADK031, ADK037, Gl012, Kolfa038, Kolfe023, LID011","arr":["ADK004","ADK009","ADK026","ADK031","ADK037","Gl012","Kolfa038","Kolfe023","LID011"],"terminus":0,"mode":"bus","color":"#e8a000","colorDark":"#7d5600","angle":72.6,"mstop":"all","snapDist":1,"label":0}},{"type":"Feature","geometry":{"type":"Point","coordinates":[38.693715,9.065914]},"properties":{"name":"Asko","lines":"ADK004, ADK009, ADK026, ADK031, ADK037, Gl012, Kolfa038, Kolfe023, LID011","arr":["ADK004","ADK009","ADK026","ADK031","ADK037","Gl012","Kolfa038","Kolfe023","LID011"],"terminus":1,"mode":"bus","color":"#e8a000","colorDark":"#7d5600","angle":352.5,"mstop":"all","snapDist":1,"label":0}},{"type":"Feature","geometry":{"type":"Point","coordinates":[38.693754,9.065813]},"properties":{"name":"Asko","lines":"ADK004, ADK009, ADK026, ADK031, ADK037, Gl012, Kolfa038, Kolfe023, LID011","arr":["ADK004","ADK009","ADK026","ADK031","ADK037","Gl012","Kolfa038","Kolfe023","LID011"],"terminus":1,"mode":"bus","color":"#e8a000","colorDark":"#7d5600","angle":173,"mstop":"all","snapDist":1,"label":0}},{"type":"Feature","geometry":{"type":"Point","coordinates":[38.701064,9.061256]},"properties":{"name":"Chereta","lines":"ADK004, ADK009, ADK026, Gl012, Kolfe023","arr":["ADK004","ADK009","ADK026","Gl012","Kolfe023"],"terminus":0,"mode":"bus","color":"#e8a000","colorDark":"#7d5600","angle":250.7,"mstop":"all","snapDist":2,"label":0}},{"type":"Feature","geometry":{"type":"Point","coordinates":[38.711419,9.057267]},"properties":{"name":"Awolia","lines":"ADK004, ADK009, ADK026, ADK037, Gl012, Gl015, Kolfa038, Kolfe023, LID011","arr":["ADK004","ADK009","ADK026","ADK037","Gl012","Gl015","Kolfa038","Kolfe023","LID011"],"terminus":0,"mode":"bus","color":"#e8a000","colorDark":"#7d5600","angle":136.1,"mstop":"all","snapDist":1,"label":0}},{"type":"Feature","geometry":{"type":"Point","coordinates":[38.72269,9.051031]},"properties":{"name":"Medhanalem","lines":"ADK004, ADK009, ADK026, ADK037, Gl013, Gl015","arr":["ADK004","ADK009","ADK026","ADK037","Gl013","Gl015"],"terminus":0,"mode":"bus","color":"#e8a000","colorDark":"#7d5600","angle":205.6,"mstop":"all","snapDist":2,"label":0}},{"type":"Feature","geometry":{"type":"Point","coordinates":[38.727604,9.047383]},"properties":{"name":"Pawlos Hospital","lines":"ADK004, ADK009, ADK026, ADK037, Gl013, Gl015","arr":["ADK004","ADK009","ADK026","ADK037","Gl013","Gl015"],"terminus":0,"mode":"bus","color":"#e8a000","colorDark":"#7d5600","angle":218.8,"mstop":"all","snapDist":2,"label":0}},{"type":"Feature","geometry":{"type":"Point","coordinates":[38.732488,9.041646]},"properties":{"name":"Michael","lines":"ADK004, ADK026, Gl013","arr":["ADK004","ADK026","Gl013"],"terminus":0,"mode":"bus","color":"#e8a000","colorDark":"#7d5600","angle":288.9,"mstop":"all","snapDist":2,"label":0}},{"type":"Feature","geometry":{"type":"Point","coordinates":[38.731882,9.035697]},"properties":{"name":"Autobus Tera","lines":"ADK004, ADK026, Gl013","arr":["ADK004","ADK026","Gl013"],"terminus":1,"mode":"bus","color":"#e8a000","colorDark":"#7d5600","angle":258.9,"mstop":"all","snapDist":1,"label":0}},{"type":"Feature","geometry":{"type":"Point","coordinates":[38.711634,9.041729]},"properties":{"name":"Atena Tera","lines":"ADK005","arr":["ADK005"],"terminus":0,"mode":"bus","color":"#e8a000","colorDark":"#7d5600","angle":353.8,"mstop":"all","snapDist":1,"label":0}},{"type":"Feature","geometry":{"type":"Point","coordinates":[38.70466,9.042346]},"properties":{"name":"Philiphs","lines":"ADK005","arr":["ADK005"],"terminus":0,"mode":"bus","color":"#e8a000","colorDark":"#7d5600","angle":357.3,"mstop":"all","snapDist":1,"label":1}},{"type":"Feature","geometry":{"type":"Point","coordinates":[38.699122,9.043725]},"properties":{"name":"Lomi Meda","lines":"ADK005","arr":["ADK005"],"terminus":0,"mode":"bus","color":"#e8a000","colorDark":"#7d5600","angle":29,"mstop":"all","snapDist":0,"label":1}},{"type":"Feature","geometry":{"type":"Point","coordinates":[38.699122,9.043725]},"properties":{"name":"Lomi Meda","lines":"ADK005","arr":["ADK005"],"terminus":0,"mode":"bus","color":"#e8a000","colorDark":"#7d5600","angle":209,"mstop":"all","snapDist":0,"label":0}},{"type":"Feature","geometry":{"type":"Point","coordinates":[38.70466,9.042346]},"properties":{"name":"Philiphs","lines":"ADK005","arr":["ADK005"],"terminus":0,"mode":"bus","color":"#e8a000","colorDark":"#7d5600","angle":177.3,"mstop":"all","snapDist":0,"label":0}},{"type":"Feature","geometry":{"type":"Point","coordinates":[38.711632,9.041728]},"properties":{"name":"Atena Tera","lines":"ADK005","arr":["ADK005"],"terminus":0,"mode":"bus","color":"#e8a000","colorDark":"#7d5600","angle":173.8,"mstop":"all","snapDist":1,"label":0}},{"type":"Feature","geometry":{"type":"Point","coordinates":[38.732898,9.029467]},"properties":{"name":"Sebategna","lines":"ADK006, ADK045","arr":["ADK006","ADK045"],"terminus":0,"mode":"bus","color":"#e8a000","colorDark":"#7d5600","angle":80.3,"mstop":"all","snapDist":1,"label":0}},{"type":"Feature","geometry":{"type":"Point","coordinates":[38.731211,9.033845]},"properties":{"name":"Merkato","lines":"ADK006, ADK039, ADK040, ADK055, Kal035, Kolfa042","arr":["ADK006","ADK039","ADK040","ADK055","Kal035","Kolfa042"],"terminus":1,"mode":"bus","color":"#e8a000","colorDark":"#7d5600","angle":350.9,"mstop":"all","snapDist":1,"label":0}},{"type":"Feature","geometry":{"type":"Point","coordinates":[38.72553,9.03396]},"properties":{"name":"Mesalemia","lines":"ADK006, ADK039, ADK040, ADK055, ARD013, Kolfa042","arr":["ADK006","ADK039","ADK040","ADK055","ARD013","Kolfa042"],"terminus":0,"mode":"bus","color":"#e8a000","colorDark":"#7d5600","angle":3.8,"mstop":"all","snapDist":2,"label":0}},{"type":"Feature","geometry":{"type":"Point","coordinates":[38.721554,9.037559]},"properties":{"name":"Chid Tera","lines":"ADK006","arr":["ADK006"],"terminus":0,"mode":"bus","color":"#e8a000","colorDark":"#7d5600","angle":67.9,"mstop":"all","snapDist":1,"label":0}},{"type":"Feature","geometry":{"type":"Point","coordinates":[38.717036,9.037347]},"properties":{"name":"Kolfe","lines":"ADK006","arr":["ADK006"],"terminus":0,"mode":"bus","color":"#e8a000","colorDark":"#7d5600","angle":41.8,"mstop":"all","snapDist":1,"label":0}},{"type":"Feature","geometry":{"type":"Point","coordinates":[38.713682,9.041994]},"properties":{"name":"Atena Tera","lines":"ADK006","arr":["ADK006"],"terminus":0,"mode":"bus","color":"#e8a000","colorDark":"#7d5600","angle":352.4,"mstop":"all","snapDist":0,"label":0}},{"type":"Feature","geometry":{"type":"Point","coordinates":[38.712854,9.04189]},"properties":{"name":"Atena Tera","lines":"ADK006","arr":["ADK006"],"terminus":0,"mode":"bus","color":"#e8a000","colorDark":"#7d5600","angle":173,"mstop":"all","snapDist":0,"label":0}},{"type":"Feature","geometry":{"type":"Point","coordinates":[38.716962,9.03741]},"properties":{"name":"Kolfe","lines":"ADK006","arr":["ADK006"],"terminus":0,"mode":"bus","color":"#e8a000","colorDark":"#7d5600","angle":220,"mstop":"all","snapDist":1,"label":0}},{"type":"Feature","geometry":{"type":"Point","coordinates":[38.721388,9.037703]},"properties":{"name":"Chid Tera","lines":"ADK006","arr":["ADK006"],"terminus":0,"mode":"bus","color":"#e8a000","colorDark":"#7d5600","angle":196.4,"mstop":"all","snapDist":1,"label":0}},{"type":"Feature","geometry":{"type":"Point","coordinates":[38.725297,9.033882]},"properties":{"name":"Mesalemia","lines":"ADK006, ADK039, ADK040, ADK045, ADK055, ARD013, Kolfa042","arr":["ADK006","ADK039","ADK040","ADK045","ADK055","ARD013","Kolfa042"],"terminus":0,"mode":"bus","color":"#e8a000","colorDark":"#7d5600","angle":182.7,"mstop":"all","snapDist":1,"label":0}},{"type":"Feature","geometry":{"type":"Point","coordinates":[38.731226,9.033776]},"properties":{"name":"Merkato","lines":"ADK006, ADK039, ADK040, ADK045, ADK055, ARD013, Kal035, Kolfa042","arr":["ADK006","ADK039","ADK040","ADK045","ADK055","ARD013","Kal035","Kolfa042"],"terminus":1,"mode":"bus","color":"#e8a000","colorDark":"#7d5600","angle":171.1,"mstop":"all","snapDist":1,"label":0}},{"type":"Feature","geometry":{"type":"Point","coordinates":[38.732785,9.029441]},"properties":{"name":"Sebategna","lines":"ADK006","arr":["ADK006"],"terminus":0,"mode":"bus","color":"#e8a000","colorDark":"#7d5600","angle":261.5,"mstop":"all","snapDist":2,"label":0}},{"type":"Feature","geometry":{"type":"Point","coordinates":[38.733799,9.03411]},"properties":{"name":"Autobus Tera","lines":"ADK008, ADK013, ADK015, ADK023, ADK024, ADK053, ADK055, Bole016, Bole020, Kal012, Kal035, KRK006, YK019","arr":["ADK008","ADK013","ADK015","ADK023","ADK024","ADK053","ADK055","Bole016","Bole020","Kal012","Kal035","KRK006","YK019"],"terminus":1,"mode":"bus","color":"#e8a000","colorDark":"#7d5600","angle":170.7,"mstop":"all","snapDist":1,"label":0}},{"type":"Feature","geometry":{"type":"Point","coordinates":[38.749261,9.0351]},"properties":{"name":"Piassa","lines":"ADK008, ADK013, YK013","arr":["ADK008","ADK013","YK013"],"terminus":0,"mode":"bus","color":"#e8a000","colorDark":"#7d5600","angle":157.9,"mstop":"all","snapDist":1,"label":1}},{"type":"Feature","geometry":{"type":"Point","coordinates":[38.752765,9.038615]},"properties":{"name":"St. George Total","lines":"ADK008, ADK013, YK012, YK013","arr":["ADK008","ADK013","YK012","YK013"],"terminus":0,"mode":"bus","color":"#e8a000","colorDark":"#7d5600","angle":113,"mstop":"all","snapDist":0,"label":1}},{"type":"Feature","geometry":{"type":"Point","coordinates":[38.761829,9.043632]},"properties":{"name":"6 Kilo","lines":"ADK008, YK012, YK013","arr":["ADK008","YK012","YK013"],"terminus":0,"mode":"bus","color":"#e8a000","colorDark":"#7d5600","angle":195.7,"mstop":"all","snapDist":8,"label":1}},{"type":"Feature","geometry":{"type":"Point","coordinates":[38.772868,9.03851]},"properties":{"name":"Menlik Hospital","lines":"ADK008, ADK058, Gl005, YK001, YK006, YK011","arr":["ADK008","ADK058","Gl005","YK001","YK006","YK011"],"terminus":0,"mode":"bus","color":"#e8a000","colorDark":"#7d5600","angle":199.7,"mstop":"all","snapDist":1,"label":0}},{"type":"Feature","geometry":{"type":"Point","coordinates":[38.773043,9.038579]},"properties":{"name":"Menelik II Hospital","lines":"ADK008, ADK058, Gl005, YK001, YK006, YK011","arr":["ADK008","ADK058","Gl005","YK001","YK006","YK011"],"terminus":0,"mode":"bus","color":"#e8a000","colorDark":"#7d5600","angle":20,"mstop":"all","snapDist":1,"label":0}},{"type":"Feature","geometry":{"type":"Point","coordinates":[38.761838,9.043725]},"properties":{"name":"6 Kilo","lines":"ADK008, ADK058, Gl005, YK001, YK006, YK007, YK011, YK012, YK013","arr":["ADK008","ADK058","Gl005","YK001","YK006","YK007","YK011","YK012","YK013"],"terminus":0,"mode":"bus","color":"#e8a000","colorDark":"#7d5600","angle":18,"mstop":"all","snapDist":7,"label":0}},{"type":"Feature","geometry":{"type":"Point","coordinates":[38.752662,9.03863]},"properties":{"name":"St. George Total","lines":"ADK008, YK012, YK013","arr":["ADK008","YK012","YK013"],"terminus":0,"mode":"bus","color":"#e8a000","colorDark":"#7d5600","angle":289.7,"mstop":"all","snapDist":1,"label":0}},{"type":"Feature","geometry":{"type":"Point","coordinates":[38.749141,9.035256]},"properties":{"name":"Piassa","lines":"ADK008, ADK013, ADK023, ADK057, YK017, YK019","arr":["ADK008","ADK013","ADK023","ADK057","YK017","YK019"],"terminus":0,"mode":"bus","color":"#e8a000","colorDark":"#7d5600","angle":333.4,"mstop":"all","snapDist":3,"label":0}},{"type":"Feature","geometry":{"type":"Point","coordinates":[38.706979,9.057579]},"properties":{"name":"Gulele Fana","lines":"ADK009, ADK031, Gl012, Kolfa038, Kolfe023, LID011","arr":["ADK009","ADK031","Gl012","Kolfa038","Kolfe023","LID011"],"terminus":0,"mode":"bus","color":"#e8a000","colorDark":"#7d5600","angle":222.9,"mstop":"all","snapDist":2,"label":0}},{"type":"Feature","geometry":{"type":"Point","coordinates":[38.737706,9.048567]},"properties":{"name":"Enqulal Fabrica","lines":"ADK009, ADK037, Gl015","arr":["ADK009","ADK037","Gl015"],"terminus":0,"mode":"bus","color":"#e8a000","colorDark":"#7d5600","angle":137.4,"mstop":"all","snapDist":2,"label":0}},{"type":"Feature","geometry":{"type":"Point","coordinates":[38.743938,9.044416]},"properties":{"name":"Ras Desta","lines":"ADK009, ADK037, Gl004, Gl015","arr":["ADK009","ADK037","Gl004","Gl015"],"terminus":0,"mode":"bus","color":"#e8a000","colorDark":"#7d5600","angle":237.2,"mstop":"all","snapDist":3,"label":1}},{"type":"Feature","geometry":{"type":"Point","coordinates":[38.748383,9.037599]},"properties":{"name":"Sebara Babur","lines":"ADK009, ADK037, Gl004, Gl015","arr":["ADK009","ADK037","Gl004","Gl015"],"terminus":0,"mode":"bus","color":"#e8a000","colorDark":"#7d5600","angle":243.8,"mstop":"all","snapDist":2,"label":1}},{"type":"Feature","geometry":{"type":"Point","coordinates":[38.749285,9.035869]},"properties":{"name":"Abune Petros","lines":"ADK009, ADK037, Gl015","arr":["ADK009","ADK037","Gl015"],"terminus":0,"mode":"bus","color":"#e8a000","colorDark":"#7d5600","angle":241.7,"mstop":"all","snapDist":2,"label":0}},{"type":"Feature","geometry":{"type":"Point","coordinates":[38.7494,9.035914]},"properties":{"name":"Abune Petros","lines":"ADK009, Gl004","arr":["ADK009","Gl004"],"terminus":0,"mode":"bus","color":"#e8a000","colorDark":"#7d5600","angle":60.1,"mstop":"all","snapDist":1,"label":0}},{"type":"Feature","geometry":{"type":"Point","coordinates":[38.745906,9.042672]},"properties":{"name":"Yohanes","lines":"ADK009, ADK037, Gl004, Gl015","arr":["ADK009","ADK037","Gl004","Gl015"],"terminus":0,"mode":"bus","color":"#e8a000","colorDark":"#7d5600","angle":60.7,"mstop":"all","snapDist":3,"label":1}},{"type":"Feature","geometry":{"type":"Point","coordinates":[38.737563,9.048608]},"properties":{"name":"Enqulal Fabrica","lines":"ADK009, ADK037, Gl015","arr":["ADK009","ADK037","Gl015"],"terminus":0,"mode":"bus","color":"#e8a000","colorDark":"#7d5600","angle":286.8,"mstop":"all","snapDist":2,"label":0}},{"type":"Feature","geometry":{"type":"Point","coordinates":[38.732249,9.033003]},"properties":{"name":"Autobus Tera","lines":"ADK011, ADK012, ADK014, ADK016, Kolfa017, Kolfa021, Lafto011, Lafto027, Lafto042","arr":["ADK011","ADK012","ADK014","ADK016","Kolfa017","Kolfa021","Lafto011","Lafto027","Lafto042"],"terminus":1,"mode":"bus","color":"#e8a000","colorDark":"#7d5600","angle":261.5,"mstop":"all","snapDist":1,"label":1}},{"type":"Feature","geometry":{"type":"Point","coordinates":[38.732751,9.019623]},"properties":{"name":"Abenet","lines":"ADK011, ADK028, ADK043, ARD006, Kolfa011, Kolfa012, Kolfa020, Kolfa021, Kolfa026, Kolfa033, Kolfa034, Kolfa041, Kolfe035, LID002, LID003, LID013","arr":["ADK011","ADK028","ADK043","ARD006","Kolfa011","Kolfa012","Kolfa020","Kolfa021","Kolfa026","Kolfa033","Kolfa034","Kolfa041","Kolfe035","LID002","LID003","LID013"],"terminus":0,"mode":"bus","color":"#e8a000","colorDark":"#7d5600","angle":300.5,"mstop":"all","snapDist":1,"label":0}},{"type":"Feature","geometry":{"type":"Point","coordinates":[38.729537,9.01591]},"properties":{"name":"Coca Cola","lines":"ADK011, ADK028, ARD006, Kolfa001, Kolfa011, Kolfa012, Kolfa013, Kolfa017, Kolfa020, Kolfa021, Kolfa026, Kolfa041, Kolfe035, LID002, LID003, LID013","arr":["ADK011","ADK028","ARD006","Kolfa001","Kolfa011","Kolfa012","Kolfa013","Kolfa017","Kolfa020","Kolfa021","Kolfa026","Kolfa041","Kolfe035","LID002","LID003","LID013"],"terminus":0,"mode":"bus","color":"#e8a000","colorDark":"#7d5600","angle":297.4,"mstop":"all","snapDist":5,"label":0}},{"type":"Feature","geometry":{"type":"Point","coordinates":[38.722237,9.011781]},"properties":{"name":"Torhayloch","lines":"ADK011, ADK028, ADK043, ARD006, Kolfa011, Kolfa012, Kolfa013, Kolfa014, Kolfa016, Kolfa017, Kolfa019, Kolfa020, Kolfa021, Kolfa026, Kolfa031, Kolfa033, Kolfa034, Kolfa036, Kolfa037, Kolfa041, LID002, LID003, LID004, LID007, LID009, LID013","arr":["ADK011","ADK028","ADK043","ARD006","Kolfa011","Kolfa012","Kolfa013","Kolfa014","Kolfa016","Kolfa017","Kolfa019","Kolfa020","Kolfa021","Kolfa026","Kolfa031","Kolfa033","Kolfa034","Kolfa036","Kolfa037","Kolfa041","LID002","LID003","LID004","LID007","LID009","LID013"],"terminus":1,"mode":"bus","color":"#e8a000","colorDark":"#7d5600","angle":25,"mstop":"all","snapDist":1,"label":1}},{"type":"Feature","geometry":{"type":"Point","coordinates":[38.699463,9.015308]},"properties":{"name":"Mendida","lines":"ADK011, ADK028, ADK052, ARD006, Kolfa001, Kolfa004, Kolfa005, Kolfa009, Kolfa010, Kolfa012, Kolfa018, Kolfe042","arr":["ADK011","ADK028","ADK052","ARD006","Kolfa001","Kolfa004","Kolfa005","Kolfa009","Kolfa010","Kolfa012","Kolfa018","Kolfe042"],"terminus":0,"mode":"bus","color":"#e8a000","colorDark":"#7d5600","angle":313.6,"mstop":"all","snapDist":2,"label":0}},{"type":"Feature","geometry":{"type":"Point","coordinates":[38.693769,9.003763]},"properties":{"name":"Betel","lines":"ADK011, Kolfa001","arr":["ADK011","Kolfa001"],"terminus":0,"mode":"bus","color":"#e8a000","colorDark":"#7d5600","angle":3.5,"mstop":"all","snapDist":1,"label":1}},{"type":"Feature","geometry":{"type":"Point","coordinates":[38.677584,9.001743]},"properties":{"name":"Alem Bank","lines":"ADK011, ADK028, ADK052, ARD006, Kolfa001, Kolfa010, Kolfa018, Kolfe035","arr":["ADK011","ADK028","ADK052","ARD006","Kolfa001","Kolfa010","Kolfa018","Kolfe035"],"terminus":1,"mode":"bus","color":"#e8a000","colorDark":"#7d5600","angle":313.2,"mstop":"all","snapDist":1,"label":0}},{"type":"Feature","geometry":{"type":"Point","coordinates":[38.677627,9.001704]},"properties":{"name":"Alem Bank","lines":"ADK011, ADK028, ADK052, ARD006, Kolfa001, Kolfa010, Kolfa018","arr":["ADK011","ADK028","ADK052","ARD006","Kolfa001","Kolfa010","Kolfa018"],"terminus":1,"mode":"bus","color":"#e8a000","colorDark":"#7d5600","angle":131.2,"mstop":"all","snapDist":1,"label":0}},{"type":"Feature","geometry":{"type":"Point","coordinates":[38.693775,9.003702]},"properties":{"name":"Betel","lines":"ADK011, ADK052, Kolfa001, Kolfa010, Kolfa018","arr":["ADK011","ADK052","Kolfa001","Kolfa010","Kolfa018"],"terminus":0,"mode":"bus","color":"#e8a000","colorDark":"#7d5600","angle":184.4,"mstop":"all","snapDist":1,"label":0}},{"type":"Feature","geometry":{"type":"Point","coordinates":[38.699579,9.015157]},"properties":{"name":"Mendida","lines":"ADK011, ADK052, ARD006, Kolfa001, Kolfa004, Kolfa005, Kolfa009, Kolfa010, Kolfa012, Kolfa018, Kolfe042","arr":["ADK011","ADK052","ARD006","Kolfa001","Kolfa004","Kolfa005","Kolfa009","Kolfa010","Kolfa012","Kolfa018","Kolfe042"],"terminus":0,"mode":"bus","color":"#e8a000","colorDark":"#7d5600","angle":132.8,"mstop":"all","snapDist":1,"label":0}},{"type":"Feature","geometry":{"type":"Point","coordinates":[38.709786,9.013329]},"properties":{"name":"Keranio Mewcha","lines":"ADK011, Kolfa001, Kolfa005, Kolfa009, Kolfa010, Kolfa012, Kolfa024, Kolfa026","arr":["ADK011","Kolfa001","Kolfa005","Kolfa009","Kolfa010","Kolfa012","Kolfa024","Kolfa026"],"terminus":0,"mode":"bus","color":"#e8a000","colorDark":"#7d5600","angle":175.8,"mstop":"all","snapDist":1,"label":0}},{"type":"Feature","geometry":{"type":"Point","coordinates":[38.720249,9.01207]},"properties":{"name":"Torhayloch","lines":"ADK011, ADK028, ADK043, ADK052, ARD006, Kolfa001, Kolfa004, Kolfa005, Kolfa009, Kolfa010, Kolfa012, Kolfa018, Kolfa024, Kolfa026, Kolfa031, Kolfa034","arr":["ADK011","ADK028","ADK043","ADK052","ARD006","Kolfa001","Kolfa004","Kolfa005","Kolfa009","Kolfa010","Kolfa012","Kolfa018","Kolfa024","Kolfa026","Kolfa031","Kolfa034"],"terminus":0,"mode":"bus","color":"#e8a000","colorDark":"#7d5600","angle":199,"mstop":"all","snapDist":2,"label":0}},{"type":"Feature","geometry":{"type":"Point","coordinates":[38.729643,9.015907]},"properties":{"name":"Coca Cola","lines":"ADK011, ADK028, ADK043, ARD006, Kolfa011, Kolfa012, Kolfa013, Kolfa017, Kolfa020, Kolfa021, Kolfa026, Kolfa033, Kolfa034, Kolfa041, Kolfe035, LID002, LID003, LID013","arr":["ADK011","ADK028","ADK043","ARD006","Kolfa011","Kolfa012","Kolfa013","Kolfa017","Kolfa020","Kolfa021","Kolfa026","Kolfa033","Kolfa034","Kolfa041","Kolfe035","LID002","LID003","LID013"],"terminus":0,"mode":"bus","color":"#e8a000","colorDark":"#7d5600","angle":117.1,"mstop":"all","snapDist":1,"label":0}},{"type":"Feature","geometry":{"type":"Point","coordinates":[38.732714,9.019411]},"properties":{"name":"Abenet","lines":"ADK011, ADK028, ADK043, ARD006, Kolfa011, Kolfa012, Kolfa017, Kolfa020, Kolfa021, Kolfa026, Kolfa033, Kolfa034, Kolfa041, Kolfe035, LID002, LID003, LID013","arr":["ADK011","ADK028","ADK043","ARD006","Kolfa011","Kolfa012","Kolfa017","Kolfa020","Kolfa021","Kolfa026","Kolfa033","Kolfa034","Kolfa041","Kolfe035","LID002","LID003","LID013"],"terminus":0,"mode":"bus","color":"#e8a000","colorDark":"#7d5600","angle":122.4,"mstop":"all","snapDist":1,"label":1}},{"type":"Feature","geometry":{"type":"Point","coordinates":[38.73312,9.028325]},"properties":{"name":"Sebategna","lines":"ADK011, ADK012, ADK014, ADK016, ADK043, ADK044, Kolfa001, Kolfa011, Kolfa012, Kolfa013, Kolfa017, Kolfa021, Kolfa026, Kolfa033, Kolfa034, Lafto011, Lafto027, Lafto034, Lafto042","arr":["ADK011","ADK012","ADK014","ADK016","ADK043","ADK044","Kolfa001","Kolfa011","Kolfa012","Kolfa013","Kolfa017","Kolfa021","Kolfa026","Kolfa033","Kolfa034","Lafto011","Lafto027","Lafto034","Lafto042"],"terminus":0,"mode":"bus","color":"#e8a000","colorDark":"#7d5600","angle":78.9,"mstop":"all","snapDist":1,"label":0}},{"type":"Feature","geometry":{"type":"Point","coordinates":[38.732379,9.033025]},"properties":{"name":"Autobus Tera","lines":"ADK011, ADK012, ADK014, ADK016, Kolfa017, Kolfa021, Lafto011, Lafto027, Lafto042","arr":["ADK011","ADK012","ADK014","ADK016","Kolfa017","Kolfa021","Lafto011","Lafto027","Lafto042"],"terminus":1,"mode":"bus","color":"#e8a000","colorDark":"#7d5600","angle":79.4,"mstop":"all","snapDist":1,"label":0}},{"type":"Feature","geometry":{"type":"Point","coordinates":[38.739457,8.999053]},"properties":{"name":"AU (Mikael) Rounrdabout","lines":"ADK012, ADK038, ADK044, ARD012, Kal037, Kolfa008, Kolfa015, Kolfe003, Lafto006, Lafto007, Lafto017, Lafto024, Lafto025, Lafto026, Lafto032","arr":["ADK012","ADK038","ADK044","ARD012","Kal037","Kolfa008","Kolfa015","Kolfe003","Lafto006","Lafto007","Lafto017","Lafto024","Lafto025","Lafto026","Lafto032"],"terminus":0,"mode":"bus","color":"#e8a000","colorDark":"#7d5600","angle":279,"mstop":"all","snapDist":10,"label":0}},{"type":"Feature","geometry":{"type":"Point","coordinates":[38.738169,8.992356]},"properties":{"name":"Sar Bet","lines":"ADK012, ADK038, ADK044, ARD012, Kal037, Lafto006, Lafto007, Lafto017, Lafto024, Lafto025, Lafto026, Lafto032","arr":["ADK012","ADK038","ADK044","ARD012","Kal037","Lafto006","Lafto007","Lafto017","Lafto024","Lafto025","Lafto026","Lafto032"],"terminus":0,"mode":"bus","color":"#e8a000","colorDark":"#7d5600","angle":271.3,"mstop":"all","snapDist":4,"label":1}},{"type":"Feature","geometry":{"type":"Point","coordinates":[38.732172,8.973939]},"properties":{"name":"Mekanisa","lines":"ADK012, ARD012, Lafto025, Lafto026, Lafto032","arr":["ADK012","ARD012","Lafto025","Lafto026","Lafto032"],"terminus":0,"mode":"bus","color":"#e8a000","colorDark":"#7d5600","angle":319.4,"mstop":"all","snapDist":1,"label":0}},{"type":"Feature","geometry":{"type":"Point","coordinates":[38.732896,8.963733]},"properties":{"name":"Germen adebabay","lines":"ADK012, Kal001, Kal037, Lafto002, Lafto003, Lafto006, Lafto007, Lafto026, Lafto032","arr":["ADK012","Kal001","Kal037","Lafto002","Lafto003","Lafto006","Lafto007","Lafto026","Lafto032"],"terminus":0,"mode":"bus","color":"#e8a000","colorDark":"#7d5600","angle":261.9,"mstop":"all","snapDist":8,"label":1}},{"type":"Feature","geometry":{"type":"Point","coordinates":[38.733989,8.946929]},"properties":{"name":"Mebrathayil","lines":"ADK012, Lafto009, Lafto013, Lafto028","arr":["ADK012","Lafto009","Lafto013","Lafto028"],"terminus":0,"mode":"bus","color":"#e8a000","colorDark":"#7d5600","angle":255.2,"mstop":"all","snapDist":5,"label":1}},{"type":"Feature","geometry":{"type":"Point","coordinates":[38.734562,8.93876]},"properties":{"name":"Haile Garment","lines":"ADK012, Kal001, Kal037, Lafto002, Lafto003, Lafto006, Lafto007, Lafto009, Lafto013, Lafto026, Lafto028","arr":["ADK012","Kal001","Kal037","Lafto002","Lafto003","Lafto006","Lafto007","Lafto009","Lafto013","Lafto026","Lafto028"],"terminus":0,"mode":"bus","color":"#e8a000","colorDark":"#7d5600","angle":276.2,"mstop":"all","snapDist":0,"label":0}},{"type":"Feature","geometry":{"type":"Point","coordinates":[38.734911,8.938174]},"properties":{"name":"Haile Garment","lines":"ADK012, Lafto007","arr":["ADK012","Lafto007"],"terminus":0,"mode":"bus","color":"#e8a000","colorDark":"#7d5600","angle":53.9,"mstop":"all","snapDist":1,"label":0}},{"type":"Feature","geometry":{"type":"Point","coordinates":[38.734227,8.947029]},"properties":{"name":"Mebrathayil","lines":"ADK012, Kal001, Kal037, Lafto003, Lafto006, Lafto007, Lafto009, Lafto013, Lafto026, Lafto028","arr":["ADK012","Kal001","Kal037","Lafto003","Lafto006","Lafto007","Lafto009","Lafto013","Lafto026","Lafto028"],"terminus":0,"mode":"bus","color":"#e8a000","colorDark":"#7d5600","angle":70,"mstop":"all","snapDist":1,"label":0}},{"type":"Feature","geometry":{"type":"Point","coordinates":[38.733011,8.963774]},"properties":{"name":"Germen adebabay","lines":"ADK012, Kal001, Kal037, Lafto006, Lafto007, Lafto026","arr":["ADK012","Kal001","Kal037","Lafto006","Lafto007","Lafto026"],"terminus":0,"mode":"bus","color":"#e8a000","colorDark":"#7d5600","angle":84.2,"mstop":"all","snapDist":2,"label":0}},{"type":"Feature","geometry":{"type":"Point","coordinates":[38.732247,8.973859]},"properties":{"name":"Mekanisa","lines":"ADK012, ARD012, Lafto025","arr":["ADK012","ARD012","Lafto025"],"terminus":0,"mode":"bus","color":"#e8a000","colorDark":"#7d5600","angle":139.2,"mstop":"all","snapDist":1,"label":0}},{"type":"Feature","geometry":{"type":"Point","coordinates":[38.73831,8.992347]},"properties":{"name":"Sar Bet","lines":"ADK012, ADK038, ADK044, ARD012, Kal037, Lafto006, Lafto007, Lafto024, Lafto025, Lafto026, Lafto032","arr":["ADK012","ADK038","ADK044","ARD012","Kal037","Lafto006","Lafto007","Lafto024","Lafto025","Lafto026","Lafto032"],"terminus":0,"mode":"bus","color":"#e8a000","colorDark":"#7d5600","angle":93.3,"mstop":"all","snapDist":3,"label":0}},{"type":"Feature","geometry":{"type":"Point","coordinates":[38.731055,8.997516]},"properties":{"name":"karl Square","lines":"ADK012","arr":["ADK012"],"terminus":0,"mode":"bus","color":"#e8a000","colorDark":"#7d5600","angle":36.5,"mstop":"all","snapDist":4,"label":1}},{"type":"Feature","geometry":{"type":"Point","coordinates":[38.734488,9.013365]},"properties":{"name":"Lideta Condominium","lines":"ADK012, ADK016, Lafto014, Lafto016, Lafto027","arr":["ADK012","ADK016","Lafto014","Lafto016","Lafto027"],"terminus":0,"mode":"bus","color":"#e8a000","colorDark":"#7d5600","angle":98.1,"mstop":"all","snapDist":2,"label":0}},{"type":"Feature","geometry":{"type":"Point","coordinates":[38.733534,9.019605]},"properties":{"name":"Abenet","lines":"ADK012, ADK014, ADK016, Lafto011, Lafto016, Lafto027, Lafto034","arr":["ADK012","ADK014","ADK016","Lafto011","Lafto016","Lafto027","Lafto034"],"terminus":0,"mode":"bus","color":"#e8a000","colorDark":"#7d5600","angle":48.1,"mstop":"all","snapDist":5,"label":0}},{"type":"Feature","geometry":{"type":"Point","coordinates":[38.761307,9.044209]},"properties":{"name":"6 Kilo","lines":"ADK013","arr":["ADK013"],"terminus":0,"mode":"bus","color":"#e8a000","colorDark":"#7d5600","angle":92.9,"mstop":"all","snapDist":14,"label":0}},{"type":"Feature","geometry":{"type":"Point","coordinates":[38.762151,9.050923]},"properties":{"name":"Medhanalem","lines":"ADK013, Gl009, Gl010, KRK013, YK006","arr":["ADK013","Gl009","Gl010","KRK013","YK006"],"terminus":0,"mode":"bus","color":"#e8a000","colorDark":"#7d5600","angle":97,"mstop":"all","snapDist":2,"label":1}},{"type":"Feature","geometry":{"type":"Point","coordinates":[38.761782,9.061018]},"properties":{"name":"Shiromeda","lines":"ADK013, Gl009, Gl010, KRK013, YK006","arr":["ADK013","Gl009","Gl010","KRK013","YK006"],"terminus":1,"mode":"bus","color":"#e8a000","colorDark":"#7d5600","angle":68.2,"mstop":"all","snapDist":3,"label":1}},{"type":"Feature","geometry":{"type":"Point","coordinates":[38.761683,9.060949]},"properties":{"name":"Shiromeda","lines":"ADK013, Gl009, Gl010, KRK013, YK006","arr":["ADK013","Gl009","Gl010","KRK013","YK006"],"terminus":1,"mode":"bus","color":"#e8a000","colorDark":"#7d5600","angle":247.8,"mstop":"all","snapDist":5,"label":0}},{"type":"Feature","geometry":{"type":"Point","coordinates":[38.761177,9.044182]},"properties":{"name":"6 Kilo","lines":"ADK013","arr":["ADK013"],"terminus":0,"mode":"bus","color":"#e8a000","colorDark":"#7d5600","angle":286.3,"mstop":"all","snapDist":11,"label":0}},{"type":"Feature","geometry":{"type":"Point","coordinates":[38.752643,9.038582]},"properties":{"name":"St. George Total","lines":"ADK013, ADK058, Gl010","arr":["ADK013","ADK058","Gl010"],"terminus":0,"mode":"bus","color":"#e8a000","colorDark":"#7d5600","angle":292.3,"mstop":"all","snapDist":2,"label":0}},{"type":"Feature","geometry":{"type":"Point","coordinates":[38.733325,9.0212]},"properties":{"name":"Abenet","lines":"ADK014, ADK016, ADK044, Kolfa001, Kolfa013, Kolfa017, Lafto011, Lafto027, Lafto042","arr":["ADK014","ADK016","ADK044","Kolfa001","Kolfa013","Kolfa017","Lafto011","Lafto027","Lafto042"],"terminus":0,"mode":"bus","color":"#e8a000","colorDark":"#7d5600","angle":277.9,"mstop":"all","snapDist":1,"label":0}},{"type":"Feature","geometry":{"type":"Point","coordinates":[38.73466,9.015819]},"properties":{"name":"Darmar","lines":"ADK014, ADK016, ARD005, Lafto011, Lafto014, Lafto016, Lafto027, Lafto034","arr":["ADK014","ADK016","ARD005","Lafto011","Lafto014","Lafto016","Lafto027","Lafto034"],"terminus":0,"mode":"bus","color":"#e8a000","colorDark":"#7d5600","angle":276.3,"mstop":"all","snapDist":3,"label":0}},{"type":"Feature","geometry":{"type":"Point","coordinates":[38.733726,9.004617]},"properties":{"name":"Lideta","lines":"ADK014, ADK016, ARD005, Lafto011, Lafto016, Lafto027","arr":["ADK014","ADK016","ARD005","Lafto011","Lafto016","Lafto027"],"terminus":0,"mode":"bus","color":"#e8a000","colorDark":"#7d5600","angle":267.2,"mstop":"all","snapDist":2,"label":1}},{"type":"Feature","geometry":{"type":"Point","coordinates":[38.739379,9.000174]},"properties":{"name":"AU (Mikael) Rounrdabout","lines":"ADK014, Lafto011","arr":["ADK014","Lafto011"],"terminus":0,"mode":"bus","color":"#e8a000","colorDark":"#7d5600","angle":207.4,"mstop":"all","snapDist":2,"label":0}},{"type":"Feature","geometry":{"type":"Point","coordinates":[38.747854,8.993831]},"properties":{"name":"Bulgaria","lines":"ADK014, Kal013, KRK001, KRK016, Lafto011, Lafto023, Lafto030","arr":["ADK014","Kal013","KRK001","KRK016","Lafto011","Lafto023","Lafto030"],"terminus":0,"mode":"bus","color":"#e8a000","colorDark":"#7d5600","angle":264.6,"mstop":"all","snapDist":1,"label":0}},{"type":"Feature","geometry":{"type":"Point","coordinates":[38.748484,8.987725]},"properties":{"name":"Kera","lines":"ADK014, ADK022, ADK024, ADK047, ADK048, KRK001, KRK016, Lafto030, Lafto042","arr":["ADK014","ADK022","ADK024","ADK047","ADK048","KRK001","KRK016","Lafto030","Lafto042"],"terminus":1,"mode":"bus","color":"#e8a000","colorDark":"#7d5600","angle":264.5,"mstop":"all","snapDist":2,"label":0}},{"type":"Feature","geometry":{"type":"Point","coordinates":[38.73381,9.004135]},"properties":{"name":"Lideta","lines":"ADK014, ADK016, ARD005, Lafto011, Lafto014, Lafto016, Lafto027, Lafto034","arr":["ADK014","ADK016","ARD005","Lafto011","Lafto014","Lafto016","Lafto027","Lafto034"],"terminus":0,"mode":"bus","color":"#e8a000","colorDark":"#7d5600","angle":106.9,"mstop":"all","snapDist":1,"label":0}},{"type":"Feature","geometry":{"type":"Point","coordinates":[38.733923,9.009304]},"properties":{"name":"Dessie Hotel","lines":"ADK014, ADK016, Lafto011, Lafto014, Lafto016, Lafto027, Lafto034","arr":["ADK014","ADK016","Lafto011","Lafto014","Lafto016","Lafto027","Lafto034"],"terminus":0,"mode":"bus","color":"#e8a000","colorDark":"#7d5600","angle":98.6,"mstop":"all","snapDist":1,"label":0}},{"type":"Feature","geometry":{"type":"Point","coordinates":[38.734771,9.015453]},"properties":{"name":"Darmar","lines":"ADK014, ADK016, Lafto011, Lafto014, Lafto016, Lafto027, Lafto034","arr":["ADK014","ADK016","Lafto011","Lafto014","Lafto016","Lafto027","Lafto034"],"terminus":0,"mode":"bus","color":"#e8a000","colorDark":"#7d5600","angle":96.4,"mstop":"all","snapDist":3,"label":0}},{"type":"Feature","geometry":{"type":"Point","coordinates":[38.741337,9.031247]},"properties":{"name":"Grand Anwar Mosque","lines":"ADK015, Kal012, Kal032, Kal035","arr":["ADK015","Kal012","Kal032","Kal035"],"terminus":0,"mode":"bus","color":"#e8a000","colorDark":"#7d5600","angle":273.9,"mstop":"all","snapDist":0,"label":1}},{"type":"Feature","geometry":{"type":"Point","coordinates":[38.743842,9.027993]},"properties":{"name":"Tekle Haimanot","lines":"ADK015, ADK024, ADK047, ADK048, ADK053, ADK055, Bole015, Bole016, Bole020, Bole023, Kal012, Kal032, Kal035, KRK006, Lafto018","arr":["ADK015","ADK024","ADK047","ADK048","ADK053","ADK055","Bole015","Bole016","Bole020","Bole023","Kal012","Kal032","Kal035","KRK006","Lafto018"],"terminus":1,"mode":"bus","color":"#e8a000","colorDark":"#7d5600","angle":231.5,"mstop":"all","snapDist":1,"label":1}},{"type":"Feature","geometry":{"type":"Point","coordinates":[38.745743,9.024615]},"properties":{"name":"Kebele 11","lines":"ADK015, ADK053, Bole015, Bole016, Bole020, Kal012, Kal032, Kal035, Lafto018","arr":["ADK015","ADK053","Bole015","Bole016","Bole020","Kal012","Kal032","Kal035","Lafto018"],"terminus":0,"mode":"bus","color":"#e8a000","colorDark":"#7d5600","angle":240.4,"mstop":"all","snapDist":0,"label":0}},{"type":"Feature","geometry":{"type":"Point","coordinates":[38.746813,9.014756]},"properties":{"name":"Sengatera","lines":"ADK015, Kal012, Kal032, Kal035","arr":["ADK015","Kal012","Kal032","Kal035"],"terminus":0,"mode":"bus","color":"#e8a000","colorDark":"#7d5600","angle":223.3,"mstop":"all","snapDist":1,"label":1}},{"type":"Feature","geometry":{"type":"Point","coordinates":[38.758706,9.004054]},"properties":{"name":"Riche","lines":"ADK015, ARD002, ARD004, ARD008, Kal012, Kal032, Kal035, KRK008, KRK011, KRK014","arr":["ADK015","ARD002","ARD004","ARD008","Kal012","Kal032","Kal035","KRK008","KRK011","KRK014"],"terminus":0,"mode":"bus","color":"#e8a000","colorDark":"#7d5600","angle":273.3,"mstop":"all","snapDist":2,"label":0}},{"type":"Feature","geometry":{"type":"Point","coordinates":[38.759651,8.994389]},"properties":{"name":"Global Hotel","lines":"ADK015, ARD004, Kal012, Kal032, Kal035, KRK014","arr":["ADK015","ARD004","Kal012","Kal032","Kal035","KRK014"],"terminus":0,"mode":"bus","color":"#e8a000","colorDark":"#7d5600","angle":284.1,"mstop":"all","snapDist":1,"label":0}},{"type":"Feature","geometry":{"type":"Point","coordinates":[38.758991,8.992334]},"properties":{"name":"Lancia","lines":"ADK015, Kal012, Kal017, Kal032, Kal035","arr":["ADK015","Kal012","Kal017","Kal032","Kal035"],"terminus":0,"mode":"bus","color":"#e8a000","colorDark":"#7d5600","angle":284,"mstop":"all","snapDist":0,"label":1}},{"type":"Feature","geometry":{"type":"Point","coordinates":[38.759803,8.987142]},"properties":{"name":"Agona","lines":"ADK015, Kal012, Kal032, Kal035, KRK008, KRK014","arr":["ADK015","Kal012","Kal032","Kal035","KRK008","KRK014"],"terminus":0,"mode":"bus","color":"#e8a000","colorDark":"#7d5600","angle":267.1,"mstop":"all","snapDist":1,"label":0}},{"type":"Feature","geometry":{"type":"Point","coordinates":[38.759643,8.977119]},"properties":{"name":"Gotera chaf","lines":"ADK015, ADK024, ADK047, ADK048, ARD002, ARD004, ARD008, Kal006, Kal012, Kal013, Kal032, Kal035, KRK008, KRK014, KRK015, Lafto012","arr":["ADK015","ADK024","ADK047","ADK048","ARD002","ARD004","ARD008","Kal006","Kal012","Kal013","Kal032","Kal035","KRK008","KRK014","KRK015","Lafto012"],"terminus":0,"mode":"bus","color":"#e8a000","colorDark":"#7d5600","angle":254.9,"mstop":"all","snapDist":7,"label":1}},{"type":"Feature","geometry":{"type":"Point","coordinates":[38.76082,8.972516]},"properties":{"name":"Mamo (NFSL)","lines":"ADK015, ADK024, ADK047, ADK048, Kal006, Kal012, Kal013, Kal017, Kal032, Kal035, KRK008, KRK015, Lafto012","arr":["ADK015","ADK024","ADK047","ADK048","Kal006","Kal012","Kal013","Kal017","Kal032","Kal035","KRK008","KRK015","Lafto012"],"terminus":0,"mode":"bus","color":"#e8a000","colorDark":"#7d5600","angle":255.3,"mstop":"all","snapDist":4,"label":1}},{"type":"Feature","geometry":{"type":"Point","coordinates":[38.7628,8.966122]},"properties":{"name":"Kadisco","lines":"ADK015, ADK024, ADK047, ADK048, ARD002, ARD004, ARD008, Kal006, Kal012, Kal013, Kal017, Kal032, Kal035, KRK014, KRK015, Lafto012","arr":["ADK015","ADK024","ADK047","ADK048","ARD002","ARD004","ARD008","Kal006","Kal012","Kal013","Kal017","Kal032","Kal035","KRK014","KRK015","Lafto012"],"terminus":0,"mode":"bus","color":"#e8a000","colorDark":"#7d5600","angle":261.5,"mstop":"all","snapDist":3,"label":1}},{"type":"Feature","geometry":{"type":"Point","coordinates":[38.763882,8.958278]},"properties":{"name":"Adey abeba","lines":"ADK015, ADK024, ADK047, ADK048, ARD002, ARD004, ARD008, Kal006, Kal012, Kal013, Kal032, Kal035, KRK008, KRK014, KRK015, Lafto012, Lafto039","arr":["ADK015","ADK024","ADK047","ADK048","ARD002","ARD004","ARD008","Kal006","Kal012","Kal013","Kal032","Kal035","KRK008","KRK014","KRK015","Lafto012","Lafto039"],"terminus":0,"mode":"bus","color":"#e8a000","colorDark":"#7d5600","angle":275.4,"mstop":"all","snapDist":2,"label":1}},{"type":"Feature","geometry":{"type":"Point","coordinates":[38.768004,8.953467]},"properties":{"name":"Saris","lines":"ADK015, Kal012, Kal032, Kal035, Lafto044","arr":["ADK015","Kal012","Kal032","Kal035","Lafto044"],"terminus":0,"mode":"bus","color":"#e8a000","colorDark":"#7d5600","angle":249.5,"mstop":"all","snapDist":2,"label":1}},{"type":"Feature","geometry":{"type":"Point","coordinates":[38.769094,8.945788]},"properties":{"name":"Saris abo","lines":"ADK015, Bole001, Kal002, Kal012, Kal032, Kal033, Kal035, Lafto044, YK009","arr":["ADK015","Bole001","Kal002","Kal012","Kal032","Kal033","Kal035","Lafto044","YK009"],"terminus":0,"mode":"bus","color":"#e8a000","colorDark":"#7d5600","angle":266.9,"mstop":"all","snapDist":3,"label":1}},{"type":"Feature","geometry":{"type":"Point","coordinates":[38.766947,8.931957]},"properties":{"name":"kality Maseltegna","lines":"ADK015, ARD011, Kal002, Kal003, Kal012, Kal013, Kal021, Kal022, Kal030, Kal032, Kal033, Kal034, Kal035, KRK008, Lafto038, Lafto039, Lafto043, Lafto045, TX005, YK009","arr":["ADK015","ARD011","Kal002","Kal003","Kal012","Kal013","Kal021","Kal022","Kal030","Kal032","Kal033","Kal034","Kal035","KRK008","Lafto038","Lafto039","Lafto043","Lafto045","TX005","YK009"],"terminus":0,"mode":"bus","color":"#e8a000","colorDark":"#7d5600","angle":233.9,"mstop":"all","snapDist":0,"label":0}},{"type":"Feature","geometry":{"type":"Point","coordinates":[38.764141,8.922377]},"properties":{"name":"Kality Correctional","lines":"ADK015, Kal012, Kal013, Kal032, Kal035, Lafto045","arr":["ADK015","Kal012","Kal013","Kal032","Kal035","Lafto045"],"terminus":0,"mode":"bus","color":"#e8a000","colorDark":"#7d5600","angle":296.5,"mstop":"all","snapDist":2,"label":1}},{"type":"Feature","geometry":{"type":"Point","coordinates":[38.764475,8.909296]},"properties":{"name":"Kality Gebriel","lines":"ADK015, ARD004, Kal001, Kal003, Kal009, Kal011, Kal012, Kal013, Kal017, Kal021, Kal022, Kal030, Kal032, Kal033, Kal034, Kal035, KRK008, Lafto012, Lafto028, Lafto038, Lafto039, Lafto043, Lafto045, YK009","arr":["ADK015","ARD004","Kal001","Kal003","Kal009","Kal011","Kal012","Kal013","Kal017","Kal021","Kal022","Kal030","Kal032","Kal033","Kal034","Kal035","KRK008","Lafto012","Lafto028","Lafto038","Lafto039","Lafto043","Lafto045","YK009"],"terminus":0,"mode":"bus","color":"#e8a000","colorDark":"#7d5600","angle":252.5,"mstop":"all","snapDist":1,"label":0}},{"type":"Feature","geometry":{"type":"Point","coordinates":[38.766799,8.902962]},"properties":{"name":"Cheralia Factory","lines":"ADK015, Kal012, Kal032, Kal035, Lafto045","arr":["ADK015","Kal012","Kal032","Kal035","Lafto045"],"terminus":0,"mode":"bus","color":"#e8a000","colorDark":"#7d5600","angle":249.5,"mstop":"all","snapDist":8,"label":0}},{"type":"Feature","geometry":{"type":"Point","coordinates":[38.772028,8.895636]},"properties":{"name":"kality Meneharia","lines":"ADK015, Kal001, Kal003, Kal012, Kal021, Kal022, Kal030, Kal032, Kal034, Kal035, Lafto028, Lafto038, Lafto039, Lafto043, Lafto045","arr":["ADK015","Kal001","Kal003","Kal012","Kal021","Kal022","Kal030","Kal032","Kal034","Kal035","Lafto028","Lafto038","Lafto039","Lafto043","Lafto045"],"terminus":0,"mode":"bus","color":"#e8a000","colorDark":"#7d5600","angle":224.7,"mstop":"all","snapDist":1,"label":0}},{"type":"Feature","geometry":{"type":"Point","coordinates":[38.772834,8.894825]},"properties":{"name":"Kality Total","lines":"ADK015, ARD004, Kal002, Kal003, Kal009, Kal012, Kal013, Kal017, Kal021, Kal022, Kal030, Kal032, Kal033, Kal034, Kal035, KRK008, Lafto012, Lafto038, Lafto039, Lafto043, Lafto045, YK009","arr":["ADK015","ARD004","Kal002","Kal003","Kal009","Kal012","Kal013","Kal017","Kal021","Kal022","Kal030","Kal032","Kal033","Kal034","Kal035","KRK008","Lafto012","Lafto038","Lafto039","Lafto043","Lafto045","YK009"],"terminus":1,"mode":"bus","color":"#e8a000","colorDark":"#7d5600","angle":225.8,"mstop":"all","snapDist":0,"label":0}},{"type":"Feature","geometry":{"type":"Point","coordinates":[38.763861,8.92085]},"properties":{"name":"Sheger Building","lines":"ADK015, Kal011, Kal012, Kal032, Kal035","arr":["ADK015","Kal011","Kal012","Kal032","Kal035"],"terminus":0,"mode":"bus","color":"#e8a000","colorDark":"#7d5600","angle":-82.9,"mstop":"all","snapDist":12,"label":1}},{"type":"Feature","geometry":{"type":"Point","coordinates":[38.763567,8.953191]},"properties":{"name":"Saris","lines":"ADK015, ADK024, ADK047, ADK048, ARD004, ARD008, Kal003, Kal006, Kal011, Kal012, Kal013, Kal017, Kal021, Kal027, Kal032, Kal035, KRK008, KRK014, KRK015, Lafto012, Lafto038, Lafto039, Lafto043","arr":["ADK015","ADK024","ADK047","ADK048","ARD004","ARD008","Kal003","Kal006","Kal011","Kal012","Kal013","Kal017","Kal021","Kal027","Kal032","Kal035","KRK008","KRK014","KRK015","Lafto012","Lafto038","Lafto039","Lafto043"],"terminus":1,"mode":"bus","color":"#e8a000","colorDark":"#7d5600","angle":96.8,"mstop":"all","snapDist":3,"label":0}},{"type":"Feature","geometry":{"type":"Point","coordinates":[38.764029,8.957778]},"properties":{"name":"Adey abeba","lines":"ADK015, ARD002, ARD004, Kal006, Kal012, Kal013, Kal032, Kal035, KRK015, Lafto039","arr":["ADK015","ARD002","ARD004","Kal006","Kal012","Kal013","Kal032","Kal035","KRK015","Lafto039"],"terminus":0,"mode":"bus","color":"#e8a000","colorDark":"#7d5600","angle":93.2,"mstop":"all","snapDist":2,"label":0}},{"type":"Feature","geometry":{"type":"Point","coordinates":[38.762963,8.966092]},"properties":{"name":"Kadisko","lines":"ADK015, ADK024, ADK047, ADK048, ARD004, Kal006, Kal012, Kal013, Kal032, Kal035, KRK008, KRK014, KRK015","arr":["ADK015","ADK024","ADK047","ADK048","ARD004","Kal006","Kal012","Kal013","Kal032","Kal035","KRK008","KRK014","KRK015"],"terminus":0,"mode":"bus","color":"#e8a000","colorDark":"#7d5600","angle":81.3,"mstop":"all","snapDist":3,"label":1}},{"type":"Feature","geometry":{"type":"Point","coordinates":[38.760893,8.972972]},"properties":{"name":"Mamo (NFSL)","lines":"ADK015, ADK024, ADK047, ADK048, ARD002, ARD008, Kal006, Kal012, Kal013, Kal017, Kal032, Kal035, KRK008, KRK014, KRK015, Lafto012","arr":["ADK015","ADK024","ADK047","ADK048","ARD002","ARD008","Kal006","Kal012","Kal013","Kal017","Kal032","Kal035","KRK008","KRK014","KRK015","Lafto012"],"terminus":0,"mode":"bus","color":"#e8a000","colorDark":"#7d5600","angle":74.6,"mstop":"all","snapDist":7,"label":0}},{"type":"Feature","geometry":{"type":"Point","coordinates":[38.76013,8.975787]},"properties":{"name":"Gotera chaf","lines":"ADK015, ADK024, ADK047, ADK048, ARD002, ARD004, ARD008, Kal006, Kal012, Kal013, Kal017, Kal032, Kal035, KRK008, KRK014, KRK015, Lafto012","arr":["ADK015","ADK024","ADK047","ADK048","ARD002","ARD004","ARD008","Kal006","Kal012","Kal013","Kal017","Kal032","Kal035","KRK008","KRK014","KRK015","Lafto012"],"terminus":0,"mode":"bus","color":"#e8a000","colorDark":"#7d5600","angle":75,"mstop":"all","snapDist":1,"label":0}},{"type":"Feature","geometry":{"type":"Point","coordinates":[38.759117,8.99194]},"properties":{"name":"Lancia","lines":"ADK015, ARD002, ARD004, ARD008, Kal012, Kal032, Kal035, KRK008, KRK011","arr":["ADK015","ARD002","ARD004","ARD008","Kal012","Kal032","Kal035","KRK008","KRK011"],"terminus":0,"mode":"bus","color":"#e8a000","colorDark":"#7d5600","angle":96.3,"mstop":"all","snapDist":0,"label":0}},{"type":"Feature","geometry":{"type":"Point","coordinates":[38.759858,8.994352]},"properties":{"name":"Global Hotel","lines":"ADK015, ARD002, ARD008, Kal012, Kal017, Kal032, Kal035, KRK014","arr":["ADK015","ARD002","ARD008","Kal012","Kal017","Kal032","Kal035","KRK014"],"terminus":0,"mode":"bus","color":"#e8a000","colorDark":"#7d5600","angle":105.3,"mstop":"all","snapDist":1,"label":0}},{"type":"Feature","geometry":{"type":"Point","coordinates":[38.758947,9.005867]},"properties":{"name":"Meshualekia","lines":"ADK015, Kal012, Kal032, Kal035, KRK008","arr":["ADK015","Kal012","Kal032","Kal035","KRK008"],"terminus":0,"mode":"bus","color":"#e8a000","colorDark":"#7d5600","angle":92.2,"mstop":"all","snapDist":4,"label":1}},{"type":"Feature","geometry":{"type":"Point","coordinates":[38.759289,9.010687]},"properties":{"name":"St. Joseph School","lines":"ADK015, ARD002, ARD004, ARD008, Kal012, Kal017, Kal032, Kal035, KRK008, KRK011","arr":["ADK015","ARD002","ARD004","ARD008","Kal012","Kal017","Kal032","Kal035","KRK008","KRK011"],"terminus":0,"mode":"bus","color":"#e8a000","colorDark":"#7d5600","angle":97.3,"mstop":"all","snapDist":6,"label":0}},{"type":"Feature","geometry":{"type":"Point","coordinates":[38.752669,9.016547]},"properties":{"name":"National Theatre","lines":"ADK015, Kal012, Kal032, Kal035, KRK006","arr":["ADK015","Kal012","Kal032","Kal035","KRK006"],"terminus":0,"mode":"bus","color":"#e8a000","colorDark":"#7d5600","angle":84.7,"mstop":"all","snapDist":1,"label":0}},{"type":"Feature","geometry":{"type":"Point","coordinates":[38.745774,9.024726]},"properties":{"name":"Kebele 11","lines":"ADK015, ADK020, ADK021, ADK022, ADK024, ADK047, ADK048, ADK053, Bole015, Bole016, Bole020, Kal012, Kal032, Kal035, KRK006, Lafto018","arr":["ADK015","ADK020","ADK021","ADK022","ADK024","ADK047","ADK048","ADK053","Bole015","Bole016","Bole020","Kal012","Kal032","Kal035","KRK006","Lafto018"],"terminus":0,"mode":"bus","color":"#e8a000","colorDark":"#7d5600","angle":60.2,"mstop":"all","snapDist":0,"label":0}},{"type":"Feature","geometry":{"type":"Point","coordinates":[38.74396,9.027961]},"properties":{"name":"Tekle Haimanot","lines":"ADK015, ADK020, ADK021, ADK022, ADK024, ADK047, ADK048, ADK053, ADK055, Bole015, Bole016, Bole020, Bole023, Kal012, Kal032, Kal035, KRK006, Lafto018","arr":["ADK015","ADK020","ADK021","ADK022","ADK024","ADK047","ADK048","ADK053","ADK055","Bole015","Bole016","Bole020","Bole023","Kal012","Kal032","Kal035","KRK006","Lafto018"],"terminus":1,"mode":"bus","color":"#e8a000","colorDark":"#7d5600","angle":56,"mstop":"all","snapDist":2,"label":0}},{"type":"Feature","geometry":{"type":"Point","coordinates":[38.741396,9.031043]},"properties":{"name":"Grand Anwar Mosque","lines":"ADK015, ADK053, Bole016, Bole020, Kal012, Kal032, Kal035","arr":["ADK015","ADK053","Bole016","Bole020","Kal012","Kal032","Kal035"],"terminus":0,"mode":"bus","color":"#e8a000","colorDark":"#7d5600","angle":94.7,"mstop":"all","snapDist":1,"label":0}},{"type":"Feature","geometry":{"type":"Point","coordinates":[38.732975,9.02828]},"properties":{"name":"Sebategna","lines":"ADK016, ADK044, Kolfa011, Kolfa012, Kolfa017, Kolfa026, Lafto011, Lafto027, Lafto042","arr":["ADK016","ADK044","Kolfa011","Kolfa012","Kolfa017","Kolfa026","Lafto011","Lafto027","Lafto042"],"terminus":0,"mode":"bus","color":"#e8a000","colorDark":"#7d5600","angle":261.3,"mstop":"all","snapDist":2,"label":0}},{"type":"Feature","geometry":{"type":"Point","coordinates":[38.734346,9.013377]},"properties":{"name":"Lideta Condominium","lines":"ADK016, ARD005, Lafto011, Lafto014, Lafto016, Lafto027","arr":["ADK016","ARD005","Lafto011","Lafto014","Lafto016","Lafto027"],"terminus":0,"mode":"bus","color":"#e8a000","colorDark":"#7d5600","angle":278.8,"mstop":"all","snapDist":1,"label":0}},{"type":"Feature","geometry":{"type":"Point","coordinates":[38.7338,9.00942]},"properties":{"name":"Dessie Hotel","lines":"ADK016, Lafto011, Lafto014, Lafto016, Lafto027","arr":["ADK016","Lafto011","Lafto014","Lafto016","Lafto027"],"terminus":0,"mode":"bus","color":"#e8a000","colorDark":"#7d5600","angle":264.5,"mstop":"all","snapDist":1,"label":0}},{"type":"Feature","geometry":{"type":"Point","coordinates":[38.730291,8.997058]},"properties":{"name":"karl Square","lines":"ADK016, Kolfa008, Kolfa015, Kolfe003, KRK003, Lafto010, Lafto014, Lafto016, Lafto027, Lafto034, TX002","arr":["ADK016","Kolfa008","Kolfa015","Kolfe003","KRK003","Lafto010","Lafto014","Lafto016","Lafto027","Lafto034","TX002"],"terminus":0,"mode":"bus","color":"#e8a000","colorDark":"#7d5600","angle":306.6,"mstop":"all","snapDist":4,"label":0}},{"type":"Feature","geometry":{"type":"Point","coordinates":[38.721683,8.96882]},"properties":{"name":"Jemmo Mickael","lines":"ADK016, ARD005, Kolfa007, Lafto014, Lafto016, Lafto019, Lafto021, Lafto027, Lafto034","arr":["ADK016","ARD005","Kolfa007","Lafto014","Lafto016","Lafto019","Lafto021","Lafto027","Lafto034"],"terminus":0,"mode":"bus","color":"#e8a000","colorDark":"#7d5600","angle":301.2,"mstop":"all","snapDist":5,"label":1}},{"type":"Feature","geometry":{"type":"Point","coordinates":[38.712383,8.960613]},"properties":{"name":"Jemmo 1","lines":"ADK016, ARD005, Kolfa007, Lafto014, Lafto015, Lafto016, Lafto019, Lafto034","arr":["ADK016","ARD005","Kolfa007","Lafto014","Lafto015","Lafto016","Lafto019","Lafto034"],"terminus":1,"mode":"bus","color":"#e8a000","colorDark":"#7d5600","angle":343.3,"mstop":"all","snapDist":1,"label":0}},{"type":"Feature","geometry":{"type":"Point","coordinates":[38.712426,8.960415]},"properties":{"name":"Jemmo 1","lines":"ADK016, ARD005, Kolfa007, Lafto014, Lafto015, Lafto016, Lafto019, Lafto034","arr":["ADK016","ARD005","Kolfa007","Lafto014","Lafto015","Lafto016","Lafto019","Lafto034"],"terminus":1,"mode":"bus","color":"#e8a000","colorDark":"#7d5600","angle":163.8,"mstop":"all","snapDist":1,"label":0}},{"type":"Feature","geometry":{"type":"Point","coordinates":[38.722696,8.988349]},"properties":{"name":"Bisrate Gebrael","lines":"ADK016, ARD005, Lafto014, Lafto016, Lafto027, Lafto034","arr":["ADK016","ARD005","Lafto014","Lafto016","Lafto027","Lafto034"],"terminus":0,"mode":"bus","color":"#e8a000","colorDark":"#7d5600","angle":142,"mstop":"all","snapDist":2,"label":0}},{"type":"Feature","geometry":{"type":"Point","coordinates":[38.730391,8.997016]},"properties":{"name":"karl Square","lines":"ADK016, Kolfa008, Kolfa015, Kolfe003, KRK003, Lafto014, Lafto016, Lafto027, Lafto034","arr":["ADK016","Kolfa008","Kolfa015","Kolfe003","KRK003","Lafto014","Lafto016","Lafto027","Lafto034"],"terminus":0,"mode":"bus","color":"#e8a000","colorDark":"#7d5600","angle":126.9,"mstop":"all","snapDist":3,"label":0}},{"type":"Feature","geometry":{"type":"Point","coordinates":[38.739396,9.034693]},"properties":{"name":"Eritrea Hotel","lines":"ADK017, Gl002, Gl018","arr":["ADK017","Gl002","Gl018"],"terminus":1,"mode":"bus","color":"#e8a000","colorDark":"#7d5600","angle":127.7,"mstop":"all","snapDist":2,"label":1}},{"type":"Feature","geometry":{"type":"Point","coordinates":[38.745333,9.042526]},"properties":{"name":"Yohanes","lines":"ADK017, Gl002, Gl018","arr":["ADK017","Gl002","Gl018"],"terminus":0,"mode":"bus","color":"#e8a000","colorDark":"#7d5600","angle":139.1,"mstop":"all","snapDist":1,"label":0}},{"type":"Feature","geometry":{"type":"Point","coordinates":[38.748493,9.044598]},"properties":{"name":"Semen Hotel","lines":"ADK017, ARD003, Gl002, Gl003, Gl008, Gl011, Gl018, YK001","arr":["ADK017","ARD003","Gl002","Gl003","Gl008","Gl011","Gl018","YK001"],"terminus":0,"mode":"bus","color":"#e8a000","colorDark":"#7d5600","angle":58.1,"mstop":"all","snapDist":1,"label":0}},{"type":"Feature","geometry":{"type":"Point","coordinates":[38.746507,9.048067]},"properties":{"name":"Shola","lines":"ADK017, Gl003, Gl018, YK001","arr":["ADK017","Gl003","Gl018","YK001"],"terminus":0,"mode":"bus","color":"#e8a000","colorDark":"#7d5600","angle":59.1,"mstop":"all","snapDist":1,"label":0}},{"type":"Feature","geometry":{"type":"Point","coordinates":[38.749728,9.052113]},"properties":{"name":"Chelote","lines":"ADK017, Gl003","arr":["ADK017","Gl003"],"terminus":0,"mode":"bus","color":"#e8a000","colorDark":"#7d5600","angle":141.4,"mstop":"all","snapDist":4,"label":0}},{"type":"Feature","geometry":{"type":"Point","coordinates":[38.751883,9.055246]},"properties":{"name":"Medhanalem","lines":"ADK017, Gl003, Gl006","arr":["ADK017","Gl003","Gl006"],"terminus":0,"mode":"bus","color":"#e8a000","colorDark":"#7d5600","angle":129.3,"mstop":"all","snapDist":0,"label":1}},{"type":"Feature","geometry":{"type":"Point","coordinates":[38.74981,9.065279]},"properties":{"name":"Kechenie","lines":"ADK017","arr":["ADK017"],"terminus":0,"mode":"bus","color":"#e8a000","colorDark":"#7d5600","angle":350.2,"mstop":"all","snapDist":3,"label":1}},{"type":"Feature","geometry":{"type":"Point","coordinates":[38.749781,9.065273]},"properties":{"name":"Kechenie","lines":"ADK017, Gl003","arr":["ADK017","Gl003"],"terminus":0,"mode":"bus","color":"#e8a000","colorDark":"#7d5600","angle":170.2,"mstop":"all","snapDist":1,"label":0}},{"type":"Feature","geometry":{"type":"Point","coordinates":[38.749666,9.052126]},"properties":{"name":"Chelote","lines":"ADK017, Gl003","arr":["ADK017","Gl003"],"terminus":0,"mode":"bus","color":"#e8a000","colorDark":"#7d5600","angle":302.8,"mstop":"all","snapDist":1,"label":0}},{"type":"Feature","geometry":{"type":"Point","coordinates":[38.746432,9.047998]},"properties":{"name":"Shola","lines":"ADK017, Gl003, Gl018","arr":["ADK017","Gl003","Gl018"],"terminus":0,"mode":"bus","color":"#e8a000","colorDark":"#7d5600","angle":225.7,"mstop":"all","snapDist":1,"label":0}},{"type":"Feature","geometry":{"type":"Point","coordinates":[38.748321,9.044669]},"properties":{"name":"Semen Hotel","lines":"ADK017, ARD003, Gl002, Gl003, Gl008, Gl011, Gl018, YK001","arr":["ADK017","ARD003","Gl002","Gl003","Gl008","Gl011","Gl018","YK001"],"terminus":0,"mode":"bus","color":"#e8a000","colorDark":"#7d5600","angle":241.3,"mstop":"all","snapDist":1,"label":0}},{"type":"Feature","geometry":{"type":"Point","coordinates":[38.745286,9.042585]},"properties":{"name":"Yohanes","lines":"ADK017, Gl002, Gl018","arr":["ADK017","Gl002","Gl018"],"terminus":0,"mode":"bus","color":"#e8a000","colorDark":"#7d5600","angle":321.2,"mstop":"all","snapDist":2,"label":0}},{"type":"Feature","geometry":{"type":"Point","coordinates":[38.73938,9.034789]},"properties":{"name":"Eritrea Hotel","lines":"ADK017, Gl002, Gl018","arr":["ADK017","Gl002","Gl018"],"terminus":1,"mode":"bus","color":"#e8a000","colorDark":"#7d5600","angle":308.4,"mstop":"all","snapDist":3,"label":0}},{"type":"Feature","geometry":{"type":"Point","coordinates":[38.74138,9.031809]},"properties":{"name":"Cinema Ras","lines":"ADK020, ADK021, ADK022, ADK024, ADK038, ADK042, ADK047, ADK055, Bole023, KRK006, Lafto016","arr":["ADK020","ADK021","ADK022","ADK024","ADK038","ADK042","ADK047","ADK055","Bole023","KRK006","Lafto016"],"terminus":1,"mode":"bus","color":"#e8a000","colorDark":"#7d5600","angle":274.4,"mstop":"all","snapDist":1,"label":1}},{"type":"Feature","geometry":{"type":"Point","coordinates":[38.755204,9.016349]},"properties":{"name":"Ambasader","lines":"ADK020, ADK021, ADK053, ARD002, ARD008, ARD016, Bole015, Bole016, Bole020","arr":["ADK020","ADK021","ADK053","ARD002","ARD008","ARD016","Bole015","Bole016","Bole020"],"terminus":0,"mode":"bus","color":"#e8a000","colorDark":"#7d5600","angle":228.9,"mstop":"all","snapDist":11,"label":1}},{"type":"Feature","geometry":{"type":"Point","coordinates":[38.758687,9.012412]},"properties":{"name":"Stadium","lines":"ADK020, ADK021, ADK053, Bole015, Bole016, Bole020","arr":["ADK020","ADK021","ADK053","Bole015","Bole016","Bole020"],"terminus":0,"mode":"bus","color":"#e8a000","colorDark":"#7d5600","angle":228.5,"mstop":"all","snapDist":3,"label":0}},{"type":"Feature","geometry":{"type":"Point","coordinates":[38.763424,9.010062]},"properties":{"name":"Flamingo","lines":"ADK020, ADK021, ADK053, ARD011, Bole015, Bole016, Bole018, Bole019, Bole020, KRK012, KRK017, KRK020, TX005","arr":["ADK020","ADK021","ADK053","ARD011","Bole015","Bole016","Bole018","Bole019","Bole020","KRK012","KRK017","KRK020","TX005"],"terminus":0,"mode":"bus","color":"#e8a000","colorDark":"#7d5600","angle":227.3,"mstop":"all","snapDist":2,"label":0}},{"type":"Feature","geometry":{"type":"Point","coordinates":[38.766311,9.006987]},"properties":{"name":"Dembel","lines":"ADK020, ADK021, ADK053, Bole015, Bole016, Bole018, Bole019, Bole020, KRK012, KRK017, KRK020","arr":["ADK020","ADK021","ADK053","Bole015","Bole016","Bole018","Bole019","Bole020","KRK012","KRK017","KRK020"],"terminus":0,"mode":"bus","color":"#e8a000","colorDark":"#7d5600","angle":226.3,"mstop":"all","snapDist":7,"label":0}},{"type":"Feature","geometry":{"type":"Point","coordinates":[38.769375,9.001794]},"properties":{"name":"Shewa Dabo","lines":"ADK020, ADK021, Bole018, Bole019","arr":["ADK020","ADK021","Bole018","Bole019"],"terminus":0,"mode":"bus","color":"#e8a000","colorDark":"#7d5600","angle":243,"mstop":"all","snapDist":8,"label":0}},{"type":"Feature","geometry":{"type":"Point","coordinates":[38.772172,8.996646]},"properties":{"name":"Bole Printing Press","lines":"ADK020, ADK021, ADK053, ARD011, Bole015, Bole016, Bole018, Bole019, Bole020, KRK012, KRK017, KRK020, TX005","arr":["ADK020","ADK021","ADK053","ARD011","Bole015","Bole016","Bole018","Bole019","Bole020","KRK012","KRK017","KRK020","TX005"],"terminus":0,"mode":"bus","color":"#e8a000","colorDark":"#7d5600","angle":236.5,"mstop":"all","snapDist":6,"label":0}},{"type":"Feature","geometry":{"type":"Point","coordinates":[38.778176,8.992545]},"properties":{"name":"Rwanda","lines":"ADK020, ADK021, ADK053, Bole018, Bole019, Bole020, KRK012, KRK017","arr":["ADK020","ADK021","ADK053","Bole018","Bole019","Bole020","KRK012","KRK017"],"terminus":0,"mode":"bus","color":"#e8a000","colorDark":"#7d5600","angle":191.6,"mstop":"all","snapDist":4,"label":0}},{"type":"Feature","geometry":{"type":"Point","coordinates":[38.789855,8.988699]},"properties":{"name":"Bole Bridge","lines":"ADK020, ADK053, Bole019, Bole020, KRK012, KRK017","arr":["ADK020","ADK053","Bole019","Bole020","KRK012","KRK017"],"terminus":1,"mode":"bus","color":"#e8a000","colorDark":"#7d5600","angle":22.5,"mstop":"all","snapDist":2,"label":1}},{"type":"Feature","geometry":{"type":"Point","coordinates":[38.763582,9.010104]},"properties":{"name":"Flamingo","lines":"ADK020, ADK021, ADK053, ARD011, Bole015, Bole016, Bole018, Bole019, Bole020, KRK012, KRK017, KRK020, TX005","arr":["ADK020","ADK021","ADK053","ARD011","Bole015","Bole016","Bole018","Bole019","Bole020","KRK012","KRK017","KRK020","TX005"],"terminus":0,"mode":"bus","color":"#e8a000","colorDark":"#7d5600","angle":47.6,"mstop":"all","snapDist":6,"label":0}},{"type":"Feature","geometry":{"type":"Point","coordinates":[38.760052,9.011427]},"properties":{"name":"Stadium","lines":"ADK020, ADK021, ADK053, ARD016, Bole015, Bole016, Bole018, Bole019, Bole020, Bole023, KRK020, LID009, YK016","arr":["ADK020","ADK021","ADK053","ARD016","Bole015","Bole016","Bole018","Bole019","Bole020","Bole023","KRK020","LID009","YK016"],"terminus":0,"mode":"bus","color":"#e8a000","colorDark":"#7d5600","angle":9.5,"mstop":"all","snapDist":7,"label":0}},{"type":"Feature","geometry":{"type":"Point","coordinates":[38.755288,9.016393]},"properties":{"name":"Ambasader","lines":"ADK020, ADK021, ADK053, ARD016, Bole015, Bole016, Bole018, Bole019, Bole020, Bole023","arr":["ADK020","ADK021","ADK053","ARD016","Bole015","Bole016","Bole018","Bole019","Bole020","Bole023"],"terminus":0,"mode":"bus","color":"#e8a000","colorDark":"#7d5600","angle":48,"mstop":"all","snapDist":3,"label":0}},{"type":"Feature","geometry":{"type":"Point","coordinates":[38.746783,9.019249]},"properties":{"name":"Metrology","lines":"ADK020, ADK021, ADK024, ADK047, ADK048, ARD005, Lafto014","arr":["ADK020","ADK021","ADK024","ADK047","ADK048","ARD005","Lafto014"],"terminus":0,"mode":"bus","color":"#e8a000","colorDark":"#7d5600","angle":109.3,"mstop":"all","snapDist":2,"label":1}},{"type":"Feature","geometry":{"type":"Point","coordinates":[38.747574,9.02079]},"properties":{"name":"Tikur Anbesa","lines":"ADK020, ADK021, ADK053, Bole015, Bole016, Bole020, Bole023, KRK006, Lafto014, Lafto018","arr":["ADK020","ADK021","ADK053","Bole015","Bole016","Bole020","Bole023","KRK006","Lafto014","Lafto018"],"terminus":0,"mode":"bus","color":"#e8a000","colorDark":"#7d5600","angle":120,"mstop":"all","snapDist":3,"label":1}},{"type":"Feature","geometry":{"type":"Point","coordinates":[38.741462,9.031778]},"properties":{"name":"Cinema Ras","lines":"ADK020, ADK021, ADK022, ADK024, ADK038, ADK042, ADK047, ADK053, ADK055, Bole016, Bole020, Bole023, KRK006, Lafto016","arr":["ADK020","ADK021","ADK022","ADK024","ADK038","ADK042","ADK047","ADK053","ADK055","Bole016","Bole020","Bole023","KRK006","Lafto016"],"terminus":1,"mode":"bus","color":"#e8a000","colorDark":"#7d5600","angle":95.9,"mstop":"all","snapDist":1,"label":0}},{"type":"Feature","geometry":{"type":"Point","coordinates":[38.77348,8.984931]},"properties":{"name":"Bole Mickael","lines":"ADK021, Bole015, Bole016, Bole018, KRK020","arr":["ADK021","Bole015","Bole016","Bole018","KRK020"],"terminus":1,"mode":"bus","color":"#e8a000","colorDark":"#7d5600","angle":139.2,"mstop":"all","snapDist":2,"label":1}},{"type":"Feature","geometry":{"type":"Point","coordinates":[38.773145,8.984653]},"properties":{"name":"Bole Mickael","lines":"ADK021, Bole015, Bole016, Bole018, KRK020","arr":["ADK021","Bole015","Bole016","Bole018","KRK020"],"terminus":1,"mode":"bus","color":"#e8a000","colorDark":"#7d5600","angle":303.3,"mstop":"all","snapDist":2,"label":0}},{"type":"Feature","geometry":{"type":"Point","coordinates":[38.747617,9.021731]},"properties":{"name":"Tikur Anbesa","lines":"ADK022, ADK024, ADK047, ADK048, ADK053, Bole015, Bole016, Bole020, Bole023, KRK006","arr":["ADK022","ADK024","ADK047","ADK048","ADK053","Bole015","Bole016","Bole020","Bole023","KRK006"],"terminus":0,"mode":"bus","color":"#e8a000","colorDark":"#7d5600","angle":254.3,"mstop":"all","snapDist":1,"label":0}},{"type":"Feature","geometry":{"type":"Point","coordinates":[38.746684,9.019253]},"properties":{"name":"Metrology","lines":"ADK022, ADK053, ARD005, Bole015, Bole016, Bole020","arr":["ADK022","ADK053","ARD005","Bole015","Bole016","Bole020"],"terminus":0,"mode":"bus","color":"#e8a000","colorDark":"#7d5600","angle":290.6,"mstop":"all","snapDist":5,"label":0}},{"type":"Feature","geometry":{"type":"Point","coordinates":[38.746194,9.009877]},"properties":{"name":"Mexico","lines":"ADK022, Kal006, Kal013, KRK001, KRK015, KRK016, Lafto018, Lafto023, Lafto030, Lafto042","arr":["ADK022","Kal006","Kal013","KRK001","KRK015","KRK016","Lafto018","Lafto023","Lafto030","Lafto042"],"terminus":1,"mode":"bus","color":"#e8a000","colorDark":"#7d5600","angle":265.9,"mstop":"all","snapDist":1,"label":0}},{"type":"Feature","geometry":{"type":"Point","coordinates":[38.746723,9.005204]},"properties":{"name":"Land mark","lines":"ADK022, Kal006, Kal013, KRK001, KRK015, Lafto030","arr":["ADK022","Kal006","Kal013","KRK001","KRK015","Lafto030"],"terminus":0,"mode":"bus","color":"#e8a000","colorDark":"#7d5600","angle":84.7,"mstop":"all","snapDist":3,"label":1}},{"type":"Feature","geometry":{"type":"Point","coordinates":[38.746343,9.009028]},"properties":{"name":"Mexico","lines":"ADK022, Kal006, KRK015, Lafto018, Lafto023","arr":["ADK022","Kal006","KRK015","Lafto018","Lafto023"],"terminus":1,"mode":"bus","color":"#e8a000","colorDark":"#7d5600","angle":84.8,"mstop":"all","snapDist":5,"label":0}},{"type":"Feature","geometry":{"type":"Point","coordinates":[38.746683,9.018894]},"properties":{"name":"Metrology","lines":"ADK022, ADK053, Bole015, Bole016, Bole020, Bole023","arr":["ADK022","ADK053","Bole015","Bole016","Bole020","Bole023"],"terminus":0,"mode":"bus","color":"#e8a000","colorDark":"#7d5600","angle":99.8,"mstop":"all","snapDist":4,"label":0}},{"type":"Feature","geometry":{"type":"Point","coordinates":[38.749265,9.035102]},"properties":{"name":"Piassa Arada","lines":"ADK023, ADK057, ARD013, YK019","arr":["ADK023","ADK057","ARD013","YK019"],"terminus":0,"mode":"bus","color":"#e8a000","colorDark":"#7d5600","angle":157.9,"mstop":"all","snapDist":1,"label":0}},{"type":"Feature","geometry":{"type":"Point","coordinates":[38.752381,9.036557]},"properties":{"name":"St. George Church","lines":"ADK023","arr":["ADK023"],"terminus":0,"mode":"bus","color":"#e8a000","colorDark":"#7d5600","angle":81,"mstop":"all","snapDist":5,"label":0}},{"type":"Feature","geometry":{"type":"Point","coordinates":[38.760938,9.033989]},"properties":{"name":"Tourist Hotel","lines":"ADK023, ADK057","arr":["ADK023","ADK057"],"terminus":0,"mode":"bus","color":"#e8a000","colorDark":"#7d5600","angle":206.2,"mstop":"all","snapDist":1,"label":1}},{"type":"Feature","geometry":{"type":"Point","coordinates":[38.762705,9.033182]},"properties":{"name":"Tourist Hotel","lines":"ADK023, ARD009, YK017, YK019, YK021","arr":["ADK023","ARD009","YK017","YK019","YK021"],"terminus":0,"mode":"bus","color":"#e8a000","colorDark":"#7d5600","angle":24.3,"mstop":"all","snapDist":1,"label":0}},{"type":"Feature","geometry":{"type":"Point","coordinates":[38.752282,9.036549]},"properties":{"name":"St. George Church","lines":"ADK023, ADK057, YK017","arr":["ADK023","ADK057","YK017"],"terminus":0,"mode":"bus","color":"#e8a000","colorDark":"#7d5600","angle":268.1,"mstop":"all","snapDist":8,"label":0}},{"type":"Feature","geometry":{"type":"Point","coordinates":[38.746207,9.011642]},"properties":{"name":"Mexico","lines":"ADK024, ADK047, ADK048, Gl011, Kolfa014","arr":["ADK024","ADK047","ADK048","Gl011","Kolfa014"],"terminus":0,"mode":"bus","color":"#e8a000","colorDark":"#7d5600","angle":329.9,"mstop":"all","snapDist":2,"label":0}},{"type":"Feature","geometry":{"type":"Point","coordinates":[38.763555,8.954698]},"properties":{"name":"Saris","lines":"ADK024, ADK047, ADK048, ARD008, Kal003, Kal006, Kal011, Kal021, Kal023, Kal027, KRK014, KRK015, Lafto008, Lafto038, Lafto039, Lafto043","arr":["ADK024","ADK047","ADK048","ARD008","Kal003","Kal006","Kal011","Kal021","Kal023","Kal027","KRK014","KRK015","Lafto008","Lafto038","Lafto039","Lafto043"],"terminus":1,"mode":"bus","color":"#e8a000","colorDark":"#7d5600","angle":275.6,"mstop":"all","snapDist":1,"label":0}},{"type":"Feature","geometry":{"type":"Point","coordinates":[38.755824,8.982509]},"properties":{"name":"Pepsi","lines":"ADK024, ADK047, ADK048, Kal006, Kal013, KRK009, KRK011, KRK015, Lafto012","arr":["ADK024","ADK047","ADK048","Kal006","Kal013","KRK009","KRK011","KRK015","Lafto012"],"terminus":0,"mode":"bus","color":"#e8a000","colorDark":"#7d5600","angle":22,"mstop":"all","snapDist":1,"label":1}},{"type":"Feature","geometry":{"type":"Point","coordinates":[38.751838,8.9843]},"properties":{"name":"Kera","lines":"ADK024, ADK047, ADK048, KRK009, KRK011","arr":["ADK024","ADK047","ADK048","KRK009","KRK011"],"terminus":0,"mode":"bus","color":"#e8a000","colorDark":"#7d5600","angle":23.7,"mstop":"all","snapDist":3,"label":1}},{"type":"Feature","geometry":{"type":"Point","coordinates":[38.746296,9.009622]},"properties":{"name":"Mexico","lines":"ADK024, ADK047, ADK048, Kal013, KRK016, Lafto042","arr":["ADK024","ADK047","ADK048","Kal013","KRK016","Lafto042"],"terminus":0,"mode":"bus","color":"#e8a000","colorDark":"#7d5600","angle":85.7,"mstop":"all","snapDist":1,"label":0}},{"type":"Feature","geometry":{"type":"Point","coordinates":[38.694375,9.004424]},"properties":{"name":"Betel","lines":"ADK028, ARD006, Kolfa009, Kolfa012, Kolfe035, Kolfe042","arr":["ADK028","ARD006","Kolfa009","Kolfa012","Kolfe035","Kolfe042"],"terminus":0,"mode":"bus","color":"#e8a000","colorDark":"#7d5600","angle":103.8,"mstop":"all","snapDist":0,"label":0}},{"type":"Feature","geometry":{"type":"Point","coordinates":[38.74262,9.028188]},"properties":{"name":"Tekle Haimanot","lines":"ADK028, ADK038, ARD006, Kolfa020, Kolfa041, Kolfe035, Lafto016, LID003","arr":["ADK028","ADK038","ARD006","Kolfa020","Kolfa041","Kolfe035","Lafto016","LID003"],"terminus":0,"mode":"bus","color":"#e8a000","colorDark":"#7d5600","angle":137.2,"mstop":"all","snapDist":0,"label":0}},{"type":"Feature","geometry":{"type":"Point","coordinates":[38.742672,9.028351]},"properties":{"name":"Tekle Haimanot","lines":"ADK028, ARD006, Kolfa020, Kolfa041, Kolfe035, LID003","arr":["ADK028","ARD006","Kolfa020","Kolfa041","Kolfe035","LID003"],"terminus":0,"mode":"bus","color":"#e8a000","colorDark":"#7d5600","angle":318.4,"mstop":"all","snapDist":0,"label":0}},{"type":"Feature","geometry":{"type":"Point","coordinates":[38.709776,9.013452]},"properties":{"name":"Keranio Mewcha","lines":"ADK028, ADK043, ARD006, Kolfa001, Kolfa004, Kolfa005, Kolfa009, Kolfa010, Kolfa012, Kolfa026, Kolfa034, Kolfe035","arr":["ADK028","ADK043","ARD006","Kolfa001","Kolfa004","Kolfa005","Kolfa009","Kolfa010","Kolfa012","Kolfa026","Kolfa034","Kolfe035"],"terminus":0,"mode":"bus","color":"#e8a000","colorDark":"#7d5600","angle":357.1,"mstop":"all","snapDist":1,"label":0}},{"type":"Feature","geometry":{"type":"Point","coordinates":[38.69419,9.004396]},"properties":{"name":"Betel","lines":"ADK028, ADK052, ARD006, Kolfa009, Kolfa010, Kolfa012, Kolfa018, Kolfe035, Kolfe042","arr":["ADK028","ADK052","ARD006","Kolfa009","Kolfa010","Kolfa012","Kolfa018","Kolfe035","Kolfe042"],"terminus":0,"mode":"bus","color":"#e8a000","colorDark":"#7d5600","angle":281.6,"mstop":"all","snapDist":1,"label":0}},{"type":"Feature","geometry":{"type":"Point","coordinates":[38.720896,9.012744]},"properties":{"name":"Torhayloch","lines":"ADK030, Kolfa038, LID011","arr":["ADK030","Kolfa038","LID011"],"terminus":0,"mode":"bus","color":"#e8a000","colorDark":"#7d5600","angle":86.2,"mstop":"all","snapDist":1,"label":0}},{"type":"Feature","geometry":{"type":"Point","coordinates":[38.716241,9.020477]},"properties":{"name":"Holand","lines":"ADK030, ADK052, Kolfa010, Kolfa018, Kolfa022, Kolfa024, Kolfa025, Kolfa027, Kolfa028, Kolfa037, Kolfa038, Kolfe023, LID011","arr":["ADK030","ADK052","Kolfa010","Kolfa018","Kolfa022","Kolfa024","Kolfa025","Kolfa027","Kolfa028","Kolfa037","Kolfa038","Kolfe023","LID011"],"terminus":0,"mode":"bus","color":"#e8a000","colorDark":"#7d5600","angle":67.7,"mstop":"all","snapDist":2,"label":0}},{"type":"Feature","geometry":{"type":"Point","coordinates":[38.714931,9.029482]},"properties":{"name":"Mebrat Haile","lines":"ADK030, ADK052, Kolfa010, Kolfa018, Kolfa022, Kolfa024, Kolfa025, Kolfa027, Kolfa028, Kolfa037, Kolfe023","arr":["ADK030","ADK052","Kolfa010","Kolfa018","Kolfa022","Kolfa024","Kolfa025","Kolfa027","Kolfa028","Kolfa037","Kolfe023"],"terminus":0,"mode":"bus","color":"#e8a000","colorDark":"#7d5600","angle":87.5,"mstop":"all","snapDist":1,"label":1}},{"type":"Feature","geometry":{"type":"Point","coordinates":[38.714606,9.033454]},"properties":{"name":"18 Mazoria","lines":"ADK030, ADK052, Kolfa010, Kolfa018, Kolfa022, Kolfa024, Kolfa025, Kolfa027, Kolfa028, Kolfa037, Kolfa038, Kolfe023, LID011","arr":["ADK030","ADK052","Kolfa010","Kolfa018","Kolfa022","Kolfa024","Kolfa025","Kolfa027","Kolfa028","Kolfa037","Kolfa038","Kolfe023","LID011"],"terminus":1,"mode":"bus","color":"#e8a000","colorDark":"#7d5600","angle":82.4,"mstop":"all","snapDist":1,"label":1}},{"type":"Feature","geometry":{"type":"Point","coordinates":[38.712715,9.041441]},"properties":{"name":"Atena Tera","lines":"ADK030, ADK031, ADK040, ADK055, Gl001, Kolfa022, Kolfa024, Kolfa027, Kolfa038, Kolfe023, LID011","arr":["ADK030","ADK031","ADK040","ADK055","Gl001","Kolfa022","Kolfa024","Kolfa027","Kolfa038","Kolfe023","LID011"],"terminus":1,"mode":"bus","color":"#e8a000","colorDark":"#7d5600","angle":71.4,"mstop":"all","snapDist":0,"label":1}},{"type":"Feature","geometry":{"type":"Point","coordinates":[38.712712,9.055453]},"properties":{"name":"Winget","lines":"ADK030, ADK031, ADK040, ADK055, Gl001, Kolfa027, Kolfa038, Kolfe023, LID011","arr":["ADK030","ADK031","ADK040","ADK055","Gl001","Kolfa027","Kolfa038","Kolfe023","LID011"],"terminus":0,"mode":"bus","color":"#e8a000","colorDark":"#7d5600","angle":109.3,"mstop":"all","snapDist":1,"label":0}},{"type":"Feature","geometry":{"type":"Point","coordinates":[38.712459,9.055515]},"properties":{"name":"Winget","lines":"ADK030, Gl001, Kolfa027, Kolfe023","arr":["ADK030","Gl001","Kolfa027","Kolfe023"],"terminus":0,"mode":"bus","color":"#e8a000","colorDark":"#7d5600","angle":289.2,"mstop":"all","snapDist":1,"label":0}},{"type":"Feature","geometry":{"type":"Point","coordinates":[38.714476,9.03346]},"properties":{"name":"18 Mazoria","lines":"ADK030, ADK052, Kolfa010, Kolfa018, Kolfa025, Kolfa027, Kolfa028, Kolfa037, Kolfa038, LID011","arr":["ADK030","ADK052","Kolfa010","Kolfa018","Kolfa025","Kolfa027","Kolfa028","Kolfa037","Kolfa038","LID011"],"terminus":1,"mode":"bus","color":"#e8a000","colorDark":"#7d5600","angle":265.2,"mstop":"all","snapDist":1,"label":0}},{"type":"Feature","geometry":{"type":"Point","coordinates":[38.716013,9.020378]},"properties":{"name":"Holand","lines":"ADK030, ADK052, Kolfa010, Kolfa018, Kolfa022, Kolfa024, Kolfa025, Kolfa027, Kolfa028, Kolfa037, Kolfa038, Kolfe023, LID011","arr":["ADK030","ADK052","Kolfa010","Kolfa018","Kolfa022","Kolfa024","Kolfa025","Kolfa027","Kolfa028","Kolfa037","Kolfa038","Kolfe023","LID011"],"terminus":0,"mode":"bus","color":"#e8a000","colorDark":"#7d5600","angle":249.8,"mstop":"all","snapDist":6,"label":0}},{"type":"Feature","geometry":{"type":"Point","coordinates":[38.717662,9.017061]},"properties":{"name":"Kolfe Keranyo","lines":"ADK030, ADK052, Kolfa010, Kolfa018, Kolfa022, Kolfa024, Kolfa025, Kolfa027, Kolfe023","arr":["ADK030","ADK052","Kolfa010","Kolfa018","Kolfa022","Kolfa024","Kolfa025","Kolfa027","Kolfe023"],"terminus":0,"mode":"bus","color":"#e8a000","colorDark":"#7d5600","angle":231.1,"mstop":"all","snapDist":4,"label":0}},{"type":"Feature","geometry":{"type":"Point","coordinates":[38.720635,9.012883]},"properties":{"name":"Torhayloch","lines":"ADK030, Kolfa027, Kolfa028, Kolfa037, Kolfa038, LID011","arr":["ADK030","Kolfa027","Kolfa028","Kolfa037","Kolfa038","LID011"],"terminus":0,"mode":"bus","color":"#e8a000","colorDark":"#7d5600","angle":272.3,"mstop":"all","snapDist":3,"label":0}},{"type":"Feature","geometry":{"type":"Point","coordinates":[38.71165,9.057609]},"properties":{"name":"Awolia","lines":"ADK031, Gl012, Kolfa038, Kolfe023, LID011","arr":["ADK031","Gl012","Kolfa038","Kolfe023","LID011"],"terminus":0,"mode":"bus","color":"#e8a000","colorDark":"#7d5600","angle":312.6,"mstop":"all","snapDist":0,"label":0}},{"type":"Feature","geometry":{"type":"Point","coordinates":[38.713159,9.057315]},"properties":{"name":"Winget","lines":"ADK031, Gl012, Kolfa038, LID011","arr":["ADK031","Gl012","Kolfa038","LID011"],"terminus":0,"mode":"bus","color":"#e8a000","colorDark":"#7d5600","angle":262,"mstop":"all","snapDist":14,"label":0}},{"type":"Feature","geometry":{"type":"Point","coordinates":[38.712375,9.041719]},"properties":{"name":"Atena Tera","lines":"ADK031, ADK040, ADK052, ADK055, Gl001, Kolfa018, Kolfa022, Kolfa024, Kolfa027, Kolfa038, Kolfe023, LID011","arr":["ADK031","ADK040","ADK052","ADK055","Gl001","Kolfa018","Kolfa022","Kolfa024","Kolfa027","Kolfa038","Kolfe023","LID011"],"terminus":1,"mode":"bus","color":"#e8a000","colorDark":"#7d5600","angle":251.2,"mstop":"all","snapDist":1,"label":0}},{"type":"Feature","geometry":{"type":"Point","coordinates":[38.729383,9.016893]},"properties":{"name":"Coca Cola","lines":"ADK035, LID008","arr":["ADK035","LID008"],"terminus":0,"mode":"bus","color":"#e8a000","colorDark":"#7d5600","angle":34.4,"mstop":"all","snapDist":1,"label":0}},{"type":"Feature","geometry":{"type":"Point","coordinates":[38.723043,9.028085]},"properties":{"name":"Amanuel Church","lines":"ADK035, LID008","arr":["ADK035","LID008"],"terminus":0,"mode":"bus","color":"#e8a000","colorDark":"#7d5600","angle":106.6,"mstop":"all","snapDist":1,"label":1}},{"type":"Feature","geometry":{"type":"Point","coordinates":[38.724624,9.033068]},"properties":{"name":"Mesalemia","lines":"ADK035","arr":["ADK035"],"terminus":0,"mode":"bus","color":"#e8a000","colorDark":"#7d5600","angle":106.4,"mstop":"all","snapDist":4,"label":0}},{"type":"Feature","geometry":{"type":"Point","coordinates":[38.724633,9.033097]},"properties":{"name":"Mesalemia","lines":"ADK035","arr":["ADK035"],"terminus":0,"mode":"bus","color":"#e8a000","colorDark":"#7d5600","angle":286.4,"mstop":"all","snapDist":1,"label":0}},{"type":"Feature","geometry":{"type":"Point","coordinates":[38.723042,9.028084]},"properties":{"name":"Amanuel Church","lines":"ADK035, LID008","arr":["ADK035","LID008"],"terminus":0,"mode":"bus","color":"#e8a000","colorDark":"#7d5600","angle":286.6,"mstop":"all","snapDist":2,"label":0}},{"type":"Feature","geometry":{"type":"Point","coordinates":[38.729193,9.01703]},"properties":{"name":"Coca Cola","lines":"ADK035, LID008","arr":["ADK035","LID008"],"terminus":0,"mode":"bus","color":"#e8a000","colorDark":"#7d5600","angle":216.5,"mstop":"all","snapDist":2,"label":0}},{"type":"Feature","geometry":{"type":"Point","coordinates":[38.752555,9.033013]},"properties":{"name":"Piassa Arada","lines":"ADK037, ARD002, ARD004, ARD005, ARD006, ARD008, ARD012, ARD013, ARD016, Bole018, Bole019, Gl004, Gl011, Gl015, Kolfa014, Kolfa042, KRK016, Lafto014, Lafto017, Lafto025, LID003","arr":["ADK037","ARD002","ARD004","ARD005","ARD006","ARD008","ARD012","ARD013","ARD016","Bole018","Bole019","Gl004","Gl011","Gl015","Kolfa014","Kolfa042","KRK016","Lafto014","Lafto017","Lafto025","LID003"],"terminus":1,"mode":"bus","color":"#e8a000","colorDark":"#7d5600","angle":16.7,"mstop":"all","snapDist":1,"label":0}},{"type":"Feature","geometry":{"type":"Point","coordinates":[38.730599,9.04609]},"properties":{"name":"Pastor","lines":"ADK037, Gl015","arr":["ADK037","Gl015"],"terminus":0,"mode":"bus","color":"#e8a000","colorDark":"#7d5600","angle":183.5,"mstop":"all","snapDist":1,"label":0}},{"type":"Feature","geometry":{"type":"Point","coordinates":[38.745846,9.042596]},"properties":{"name":"Yohanes","lines":"ADK037, Gl004, Gl015","arr":["ADK037","Gl004","Gl015"],"terminus":0,"mode":"bus","color":"#e8a000","colorDark":"#7d5600","angle":241.7,"mstop":"all","snapDist":4,"label":0}},{"type":"Feature","geometry":{"type":"Point","coordinates":[38.75329,9.034244]},"properties":{"name":"Piassa Arada","lines":"ADK037, Gl015","arr":["ADK037","Gl015"],"terminus":0,"mode":"bus","color":"#e8a000","colorDark":"#7d5600","angle":242.6,"mstop":"all","snapDist":82,"label":0}},{"type":"Feature","geometry":{"type":"Point","coordinates":[38.744588,9.011453]},"properties":{"name":"Mexico Shebelle Hotel","lines":"ADK038, ARD012, Kolfa004, Kolfa009, Kolfa016, Kolfa019, Kolfa031, Lafto030","arr":["ADK038","ARD012","Kolfa004","Kolfa009","Kolfa016","Kolfa019","Kolfa031","Lafto030"],"terminus":1,"mode":"bus","color":"#e8a000","colorDark":"#7d5600","angle":268.6,"mstop":"all","snapDist":1,"label":1}},{"type":"Feature","geometry":{"type":"Point","coordinates":[38.743853,9.008793]},"properties":{"name":"Mexico","lines":"ADK038, ADK044, ARD012, Kal037, Lafto024, Lafto025, Lafto026","arr":["ADK038","ADK044","ARD012","Kal037","Lafto024","Lafto025","Lafto026"],"terminus":1,"mode":"bus","color":"#e8a000","colorDark":"#7d5600","angle":295.4,"mstop":"all","snapDist":6,"label":0}},{"type":"Feature","geometry":{"type":"Point","coordinates":[38.734158,8.98306]},"properties":{"name":"Mekanisa Abo","lines":"ADK038, ADK044, ARD012, Lafto024, Lafto025, Lafto026","arr":["ADK038","ADK044","ARD012","Lafto024","Lafto025","Lafto026"],"terminus":0,"mode":"bus","color":"#e8a000","colorDark":"#7d5600","angle":291.3,"mstop":"all","snapDist":1,"label":0}},{"type":"Feature","geometry":{"type":"Point","coordinates":[38.731147,8.972925]},"properties":{"name":"Mekanisa","lines":"ADK038, ADK044, Kal037, Lafto006, Lafto007","arr":["ADK038","ADK044","Kal037","Lafto006","Lafto007"],"terminus":0,"mode":"bus","color":"#e8a000","colorDark":"#7d5600","angle":288.8,"mstop":"all","snapDist":1,"label":0}},{"type":"Feature","geometry":{"type":"Point","coordinates":[38.731241,8.972886]},"properties":{"name":"Mekanisa","lines":"ADK038, ADK044, Kal037, Lafto006, Lafto007, Lafto026, Lafto032","arr":["ADK038","ADK044","Kal037","Lafto006","Lafto007","Lafto026","Lafto032"],"terminus":0,"mode":"bus","color":"#e8a000","colorDark":"#7d5600","angle":117.7,"mstop":"all","snapDist":1,"label":0}},{"type":"Feature","geometry":{"type":"Point","coordinates":[38.734404,8.982324]},"properties":{"name":"Abo Mazoria","lines":"ADK038, ADK044, Kal037, Lafto006, Lafto007, Lafto017, Lafto026","arr":["ADK038","ADK044","Kal037","Lafto006","Lafto007","Lafto017","Lafto026"],"terminus":0,"mode":"bus","color":"#e8a000","colorDark":"#7d5600","angle":71.1,"mstop":"all","snapDist":2,"label":0}},{"type":"Feature","geometry":{"type":"Point","coordinates":[38.73956,8.999017]},"properties":{"name":"AU (Mikael) Rounrdabout","lines":"ADK038, ADK044, ARD012, Kolfa008, Kolfa015, Kolfe003, Lafto006, Lafto007, Lafto017, Lafto024, Lafto025, Lafto026, Lafto032","arr":["ADK038","ADK044","ARD012","Kolfa008","Kolfa015","Kolfe003","Lafto006","Lafto007","Lafto017","Lafto024","Lafto025","Lafto026","Lafto032"],"terminus":0,"mode":"bus","color":"#e8a000","colorDark":"#7d5600","angle":95.2,"mstop":"all","snapDist":1,"label":0}},{"type":"Feature","geometry":{"type":"Point","coordinates":[38.744019,9.008867]},"properties":{"name":"Mexico","lines":"ADK038, ADK044, ARD012, Kal037, Lafto024, Lafto025, Lafto026","arr":["ADK038","ADK044","ARD012","Kal037","Lafto024","Lafto025","Lafto026"],"terminus":1,"mode":"bus","color":"#e8a000","colorDark":"#7d5600","angle":114.8,"mstop":"all","snapDist":0,"label":0}},{"type":"Feature","geometry":{"type":"Point","coordinates":[38.70865,9.033294]},"properties":{"name":"Luwkanda","lines":"ADK039, ADK045, ARD013","arr":["ADK039","ADK045","ARD013"],"terminus":1,"mode":"bus","color":"#e8a000","colorDark":"#7d5600","angle":178.3,"mstop":"all","snapDist":1,"label":1}},{"type":"Feature","geometry":{"type":"Point","coordinates":[38.712679,9.033514]},"properties":{"name":"18 Mazoria","lines":"ADK039, ADK045, ARD013, Kolfa042","arr":["ADK039","ADK045","ARD013","Kolfa042"],"terminus":0,"mode":"bus","color":"#e8a000","colorDark":"#7d5600","angle":177.2,"mstop":"all","snapDist":1,"label":0}},{"type":"Feature","geometry":{"type":"Point","coordinates":[38.716431,9.037295]},"properties":{"name":"Abysinia Coffee","lines":"ADK039, ADK040, ADK045, ADK055, Kolfa042","arr":["ADK039","ADK040","ADK045","ADK055","Kolfa042"],"terminus":0,"mode":"bus","color":"#e8a000","colorDark":"#7d5600","angle":95.4,"mstop":"all","snapDist":1,"label":0}},{"type":"Feature","geometry":{"type":"Point","coordinates":[38.716431,9.037289]},"properties":{"name":"Abysinia Coffee","lines":"ADK039, ADK045, ARD013, Kolfa042","arr":["ADK039","ADK045","ARD013","Kolfa042"],"terminus":0,"mode":"bus","color":"#e8a000","colorDark":"#7d5600","angle":275.4,"mstop":"all","snapDist":2,"label":0}},{"type":"Feature","geometry":{"type":"Point","coordinates":[38.712676,9.033514]},"properties":{"name":"18 Mazoria","lines":"ADK039, ADK045, ARD013, Kolfa042","arr":["ADK039","ADK045","ARD013","Kolfa042"],"terminus":0,"mode":"bus","color":"#e8a000","colorDark":"#7d5600","angle":357.2,"mstop":"all","snapDist":1,"label":0}},{"type":"Feature","geometry":{"type":"Point","coordinates":[38.70865,9.033294]},"properties":{"name":"Luwkanda","lines":"ADK039, ADK045, ARD013","arr":["ADK039","ADK045","ARD013"],"terminus":1,"mode":"bus","color":"#e8a000","colorDark":"#7d5600","angle":358.3,"mstop":"all","snapDist":2,"label":0}},{"type":"Feature","geometry":{"type":"Point","coordinates":[38.708781,9.051538]},"properties":{"name":"4 Menta Adebabay","lines":"ADK040, ADK055","arr":["ADK040","ADK055"],"terminus":0,"mode":"bus","color":"#e8a000","colorDark":"#7d5600","angle":341.6,"mstop":"all","snapDist":0,"label":0}},{"type":"Feature","geometry":{"type":"Point","coordinates":[38.705893,9.050371]},"properties":{"name":"Tero Mosque","lines":"ADK040, ADK055","arr":["ADK040","ADK055"],"terminus":0,"mode":"bus","color":"#e8a000","colorDark":"#7d5600","angle":319.8,"mstop":"all","snapDist":0,"label":1}},{"type":"Feature","geometry":{"type":"Point","coordinates":[38.705893,9.050371]},"properties":{"name":"Tero Mosque","lines":"ADK040, ADK055","arr":["ADK040","ADK055"],"terminus":0,"mode":"bus","color":"#e8a000","colorDark":"#7d5600","angle":139.8,"mstop":"all","snapDist":0,"label":0}},{"type":"Feature","geometry":{"type":"Point","coordinates":[38.708806,9.0515]},"properties":{"name":"4 Menta Adebabay","lines":"ADK040, ADK055","arr":["ADK040","ADK055"],"terminus":0,"mode":"bus","color":"#e8a000","colorDark":"#7d5600","angle":183.4,"mstop":"all","snapDist":0,"label":0}},{"type":"Feature","geometry":{"type":"Point","coordinates":[38.71494,9.033748]},"properties":{"name":"18 Mazoria","lines":"ADK040, ADK055","arr":["ADK040","ADK055"],"terminus":0,"mode":"bus","color":"#e8a000","colorDark":"#7d5600","angle":161.1,"mstop":"all","snapDist":2,"label":0}},{"type":"Feature","geometry":{"type":"Point","coordinates":[38.752016,9.026873]},"properties":{"name":"Tewodros Square","lines":"ADK042","arr":["ADK042"],"terminus":0,"mode":"bus","color":"#e8a000","colorDark":"#7d5600","angle":187.9,"mstop":"all","snapDist":1,"label":0}},{"type":"Feature","geometry":{"type":"Point","coordinates":[38.771812,9.027987]},"properties":{"name":"Abuare Gebeya","lines":"ADK042","arr":["ADK042"],"terminus":0,"mode":"bus","color":"#e8a000","colorDark":"#7d5600","angle":196.4,"mstop":"all","snapDist":0,"label":1}},{"type":"Feature","geometry":{"type":"Point","coordinates":[38.775803,9.026462]},"properties":{"name":"Abuare Roundabout","lines":"ADK042","arr":["ADK042"],"terminus":0,"mode":"bus","color":"#e8a000","colorDark":"#7d5600","angle":232.8,"mstop":"all","snapDist":2,"label":0}},{"type":"Feature","geometry":{"type":"Point","coordinates":[38.781475,9.023392]},"properties":{"name":"Signal","lines":"ADK042, LID010","arr":["ADK042","LID010"],"terminus":0,"mode":"bus","color":"#e8a000","colorDark":"#7d5600","angle":192.2,"mstop":"all","snapDist":2,"label":0}},{"type":"Feature","geometry":{"type":"Point","coordinates":[38.793997,9.0211]},"properties":{"name":"Lem Hotel","lines":"ADK042, LID010","arr":["ADK042","LID010"],"terminus":0,"mode":"bus","color":"#e8a000","colorDark":"#7d5600","angle":189.1,"mstop":"all","snapDist":2,"label":0}},{"type":"Feature","geometry":{"type":"Point","coordinates":[38.800608,9.020062]},"properties":{"name":"Megenagna","lines":"ADK042, LID010","arr":["ADK042","LID010"],"terminus":0,"mode":"bus","color":"#e8a000","colorDark":"#7d5600","angle":197.3,"mstop":"all","snapDist":3,"label":0}},{"type":"Feature","geometry":{"type":"Point","coordinates":[38.801978,9.019882]},"properties":{"name":"Megenagna","lines":"ADK042, Bole005, Bole006, LK007","arr":["ADK042","Bole005","Bole006","LK007"],"terminus":0,"mode":"bus","color":"#e8a000","colorDark":"#7d5600","angle":19.2,"mstop":"all","snapDist":0,"label":0}},{"type":"Feature","geometry":{"type":"Point","coordinates":[38.775892,9.026507]},"properties":{"name":"Abuare Roundabout","lines":"ADK042","arr":["ADK042"],"terminus":0,"mode":"bus","color":"#e8a000","colorDark":"#7d5600","angle":56.2,"mstop":"all","snapDist":2,"label":0}},{"type":"Feature","geometry":{"type":"Point","coordinates":[38.771834,9.028068]},"properties":{"name":"Abuare Gebeya","lines":"ADK042, LID010","arr":["ADK042","LID010"],"terminus":0,"mode":"bus","color":"#e8a000","colorDark":"#7d5600","angle":15.7,"mstop":"all","snapDist":0,"label":0}},{"type":"Feature","geometry":{"type":"Point","coordinates":[38.752059,9.026978]},"properties":{"name":"Tewodros Square","lines":"ADK042, LID010","arr":["ADK042","LID010"],"terminus":0,"mode":"bus","color":"#e8a000","colorDark":"#7d5600","angle":10.3,"mstop":"all","snapDist":3,"label":0}},{"type":"Feature","geometry":{"type":"Point","coordinates":[38.743304,9.028905]},"properties":{"name":"Tekle Haimanot","lines":"ADK042","arr":["ADK042"],"terminus":0,"mode":"bus","color":"#e8a000","colorDark":"#7d5600","angle":49.5,"mstop":"all","snapDist":4,"label":0}},{"type":"Feature","geometry":{"type":"Point","coordinates":[38.70045,9.0151]},"properties":{"name":"Mendida","lines":"ADK043, Kolfa034, Kolfe035","arr":["ADK043","Kolfa034","Kolfe035"],"terminus":0,"mode":"bus","color":"#e8a000","colorDark":"#7d5600","angle":20.2,"mstop":"all","snapDist":2,"label":0}},{"type":"Feature","geometry":{"type":"Point","coordinates":[38.700709,9.017873]},"properties":{"name":"Keranio Adebabay","lines":"ADK043, Kolfa034, Kolfe042","arr":["ADK043","Kolfa034","Kolfe042"],"terminus":0,"mode":"bus","color":"#e8a000","colorDark":"#7d5600","angle":1.7,"mstop":"all","snapDist":3,"label":0}},{"type":"Feature","geometry":{"type":"Point","coordinates":[38.696957,9.018842]},"properties":{"name":"Yeshi Debele","lines":"ADK043, Kolfa024, Kolfa026, Kolfa027, Kolfa028, Kolfa034, Kolfe042","arr":["ADK043","Kolfa024","Kolfa026","Kolfa027","Kolfa028","Kolfa034","Kolfe042"],"terminus":1,"mode":"bus","color":"#e8a000","colorDark":"#7d5600","angle":19.2,"mstop":"all","snapDist":1,"label":0}},{"type":"Feature","geometry":{"type":"Point","coordinates":[38.697199,9.018567]},"properties":{"name":"Yeshi Debele","lines":"ADK043, Kolfa024, Kolfa026, Kolfa027, Kolfa028, Kolfa034, Kolfe042","arr":["ADK043","Kolfa024","Kolfa026","Kolfa027","Kolfa028","Kolfa034","Kolfe042"],"terminus":1,"mode":"bus","color":"#e8a000","colorDark":"#7d5600","angle":200.2,"mstop":"all","snapDist":2,"label":1}},{"type":"Feature","geometry":{"type":"Point","coordinates":[38.733477,9.021393]},"properties":{"name":"Abenet","lines":"ADK044, Kolfa001, Kolfa013, Kolfa026, Lafto042","arr":["ADK044","Kolfa001","Kolfa013","Kolfa026","Lafto042"],"terminus":0,"mode":"bus","color":"#e8a000","colorDark":"#7d5600","angle":96.4,"mstop":"all","snapDist":2,"label":0}},{"type":"Feature","geometry":{"type":"Point","coordinates":[38.766197,8.944839]},"properties":{"name":"Saris Abo","lines":"ADK047, ADK048, ARD004, Kal003, Kal013, Kal017, Kal021, Kal030, Kal034, KRK008, KRK015, Lafto012, Lafto038, Lafto039, Lafto043","arr":["ADK047","ADK048","ARD004","Kal003","Kal013","Kal017","Kal021","Kal030","Kal034","KRK008","KRK015","Lafto012","Lafto038","Lafto039","Lafto043"],"terminus":1,"mode":"bus","color":"#e8a000","colorDark":"#7d5600","angle":246.1,"mstop":"all","snapDist":2,"label":0}},{"type":"Feature","geometry":{"type":"Point","coordinates":[38.766396,8.944855]},"properties":{"name":"Saris Abo","lines":"ADK047, ADK048, Kal003, Kal011, Kal021, Kal030, Kal034, KRK015, Lafto012, Lafto038, Lafto039, Lafto043","arr":["ADK047","ADK048","Kal003","Kal011","Kal021","Kal030","Kal034","KRK015","Lafto012","Lafto038","Lafto039","Lafto043"],"terminus":1,"mode":"bus","color":"#e8a000","colorDark":"#7d5600","angle":64.7,"mstop":"all","snapDist":1,"label":0}},{"type":"Feature","geometry":{"type":"Point","coordinates":[38.705006,9.013941]},"properties":{"name":"Mewcha","lines":"ADK052, Kolfa001, Kolfa004, Kolfa005, Kolfa009, Kolfa010, Kolfa018, Kolfa026","arr":["ADK052","Kolfa001","Kolfa004","Kolfa005","Kolfa009","Kolfa010","Kolfa018","Kolfa026"],"terminus":0,"mode":"bus","color":"#e8a000","colorDark":"#7d5600","angle":182.4,"mstop":"all","snapDist":1,"label":0}},{"type":"Feature","geometry":{"type":"Point","coordinates":[38.717909,9.017139]},"properties":{"name":"Kolfe Keranyo","lines":"ADK052, Kolfa010, Kolfa018, Kolfa025, Kolfe023","arr":["ADK052","Kolfa010","Kolfa018","Kolfa025","Kolfe023"],"terminus":0,"mode":"bus","color":"#e8a000","colorDark":"#7d5600","angle":52.9,"mstop":"all","snapDist":3,"label":0}},{"type":"Feature","geometry":{"type":"Point","coordinates":[38.714689,9.029515]},"properties":{"name":"Mebrat Haile","lines":"ADK052, Kolfa010, Kolfa018, Kolfa022, Kolfa024, Kolfa025, Kolfa027, Kolfa028, Kolfa037, Kolfe023","arr":["ADK052","Kolfa010","Kolfa018","Kolfa022","Kolfa024","Kolfa025","Kolfa027","Kolfa028","Kolfa037","Kolfe023"],"terminus":0,"mode":"bus","color":"#e8a000","colorDark":"#7d5600","angle":265.7,"mstop":"all","snapDist":1,"label":0}},{"type":"Feature","geometry":{"type":"Point","coordinates":[38.720243,9.012187]},"properties":{"name":"Torhayloch","lines":"ADK052, Kolfa001, Kolfa004, Kolfa005, Kolfa009, Kolfa010, Kolfa018, Kolfa024, Kolfe035","arr":["ADK052","Kolfa001","Kolfa004","Kolfa005","Kolfa009","Kolfa010","Kolfa018","Kolfa024","Kolfe035"],"terminus":0,"mode":"bus","color":"#e8a000","colorDark":"#7d5600","angle":10.3,"mstop":"all","snapDist":7,"label":0}},{"type":"Feature","geometry":{"type":"Point","coordinates":[38.784464,8.990843]},"properties":{"name":"Friendship Building","lines":"ADK053, Bole019, Bole020, KRK012, KRK017","arr":["ADK053","Bole019","Bole020","KRK012","KRK017"],"terminus":0,"mode":"bus","color":"#e8a000","colorDark":"#7d5600","angle":21.9,"mstop":"all","snapDist":2,"label":0}},{"type":"Feature","geometry":{"type":"Point","coordinates":[38.77984,8.99236]},"properties":{"name":"Rwanda","lines":"ADK053, Bole019, Bole020, KRK012, KRK017","arr":["ADK053","Bole019","Bole020","KRK012","KRK017"],"terminus":0,"mode":"bus","color":"#e8a000","colorDark":"#7d5600","angle":10.7,"mstop":"all","snapDist":3,"label":0}},{"type":"Feature","geometry":{"type":"Point","coordinates":[38.771657,8.997888]},"properties":{"name":"Bole Printing Press","lines":"ADK053, Bole015, Bole016, Bole018, Bole019, Bole020, KRK012, KRK017, KRK020","arr":["ADK053","Bole015","Bole016","Bole018","Bole019","Bole020","KRK012","KRK017","KRK020"],"terminus":0,"mode":"bus","color":"#e8a000","colorDark":"#7d5600","angle":63.4,"mstop":"all","snapDist":8,"label":0}},{"type":"Feature","geometry":{"type":"Point","coordinates":[38.768496,9.003783]},"properties":{"name":"Dembel","lines":"ADK053, Bole015, Bole016, Bole018, Bole019, Bole020, KRK012, KRK017, KRK020","arr":["ADK053","Bole015","Bole016","Bole018","Bole019","Bole020","KRK012","KRK017","KRK020"],"terminus":0,"mode":"bus","color":"#e8a000","colorDark":"#7d5600","angle":67,"mstop":"all","snapDist":16,"label":1}},{"type":"Feature","geometry":{"type":"Point","coordinates":[38.741181,9.033843]},"properties":{"name":"Raguel Church","lines":"ADK055, ADK057, ADK058, ARD013, Gl010, YK013, YK017","arr":["ADK055","ADK057","ADK058","ARD013","Gl010","YK013","YK017"],"terminus":1,"mode":"bus","color":"#e8a000","colorDark":"#7d5600","angle":172.2,"mstop":"all","snapDist":1,"label":0}},{"type":"Feature","geometry":{"type":"Point","coordinates":[38.747658,9.021484]},"properties":{"name":"Tikur Anbesa","lines":"ADK055","arr":["ADK055"],"terminus":0,"mode":"bus","color":"#e8a000","colorDark":"#7d5600","angle":262,"mstop":"all","snapDist":2,"label":0}},{"type":"Feature","geometry":{"type":"Point","coordinates":[38.747752,9.021683]},"properties":{"name":"Tikur Anbesa","lines":"ADK055","arr":["ADK055"],"terminus":0,"mode":"bus","color":"#e8a000","colorDark":"#7d5600","angle":66.1,"mstop":"all","snapDist":1,"label":0}},{"type":"Feature","geometry":{"type":"Point","coordinates":[38.802819,9.019853]},"properties":{"name":"Megenagna","lines":"ADK057","arr":["ADK057"],"terminus":0,"mode":"bus","color":"#e8a000","colorDark":"#7d5600","angle":353.1,"mstop":"all","snapDist":1,"label":0}},{"type":"Feature","geometry":{"type":"Point","coordinates":[38.795371,9.025021]},"properties":{"name":"Shola (Yeka Court)","lines":"ADK057, Gl005, TX008","arr":["ADK057","Gl005","TX008"],"terminus":0,"mode":"bus","color":"#e8a000","colorDark":"#7d5600","angle":31,"mstop":"all","snapDist":3,"label":0}},{"type":"Feature","geometry":{"type":"Point","coordinates":[38.764806,9.03233]},"properties":{"name":"4 Kilo","lines":"ADK057, ARD001, ARD007, YK008, YK017, YK021","arr":["ADK057","ARD001","ARD007","YK008","YK017","YK021"],"terminus":0,"mode":"bus","color":"#e8a000","colorDark":"#7d5600","angle":16.1,"mstop":"all","snapDist":1,"label":1}},{"type":"Feature","geometry":{"type":"Point","coordinates":[38.74133,9.034023]},"properties":{"name":"Raguel Church","lines":"ADK057, ADK058, ARD013, Gl010, Kolfa042, YK013, YK017, YK019","arr":["ADK057","ADK058","ARD013","Gl010","Kolfa042","YK013","YK017","YK019"],"terminus":1,"mode":"bus","color":"#e8a000","colorDark":"#7d5600","angle":352.3,"mstop":"all","snapDist":2,"label":0}},{"type":"Feature","geometry":{"type":"Point","coordinates":[38.764598,9.032293]},"properties":{"name":"4 Kilo","lines":"ADK057, ARD001, ARD007, YK008, YK017, YK019, YK021","arr":["ADK057","ARD001","ARD007","YK008","YK017","YK019","YK021"],"terminus":0,"mode":"bus","color":"#e8a000","colorDark":"#7d5600","angle":203,"mstop":"all","snapDist":1,"label":0}},{"type":"Feature","geometry":{"type":"Point","coordinates":[38.776927,9.034344]},"properties":{"name":"Kebena","lines":"ADK057, ARD001, YK008, YK017, YK019, YK021","arr":["ADK057","ARD001","YK008","YK017","YK019","YK021"],"terminus":0,"mode":"bus","color":"#e8a000","colorDark":"#7d5600","angle":136.2,"mstop":"all","snapDist":3,"label":0}},{"type":"Feature","geometry":{"type":"Point","coordinates":[38.779976,9.034447]},"properties":{"name":"Kokebe Tsebah (Kebena)","lines":"ADK057, ARD007, YK006, YK011, YK021","arr":["ADK057","ARD007","YK006","YK011","YK021"],"terminus":0,"mode":"bus","color":"#e8a000","colorDark":"#7d5600","angle":226.8,"mstop":"all","snapDist":3,"label":0}},{"type":"Feature","geometry":{"type":"Point","coordinates":[38.752278,9.036602]},"properties":{"name":"Piassa","lines":"ADK058, ARD001, ARD003, Gl003, Gl008, Gl010, Gl011, YK013, YK019","arr":["ADK058","ARD001","ARD003","Gl003","Gl008","Gl010","Gl011","YK013","YK019"],"terminus":1,"mode":"bus","color":"#e8a000","colorDark":"#7d5600","angle":263.4,"mstop":"all","snapDist":10,"label":1}},{"type":"Feature","geometry":{"type":"Point","coordinates":[38.749295,9.035333]},"properties":{"name":"Abune Petros","lines":"ADK058, ARD013, Gl010, Kolfa042","arr":["ADK058","ARD013","Gl010","Kolfa042"],"terminus":0,"mode":"bus","color":"#e8a000","colorDark":"#7d5600","angle":333.4,"mstop":"all","snapDist":4,"label":0}},{"type":"Feature","geometry":{"type":"Point","coordinates":[38.74932,9.035125]},"properties":{"name":"Abune Petros","lines":"ADK058, Gl010","arr":["ADK058","Gl010"],"terminus":0,"mode":"bus","color":"#e8a000","colorDark":"#7d5600","angle":154.7,"mstop":"all","snapDist":3,"label":0}},{"type":"Feature","geometry":{"type":"Point","coordinates":[38.799844,9.022501]},"properties":{"name":"Megenagna","lines":"ARD001, ARD007, YK001, YK006, YK011","arr":["ARD001","ARD007","YK001","YK006","YK011"],"terminus":1,"mode":"bus","color":"#e8a000","colorDark":"#7d5600","angle":29,"mstop":"all","snapDist":1,"label":0}},{"type":"Feature","geometry":{"type":"Point","coordinates":[38.752736,9.035295]},"properties":{"name":"Piassa","lines":"ARD001, ARD003, Gl008","arr":["ARD001","ARD003","Gl008"],"terminus":1,"mode":"bus","color":"#e8a000","colorDark":"#7d5600","angle":65.8,"mstop":"all","snapDist":7,"label":0}},{"type":"Feature","geometry":{"type":"Point","coordinates":[38.799746,9.022418]},"properties":{"name":"Megenagna","lines":"ARD001, ARD007, YK006, YK011, YK017","arr":["ARD001","ARD007","YK006","YK011","YK017"],"terminus":1,"mode":"bus","color":"#e8a000","colorDark":"#7d5600","angle":210.4,"mstop":"all","snapDist":1,"label":0}},{"type":"Feature","geometry":{"type":"Point","coordinates":[38.752241,9.021093]},"properties":{"name":"Tikur Anbesa","lines":"ARD002, ARD004, ARD008, ARD016, Bole018, Bole019, Gl011, Kolfa014, KRK016, Lafto017, Lafto025","arr":["ARD002","ARD004","ARD008","ARD016","Bole018","Bole019","Gl011","Kolfa014","KRK016","Lafto017","Lafto025"],"terminus":0,"mode":"bus","color":"#e8a000","colorDark":"#7d5600","angle":85.4,"mstop":"all","snapDist":2,"label":1}},{"type":"Feature","geometry":{"type":"Point","coordinates":[38.751775,9.026415]},"properties":{"name":"Tewodros Square","lines":"ARD002, ARD004, ARD005, ARD008, ARD012, ARD016, Bole018, Bole019, Gl011, Kolfa014, KRK016, Lafto014, Lafto025","arr":["ARD002","ARD004","ARD005","ARD008","ARD012","ARD016","Bole018","Bole019","Gl011","Kolfa014","KRK016","Lafto014","Lafto025"],"terminus":0,"mode":"bus","color":"#e8a000","colorDark":"#7d5600","angle":85.7,"mstop":"all","snapDist":2,"label":0}},{"type":"Feature","geometry":{"type":"Point","coordinates":[38.751135,9.032177]},"properties":{"name":"Piassa Arada","lines":"ARD002, ARD004, ARD005, ARD006, ARD008, ARD012, ARD016, Bole018, Bole019, Gl004, Gl011, Kolfa014, KRK016, Lafto014, Lafto017, Lafto025, LID003","arr":["ARD002","ARD004","ARD005","ARD006","ARD008","ARD012","ARD016","Bole018","Bole019","Gl004","Gl011","Kolfa014","KRK016","Lafto014","Lafto017","Lafto025","LID003"],"terminus":1,"mode":"bus","color":"#e8a000","colorDark":"#7d5600","angle":265.8,"mstop":"all","snapDist":3,"label":0}},{"type":"Feature","geometry":{"type":"Point","coordinates":[38.758491,9.000117]},"properties":{"name":"Tele Garage","lines":"ARD002, ARD008, KRK011","arr":["ARD002","ARD008","KRK011"],"terminus":0,"mode":"bus","color":"#e8a000","colorDark":"#7d5600","angle":271.1,"mstop":"all","snapDist":1,"label":0}},{"type":"Feature","geometry":{"type":"Point","coordinates":[38.751797,9.038558]},"properties":{"name":"St. George Church","lines":"ARD003, Gl008, Gl011","arr":["ARD003","Gl008","Gl011"],"terminus":0,"mode":"bus","color":"#e8a000","colorDark":"#7d5600","angle":64,"mstop":"all","snapDist":2,"label":0}},{"type":"Feature","geometry":{"type":"Point","coordinates":[38.746249,9.048449]},"properties":{"name":"Shola","lines":"ARD003, Gl002, Gl008, Gl011","arr":["ARD003","Gl002","Gl008","Gl011"],"terminus":0,"mode":"bus","color":"#e8a000","colorDark":"#7d5600","angle":58.2,"mstop":"all","snapDist":0,"label":0}},{"type":"Feature","geometry":{"type":"Point","coordinates":[38.743227,9.052866]},"properties":{"name":"Semen Mazegaga","lines":"ARD003, Gl002, Gl008, Gl011, YK001","arr":["ARD003","Gl002","Gl008","Gl011","YK001"],"terminus":0,"mode":"bus","color":"#e8a000","colorDark":"#7d5600","angle":55.4,"mstop":"all","snapDist":1,"label":0}},{"type":"Feature","geometry":{"type":"Point","coordinates":[38.737894,9.059201]},"properties":{"name":"Addisu Gebeya","lines":"ARD003, Gl002, Gl006, Gl008, Gl011, Gl018, YK001","arr":["ARD003","Gl002","Gl006","Gl008","Gl011","Gl018","YK001"],"terminus":1,"mode":"bus","color":"#e8a000","colorDark":"#7d5600","angle":47.3,"mstop":"all","snapDist":1,"label":0}},{"type":"Feature","geometry":{"type":"Point","coordinates":[38.73746,9.059491]},"properties":{"name":"Addisu Gebeya","lines":"ARD003, Gl002, Gl006, Gl008, Gl011, Gl018, YK001","arr":["ARD003","Gl002","Gl006","Gl008","Gl011","Gl018","YK001"],"terminus":1,"mode":"bus","color":"#e8a000","colorDark":"#7d5600","angle":225.9,"mstop":"all","snapDist":0,"label":0}},{"type":"Feature","geometry":{"type":"Point","coordinates":[38.743139,9.052825]},"properties":{"name":"Semen Mazegaga","lines":"ARD003, Gl002, Gl008, Gl011","arr":["ARD003","Gl002","Gl008","Gl011"],"terminus":0,"mode":"bus","color":"#e8a000","colorDark":"#7d5600","angle":235,"mstop":"all","snapDist":2,"label":0}},{"type":"Feature","geometry":{"type":"Point","coordinates":[38.746168,9.048407]},"properties":{"name":"Shola","lines":"ARD003, Gl002, Gl008, Gl011","arr":["ARD003","Gl002","Gl008","Gl011"],"terminus":0,"mode":"bus","color":"#e8a000","colorDark":"#7d5600","angle":234.3,"mstop":"all","snapDist":2,"label":0}},{"type":"Feature","geometry":{"type":"Point","coordinates":[38.751708,9.038539]},"properties":{"name":"St. George Church","lines":"ARD003, Gl003, Gl008","arr":["ARD003","Gl003","Gl008"],"terminus":0,"mode":"bus","color":"#e8a000","colorDark":"#7d5600","angle":244.6,"mstop":"all","snapDist":3,"label":0}},{"type":"Feature","geometry":{"type":"Point","coordinates":[38.754428,9.011853]},"properties":{"name":"Legehar","lines":"ARD004, Kal017, Kolfa037, KRK002, KRK006, KRK008, KRK020, LID004, LID009","arr":["ARD004","Kal017","Kolfa037","KRK002","KRK006","KRK008","KRK020","LID004","LID009"],"terminus":0,"mode":"bus","color":"#e8a000","colorDark":"#7d5600","angle":174.2,"mstop":"all","snapDist":0,"label":0}},{"type":"Feature","geometry":{"type":"Point","coordinates":[38.759639,8.988085]},"properties":{"name":"Agona","lines":"ARD004, Kal006, Kal017, KRK011, KRK015","arr":["ARD004","Kal006","Kal017","KRK011","KRK015"],"terminus":0,"mode":"bus","color":"#e8a000","colorDark":"#7d5600","angle":255.3,"mstop":"all","snapDist":1,"label":0}},{"type":"Feature","geometry":{"type":"Point","coordinates":[38.763358,8.952813]},"properties":{"name":"Saris","lines":"ARD004, Kal013, Kal017, Lafto012","arr":["ARD004","Kal013","Kal017","Lafto012"],"terminus":0,"mode":"bus","color":"#e8a000","colorDark":"#7d5600","angle":275.5,"mstop":"all","snapDist":2,"label":0}},{"type":"Feature","geometry":{"type":"Point","coordinates":[38.764405,8.935775]},"properties":{"name":"kality Maseltegna","lines":"ARD004, Kal011, Kal017, Lafto012","arr":["ARD004","Kal011","Kal017","Lafto012"],"terminus":0,"mode":"bus","color":"#e8a000","colorDark":"#7d5600","angle":240.3,"mstop":"all","snapDist":9,"label":0}},{"type":"Feature","geometry":{"type":"Point","coordinates":[38.752059,9.022067]},"properties":{"name":"Post Office","lines":"ARD005, ARD012, Kolfa014, Lafto017, Lafto025","arr":["ARD005","ARD012","Kolfa014","Lafto017","Lafto025"],"terminus":0,"mode":"bus","color":"#e8a000","colorDark":"#7d5600","angle":264.7,"mstop":"all","snapDist":2,"label":1}},{"type":"Feature","geometry":{"type":"Point","coordinates":[38.72558,8.99141]},"properties":{"name":"Bisrate Gebrael","lines":"ARD005, Kolfa008, Kolfa015, KRK003, Lafto010, Lafto014, TX002","arr":["ARD005","Kolfa008","Kolfa015","KRK003","Lafto010","Lafto014","TX002"],"terminus":0,"mode":"bus","color":"#e8a000","colorDark":"#7d5600","angle":310,"mstop":"all","snapDist":2,"label":0}},{"type":"Feature","geometry":{"type":"Point","coordinates":[38.748089,9.021012]},"properties":{"name":"Tikur Anbesa","lines":"ARD005","arr":["ARD005"],"terminus":0,"mode":"bus","color":"#e8a000","colorDark":"#7d5600","angle":175.2,"mstop":"all","snapDist":4,"label":0}},{"type":"Feature","geometry":{"type":"Point","coordinates":[38.751697,9.027354]},"properties":{"name":"Tewodros Square","lines":"ARD006, LID003","arr":["ARD006","LID003"],"terminus":0,"mode":"bus","color":"#e8a000","colorDark":"#7d5600","angle":86.6,"mstop":"all","snapDist":2,"label":0}},{"type":"Feature","geometry":{"type":"Point","coordinates":[38.753882,9.018387]},"properties":{"name":"Ambasader","lines":"ARD009","arr":["ARD009"],"terminus":0,"mode":"bus","color":"#e8a000","colorDark":"#7d5600","angle":327.3,"mstop":"all","snapDist":2,"label":1}},{"type":"Feature","geometry":{"type":"Point","coordinates":[38.753968,9.018289]},"properties":{"name":"Ambasader","lines":"ARD009","arr":["ARD009"],"terminus":0,"mode":"bus","color":"#e8a000","colorDark":"#7d5600","angle":147.2,"mstop":"all","snapDist":1,"label":0}},{"type":"Feature","geometry":{"type":"Point","coordinates":[38.761942,9.033134]},"properties":{"name":"Tourist Hotel","lines":"ARD009","arr":["ARD009"],"terminus":0,"mode":"bus","color":"#e8a000","colorDark":"#7d5600","angle":100.1,"mstop":"all","snapDist":2,"label":0}},{"type":"Feature","geometry":{"type":"Point","coordinates":[38.762871,9.036147]},"properties":{"name":"4 Kilo","lines":"ARD011, YK007","arr":["ARD011","YK007"],"terminus":0,"mode":"bus","color":"#e8a000","colorDark":"#7d5600","angle":262.2,"mstop":"all","snapDist":4,"label":0}},{"type":"Feature","geometry":{"type":"Point","coordinates":[38.776207,8.981505]},"properties":{"name":"Bole Mickael","lines":"ARD011, Bole001, Kal033, Lafto044, TX005, YK009","arr":["ARD011","Bole001","Kal033","Lafto044","TX005","YK009"],"terminus":0,"mode":"bus","color":"#e8a000","colorDark":"#7d5600","angle":338.5,"mstop":"all","snapDist":15,"label":0}},{"type":"Feature","geometry":{"type":"Point","coordinates":[38.76682,8.963245]},"properties":{"name":"Kadisco Roundabout","lines":"ARD011, Bole001, Kal002, TX005","arr":["ARD011","Bole001","Kal002","TX005"],"terminus":0,"mode":"bus","color":"#e8a000","colorDark":"#7d5600","angle":256,"mstop":"all","snapDist":1,"label":1}},{"type":"Feature","geometry":{"type":"Point","coordinates":[38.765479,8.973752]},"properties":{"name":"Mamo (Nifas Silk)","lines":"ARD011, Bole001, Kal002, Kal033, Lafto044, TX005, YK009","arr":["ARD011","Bole001","Kal002","Kal033","Lafto044","TX005","YK009"],"terminus":0,"mode":"bus","color":"#e8a000","colorDark":"#7d5600","angle":94.1,"mstop":"all","snapDist":0,"label":1}},{"type":"Feature","geometry":{"type":"Point","coordinates":[38.767406,9.005639]},"properties":{"name":"Olympia","lines":"ARD011, Bole018, Bole019, TX005","arr":["ARD011","Bole018","Bole019","TX005"],"terminus":0,"mode":"bus","color":"#e8a000","colorDark":"#7d5600","angle":62,"mstop":"all","snapDist":8,"label":1}},{"type":"Feature","geometry":{"type":"Point","coordinates":[38.763098,9.035293]},"properties":{"name":"4 Kilo (Menlik)","lines":"ARD011, Gl007, Gl009, KRK013, TX005, YK007","arr":["ARD011","Gl007","Gl009","KRK013","TX005","YK007"],"terminus":1,"mode":"bus","color":"#e8a000","colorDark":"#7d5600","angle":82.3,"mstop":"all","snapDist":2,"label":1}},{"type":"Feature","geometry":{"type":"Point","coordinates":[38.734367,8.983285]},"properties":{"name":"Mekanisa Abo","lines":"ARD012, Lafto024, Lafto025, Lafto032","arr":["ARD012","Lafto024","Lafto025","Lafto032"],"terminus":0,"mode":"bus","color":"#e8a000","colorDark":"#7d5600","angle":126,"mstop":"all","snapDist":1,"label":0}},{"type":"Feature","geometry":{"type":"Point","coordinates":[38.744692,9.011452]},"properties":{"name":"Mexico Shebelle Hotel","lines":"ARD012, Kolfa004, Kolfa009, Kolfa016, Kolfa019, Kolfa031, Lafto030","arr":["ARD012","Kolfa004","Kolfa009","Kolfa016","Kolfa019","Kolfa031","Lafto030"],"terminus":1,"mode":"bus","color":"#e8a000","colorDark":"#7d5600","angle":89.3,"mstop":"all","snapDist":1,"label":0}},{"type":"Feature","geometry":{"type":"Point","coordinates":[38.751663,9.026393]},"properties":{"name":"Tewodros Square","lines":"ARD012, Gl011, Kolfa014, KRK016, Lafto025","arr":["ARD012","Gl011","Kolfa014","KRK016","Lafto025"],"terminus":0,"mode":"bus","color":"#e8a000","colorDark":"#7d5600","angle":265.2,"mstop":"all","snapDist":3,"label":0}},{"type":"Feature","geometry":{"type":"Point","coordinates":[38.77485,9.010347]},"properties":{"name":"St. Urael Church","lines":"ARD016, Bole023, KRK007","arr":["ARD016","Bole023","KRK007"],"terminus":0,"mode":"bus","color":"#e8a000","colorDark":"#7d5600","angle":236.4,"mstop":"all","snapDist":2,"label":0}},{"type":"Feature","geometry":{"type":"Point","coordinates":[38.779682,9.004194]},"properties":{"name":"Atlas","lines":"ARD016, Bole023, KRK007","arr":["ARD016","Bole023","KRK007"],"terminus":0,"mode":"bus","color":"#e8a000","colorDark":"#7d5600","angle":219.6,"mstop":"all","snapDist":1,"label":0}},{"type":"Feature","geometry":{"type":"Point","coordinates":[38.786065,8.998346]},"properties":{"name":"Bole Medhanyalem","lines":"ARD016, Bole023","arr":["ARD016","Bole023"],"terminus":0,"mode":"bus","color":"#e8a000","colorDark":"#7d5600","angle":222,"mstop":"all","snapDist":1,"label":1}},{"type":"Feature","geometry":{"type":"Point","coordinates":[38.786236,8.998447]},"properties":{"name":"Bole Medhanyalem","lines":"ARD016, Bole023","arr":["ARD016","Bole023"],"terminus":0,"mode":"bus","color":"#e8a000","colorDark":"#7d5600","angle":32,"mstop":"all","snapDist":1,"label":0}},{"type":"Feature","geometry":{"type":"Point","coordinates":[38.751929,8.98426]},"properties":{"name":"Kera (Mexico Stop)","lines":"B19","arr":["B19"],"terminus":0,"mode":"bus","color":"#0059a9","colorDark":"#00294f","angle":-156.3,"snapDist":10,"label":1}},{"type":"Feature","geometry":{"type":"Point","coordinates":[38.748628,8.985584]},"properties":{"name":"Kera (Green Market)","lines":"B19","arr":["B19"],"terminus":0,"mode":"bus","color":"#0059a9","colorDark":"#00294f","angle":24.8,"snapDist":14,"label":1}},{"type":"Feature","geometry":{"type":"Point","coordinates":[38.738199,9.016716]},"properties":{"name":"Geja Sefer (Darmar)","lines":"B19","arr":["B19"],"terminus":0,"mode":"bus","color":"#0059a9","colorDark":"#00294f","angle":95.5,"snapDist":1,"label":1}},{"type":"Feature","geometry":{"type":"Point","coordinates":[38.738094,9.018877]},"properties":{"name":"Mola Maru (Jos Hansen)","lines":"B19","arr":["B19"],"terminus":0,"mode":"bus","color":"#0059a9","colorDark":"#00294f","angle":347.1,"snapDist":1,"label":1}},{"type":"Feature","geometry":{"type":"Point","coordinates":[38.732249,9.033003]},"properties":{"name":"Autobis Tera (1)","lines":"B19, SH040","arr":["B19","SH040"],"terminus":1,"mode":"bus","color":"#0059a9","colorDark":"#00294f","angle":261.5,"snapDist":2,"label":0}},{"type":"Feature","geometry":{"type":"Point","coordinates":[38.763557,8.954719]},"properties":{"name":"Saris (Shoa Bakery)","lines":"B19","arr":["B19"],"terminus":0,"mode":"bus","color":"#0059a9","colorDark":"#00294f","angle":275.6,"snapDist":2,"label":1}},{"type":"Feature","geometry":{"type":"Point","coordinates":[38.732288,9.041262]},"properties":{"name":"Michael","lines":"B22, SH012","arr":["B22","SH012"],"terminus":0,"mode":"bus","color":"#0059a9","colorDark":"#00294f","angle":296.1,"snapDist":3,"label":0}},{"type":"Feature","geometry":{"type":"Point","coordinates":[38.732556,9.041888]},"properties":{"name":"Michael (2)","lines":"B22","arr":["B22"],"terminus":0,"mode":"bus","color":"#0059a9","colorDark":"#00294f","angle":104,"snapDist":2,"label":0}},{"type":"Feature","geometry":{"type":"Point","coordinates":[38.732427,9.031795]},"properties":{"name":"Autobis Tera (2)","lines":"B35, SH009, SH010","arr":["B35","SH009","SH010"],"terminus":1,"mode":"bus","color":"#0059a9","colorDark":"#00294f","angle":261.7,"snapDist":3,"label":0}},{"type":"Feature","geometry":{"type":"Point","coordinates":[38.610177,9.057602]},"properties":{"name":"Kela","lines":"B35","arr":["B35"],"terminus":1,"mode":"bus","color":"#0059a9","colorDark":"#00294f","angle":35.6,"snapDist":2,"label":0}},{"type":"Feature","geometry":{"type":"Point","coordinates":[38.761379,9.061824]},"properties":{"name":"Shero Meda","lines":"B37","arr":["B37"],"terminus":1,"mode":"bus","color":"#0059a9","colorDark":"#00294f","angle":68.4,"snapDist":2,"label":0}},{"type":"Feature","geometry":{"type":"Point","coordinates":[38.759861,9.058392]},"properties":{"name":"Tsehay Chora (ShiroMeda)","lines":"B37","arr":["B37"],"terminus":0,"mode":"bus","color":"#0059a9","colorDark":"#00294f","angle":284.9,"snapDist":4,"label":0}},{"type":"Feature","geometry":{"type":"Point","coordinates":[38.758862,9.05155]},"properties":{"name":"Menen","lines":"B37","arr":["B37"],"terminus":0,"mode":"bus","color":"#0059a9","colorDark":"#00294f","angle":267.6,"snapDist":2,"label":1}},{"type":"Feature","geometry":{"type":"Point","coordinates":[38.697629,8.982059]},"properties":{"name":"Ayer Tena","lines":"B40, Kolfa006, Kolfa007, Lafto002, Lafto003","arr":["B40","Kolfa006","Kolfa007","Lafto002","Lafto003"],"terminus":1,"mode":"bus","color":"#0059a9","colorDark":"#00294f","angle":230,"mstop":"mix","snapDist":1,"label":0}},{"type":"Feature","geometry":{"type":"Point","coordinates":[38.755004,8.930561]},"properties":{"name":"Hana Mariam (Bridge)","lines":"B40","arr":["B40"],"terminus":0,"mode":"bus","color":"#0059a9","colorDark":"#00294f","angle":183.5,"snapDist":2,"label":1}},{"type":"Feature","geometry":{"type":"Point","coordinates":[38.744457,8.936161]},"properties":{"name":"Hana Mariam (2)","lines":"B40, SH022","arr":["B40","SH022"],"terminus":1,"mode":"bus","color":"#0059a9","colorDark":"#00294f","angle":23.9,"snapDist":1,"label":0}},{"type":"Feature","geometry":{"type":"Point","coordinates":[38.790362,8.986723]},"properties":{"name":"Bole Bridge","lines":"Bole001, Bole003, Bole012, Kal033, YK009","arr":["Bole001","Bole003","Bole012","Kal033","YK009"],"terminus":1,"mode":"bus","color":"#e8a000","colorDark":"#7d5600","angle":321.7,"mstop":"all","snapDist":1,"label":0}},{"type":"Feature","geometry":{"type":"Point","coordinates":[38.781809,8.983674]},"properties":{"name":"Bole Cargo","lines":"Bole001, Bole012, Kal002, Lafto044","arr":["Bole001","Bole012","Kal002","Lafto044"],"terminus":0,"mode":"bus","color":"#e8a000","colorDark":"#7d5600","angle":340.1,"mstop":"all","snapDist":2,"label":0}},{"type":"Feature","geometry":{"type":"Point","coordinates":[38.77197,8.979788]},"properties":{"name":"Bole Mickael","lines":"Bole001, Kal002, Lafto044","arr":["Bole001","Kal002","Lafto044"],"terminus":0,"mode":"bus","color":"#e8a000","colorDark":"#7d5600","angle":335.9,"mstop":"all","snapDist":1,"label":1}},{"type":"Feature","geometry":{"type":"Point","coordinates":[38.765277,8.973281]},"properties":{"name":"Mamo","lines":"Bole001, Kal002, Kal033, Lafto044, YK009","arr":["Bole001","Kal002","Kal033","Lafto044","YK009"],"terminus":0,"mode":"bus","color":"#e8a000","colorDark":"#7d5600","angle":258.6,"mstop":"all","snapDist":1,"label":0}},{"type":"Feature","geometry":{"type":"Point","coordinates":[38.766561,8.970545]},"properties":{"name":"Yosef","lines":"Bole001, Kal002, Lafto044","arr":["Bole001","Kal002","Lafto044"],"terminus":0,"mode":"bus","color":"#e8a000","colorDark":"#7d5600","angle":257.7,"mstop":"all","snapDist":1,"label":0}},{"type":"Feature","geometry":{"type":"Point","coordinates":[38.767447,8.960251]},"properties":{"name":"Adis sefer","lines":"Bole001, Kal002, Lafto044","arr":["Bole001","Kal002","Lafto044"],"terminus":0,"mode":"bus","color":"#e8a000","colorDark":"#7d5600","angle":256.8,"mstop":"all","snapDist":0,"label":1}},{"type":"Feature","geometry":{"type":"Point","coordinates":[38.769208,8.945758]},"properties":{"name":"Saris abo","lines":"Bole001, Kal002, Kal033, YK009","arr":["Bole001","Kal002","Kal033","YK009"],"terminus":0,"mode":"bus","color":"#e8a000","colorDark":"#7d5600","angle":84.8,"mstop":"all","snapDist":2,"label":0}},{"type":"Feature","geometry":{"type":"Point","coordinates":[38.767687,8.960325]},"properties":{"name":"Addis sefer","lines":"Bole001, Kal002, Kal033, Lafto044, YK009","arr":["Bole001","Kal002","Kal033","Lafto044","YK009"],"terminus":0,"mode":"bus","color":"#e8a000","colorDark":"#7d5600","angle":75.7,"mstop":"all","snapDist":0,"label":1}},{"type":"Feature","geometry":{"type":"Point","coordinates":[38.766918,8.963397]},"properties":{"name":"Kadisco","lines":"Bole001, Kal002, Kal033, Lafto044, YK009","arr":["Bole001","Kal002","Kal033","Lafto044","YK009"],"terminus":0,"mode":"bus","color":"#e8a000","colorDark":"#7d5600","angle":77.3,"mstop":"all","snapDist":1,"label":1}},{"type":"Feature","geometry":{"type":"Point","coordinates":[38.766808,8.970574]},"properties":{"name":"Yoseph","lines":"Bole001, Kal002, Kal033, Lafto044, YK009","arr":["Bole001","Kal002","Kal033","Lafto044","YK009"],"terminus":0,"mode":"bus","color":"#e8a000","colorDark":"#7d5600","angle":78,"mstop":"all","snapDist":0,"label":1}},{"type":"Feature","geometry":{"type":"Point","coordinates":[38.772088,8.979581]},"properties":{"name":"Bole Mickael","lines":"Bole001, Kal002, Kal033, Lafto044, YK009","arr":["Bole001","Kal002","Kal033","Lafto044","YK009"],"terminus":0,"mode":"bus","color":"#e8a000","colorDark":"#7d5600","angle":158.5,"mstop":"all","snapDist":1,"label":0}},{"type":"Feature","geometry":{"type":"Point","coordinates":[38.791201,8.987005]},"properties":{"name":"Bole Bridge","lines":"Bole001, Bole003, Bole011, Bole012, Kal033, YK009","arr":["Bole001","Bole003","Bole011","Bole012","Kal033","YK009"],"terminus":1,"mode":"bus","color":"#e8a000","colorDark":"#7d5600","angle":142.3,"mstop":"all","snapDist":1,"label":0}},{"type":"Feature","geometry":{"type":"Point","coordinates":[38.734117,8.925415]},"properties":{"name":"Sefera Square","lines":"Bole002, Kal009, Kal023, Kal037, Lafto003, Lafto004, Lafto008, Lafto009, Lafto026","arr":["Bole002","Kal009","Kal023","Kal037","Lafto003","Lafto004","Lafto008","Lafto009","Lafto026"],"terminus":0,"mode":"bus","color":"#e8a000","colorDark":"#7d5600","angle":258.6,"mstop":"all","snapDist":2,"label":0}},{"type":"Feature","geometry":{"type":"Point","coordinates":[38.763015,8.875826]},"properties":{"name":"Gelan Condominium","lines":"Bole002","arr":["Bole002"],"terminus":0,"mode":"bus","color":"#e8a000","colorDark":"#7d5600","angle":229.1,"mstop":"all","snapDist":0,"label":0}},{"type":"Feature","geometry":{"type":"Point","coordinates":[38.784748,8.854245]},"properties":{"name":"Total","lines":"Bole002","arr":["Bole002"],"terminus":0,"mode":"bus","color":"#e8a000","colorDark":"#7d5600","angle":206,"mstop":"all","snapDist":7,"label":0}},{"type":"Feature","geometry":{"type":"Point","coordinates":[38.820697,8.870943]},"properties":{"name":"G7","lines":"Bole002","arr":["Bole002"],"terminus":0,"mode":"bus","color":"#e8a000","colorDark":"#7d5600","angle":82,"mstop":"all","snapDist":12,"label":1}},{"type":"Feature","geometry":{"type":"Point","coordinates":[38.819794,8.873784]},"properties":{"name":"Tulu Dimtu","lines":"Bole002, Bole021, Lafto008","arr":["Bole002","Bole021","Lafto008"],"terminus":1,"mode":"bus","color":"#e8a000","colorDark":"#7d5600","angle":258.8,"mstop":"all","snapDist":2,"label":0}},{"type":"Feature","geometry":{"type":"Point","coordinates":[38.78451,8.854814]},"properties":{"name":"Total","lines":"Bole002","arr":["Bole002"],"terminus":0,"mode":"bus","color":"#e8a000","colorDark":"#7d5600","angle":27.1,"mstop":"all","snapDist":13,"label":0}},{"type":"Feature","geometry":{"type":"Point","coordinates":[38.762214,8.877272]},"properties":{"name":"Gelan Condominium","lines":"Bole002","arr":["Bole002"],"terminus":0,"mode":"bus","color":"#e8a000","colorDark":"#7d5600","angle":49.3,"mstop":"all","snapDist":3,"label":0}},{"type":"Feature","geometry":{"type":"Point","coordinates":[38.747984,8.904129]},"properties":{"name":"Chera","lines":"Bole002","arr":["Bole002"],"terminus":0,"mode":"bus","color":"#e8a000","colorDark":"#7d5600","angle":27,"mstop":"all","snapDist":3,"label":1}},{"type":"Feature","geometry":{"type":"Point","coordinates":[38.741485,8.907022]},"properties":{"name":"Bajaj Tera","lines":"Bole002, Lafto008","arr":["Bole002","Lafto008"],"terminus":0,"mode":"bus","color":"#e8a000","colorDark":"#7d5600","angle":43,"mstop":"all","snapDist":3,"label":1}},{"type":"Feature","geometry":{"type":"Point","coordinates":[38.734551,8.925015]},"properties":{"name":"Sefera Square","lines":"Bole002, Kal009, Kal023, Kal037, Lafto003, Lafto004, Lafto008, Lafto026","arr":["Bole002","Kal009","Kal023","Kal037","Lafto003","Lafto004","Lafto008","Lafto026"],"terminus":0,"mode":"bus","color":"#e8a000","colorDark":"#7d5600","angle":84,"mstop":"all","snapDist":5,"label":0}},{"type":"Feature","geometry":{"type":"Point","coordinates":[38.802102,9.018504]},"properties":{"name":"Megenagna","lines":"Bole003, Bole011, Bole021","arr":["Bole003","Bole011","Bole021"],"terminus":1,"mode":"bus","color":"#e8a000","colorDark":"#7d5600","angle":74.7,"mstop":"all","snapDist":1,"label":0}},{"type":"Feature","geometry":{"type":"Point","coordinates":[38.803405,9.007851]},"properties":{"name":"Anbessa Garage","lines":"Bole003, Bole008, Bole009, Bole011, Kal033, Lafto044, YK009","arr":["Bole003","Bole008","Bole009","Bole011","Kal033","Lafto044","YK009"],"terminus":0,"mode":"bus","color":"#e8a000","colorDark":"#7d5600","angle":118.7,"mstop":"all","snapDist":5,"label":0}},{"type":"Feature","geometry":{"type":"Point","coordinates":[38.800928,9.003781]},"properties":{"name":"Emperial Hotel","lines":"Bole003, Bole009, Kal033, Lafto044, YK009","arr":["Bole003","Bole009","Kal033","Lafto044","YK009"],"terminus":0,"mode":"bus","color":"#e8a000","colorDark":"#7d5600","angle":122.9,"mstop":"all","snapDist":1,"label":0}},{"type":"Feature","geometry":{"type":"Point","coordinates":[38.796085,8.99504]},"properties":{"name":"Hayat Hospital","lines":"Bole003, Bole009","arr":["Bole003","Bole009"],"terminus":0,"mode":"bus","color":"#e8a000","colorDark":"#7d5600","angle":108.7,"mstop":"all","snapDist":2,"label":1}},{"type":"Feature","geometry":{"type":"Point","coordinates":[38.794911,8.991684]},"properties":{"name":"Bole Bora Amusement","lines":"Bole003, Bole011","arr":["Bole003","Bole011"],"terminus":0,"mode":"bus","color":"#e8a000","colorDark":"#7d5600","angle":109.2,"mstop":"all","snapDist":8,"label":1}},{"type":"Feature","geometry":{"type":"Point","coordinates":[38.787281,9.015025]},"properties":{"name":"22 Mazoria","lines":"Bole004","arr":["Bole004"],"terminus":0,"mode":"bus","color":"#e8a000","colorDark":"#7d5600","angle":265.2,"mstop":"all","snapDist":3,"label":0}},{"type":"Feature","geometry":{"type":"Point","coordinates":[38.789303,9.00435]},"properties":{"name":"Adey Ababa Stadium","lines":"Bole004","arr":["Bole004"],"terminus":0,"mode":"bus","color":"#e8a000","colorDark":"#7d5600","angle":287.6,"mstop":"all","snapDist":2,"label":1}},{"type":"Feature","geometry":{"type":"Point","coordinates":[38.787041,8.997369]},"properties":{"name":"Edna Mall Squar","lines":"Bole004, KRK007","arr":["Bole004","KRK007"],"terminus":0,"mode":"bus","color":"#e8a000","colorDark":"#7d5600","angle":228.2,"mstop":"all","snapDist":4,"label":1}},{"type":"Feature","geometry":{"type":"Point","coordinates":[38.788801,8.995547]},"properties":{"name":"Bole Medhanyalem","lines":"Bole004","arr":["Bole004"],"terminus":0,"mode":"bus","color":"#e8a000","colorDark":"#7d5600","angle":227.3,"mstop":"all","snapDist":5,"label":1}},{"type":"Feature","geometry":{"type":"Point","coordinates":[38.792854,8.990625]},"properties":{"name":"Bole Bridge","lines":"Bole004, KRK007","arr":["Bole004","KRK007"],"terminus":0,"mode":"bus","color":"#e8a000","colorDark":"#7d5600","angle":235.9,"mstop":"all","snapDist":2,"label":0}},{"type":"Feature","geometry":{"type":"Point","coordinates":[38.792936,8.990678]},"properties":{"name":"Bole Bridge","lines":"Bole004, KRK007","arr":["Bole004","KRK007"],"terminus":0,"mode":"bus","color":"#e8a000","colorDark":"#7d5600","angle":55.9,"mstop":"all","snapDist":3,"label":0}},{"type":"Feature","geometry":{"type":"Point","coordinates":[38.788568,8.995945]},"properties":{"name":"Bole Medhanyalem","lines":"Bole004","arr":["Bole004"],"terminus":0,"mode":"bus","color":"#e8a000","colorDark":"#7d5600","angle":45.7,"mstop":"all","snapDist":1,"label":0}},{"type":"Feature","geometry":{"type":"Point","coordinates":[38.786932,8.997694]},"properties":{"name":"Edna Mall Squar","lines":"Bole004","arr":["Bole004"],"terminus":0,"mode":"bus","color":"#e8a000","colorDark":"#7d5600","angle":59.9,"mstop":"all","snapDist":2,"label":0}},{"type":"Feature","geometry":{"type":"Point","coordinates":[38.789327,9.004304]},"properties":{"name":"Adey Ababa Stadium","lines":"Bole004","arr":["Bole004"],"terminus":0,"mode":"bus","color":"#e8a000","colorDark":"#7d5600","angle":108.8,"mstop":"all","snapDist":2,"label":0}},{"type":"Feature","geometry":{"type":"Point","coordinates":[38.789044,9.006942]},"properties":{"name":"Werku Building","lines":"Bole004","arr":["Bole004"],"terminus":0,"mode":"bus","color":"#e8a000","colorDark":"#7d5600","angle":75.5,"mstop":"all","snapDist":2,"label":1}},{"type":"Feature","geometry":{"type":"Point","coordinates":[38.788689,9.008268]},"properties":{"name":"Freedom","lines":"Bole004","arr":["Bole004"],"terminus":0,"mode":"bus","color":"#e8a000","colorDark":"#7d5600","angle":74.2,"mstop":"all","snapDist":2,"label":1}},{"type":"Feature","geometry":{"type":"Point","coordinates":[38.787404,9.015006]},"properties":{"name":"22 Mazoria","lines":"Bole004, Bole005, Bole007, Kolfa037, LK007","arr":["Bole004","Bole005","Bole007","Kolfa037","LK007"],"terminus":1,"mode":"bus","color":"#e8a000","colorDark":"#7d5600","angle":91.1,"mstop":"all","snapDist":4,"label":1}},{"type":"Feature","geometry":{"type":"Point","coordinates":[38.83501,9.021608]},"properties":{"name":"Civil Servis College","lines":"Bole005, LK004, LK010, LK016, YK010","arr":["Bole005","LK004","LK010","LK016","YK010"],"terminus":0,"mode":"bus","color":"#e8a000","colorDark":"#7d5600","angle":182.1,"mstop":"all","snapDist":6,"label":1}},{"type":"Feature","geometry":{"type":"Point","coordinates":[38.853514,9.020717]},"properties":{"name":"Yetebaberut","lines":"Bole005, LK009, LK010, LK016, YK010","arr":["Bole005","LK009","LK010","LK016","YK010"],"terminus":0,"mode":"bus","color":"#e8a000","colorDark":"#7d5600","angle":177.4,"mstop":"all","snapDist":11,"label":0}},{"type":"Feature","geometry":{"type":"Point","coordinates":[38.859885,9.020461]},"properties":{"name":"Meshageria","lines":"Bole005","arr":["Bole005"],"terminus":0,"mode":"bus","color":"#e8a000","colorDark":"#7d5600","angle":179.7,"mstop":"all","snapDist":5,"label":1}},{"type":"Feature","geometry":{"type":"Point","coordinates":[38.873796,9.021195]},"properties":{"name":"Ayat","lines":"Bole005, LK002, LK009, LK014, LK016, YK010","arr":["Bole005","LK002","LK009","LK014","LK016","YK010"],"terminus":1,"mode":"bus","color":"#e8a000","colorDark":"#7d5600","angle":176.3,"mstop":"all","snapDist":3,"label":1}},{"type":"Feature","geometry":{"type":"Point","coordinates":[38.87502,9.021474]},"properties":{"name":"Ayat","lines":"Bole005, LK016, YK010","arr":["Bole005","LK016","YK010"],"terminus":1,"mode":"bus","color":"#e8a000","colorDark":"#7d5600","angle":354.1,"mstop":"all","snapDist":1,"label":0}},{"type":"Feature","geometry":{"type":"Point","coordinates":[38.853606,9.020954]},"properties":{"name":"Yetebaberut","lines":"Bole005, LK001, LK009","arr":["Bole005","LK001","LK009"],"terminus":0,"mode":"bus","color":"#e8a000","colorDark":"#7d5600","angle":6.6,"mstop":"all","snapDist":3,"label":0}},{"type":"Feature","geometry":{"type":"Point","coordinates":[38.834536,9.021846]},"properties":{"name":"Civil Servis College","lines":"Bole005, Bole006, Bole007, YK010","arr":["Bole005","Bole006","Bole007","YK010"],"terminus":0,"mode":"bus","color":"#e8a000","colorDark":"#7d5600","angle":2.8,"mstop":"all","snapDist":2,"label":0}},{"type":"Feature","geometry":{"type":"Point","coordinates":[38.820025,9.019183]},"properties":{"name":"Gurd Shola","lines":"Bole005, Bole006, Bole007, LK004, LK007, LK013, YK010","arr":["Bole005","Bole006","Bole007","LK004","LK007","LK013","YK010"],"terminus":0,"mode":"bus","color":"#e8a000","colorDark":"#7d5600","angle":12,"mstop":"all","snapDist":1,"label":0}},{"type":"Feature","geometry":{"type":"Point","coordinates":[38.795077,9.017742]},"properties":{"name":"Lem Hotel","lines":"Bole005, Bole007, LK007, YK016","arr":["Bole005","Bole007","LK007","YK016"],"terminus":0,"mode":"bus","color":"#e8a000","colorDark":"#7d5600","angle":341,"mstop":"all","snapDist":2,"label":0}},{"type":"Feature","geometry":{"type":"Point","coordinates":[38.788126,9.016143]},"properties":{"name":"22 Mazoria","lines":"Bole005, Bole007, KRK002, KRK004, LK007, YK016","arr":["Bole005","Bole007","KRK002","KRK004","LK007","YK016"],"terminus":1,"mode":"bus","color":"#e8a000","colorDark":"#7d5600","angle":349.8,"mstop":"all","snapDist":1,"label":0}},{"type":"Feature","geometry":{"type":"Point","coordinates":[38.821132,9.018782]},"properties":{"name":"Gurd Shola","lines":"Bole006, YK010","arr":["Bole006","YK010"],"terminus":0,"mode":"bus","color":"#e8a000","colorDark":"#7d5600","angle":183.6,"mstop":"all","snapDist":8,"label":0}},{"type":"Feature","geometry":{"type":"Point","coordinates":[38.839299,9.021441]},"properties":{"name":"Michael","lines":"Bole006, Bole007, LK009, LK010, LK013, LK016, YK010","arr":["Bole006","Bole007","LK009","LK010","LK013","LK016","YK010"],"terminus":0,"mode":"bus","color":"#e8a000","colorDark":"#7d5600","angle":183,"mstop":"all","snapDist":10,"label":1}},{"type":"Feature","geometry":{"type":"Point","coordinates":[38.84154,9.021346]},"properties":{"name":"Meshualekia","lines":"Bole006, LK004","arr":["Bole006","LK004"],"terminus":0,"mode":"bus","color":"#e8a000","colorDark":"#7d5600","angle":181.2,"mstop":"all","snapDist":2,"label":1}},{"type":"Feature","geometry":{"type":"Point","coordinates":[38.852092,9.019918]},"properties":{"name":"Sun shine","lines":"Bole006, Bole007, LK004, LK013, LK015","arr":["Bole006","Bole007","LK004","LK013","LK015"],"terminus":0,"mode":"bus","color":"#e8a000","colorDark":"#7d5600","angle":253.2,"mstop":"all","snapDist":1,"label":1}},{"type":"Feature","geometry":{"type":"Point","coordinates":[38.851963,9.010939]},"properties":{"name":"Safari","lines":"Bole006, Bole007, Bole010, LK001, LK013, LK015","arr":["Bole006","Bole007","Bole010","LK001","LK013","LK015"],"terminus":0,"mode":"bus","color":"#e8a000","colorDark":"#7d5600","angle":271.6,"mstop":"all","snapDist":7,"label":0}},{"type":"Feature","geometry":{"type":"Point","coordinates":[38.851775,9.004282]},"properties":{"name":"Summit","lines":"Bole006, Bole007, Bole022, LK001, LK013, LK015","arr":["Bole006","Bole007","Bole022","LK001","LK013","LK015"],"terminus":0,"mode":"bus","color":"#e8a000","colorDark":"#7d5600","angle":270.6,"mstop":"all","snapDist":4,"label":1}},{"type":"Feature","geometry":{"type":"Point","coordinates":[38.851988,9.004017]},"properties":{"name":"Summit","lines":"Bole006, Bole007, Bole022, LK013, LK015","arr":["Bole006","Bole007","Bole022","LK013","LK015"],"terminus":0,"mode":"bus","color":"#e8a000","colorDark":"#7d5600","angle":102.1,"mstop":"all","snapDist":1,"label":0}},{"type":"Feature","geometry":{"type":"Point","coordinates":[38.852246,9.011005]},"properties":{"name":"Safari","lines":"Bole006, LK013, LK015","arr":["Bole006","LK013","LK015"],"terminus":0,"mode":"bus","color":"#e8a000","colorDark":"#7d5600","angle":92.2,"mstop":"all","snapDist":4,"label":0}},{"type":"Feature","geometry":{"type":"Point","coordinates":[38.852581,9.022043]},"properties":{"name":"Sun shine","lines":"Bole006, LK001, LK004, LK013, LK015","arr":["Bole006","LK001","LK004","LK013","LK015"],"terminus":0,"mode":"bus","color":"#e8a000","colorDark":"#7d5600","angle":93.4,"mstop":"all","snapDist":48,"label":1}},{"type":"Feature","geometry":{"type":"Point","coordinates":[38.841552,9.021551]},"properties":{"name":"Meshualekia","lines":"Bole006, Bole007, LK004, LK009, LK010, LK013, LK016, YK010","arr":["Bole006","Bole007","LK004","LK009","LK010","LK013","LK016","YK010"],"terminus":0,"mode":"bus","color":"#e8a000","colorDark":"#7d5600","angle":2,"mstop":"all","snapDist":3,"label":0}},{"type":"Feature","geometry":{"type":"Point","coordinates":[38.804285,9.020013]},"properties":{"name":"Megenagna","lines":"Bole006, Bole007, Bole022, LK004, LK005, LK009, LK010, LK013, LK016, YK010, YK016","arr":["Bole006","Bole007","Bole022","LK004","LK005","LK009","LK010","LK013","LK016","YK010","YK016"],"terminus":1,"mode":"bus","color":"#e8a000","colorDark":"#7d5600","angle":350.7,"mstop":"all","snapDist":1,"label":1}},{"type":"Feature","geometry":{"type":"Point","coordinates":[38.825443,9.019804]},"properties":{"name":"Se'alite Mihret","lines":"Bole007, LK007, LK009, LK010, LK013, LK016, YK010","arr":["Bole007","LK007","LK009","LK010","LK013","LK016","YK010"],"terminus":0,"mode":"bus","color":"#e8a000","colorDark":"#7d5600","angle":336.4,"mstop":"all","snapDist":4,"label":1}},{"type":"Feature","geometry":{"type":"Point","coordinates":[38.803365,9.019592]},"properties":{"name":"Megenagna","lines":"Bole007, LK004, LK009, LK010, LK013, LK016, YK010","arr":["Bole007","LK004","LK009","LK010","LK013","LK016","YK010"],"terminus":1,"mode":"bus","color":"#e8a000","colorDark":"#7d5600","angle":167.6,"mstop":"all","snapDist":0,"label":0}},{"type":"Feature","geometry":{"type":"Point","coordinates":[38.794719,8.991154]},"properties":{"name":"Bole Bridge","lines":"Bole008, Bole009, Bole010, Lafto044","arr":["Bole008","Bole009","Bole010","Lafto044"],"terminus":1,"mode":"bus","color":"#e8a000","colorDark":"#7d5600","angle":112.5,"mstop":"all","snapDist":2,"label":1}},{"type":"Feature","geometry":{"type":"Point","coordinates":[38.816699,9.003587]},"properties":{"name":"Jacros","lines":"Bole008, Bole009, Bole021","arr":["Bole008","Bole009","Bole021"],"terminus":0,"mode":"bus","color":"#e8a000","colorDark":"#7d5600","angle":225.3,"mstop":"all","snapDist":8,"label":1}},{"type":"Feature","geometry":{"type":"Point","coordinates":[38.821019,8.999258]},"properties":{"name":"Alem Ayew Building","lines":"Bole008, Bole009, Bole021","arr":["Bole008","Bole009","Bole021"],"terminus":0,"mode":"bus","color":"#e8a000","colorDark":"#7d5600","angle":224.4,"mstop":"all","snapDist":2,"label":1}},{"type":"Feature","geometry":{"type":"Point","coordinates":[38.826658,8.993938]},"properties":{"name":"Goro School","lines":"Bole008, Bole009","arr":["Bole008","Bole009"],"terminus":0,"mode":"bus","color":"#e8a000","colorDark":"#7d5600","angle":227.7,"mstop":"all","snapDist":3,"label":0}},{"type":"Feature","geometry":{"type":"Point","coordinates":[38.829263,8.991304]},"properties":{"name":"Goro","lines":"Bole008, Bole021","arr":["Bole008","Bole021"],"terminus":0,"mode":"bus","color":"#e8a000","colorDark":"#7d5600","angle":217.1,"mstop":"all","snapDist":3,"label":0}},{"type":"Feature","geometry":{"type":"Point","coordinates":[38.852052,9.005034]},"properties":{"name":"Summit","lines":"Bole008","arr":["Bole008"],"terminus":0,"mode":"bus","color":"#e8a000","colorDark":"#7d5600","angle":91.8,"mstop":"all","snapDist":1,"label":0}},{"type":"Feature","geometry":{"type":"Point","coordinates":[38.851769,9.004873]},"properties":{"name":"Summit","lines":"Bole008","arr":["Bole008"],"terminus":0,"mode":"bus","color":"#e8a000","colorDark":"#7d5600","angle":270.1,"mstop":"all","snapDist":1,"label":0}},{"type":"Feature","geometry":{"type":"Point","coordinates":[38.828347,8.992294]},"properties":{"name":"Goro","lines":"Bole008, Bole009","arr":["Bole008","Bole009"],"terminus":0,"mode":"bus","color":"#e8a000","colorDark":"#7d5600","angle":47.8,"mstop":"all","snapDist":2,"label":0}},{"type":"Feature","geometry":{"type":"Point","coordinates":[38.821087,8.999309]},"properties":{"name":"Alem Ayew Building","lines":"Bole008, Bole009","arr":["Bole008","Bole009"],"terminus":0,"mode":"bus","color":"#e8a000","colorDark":"#7d5600","angle":43.8,"mstop":"all","snapDist":2,"label":0}},{"type":"Feature","geometry":{"type":"Point","coordinates":[38.81421,9.003641]},"properties":{"name":"Gerji Mebrat hayle","lines":"Bole008, Bole021","arr":["Bole008","Bole021"],"terminus":0,"mode":"bus","color":"#e8a000","colorDark":"#7d5600","angle":357.5,"mstop":"all","snapDist":3,"label":1}},{"type":"Feature","geometry":{"type":"Point","coordinates":[38.809218,8.994792]},"properties":{"name":"Taxi Tera","lines":"Bole008","arr":["Bole008"],"terminus":0,"mode":"bus","color":"#e8a000","colorDark":"#7d5600","angle":359.3,"mstop":"all","snapDist":2,"label":0}},{"type":"Feature","geometry":{"type":"Point","coordinates":[38.794485,8.988825]},"properties":{"name":"Bole Bridge","lines":"Bole008","arr":["Bole008"],"terminus":0,"mode":"bus","color":"#e8a000","colorDark":"#7d5600","angle":48,"mstop":"all","snapDist":7,"label":1}},{"type":"Feature","geometry":{"type":"Point","coordinates":[38.798591,9.000017]},"properties":{"name":"Sport Accadamy","lines":"Bole009, Lafto044","arr":["Bole009","Lafto044"],"terminus":0,"mode":"bus","color":"#e8a000","colorDark":"#7d5600","angle":124.2,"mstop":"all","snapDist":4,"label":1}},{"type":"Feature","geometry":{"type":"Point","coordinates":[38.82878,8.991719]},"properties":{"name":"Goro","lines":"Bole009","arr":["Bole009"],"terminus":0,"mode":"bus","color":"#e8a000","colorDark":"#7d5600","angle":222.3,"mstop":"all","snapDist":1,"label":0}},{"type":"Feature","geometry":{"type":"Point","coordinates":[38.816895,9.003519]},"properties":{"name":"Jacros","lines":"Bole009","arr":["Bole009"],"terminus":0,"mode":"bus","color":"#e8a000","colorDark":"#7d5600","angle":46.4,"mstop":"all","snapDist":5,"label":0}},{"type":"Feature","geometry":{"type":"Point","coordinates":[38.803223,9.008015]},"properties":{"name":"Anbessa Garage","lines":"Bole009, Lafto044","arr":["Bole009","Lafto044"],"terminus":0,"mode":"bus","color":"#e8a000","colorDark":"#7d5600","angle":298.9,"mstop":"all","snapDist":6,"label":0}},{"type":"Feature","geometry":{"type":"Point","coordinates":[38.80008,9.002733]},"properties":{"name":"Emperial Hotel","lines":"Bole009, Bole010, Bole014, Lafto044","arr":["Bole009","Bole010","Bole014","Lafto044"],"terminus":0,"mode":"bus","color":"#e8a000","colorDark":"#7d5600","angle":301.8,"mstop":"all","snapDist":7,"label":0}},{"type":"Feature","geometry":{"type":"Point","coordinates":[38.798409,9.000181]},"properties":{"name":"Sport Accadamy","lines":"Bole009, Bole010, Bole014, Lafto044","arr":["Bole009","Bole010","Bole014","Lafto044"],"terminus":0,"mode":"bus","color":"#e8a000","colorDark":"#7d5600","angle":302.1,"mstop":"all","snapDist":3,"label":0}},{"type":"Feature","geometry":{"type":"Point","coordinates":[38.795738,8.994825]},"properties":{"name":"Hayat Hospital","lines":"Bole009, Bole014, Lafto044","arr":["Bole009","Bole014","Lafto044"],"terminus":0,"mode":"bus","color":"#e8a000","colorDark":"#7d5600","angle":289.4,"mstop":"all","snapDist":7,"label":0}},{"type":"Feature","geometry":{"type":"Point","coordinates":[38.793837,8.990156]},"properties":{"name":"Bole Bridge","lines":"Bole009, Bole010, Bole014, Lafto044","arr":["Bole009","Bole010","Bole014","Lafto044"],"terminus":1,"mode":"bus","color":"#e8a000","colorDark":"#7d5600","angle":303.7,"mstop":"all","snapDist":4,"label":0}},{"type":"Feature","geometry":{"type":"Point","coordinates":[38.85137,9.009976]},"properties":{"name":"Safari","lines":"Bole010, Bole022, LK007, TX065","arr":["Bole010","Bole022","LK007","TX065"],"terminus":0,"mode":"bus","color":"#e8a000","colorDark":"#7d5600","angle":185.7,"mstop":"all","snapDist":1,"label":0}},{"type":"Feature","geometry":{"type":"Point","coordinates":[38.794159,8.990721]},"properties":{"name":"Bole Bora Amusement","lines":"Bole010, Bole014","arr":["Bole010","Bole014"],"terminus":0,"mode":"bus","color":"#e8a000","colorDark":"#7d5600","angle":296.3,"mstop":"all","snapDist":4,"label":0}},{"type":"Feature","geometry":{"type":"Point","coordinates":[38.786329,8.951902]},"properties":{"name":"Bulbula","lines":"Bole011, Bole012","arr":["Bole011","Bole012"],"terminus":0,"mode":"bus","color":"#e8a000","colorDark":"#7d5600","angle":106.1,"mstop":"all","snapDist":2,"label":0}},{"type":"Feature","geometry":{"type":"Point","coordinates":[38.801722,9.01856]},"properties":{"name":"Megenagna","lines":"Bole011, Bole021, Kal033, Lafto044, YK009","arr":["Bole011","Bole021","Kal033","Lafto044","YK009"],"terminus":1,"mode":"bus","color":"#e8a000","colorDark":"#7d5600","angle":255.7,"mstop":"all","snapDist":3,"label":0}},{"type":"Feature","geometry":{"type":"Point","coordinates":[38.786381,8.9623]},"properties":{"name":"Kaldisco","lines":"Bole011, Bole012","arr":["Bole011","Bole012"],"terminus":0,"mode":"bus","color":"#e8a000","colorDark":"#7d5600","angle":295.2,"mstop":"all","snapDist":2,"label":1}},{"type":"Feature","geometry":{"type":"Point","coordinates":[38.785532,8.960376]},"properties":{"name":"93 Mazoria","lines":"Bole011, Bole012","arr":["Bole011","Bole012"],"terminus":0,"mode":"bus","color":"#e8a000","colorDark":"#7d5600","angle":294.7,"mstop":"all","snapDist":2,"label":0}},{"type":"Feature","geometry":{"type":"Point","coordinates":[38.786169,8.951711]},"properties":{"name":"Bulbula","lines":"Bole011, Bole012, Kal004, Kal027","arr":["Bole011","Bole012","Kal004","Kal027"],"terminus":1,"mode":"bus","color":"#e8a000","colorDark":"#7d5600","angle":288.1,"mstop":"all","snapDist":3,"label":1}},{"type":"Feature","geometry":{"type":"Point","coordinates":[38.787219,8.964203]},"properties":{"name":"Key Afer","lines":"Bole012, Bole017","arr":["Bole012","Bole017"],"terminus":0,"mode":"bus","color":"#e8a000","colorDark":"#7d5600","angle":278.8,"mstop":"all","snapDist":1,"label":0}},{"type":"Feature","geometry":{"type":"Point","coordinates":[38.787599,8.958145]},"properties":{"name":"Kebele","lines":"Bole012","arr":["Bole012"],"terminus":0,"mode":"bus","color":"#e8a000","colorDark":"#7d5600","angle":246.6,"mstop":"all","snapDist":3,"label":1}},{"type":"Feature","geometry":{"type":"Point","coordinates":[38.785687,8.960486]},"properties":{"name":"93 Mazoria","lines":"Bole012","arr":["Bole012"],"terminus":0,"mode":"bus","color":"#e8a000","colorDark":"#7d5600","angle":114,"mstop":"all","snapDist":2,"label":0}},{"type":"Feature","geometry":{"type":"Point","coordinates":[38.787312,8.964222]},"properties":{"name":"Key Afer","lines":"Bole012, Bole017","arr":["Bole012","Bole017"],"terminus":0,"mode":"bus","color":"#e8a000","colorDark":"#7d5600","angle":98.8,"mstop":"all","snapDist":1,"label":0}},{"type":"Feature","geometry":{"type":"Point","coordinates":[38.80168,9.01872]},"properties":{"name":"Mulugeta Building","lines":"Bole014","arr":["Bole014"],"terminus":0,"mode":"bus","color":"#e8a000","colorDark":"#7d5600","angle":255.4,"mstop":"all","snapDist":5,"label":1}},{"type":"Feature","geometry":{"type":"Point","coordinates":[38.773239,8.979445]},"properties":{"name":"Bole Mickael","lines":"Bole017","arr":["Bole017"],"terminus":0,"mode":"bus","color":"#e8a000","colorDark":"#7d5600","angle":114.6,"mstop":"all","snapDist":1,"label":0}},{"type":"Feature","geometry":{"type":"Point","coordinates":[38.798114,8.964757]},"properties":{"name":"Riventy","lines":"Bole017","arr":["Bole017"],"terminus":0,"mode":"bus","color":"#e8a000","colorDark":"#7d5600","angle":197.9,"mstop":"all","snapDist":1,"label":1}},{"type":"Feature","geometry":{"type":"Point","coordinates":[38.798114,8.964757]},"properties":{"name":"Riventy","lines":"Bole017","arr":["Bole017"],"terminus":0,"mode":"bus","color":"#e8a000","colorDark":"#7d5600","angle":17.9,"mstop":"all","snapDist":1,"label":0}},{"type":"Feature","geometry":{"type":"Point","coordinates":[38.77372,8.979192]},"properties":{"name":"Bole Mickael","lines":"Bole017","arr":["Bole017"],"terminus":0,"mode":"bus","color":"#e8a000","colorDark":"#7d5600","angle":108.4,"mstop":"all","snapDist":1,"label":0}},{"type":"Feature","geometry":{"type":"Point","coordinates":[38.757598,9.013832]},"properties":{"name":"Ghion Hotel","lines":"Bole018, Bole019","arr":["Bole018","Bole019"],"terminus":0,"mode":"bus","color":"#e8a000","colorDark":"#7d5600","angle":47.7,"mstop":"all","snapDist":2,"label":1}},{"type":"Feature","geometry":{"type":"Point","coordinates":[38.752904,9.019053]},"properties":{"name":"Post Office","lines":"Bole018, Bole019","arr":["Bole018","Bole019"],"terminus":0,"mode":"bus","color":"#e8a000","colorDark":"#7d5600","angle":47.1,"mstop":"all","snapDist":2,"label":1}},{"type":"Feature","geometry":{"type":"Point","coordinates":[38.762678,9.012068]},"properties":{"name":"St. Estifanos Church","lines":"Bole018, Bole019","arr":["Bole018","Bole019"],"terminus":0,"mode":"bus","color":"#e8a000","colorDark":"#7d5600","angle":276.8,"mstop":"all","snapDist":2,"label":0}},{"type":"Feature","geometry":{"type":"Point","coordinates":[38.805592,9.007206]},"properties":{"name":"Anbessa Garage","lines":"Bole021","arr":["Bole021"],"terminus":0,"mode":"bus","color":"#e8a000","colorDark":"#7d5600","angle":209.6,"mstop":"all","snapDist":2,"label":0}},{"type":"Feature","geometry":{"type":"Point","coordinates":[38.809602,9.005078]},"properties":{"name":"Condominium - Gerji Mebrat hayle","lines":"Bole021","arr":["Bole021"],"terminus":0,"mode":"bus","color":"#e8a000","colorDark":"#7d5600","angle":209.6,"mstop":"all","snapDist":2,"label":1}},{"type":"Feature","geometry":{"type":"Point","coordinates":[38.813439,9.003598]},"properties":{"name":"Gerji Mebrat hayle","lines":"Bole021","arr":["Bole021"],"terminus":0,"mode":"bus","color":"#e8a000","colorDark":"#7d5600","angle":196.4,"mstop":"all","snapDist":1,"label":0}},{"type":"Feature","geometry":{"type":"Point","coordinates":[38.815131,8.900442]},"properties":{"name":"kilinto Right","lines":"Bole021","arr":["Bole021"],"terminus":0,"mode":"bus","color":"#e8a000","colorDark":"#7d5600","angle":288.7,"mstop":"all","snapDist":7,"label":1}},{"type":"Feature","geometry":{"type":"Point","coordinates":[38.819722,8.875379]},"properties":{"name":"Tulu Dimtu","lines":"Bole021","arr":["Bole021"],"terminus":0,"mode":"bus","color":"#e8a000","colorDark":"#7d5600","angle":69.2,"mstop":"all","snapDist":2,"label":0}},{"type":"Feature","geometry":{"type":"Point","coordinates":[38.815525,8.900489]},"properties":{"name":"kilinto Right","lines":"Bole021","arr":["Bole021"],"terminus":0,"mode":"bus","color":"#e8a000","colorDark":"#7d5600","angle":108.8,"mstop":"all","snapDist":4,"label":0}},{"type":"Feature","geometry":{"type":"Point","coordinates":[38.8294,8.991341]},"properties":{"name":"Goro","lines":"Bole021","arr":["Bole021"],"terminus":0,"mode":"bus","color":"#e8a000","colorDark":"#7d5600","angle":35.6,"mstop":"all","snapDist":0,"label":0}},{"type":"Feature","geometry":{"type":"Point","coordinates":[38.810063,9.004921]},"properties":{"name":"Condominium - Gerji Mebrat hayle","lines":"Bole021","arr":["Bole021"],"terminus":0,"mode":"bus","color":"#e8a000","colorDark":"#7d5600","angle":28.1,"mstop":"all","snapDist":1,"label":0}},{"type":"Feature","geometry":{"type":"Point","coordinates":[38.803836,9.008391]},"properties":{"name":"Anbessa Garage","lines":"Bole021","arr":["Bole021"],"terminus":0,"mode":"bus","color":"#e8a000","colorDark":"#7d5600","angle":39.7,"mstop":"all","snapDist":3,"label":0}},{"type":"Feature","geometry":{"type":"Point","coordinates":[38.80351,9.019453]},"properties":{"name":"Megenagna","lines":"Bole022","arr":["Bole022"],"terminus":0,"mode":"bus","color":"#e8a000","colorDark":"#7d5600","angle":74.6,"mstop":"all","snapDist":0,"label":0}},{"type":"Feature","geometry":{"type":"Point","coordinates":[38.835652,9.011283]},"properties":{"name":"Beshale Area","lines":"Bole022, TX065","arr":["Bole022","TX065"],"terminus":0,"mode":"bus","color":"#e8a000","colorDark":"#7d5600","angle":202.1,"mstop":"all","snapDist":0,"label":1}},{"type":"Feature","geometry":{"type":"Point","coordinates":[38.851541,8.994391]},"properties":{"name":"Saint Georgis","lines":"Bole022","arr":["Bole022"],"terminus":0,"mode":"bus","color":"#e8a000","colorDark":"#7d5600","angle":255,"mstop":"all","snapDist":1,"label":0}},{"type":"Feature","geometry":{"type":"Point","coordinates":[38.851829,8.994458]},"properties":{"name":"Saint Georgis","lines":"Bole022","arr":["Bole022"],"terminus":0,"mode":"bus","color":"#e8a000","colorDark":"#7d5600","angle":73.7,"mstop":"all","snapDist":2,"label":0}},{"type":"Feature","geometry":{"type":"Point","coordinates":[38.774925,9.010462]},"properties":{"name":"St. Urael Church","lines":"Bole023, KRK007","arr":["Bole023","KRK007"],"terminus":0,"mode":"bus","color":"#e8a000","colorDark":"#7d5600","angle":76.2,"mstop":"all","snapDist":1,"label":0}},{"type":"Feature","geometry":{"type":"Point","coordinates":[38.743866,8.964499]},"properties":{"name":"Mebrat Condominium","lines":"C15","arr":["C15"],"terminus":1,"mode":"bus","color":"#0059a9","colorDark":"#00294f","angle":148.7,"snapDist":3,"label":1}},{"type":"Feature","geometry":{"type":"Point","coordinates":[38.748715,8.970075]},"properties":{"name":"Mebrat Nigist Hotel","lines":"C15","arr":["C15"],"terminus":0,"mode":"bus","color":"#0059a9","colorDark":"#00294f","angle":271.3,"snapDist":2,"label":1}},{"type":"Feature","geometry":{"type":"Point","coordinates":[38.743869,8.964501]},"properties":{"name":"Mebrat Condominium","lines":"C15","arr":["C15"],"terminus":1,"mode":"bus","color":"#0059a9","colorDark":"#00294f","angle":328.7,"snapDist":3,"label":0}},{"type":"Feature","geometry":{"type":"Point","coordinates":[38.736976,9.071664]},"properties":{"name":"Dil Ber","lines":"C31","arr":["C31"],"terminus":1,"mode":"bus","color":"#0059a9","colorDark":"#00294f","angle":115.3,"snapDist":1,"label":0}},{"type":"Feature","geometry":{"type":"Point","coordinates":[38.890343,8.973213]},"properties":{"name":"Bole Arabsa","lines":"D46","arr":["D46"],"terminus":1,"mode":"bus","color":"#0059a9","colorDark":"#00294f","angle":52.1,"snapDist":1,"label":0}},{"type":"Feature","geometry":{"type":"Point","coordinates":[38.876975,9.002013]},"properties":{"name":"Nebu Mikael","lines":"D46","arr":["D46"],"terminus":0,"mode":"bus","color":"#0059a9","colorDark":"#00294f","angle":197.6,"snapDist":1,"label":0}},{"type":"Feature","geometry":{"type":"Point","coordinates":[38.885244,8.996572]},"properties":{"name":"Ayat Adebabay Hulet (2)","lines":"D46","arr":["D46"],"terminus":0,"mode":"bus","color":"#0059a9","colorDark":"#00294f","angle":272,"snapDist":8,"label":1}},{"type":"Feature","geometry":{"type":"Point","coordinates":[38.884827,8.984528]},"properties":{"name":"Bole Arabsa (2)","lines":"D46","arr":["D46"],"terminus":0,"mode":"bus","color":"#0059a9","colorDark":"#00294f","angle":271.9,"snapDist":0,"label":0}},{"type":"Feature","geometry":{"type":"Point","coordinates":[38.884586,8.977266]},"properties":{"name":"Kela","lines":"D46","arr":["D46"],"terminus":0,"mode":"bus","color":"#0059a9","colorDark":"#00294f","angle":271.3,"snapDist":1,"label":1}},{"type":"Feature","geometry":{"type":"Point","coordinates":[38.885056,8.965484]},"properties":{"name":"Project 15","lines":"D46","arr":["D46"],"terminus":0,"mode":"bus","color":"#0059a9","colorDark":"#00294f","angle":152.1,"snapDist":2,"label":1}},{"type":"Feature","geometry":{"type":"Point","coordinates":[38.89059,8.97203]},"properties":{"name":"Bole Arabsa","lines":"D46","arr":["D46"],"terminus":1,"mode":"bus","color":"#0059a9","colorDark":"#00294f","angle":129.6,"snapDist":2,"label":0}},{"type":"Feature","geometry":{"type":"Point","coordinates":[38.827727,8.892603]},"properties":{"name":"Koye Feche 3","lines":"D52","arr":["D52"],"terminus":0,"mode":"bus","color":"#0059a9","colorDark":"#00294f","angle":145.6,"snapDist":2,"label":1}},{"type":"Feature","geometry":{"type":"Point","coordinates":[38.735011,9.062997]},"properties":{"name":"Addisu Gebeya","lines":"Gl001, Gl012","arr":["Gl001","Gl012"],"terminus":0,"mode":"bus","color":"#e8a000","colorDark":"#7d5600","angle":359.6,"mstop":"all","snapDist":1,"label":0}},{"type":"Feature","geometry":{"type":"Point","coordinates":[38.717433,9.069143]},"properties":{"name":"Zebera","lines":"Gl001, Gl012","arr":["Gl001","Gl012"],"terminus":0,"mode":"bus","color":"#e8a000","colorDark":"#7d5600","angle":326.6,"mstop":"all","snapDist":3,"label":1}},{"type":"Feature","geometry":{"type":"Point","coordinates":[38.717422,9.069009]},"properties":{"name":"Zebera","lines":"Gl001, Gl012","arr":["Gl001","Gl012"],"terminus":0,"mode":"bus","color":"#e8a000","colorDark":"#7d5600","angle":146.9,"mstop":"all","snapDist":4,"label":0}},{"type":"Feature","geometry":{"type":"Point","coordinates":[38.725607,9.067071]},"properties":{"name":"Bera Tera","lines":"Gl001","arr":["Gl001"],"terminus":0,"mode":"bus","color":"#e8a000","colorDark":"#7d5600","angle":218.8,"mstop":"all","snapDist":2,"label":1}},{"type":"Feature","geometry":{"type":"Point","coordinates":[38.735248,9.06259]},"properties":{"name":"Addisu Gebeya","lines":"Gl001, Gl012","arr":["Gl001","Gl012"],"terminus":0,"mode":"bus","color":"#e8a000","colorDark":"#7d5600","angle":172.3,"mstop":"all","snapDist":1,"label":0}},{"type":"Feature","geometry":{"type":"Point","coordinates":[38.749198,9.065002]},"properties":{"name":"Kechenie","lines":"Gl003","arr":["Gl003"],"terminus":0,"mode":"bus","color":"#e8a000","colorDark":"#7d5600","angle":276.1,"mstop":"all","snapDist":2,"label":0}},{"type":"Feature","geometry":{"type":"Point","coordinates":[38.751801,9.055265]},"properties":{"name":"Medhanalem","lines":"Gl003","arr":["Gl003"],"terminus":0,"mode":"bus","color":"#e8a000","colorDark":"#7d5600","angle":312.9,"mstop":"all","snapDist":1,"label":0}},{"type":"Feature","geometry":{"type":"Point","coordinates":[38.75329,9.034244]},"properties":{"name":"Piassa","lines":"Gl003","arr":["Gl003"],"terminus":0,"mode":"bus","color":"#e8a000","colorDark":"#7d5600","angle":62.6,"mstop":"all","snapDist":10,"label":0}},{"type":"Feature","geometry":{"type":"Point","coordinates":[38.744012,9.044455]},"properties":{"name":"Ras Desta","lines":"Gl004","arr":["Gl004"],"terminus":0,"mode":"bus","color":"#e8a000","colorDark":"#7d5600","angle":57.7,"mstop":"all","snapDist":3,"label":0}},{"type":"Feature","geometry":{"type":"Point","coordinates":[38.737801,9.049258]},"properties":{"name":"Enqulal Fabrica","lines":"Gl004","arr":["Gl004"],"terminus":0,"mode":"bus","color":"#e8a000","colorDark":"#7d5600","angle":70.7,"mstop":"all","snapDist":3,"label":0}},{"type":"Feature","geometry":{"type":"Point","coordinates":[38.733004,9.054502]},"properties":{"name":"Tureta Deldy","lines":"Gl004","arr":["Gl004"],"terminus":0,"mode":"bus","color":"#e8a000","colorDark":"#7d5600","angle":42.2,"mstop":"all","snapDist":4,"label":1}},{"type":"Feature","geometry":{"type":"Point","coordinates":[38.727426,9.05905]},"properties":{"name":"Rufael","lines":"Gl004","arr":["Gl004"],"terminus":0,"mode":"bus","color":"#e8a000","colorDark":"#7d5600","angle":103,"mstop":"all","snapDist":8,"label":1}},{"type":"Feature","geometry":{"type":"Point","coordinates":[38.726978,9.064058]},"properties":{"name":"Shegole","lines":"Gl004","arr":["Gl004"],"terminus":0,"mode":"bus","color":"#e8a000","colorDark":"#7d5600","angle":81.2,"mstop":"all","snapDist":2,"label":1}},{"type":"Feature","geometry":{"type":"Point","coordinates":[38.726886,9.063975]},"properties":{"name":"Shegole","lines":"Gl004","arr":["Gl004"],"terminus":0,"mode":"bus","color":"#e8a000","colorDark":"#7d5600","angle":240.1,"mstop":"all","snapDist":4,"label":0}},{"type":"Feature","geometry":{"type":"Point","coordinates":[38.727425,9.059047]},"properties":{"name":"Rufael","lines":"Gl004","arr":["Gl004"],"terminus":0,"mode":"bus","color":"#e8a000","colorDark":"#7d5600","angle":283,"mstop":"all","snapDist":1,"label":0}},{"type":"Feature","geometry":{"type":"Point","coordinates":[38.733007,9.0545]},"properties":{"name":"Tureta Deldy","lines":"Gl004","arr":["Gl004"],"terminus":0,"mode":"bus","color":"#e8a000","colorDark":"#7d5600","angle":222.2,"mstop":"all","snapDist":5,"label":0}},{"type":"Feature","geometry":{"type":"Point","coordinates":[38.737763,9.049253]},"properties":{"name":"Enqulal Fabrica","lines":"Gl004","arr":["Gl004"],"terminus":0,"mode":"bus","color":"#e8a000","colorDark":"#7d5600","angle":292,"mstop":"all","snapDist":3,"label":0}},{"type":"Feature","geometry":{"type":"Point","coordinates":[38.761354,9.045374]},"properties":{"name":"6 Kilo","lines":"Gl005, Gl009, Gl010","arr":["Gl005","Gl009","Gl010"],"terminus":0,"mode":"bus","color":"#e8a000","colorDark":"#7d5600","angle":277.3,"mstop":"all","snapDist":4,"label":0}},{"type":"Feature","geometry":{"type":"Point","coordinates":[38.785492,9.030753]},"properties":{"name":"British Embassy","lines":"Gl005, YK021","arr":["Gl005","YK021"],"terminus":0,"mode":"bus","color":"#e8a000","colorDark":"#7d5600","angle":211.7,"mstop":"all","snapDist":2,"label":0}},{"type":"Feature","geometry":{"type":"Point","coordinates":[38.798243,9.023107]},"properties":{"name":"Shola Abyssinia Bank","lines":"Gl005, YK019","arr":["Gl005","YK019"],"terminus":0,"mode":"bus","color":"#e8a000","colorDark":"#7d5600","angle":209.7,"mstop":"all","snapDist":3,"label":0}},{"type":"Feature","geometry":{"type":"Point","coordinates":[38.799843,9.022502]},"properties":{"name":"Megenagna (Marathon Motors)","lines":"Gl005, TX008","arr":["Gl005","TX008"],"terminus":0,"mode":"bus","color":"#e8a000","colorDark":"#7d5600","angle":29,"mstop":"all","snapDist":1,"label":0}},{"type":"Feature","geometry":{"type":"Point","coordinates":[38.758863,9.051525]},"properties":{"name":"Manen","lines":"Gl006","arr":["Gl006"],"terminus":0,"mode":"bus","color":"#e8a000","colorDark":"#7d5600","angle":226.2,"mstop":"all","snapDist":2,"label":1}},{"type":"Feature","geometry":{"type":"Point","coordinates":[38.760647,9.061021]},"properties":{"name":"Shiromeda","lines":"Gl006","arr":["Gl006"],"terminus":0,"mode":"bus","color":"#e8a000","colorDark":"#7d5600","angle":126.5,"mstop":"all","snapDist":3,"label":0}},{"type":"Feature","geometry":{"type":"Point","coordinates":[38.760644,9.061016]},"properties":{"name":"Shiromeda","lines":"Gl006","arr":["Gl006"],"terminus":0,"mode":"bus","color":"#e8a000","colorDark":"#7d5600","angle":306.5,"mstop":"all","snapDist":2,"label":0}},{"type":"Feature","geometry":{"type":"Point","coordinates":[38.758863,9.051525]},"properties":{"name":"Manen","lines":"Gl006","arr":["Gl006"],"terminus":0,"mode":"bus","color":"#e8a000","colorDark":"#7d5600","angle":267.6,"mstop":"all","snapDist":2,"label":0}},{"type":"Feature","geometry":{"type":"Point","coordinates":[38.761437,9.046205]},"properties":{"name":"6 Kilo","lines":"Gl007","arr":["Gl007"],"terminus":0,"mode":"bus","color":"#e8a000","colorDark":"#7d5600","angle":275.7,"mstop":"all","snapDist":1,"label":0}},{"type":"Feature","geometry":{"type":"Point","coordinates":[38.763008,9.035149]},"properties":{"name":"4 Kilo (Menlik)","lines":"Gl007, Gl009","arr":["Gl007","Gl009"],"terminus":0,"mode":"bus","color":"#e8a000","colorDark":"#7d5600","angle":262.4,"mstop":"all","snapDist":2,"label":0}},{"type":"Feature","geometry":{"type":"Point","coordinates":[38.767293,9.020006]},"properties":{"name":"Meneharya","lines":"Gl007","arr":["Gl007"],"terminus":0,"mode":"bus","color":"#e8a000","colorDark":"#7d5600","angle":40,"mstop":"all","snapDist":1,"label":1}},{"type":"Feature","geometry":{"type":"Point","coordinates":[38.771392,9.016922]},"properties":{"name":"Kazanchis","lines":"Gl007, Gl009, KRK004, KRK007","arr":["Gl007","Gl009","KRK004","KRK007"],"terminus":1,"mode":"bus","color":"#e8a000","colorDark":"#7d5600","angle":217.6,"mstop":"all","snapDist":20,"label":1}},{"type":"Feature","geometry":{"type":"Point","coordinates":[38.771402,9.016914]},"properties":{"name":"Kazanchis","lines":"Gl007, Gl009, KRK004, KRK007","arr":["Gl007","Gl009","KRK004","KRK007"],"terminus":1,"mode":"bus","color":"#e8a000","colorDark":"#7d5600","angle":37.6,"mstop":"all","snapDist":7,"label":0}},{"type":"Feature","geometry":{"type":"Point","coordinates":[38.761465,9.043081]},"properties":{"name":"6 Kilo (Lion Zoo)","lines":"Gl007, Gl009, KRK013, TX008","arr":["Gl007","Gl009","KRK013","TX008"],"terminus":0,"mode":"bus","color":"#e8a000","colorDark":"#7d5600","angle":75.6,"mstop":"all","snapDist":4,"label":1}},{"type":"Feature","geometry":{"type":"Point","coordinates":[38.761555,9.046203]},"properties":{"name":"6 Kilo","lines":"Gl007, Gl009, Gl010, KRK013","arr":["Gl007","Gl009","Gl010","KRK013"],"terminus":0,"mode":"bus","color":"#e8a000","colorDark":"#7d5600","angle":97.3,"mstop":"all","snapDist":1,"label":0}},{"type":"Feature","geometry":{"type":"Point","coordinates":[38.761363,9.043079]},"properties":{"name":"6 Kilo (Lion Zoo)","lines":"Gl009","arr":["Gl009"],"terminus":0,"mode":"bus","color":"#e8a000","colorDark":"#7d5600","angle":255.8,"mstop":"all","snapDist":7,"label":0}},{"type":"Feature","geometry":{"type":"Point","coordinates":[38.746256,9.011581]},"properties":{"name":"Mexico","lines":"Gl011","arr":["Gl011"],"terminus":0,"mode":"bus","color":"#e8a000","colorDark":"#7d5600","angle":145.4,"mstop":"all","snapDist":1,"label":0}},{"type":"Feature","geometry":{"type":"Point","coordinates":[38.713648,9.05762]},"properties":{"name":"Winget","lines":"Gl012","arr":["Gl012"],"terminus":0,"mode":"bus","color":"#e8a000","colorDark":"#7d5600","angle":301.6,"mstop":"all","snapDist":6,"label":0}},{"type":"Feature","geometry":{"type":"Point","coordinates":[38.732612,9.041877]},"properties":{"name":"Michael","lines":"Gl013","arr":["Gl013"],"terminus":0,"mode":"bus","color":"#e8a000","colorDark":"#7d5600","angle":101.1,"mstop":"all","snapDist":1,"label":0}},{"type":"Feature","geometry":{"type":"Point","coordinates":[38.727694,9.047463]},"properties":{"name":"Pawlos Hospital","lines":"Gl013","arr":["Gl013"],"terminus":0,"mode":"bus","color":"#e8a000","colorDark":"#7d5600","angle":37.1,"mstop":"all","snapDist":2,"label":0}},{"type":"Feature","geometry":{"type":"Point","coordinates":[38.720144,9.063065]},"properties":{"name":"Shegole","lines":"Gl013","arr":["Gl013"],"terminus":0,"mode":"bus","color":"#e8a000","colorDark":"#7d5600","angle":109.7,"mstop":"all","snapDist":2,"label":1}},{"type":"Feature","geometry":{"type":"Point","coordinates":[38.720144,9.063064]},"properties":{"name":"Shegole","lines":"Gl013","arr":["Gl013"],"terminus":0,"mode":"bus","color":"#e8a000","colorDark":"#7d5600","angle":289.7,"mstop":"all","snapDist":1,"label":0}},{"type":"Feature","geometry":{"type":"Point","coordinates":[38.699212,9.054219]},"properties":{"name":"Rufael","lines":"Gl015","arr":["Gl015"],"terminus":0,"mode":"bus","color":"#e8a000","colorDark":"#7d5600","angle":290.1,"mstop":"all","snapDist":1,"label":1}},{"type":"Feature","geometry":{"type":"Point","coordinates":[38.699212,9.054219]},"properties":{"name":"Rufael","lines":"Gl015","arr":["Gl015"],"terminus":0,"mode":"bus","color":"#e8a000","colorDark":"#7d5600","angle":110.1,"mstop":"all","snapDist":1,"label":0}},{"type":"Feature","geometry":{"type":"Point","coordinates":[38.696699,8.984106]},"properties":{"name":"Ayer Tena","lines":"Kal001, Kolfe042","arr":["Kal001","Kolfe042"],"terminus":0,"mode":"bus","color":"#e8a000","colorDark":"#7d5600","angle":318.9,"mstop":"all","snapDist":2,"label":0}},{"type":"Feature","geometry":{"type":"Point","coordinates":[38.73442,8.945794]},"properties":{"name":"Mebrat hayle","lines":"Kal001","arr":["Kal001"],"terminus":0,"mode":"bus","color":"#e8a000","colorDark":"#7d5600","angle":252,"mstop":"all","snapDist":3,"label":1}},{"type":"Feature","geometry":{"type":"Point","coordinates":[38.744872,8.935266]},"properties":{"name":"Hana mariam","lines":"Kal001, Lafto044, Lafto045","arr":["Kal001","Lafto044","Lafto045"],"terminus":0,"mode":"bus","color":"#e8a000","colorDark":"#7d5600","angle":208.5,"mstop":"all","snapDist":5,"label":1}},{"type":"Feature","geometry":{"type":"Point","coordinates":[38.758759,8.930891]},"properties":{"name":"Kadisco","lines":"Kal001, Kal005, Lafto013, Lafto028","arr":["Kal001","Kal005","Lafto013","Lafto028"],"terminus":0,"mode":"bus","color":"#e8a000","colorDark":"#7d5600","angle":185.2,"mstop":"all","snapDist":1,"label":0}},{"type":"Feature","geometry":{"type":"Point","coordinates":[38.770357,8.897326]},"properties":{"name":"Akaki Subcity Office (Menaheria)","lines":"Kal001, Kal003, Kal021, Kal022, Kal030, Kal034, Lafto038, Lafto039, Lafto043, Lafto045","arr":["Kal001","Kal003","Kal021","Kal022","Kal030","Kal034","Lafto038","Lafto039","Lafto043","Lafto045"],"terminus":0,"mode":"bus","color":"#e8a000","colorDark":"#7d5600","angle":223.5,"mstop":"all","snapDist":6,"label":0}},{"type":"Feature","geometry":{"type":"Point","coordinates":[38.764293,8.934196]},"properties":{"name":"kality Maseltegna","lines":"Kal001, Kal005, Kal009, Lafto013, Lafto028, Lafto045","arr":["Kal001","Kal005","Kal009","Lafto013","Lafto028","Lafto045"],"terminus":0,"mode":"bus","color":"#e8a000","colorDark":"#7d5600","angle":325.6,"mstop":"all","snapDist":2,"label":0}},{"type":"Feature","geometry":{"type":"Point","coordinates":[38.744506,8.936139]},"properties":{"name":"Hana Mariam","lines":"Kal001, Kal005, Kal009, Kal023, Lafto006, Lafto008","arr":["Kal001","Kal005","Kal009","Kal023","Lafto006","Lafto008"],"terminus":0,"mode":"bus","color":"#e8a000","colorDark":"#7d5600","angle":27.7,"mstop":"all","snapDist":2,"label":0}},{"type":"Feature","geometry":{"type":"Point","coordinates":[38.735908,8.93749]},"properties":{"name":"Haile Garment","lines":"Kal001, Kal005, Kal009, Kal023, Lafto006, Lafto008, Lafto013","arr":["Kal001","Kal005","Kal009","Kal023","Lafto006","Lafto008","Lafto013"],"terminus":0,"mode":"bus","color":"#e8a000","colorDark":"#7d5600","angle":11.4,"mstop":"all","snapDist":3,"label":0}},{"type":"Feature","geometry":{"type":"Point","coordinates":[38.70661,8.975519]},"properties":{"name":"Menaheria (Zenebu Werk)","lines":"Kal001, Lafto003, Lafto021","arr":["Kal001","Lafto003","Lafto021"],"terminus":0,"mode":"bus","color":"#e8a000","colorDark":"#7d5600","angle":23.9,"mstop":"all","snapDist":2,"label":1}},{"type":"Feature","geometry":{"type":"Point","coordinates":[38.697154,8.98353]},"properties":{"name":"Ayer Tena","lines":"Kal001, Kolfe003","arr":["Kal001","Kolfe003"],"terminus":0,"mode":"bus","color":"#e8a000","colorDark":"#7d5600","angle":85.2,"mstop":"all","snapDist":3,"label":0}},{"type":"Feature","geometry":{"type":"Point","coordinates":[38.788816,8.985931]},"properties":{"name":"Bole Roundabout","lines":"Kal002, Lafto044","arr":["Kal002","Lafto044"],"terminus":0,"mode":"bus","color":"#e8a000","colorDark":"#7d5600","angle":340.5,"mstop":"all","snapDist":0,"label":1}},{"type":"Feature","geometry":{"type":"Point","coordinates":[38.770117,8.937495]},"properties":{"name":"Gomista","lines":"Kal002, Lafto044","arr":["Kal002","Lafto044"],"terminus":0,"mode":"bus","color":"#e8a000","colorDark":"#7d5600","angle":306.7,"mstop":"all","snapDist":1,"label":1}},{"type":"Feature","geometry":{"type":"Point","coordinates":[38.770355,8.937388]},"properties":{"name":"Gomista","lines":"Kal002","arr":["Kal002"],"terminus":0,"mode":"bus","color":"#e8a000","colorDark":"#7d5600","angle":125.4,"mstop":"all","snapDist":1,"label":0}},{"type":"Feature","geometry":{"type":"Point","coordinates":[38.768025,8.929565]},"properties":{"name":"Wuhalimat","lines":"Kal003, Kal011, Kal017, Kal021, Kal022, Kal030, Kal034, Lafto012, Lafto028, Lafto038, Lafto039, Lafto043, Lafto045","arr":["Kal003","Kal011","Kal017","Kal021","Kal022","Kal030","Kal034","Lafto012","Lafto028","Lafto038","Lafto039","Lafto043","Lafto045"],"terminus":0,"mode":"bus","color":"#e8a000","colorDark":"#7d5600","angle":94.7,"mstop":"all","snapDist":13,"label":0}},{"type":"Feature","geometry":{"type":"Point","coordinates":[38.766163,8.904798]},"properties":{"name":"Mosque (Mesged)","lines":"Kal003, Kal011, Kal021, Kal022, Kal030, Kal034, Lafto038, Lafto039, Lafto043","arr":["Kal003","Kal011","Kal021","Kal022","Kal030","Kal034","Lafto038","Lafto039","Lafto043"],"terminus":0,"mode":"bus","color":"#e8a000","colorDark":"#7d5600","angle":250,"mstop":"all","snapDist":11,"label":1}},{"type":"Feature","geometry":{"type":"Point","coordinates":[38.778585,8.949071]},"properties":{"name":"Medhani alem","lines":"Kal004, Kal027","arr":["Kal004","Kal027"],"terminus":0,"mode":"bus","color":"#e8a000","colorDark":"#7d5600","angle":356,"mstop":"all","snapDist":1,"label":1}},{"type":"Feature","geometry":{"type":"Point","coordinates":[38.776529,8.948271]},"properties":{"name":"Kore","lines":"Kal004, Kal027","arr":["Kal004","Kal027"],"terminus":0,"mode":"bus","color":"#e8a000","colorDark":"#7d5600","angle":275.9,"mstop":"all","snapDist":3,"label":1}},{"type":"Feature","geometry":{"type":"Point","coordinates":[38.7717,8.941188]},"properties":{"name":"Condominium","lines":"Kal004, Kal027","arr":["Kal004","Kal027"],"terminus":0,"mode":"bus","color":"#e8a000","colorDark":"#7d5600","angle":65.1,"mstop":"all","snapDist":1,"label":1}},{"type":"Feature","geometry":{"type":"Point","coordinates":[38.770102,8.944646]},"properties":{"name":"Saris abo","lines":"Kal004, Kal027","arr":["Kal004","Kal027"],"terminus":0,"mode":"bus","color":"#e8a000","colorDark":"#7d5600","angle":60.3,"mstop":"all","snapDist":3,"label":0}},{"type":"Feature","geometry":{"type":"Point","coordinates":[38.770099,8.944452]},"properties":{"name":"Saris abo","lines":"Kal004, Kal027","arr":["Kal004","Kal027"],"terminus":0,"mode":"bus","color":"#e8a000","colorDark":"#7d5600","angle":246.6,"mstop":"all","snapDist":2,"label":0}},{"type":"Feature","geometry":{"type":"Point","coordinates":[38.776847,8.945372]},"properties":{"name":"Medhani alem","lines":"Kal004, Kal027","arr":["Kal004","Kal027"],"terminus":0,"mode":"bus","color":"#e8a000","colorDark":"#7d5600","angle":122.4,"mstop":"all","snapDist":8,"label":1}},{"type":"Feature","geometry":{"type":"Point","coordinates":[38.780126,8.948719]},"properties":{"name":"Nigd bank","lines":"Kal004, Kal027","arr":["Kal004","Kal027"],"terminus":0,"mode":"bus","color":"#e8a000","colorDark":"#7d5600","angle":194.9,"mstop":"all","snapDist":1,"label":1}},{"type":"Feature","geometry":{"type":"Point","coordinates":[38.784192,8.947667]},"properties":{"name":"Kore","lines":"Kal004, Kal027","arr":["Kal004","Kal027"],"terminus":0,"mode":"bus","color":"#e8a000","colorDark":"#7d5600","angle":196.5,"mstop":"all","snapDist":0,"label":1}},{"type":"Feature","geometry":{"type":"Point","coordinates":[38.697706,8.953728]},"properties":{"name":"Jemo","lines":"Kal005","arr":["Kal005"],"terminus":0,"mode":"bus","color":"#e8a000","colorDark":"#7d5600","angle":212.6,"mstop":"all","snapDist":1,"label":1}},{"type":"Feature","geometry":{"type":"Point","coordinates":[38.721849,8.941178]},"properties":{"name":"Meskelegna","lines":"Kal005","arr":["Kal005"],"terminus":0,"mode":"bus","color":"#e8a000","colorDark":"#7d5600","angle":210.8,"mstop":"all","snapDist":4,"label":1}},{"type":"Feature","geometry":{"type":"Point","coordinates":[38.733122,8.937528]},"properties":{"name":"Haile Garment","lines":"Kal005, Lafto004","arr":["Kal005","Lafto004"],"terminus":0,"mode":"bus","color":"#e8a000","colorDark":"#7d5600","angle":186.3,"mstop":"all","snapDist":2,"label":0}},{"type":"Feature","geometry":{"type":"Point","coordinates":[38.73641,8.936893]},"properties":{"name":"Haile garment","lines":"Kal005, Kal009, Lafto002","arr":["Kal005","Kal009","Lafto002"],"terminus":0,"mode":"bus","color":"#e8a000","colorDark":"#7d5600","angle":169.5,"mstop":"all","snapDist":9,"label":1}},{"type":"Feature","geometry":{"type":"Point","coordinates":[38.744145,8.935804]},"properties":{"name":"Hana Mariam","lines":"Kal005, Kal009, Kal023, Lafto002, Lafto006, Lafto008, Lafto013, Lafto028","arr":["Kal005","Kal009","Kal023","Lafto002","Lafto006","Lafto008","Lafto013","Lafto028"],"terminus":0,"mode":"bus","color":"#e8a000","colorDark":"#7d5600","angle":218.4,"mstop":"all","snapDist":2,"label":0}},{"type":"Feature","geometry":{"type":"Point","coordinates":[38.764637,8.933684]},"properties":{"name":"kality Maseltegna","lines":"Kal005, Kal009, Lafto013, Lafto028, Lafto045","arr":["Kal005","Kal009","Lafto013","Lafto028","Lafto045"],"terminus":0,"mode":"bus","color":"#e8a000","colorDark":"#7d5600","angle":151.4,"mstop":"all","snapDist":1,"label":1}},{"type":"Feature","geometry":{"type":"Point","coordinates":[38.758524,8.931078]},"properties":{"name":"Kadisco","lines":"Kal005, Lafto013, Lafto028, Lafto044, Lafto045","arr":["Kal005","Lafto013","Lafto028","Lafto044","Lafto045"],"terminus":0,"mode":"bus","color":"#e8a000","colorDark":"#7d5600","angle":347.8,"mstop":"all","snapDist":1,"label":0}},{"type":"Feature","geometry":{"type":"Point","coordinates":[38.733587,8.937616]},"properties":{"name":"Haile garment","lines":"Kal005","arr":["Kal005"],"terminus":0,"mode":"bus","color":"#e8a000","colorDark":"#7d5600","angle":3.9,"mstop":"all","snapDist":6,"label":1}},{"type":"Feature","geometry":{"type":"Point","coordinates":[38.721418,8.941704]},"properties":{"name":"Mesqelegna","lines":"Kal005","arr":["Kal005"],"terminus":0,"mode":"bus","color":"#e8a000","colorDark":"#7d5600","angle":30,"mstop":"all","snapDist":8,"label":1}},{"type":"Feature","geometry":{"type":"Point","coordinates":[38.698019,8.953669]},"properties":{"name":"Jemo","lines":"Kal005","arr":["Kal005"],"terminus":0,"mode":"bus","color":"#e8a000","colorDark":"#7d5600","angle":38.5,"mstop":"all","snapDist":13,"label":0}},{"type":"Feature","geometry":{"type":"Point","coordinates":[38.748342,8.994451]},"properties":{"name":"Bulgaria","lines":"Kal006, KRK015","arr":["Kal006","KRK015"],"terminus":0,"mode":"bus","color":"#e8a000","colorDark":"#7d5600","angle":174,"mstop":"all","snapDist":3,"label":0}},{"type":"Feature","geometry":{"type":"Point","coordinates":[38.759119,8.990146]},"properties":{"name":"Lancha","lines":"Kal006, KRK008, KRK011, KRK014, KRK015","arr":["Kal006","KRK008","KRK011","KRK014","KRK015"],"terminus":0,"mode":"bus","color":"#e8a000","colorDark":"#7d5600","angle":259.8,"mstop":"all","snapDist":4,"label":0}},{"type":"Feature","geometry":{"type":"Point","coordinates":[38.748084,8.992708]},"properties":{"name":"Noc","lines":"Kal006, KRK015","arr":["Kal006","KRK015"],"terminus":0,"mode":"bus","color":"#e8a000","colorDark":"#7d5600","angle":84.4,"mstop":"all","snapDist":7,"label":1}},{"type":"Feature","geometry":{"type":"Point","coordinates":[38.747851,8.9948]},"properties":{"name":"Bulgaria","lines":"Kal006, Kal013, KRK015, Lafto023","arr":["Kal006","Kal013","KRK015","Lafto023"],"terminus":0,"mode":"bus","color":"#e8a000","colorDark":"#7d5600","angle":81.7,"mstop":"all","snapDist":3,"label":0}},{"type":"Feature","geometry":{"type":"Point","coordinates":[38.74697,9.002778]},"properties":{"name":"Guenet hotel","lines":"Kal006, Kal013, KRK001, KRK015, KRK016, Lafto018, Lafto023, Lafto030","arr":["Kal006","Kal013","KRK001","KRK015","KRK016","Lafto018","Lafto023","Lafto030"],"terminus":0,"mode":"bus","color":"#e8a000","colorDark":"#7d5600","angle":84.3,"mstop":"all","snapDist":0,"label":1}},{"type":"Feature","geometry":{"type":"Point","coordinates":[38.788654,8.869729]},"properties":{"name":"Akaki Gebeya","lines":"Kal008, Kal009, Kal030, Kal034, Kal035, Lafto038, Lafto039","arr":["Kal008","Kal009","Kal030","Kal034","Kal035","Lafto038","Lafto039"],"terminus":1,"mode":"bus","color":"#e8a000","colorDark":"#7d5600","angle":272.7,"mstop":"all","snapDist":1,"label":1}},{"type":"Feature","geometry":{"type":"Point","coordinates":[38.787456,8.875928]},"properties":{"name":"Meshualekya","lines":"Kal008, Kal009, Kal035","arr":["Kal008","Kal009","Kal035"],"terminus":0,"mode":"bus","color":"#e8a000","colorDark":"#7d5600","angle":53.4,"mstop":"all","snapDist":10,"label":1}},{"type":"Feature","geometry":{"type":"Point","coordinates":[38.777342,8.883146]},"properties":{"name":"Selam Building","lines":"Kal008","arr":["Kal008"],"terminus":0,"mode":"bus","color":"#e8a000","colorDark":"#7d5600","angle":-115.3,"mstop":"all","snapDist":9,"label":0}},{"type":"Feature","geometry":{"type":"Point","coordinates":[38.76847,8.880177]},"properties":{"name":"Gelan Condominium","lines":"Kal008","arr":["Kal008"],"terminus":0,"mode":"bus","color":"#e8a000","colorDark":"#7d5600","angle":330.1,"mstop":"all","snapDist":2,"label":0}},{"type":"Feature","geometry":{"type":"Point","coordinates":[38.76847,8.880176]},"properties":{"name":"Gelan Condominium","lines":"Kal008","arr":["Kal008"],"terminus":0,"mode":"bus","color":"#e8a000","colorDark":"#7d5600","angle":150.1,"mstop":"all","snapDist":1,"label":0}},{"type":"Feature","geometry":{"type":"Point","coordinates":[38.777109,8.883132]},"properties":{"name":"Selam Building","lines":"Kal008","arr":["Kal008"],"terminus":0,"mode":"bus","color":"#e8a000","colorDark":"#7d5600","angle":65.2,"mstop":"all","snapDist":14,"label":0}},{"type":"Feature","geometry":{"type":"Point","coordinates":[38.787298,8.876014]},"properties":{"name":"Meshualekya","lines":"Kal008, Kal009, Kal035","arr":["Kal008","Kal009","Kal035"],"terminus":0,"mode":"bus","color":"#e8a000","colorDark":"#7d5600","angle":233.2,"mstop":"all","snapDist":11,"label":0}},{"type":"Feature","geometry":{"type":"Point","coordinates":[38.788655,8.86974]},"properties":{"name":"Akaki Gebeya","lines":"Kal008, Kal009, Kal030, Kal035, Lafto038, Lafto039","arr":["Kal008","Kal009","Kal030","Kal035","Lafto038","Lafto039"],"terminus":1,"mode":"bus","color":"#e8a000","colorDark":"#7d5600","angle":275.4,"mstop":"all","snapDist":3,"label":0}},{"type":"Feature","geometry":{"type":"Point","coordinates":[38.78189,8.886909]},"properties":{"name":"Derartu","lines":"Kal009, Kal011, Kal030, Kal034, Kal035, Lafto038, Lafto039","arr":["Kal009","Kal011","Kal030","Kal034","Kal035","Lafto038","Lafto039"],"terminus":0,"mode":"bus","color":"#e8a000","colorDark":"#7d5600","angle":212,"mstop":"all","snapDist":5,"label":0}},{"type":"Feature","geometry":{"type":"Point","coordinates":[38.78874,8.873885]},"properties":{"name":"Breta bret","lines":"Kal009","arr":["Kal009"],"terminus":0,"mode":"bus","color":"#e8a000","colorDark":"#7d5600","angle":251.2,"mstop":"all","snapDist":1,"label":1}},{"type":"Feature","geometry":{"type":"Point","coordinates":[38.762933,8.937971]},"properties":{"name":"Kality Customs","lines":"Kal011, Kal013, Lafto012","arr":["Kal011","Kal013","Lafto012"],"terminus":0,"mode":"bus","color":"#e8a000","colorDark":"#7d5600","angle":236.2,"mstop":"all","snapDist":6,"label":0}},{"type":"Feature","geometry":{"type":"Point","coordinates":[38.765452,8.906732]},"properties":{"name":"Kality Cheralia","lines":"Kal011, Lafto045","arr":["Kal011","Lafto045"],"terminus":0,"mode":"bus","color":"#e8a000","colorDark":"#7d5600","angle":249.8,"mstop":"all","snapDist":11,"label":0}},{"type":"Feature","geometry":{"type":"Point","coordinates":[38.770892,8.896782]},"properties":{"name":"kality Meneharia","lines":"Kal011, Kal013, Kal033, Lafto012, YK009","arr":["Kal011","Kal013","Kal033","Lafto012","YK009"],"terminus":0,"mode":"bus","color":"#e8a000","colorDark":"#7d5600","angle":227,"mstop":"all","snapDist":3,"label":0}},{"type":"Feature","geometry":{"type":"Point","coordinates":[38.746876,9.002875]},"properties":{"name":"Guenet hotel","lines":"Kal013, KRK001, KRK016, Lafto018, Lafto023, Lafto030, Lafto042","arr":["Kal013","KRK001","KRK016","Lafto018","Lafto023","Lafto030","Lafto042"],"terminus":0,"mode":"bus","color":"#e8a000","colorDark":"#7d5600","angle":264.5,"mstop":"all","snapDist":1,"label":0}},{"type":"Feature","geometry":{"type":"Point","coordinates":[38.748439,8.986685]},"properties":{"name":"Kera","lines":"Kal013, Lafto011, Lafto023","arr":["Kal013","Lafto011","Lafto023"],"terminus":0,"mode":"bus","color":"#e8a000","colorDark":"#7d5600","angle":295.4,"mstop":"all","snapDist":1,"label":0}},{"type":"Feature","geometry":{"type":"Point","coordinates":[38.755743,8.982427]},"properties":{"name":"Pepsi","lines":"Kal013, Lafto012","arr":["Kal013","Lafto012"],"terminus":0,"mode":"bus","color":"#e8a000","colorDark":"#7d5600","angle":203.4,"mstop":"all","snapDist":1,"label":0}},{"type":"Feature","geometry":{"type":"Point","coordinates":[38.759647,8.99531]},"properties":{"name":"Temenja yasi","lines":"Kal017, KRK008, KRK011, KRK014","arr":["Kal017","KRK008","KRK011","KRK014"],"terminus":0,"mode":"bus","color":"#e8a000","colorDark":"#7d5600","angle":263.5,"mstop":"all","snapDist":4,"label":1}},{"type":"Feature","geometry":{"type":"Point","coordinates":[38.77673,8.883946]},"properties":{"name":"Selam Building","lines":"Kal021","arr":["Kal021"],"terminus":0,"mode":"bus","color":"#e8a000","colorDark":"#7d5600","angle":246.3,"mstop":"all","snapDist":4,"label":0}},{"type":"Feature","geometry":{"type":"Point","coordinates":[38.77689,8.884122]},"properties":{"name":"Selam Building","lines":"Kal021","arr":["Kal021"],"terminus":0,"mode":"bus","color":"#e8a000","colorDark":"#7d5600","angle":-113.8,"mstop":"all","snapDist":19,"label":0}},{"type":"Feature","geometry":{"type":"Point","coordinates":[38.769337,8.944346]},"properties":{"name":"Saris Abo","lines":"Kal022, Lafto044","arr":["Kal022","Lafto044"],"terminus":0,"mode":"bus","color":"#e8a000","colorDark":"#7d5600","angle":81.3,"mstop":"all","snapDist":1,"label":0}},{"type":"Feature","geometry":{"type":"Point","coordinates":[38.76921,8.944429]},"properties":{"name":"Saris Abo","lines":"Kal022","arr":["Kal022"],"terminus":0,"mode":"bus","color":"#e8a000","colorDark":"#7d5600","angle":261.6,"mstop":"all","snapDist":1,"label":0}},{"type":"Feature","geometry":{"type":"Point","coordinates":[38.733902,8.932152]},"properties":{"name":"Kotari Condominium","lines":"Kal023, Kal037, Lafto003, Lafto004, Lafto008, Lafto009, Lafto026","arr":["Kal023","Kal037","Lafto003","Lafto004","Lafto008","Lafto009","Lafto026"],"terminus":0,"mode":"bus","color":"#e8a000","colorDark":"#7d5600","angle":278.5,"mstop":"all","snapDist":8,"label":1}},{"type":"Feature","geometry":{"type":"Point","coordinates":[38.73467,8.920811]},"properties":{"name":"Sefera","lines":"Kal023, Kal037, Lafto003, Lafto004, Lafto008, Lafto009, Lafto026","arr":["Kal023","Kal037","Lafto003","Lafto004","Lafto008","Lafto009","Lafto026"],"terminus":1,"mode":"bus","color":"#e8a000","colorDark":"#7d5600","angle":251.1,"mstop":"all","snapDist":0,"label":0}},{"type":"Feature","geometry":{"type":"Point","coordinates":[38.748424,8.903232]},"properties":{"name":"Chera Medhanilem","lines":"Kal023, Kal037, Lafto004","arr":["Kal023","Kal037","Lafto004"],"terminus":0,"mode":"bus","color":"#e8a000","colorDark":"#7d5600","angle":212.5,"mstop":"all","snapDist":3,"label":0}},{"type":"Feature","geometry":{"type":"Point","coordinates":[38.751969,8.887047]},"properties":{"name":"Mesalemia","lines":"Kal023, Kal037, Lafto004","arr":["Kal023","Kal037","Lafto004"],"terminus":0,"mode":"bus","color":"#e8a000","colorDark":"#7d5600","angle":243,"mstop":"all","snapDist":1,"label":0}},{"type":"Feature","geometry":{"type":"Point","coordinates":[38.766665,8.879006]},"properties":{"name":"Gelan Condominium","lines":"Kal023, Kal037, Lafto004","arr":["Kal023","Kal037","Lafto004"],"terminus":1,"mode":"bus","color":"#e8a000","colorDark":"#7d5600","angle":149,"mstop":"all","snapDist":1,"label":0}},{"type":"Feature","geometry":{"type":"Point","coordinates":[38.766607,8.879087]},"properties":{"name":"Gelan Condominium","lines":"Kal023, Kal037, Lafto004","arr":["Kal023","Kal037","Lafto004"],"terminus":1,"mode":"bus","color":"#e8a000","colorDark":"#7d5600","angle":330.2,"mstop":"all","snapDist":1,"label":0}},{"type":"Feature","geometry":{"type":"Point","coordinates":[38.752412,8.887099]},"properties":{"name":"Mesalemia","lines":"Kal023, Kal037, Lafto004, Lafto008","arr":["Kal023","Kal037","Lafto004","Lafto008"],"terminus":0,"mode":"bus","color":"#e8a000","colorDark":"#7d5600","angle":62,"mstop":"all","snapDist":3,"label":0}},{"type":"Feature","geometry":{"type":"Point","coordinates":[38.749117,8.903459]},"properties":{"name":"Chera Medhanilem","lines":"Kal023, Kal037, Lafto004, Lafto008","arr":["Kal023","Kal037","Lafto004","Lafto008"],"terminus":0,"mode":"bus","color":"#e8a000","colorDark":"#7d5600","angle":34.2,"mstop":"all","snapDist":2,"label":0}},{"type":"Feature","geometry":{"type":"Point","coordinates":[38.735302,8.920154]},"properties":{"name":"Sefera","lines":"Kal023, Kal037, Lafto003, Lafto004, Lafto008, Lafto009, Lafto026","arr":["Kal023","Kal037","Lafto003","Lafto004","Lafto008","Lafto009","Lafto026"],"terminus":1,"mode":"bus","color":"#e8a000","colorDark":"#7d5600","angle":73.3,"mstop":"all","snapDist":2,"label":0}},{"type":"Feature","geometry":{"type":"Point","coordinates":[38.734143,8.931278]},"properties":{"name":"Sefera Atkilt Tera","lines":"Kal023, Kal037, Lafto003, Lafto004, Lafto008, Lafto009, Lafto026","arr":["Kal023","Kal037","Lafto003","Lafto004","Lafto008","Lafto009","Lafto026"],"terminus":0,"mode":"bus","color":"#e8a000","colorDark":"#7d5600","angle":94.9,"mstop":"all","snapDist":3,"label":1}},{"type":"Feature","geometry":{"type":"Point","coordinates":[38.73459,8.935732]},"properties":{"name":"Haile Garment","lines":"Kal023, Kal037, Lafto004, Lafto008, Lafto026","arr":["Kal023","Kal037","Lafto004","Lafto008","Lafto026"],"terminus":0,"mode":"bus","color":"#e8a000","colorDark":"#7d5600","angle":97.1,"mstop":"all","snapDist":5,"label":1}},{"type":"Feature","geometry":{"type":"Point","coordinates":[38.754,8.943156]},"properties":{"name":"58 Mazoria","lines":"Kal023, Lafto008","arr":["Kal023","Lafto008"],"terminus":0,"mode":"bus","color":"#e8a000","colorDark":"#7d5600","angle":137.8,"mstop":"all","snapDist":1,"label":0}},{"type":"Feature","geometry":{"type":"Point","coordinates":[38.762893,8.953035]},"properties":{"name":"Saris","lines":"Kal023, Lafto008","arr":["Kal023","Lafto008"],"terminus":0,"mode":"bus","color":"#e8a000","colorDark":"#7d5600","angle":161.2,"mstop":"all","snapDist":5,"label":0}},{"type":"Feature","geometry":{"type":"Point","coordinates":[38.786588,8.877016]},"properties":{"name":"Meshualekya","lines":"Kal030, Kal034, Lafto038, Lafto039","arr":["Kal030","Kal034","Lafto038","Lafto039"],"terminus":0,"mode":"bus","color":"#e8a000","colorDark":"#7d5600","angle":64.8,"mstop":"all","snapDist":12,"label":0}},{"type":"Feature","geometry":{"type":"Point","coordinates":[38.786524,8.87698]},"properties":{"name":"Meshualekya","lines":"Kal030, Kal034, Lafto038, Lafto039","arr":["Kal030","Kal034","Lafto038","Lafto039"],"terminus":0,"mode":"bus","color":"#e8a000","colorDark":"#7d5600","angle":-139.9,"mstop":"all","snapDist":8,"label":0}},{"type":"Feature","geometry":{"type":"Point","coordinates":[38.802139,9.01809]},"properties":{"name":"Megenagna","lines":"Kal033, Lafto044, YK009","arr":["Kal033","Lafto044","YK009"],"terminus":0,"mode":"bus","color":"#e8a000","colorDark":"#7d5600","angle":73,"mstop":"all","snapDist":1,"label":0}},{"type":"Feature","geometry":{"type":"Point","coordinates":[38.813946,9.02151]},"properties":{"name":"Lamberet","lines":"Kal033, YK002, YK004, YK014","arr":["Kal033","YK002","YK004","YK014"],"terminus":0,"mode":"bus","color":"#e8a000","colorDark":"#7d5600","angle":161.2,"mstop":"all","snapDist":2,"label":1}},{"type":"Feature","geometry":{"type":"Point","coordinates":[38.819871,9.023926]},"properties":{"name":"Lamberet Menaheria","lines":"Kal033, LK005, TX006, YK016, YK019","arr":["Kal033","LK005","TX006","YK016","YK019"],"terminus":1,"mode":"bus","color":"#e8a000","colorDark":"#7d5600","angle":170.6,"mstop":"all","snapDist":1,"label":1}},{"type":"Feature","geometry":{"type":"Point","coordinates":[38.819924,9.024038]},"properties":{"name":"Lamberet Menaheria","lines":"Kal033, LK005, TX006, YK014, YK016, YK019","arr":["Kal033","LK005","TX006","YK014","YK016","YK019"],"terminus":1,"mode":"bus","color":"#e8a000","colorDark":"#7d5600","angle":351.7,"mstop":"all","snapDist":1,"label":0}},{"type":"Feature","geometry":{"type":"Point","coordinates":[38.813932,9.021595]},"properties":{"name":"Lamberet","lines":"Kal033, YK002, YK004, YK014","arr":["Kal033","YK002","YK004","YK014"],"terminus":0,"mode":"bus","color":"#e8a000","colorDark":"#7d5600","angle":341.5,"mstop":"all","snapDist":1,"label":0}},{"type":"Feature","geometry":{"type":"Point","coordinates":[38.76678,8.963405]},"properties":{"name":"Kadisco","lines":"Kal033, Lafto044, YK009","arr":["Kal033","Lafto044","YK009"],"terminus":0,"mode":"bus","color":"#e8a000","colorDark":"#7d5600","angle":256,"mstop":"all","snapDist":3,"label":0}},{"type":"Feature","geometry":{"type":"Point","coordinates":[38.788809,8.867992]},"properties":{"name":"Akaki CBE","lines":"Kal034","arr":["Kal034"],"terminus":0,"mode":"bus","color":"#e8a000","colorDark":"#7d5600","angle":-105.6,"mstop":"all","snapDist":12,"label":1}},{"type":"Feature","geometry":{"type":"Point","coordinates":[38.788809,8.867782]},"properties":{"name":"Akaki CBE","lines":"Kal034","arr":["Kal034"],"terminus":0,"mode":"bus","color":"#e8a000","colorDark":"#7d5600","angle":247.3,"mstop":"all","snapDist":0,"label":0}},{"type":"Feature","geometry":{"type":"Point","coordinates":[38.734311,8.982276]},"properties":{"name":"Abo Mazoria","lines":"Kal037, Lafto006, Lafto007, Lafto017, Lafto032","arr":["Kal037","Lafto006","Lafto007","Lafto017","Lafto032"],"terminus":0,"mode":"bus","color":"#e8a000","colorDark":"#7d5600","angle":245.5,"mstop":"all","snapDist":2,"label":0}},{"type":"Feature","geometry":{"type":"Point","coordinates":[38.733324,8.949361]},"properties":{"name":"Mebrathile","lines":"Kal037, Lafto002, Lafto003, Lafto006, Lafto007, Lafto026, Lafto031, Lafto032","arr":["Kal037","Lafto002","Lafto003","Lafto006","Lafto007","Lafto026","Lafto031","Lafto032"],"terminus":0,"mode":"bus","color":"#e8a000","colorDark":"#7d5600","angle":253.6,"mstop":"all","snapDist":3,"label":1}},{"type":"Feature","geometry":{"type":"Point","coordinates":[38.704994,9.014046]},"properties":{"name":"Mewcha","lines":"Kolfa001, Kolfa004, Kolfa005, Kolfa009, Kolfa010, Kolfa012, Kolfa024, Kolfa026","arr":["Kolfa001","Kolfa004","Kolfa005","Kolfa009","Kolfa010","Kolfa012","Kolfa024","Kolfa026"],"terminus":0,"mode":"bus","color":"#e8a000","colorDark":"#7d5600","angle":2.4,"mstop":"all","snapDist":2,"label":0}},{"type":"Feature","geometry":{"type":"Point","coordinates":[38.733635,9.011722]},"properties":{"name":"Lideta","lines":"Kolfa004, Kolfa014, Kolfa016, Kolfa019, Kolfa031, Kolfa036, Kolfa037, LID004, LID009","arr":["Kolfa004","Kolfa014","Kolfa016","Kolfa019","Kolfa031","Kolfa036","Kolfa037","LID004","LID009"],"terminus":0,"mode":"bus","color":"#e8a000","colorDark":"#7d5600","angle":5.7,"mstop":"all","snapDist":2,"label":1}},{"type":"Feature","geometry":{"type":"Point","coordinates":[38.676963,9.001901]},"properties":{"name":"Alem Bank","lines":"Kolfa004, Kolfa005","arr":["Kolfa004","Kolfa005"],"terminus":0,"mode":"bus","color":"#e8a000","colorDark":"#7d5600","angle":253.8,"mstop":"all","snapDist":2,"label":0}},{"type":"Feature","geometry":{"type":"Point","coordinates":[38.67718,9.001862]},"properties":{"name":"Alem Bank","lines":"Kolfa004, Kolfa005","arr":["Kolfa004","Kolfa005"],"terminus":0,"mode":"bus","color":"#e8a000","colorDark":"#7d5600","angle":70.3,"mstop":"all","snapDist":2,"label":0}},{"type":"Feature","geometry":{"type":"Point","coordinates":[38.733649,9.011573]},"properties":{"name":"Lideta","lines":"Kolfa004, Kolfa009, Kolfa014, Kolfa016, Kolfa019, Kolfa031, Kolfa036, Kolfa037, LID004, LID009","arr":["Kolfa004","Kolfa009","Kolfa014","Kolfa016","Kolfa019","Kolfa031","Kolfa036","Kolfa037","LID004","LID009"],"terminus":0,"mode":"bus","color":"#e8a000","colorDark":"#7d5600","angle":185.6,"mstop":"all","snapDist":3,"label":0}},{"type":"Feature","geometry":{"type":"Point","coordinates":[38.705528,8.975728]},"properties":{"name":"Chaina Camp","lines":"Kolfa006, Lafto002, Lafto003, Lafto020, Lafto021, Lafto031","arr":["Kolfa006","Lafto002","Lafto003","Lafto020","Lafto021","Lafto031"],"terminus":0,"mode":"bus","color":"#e8a000","colorDark":"#7d5600","angle":204.2,"mstop":"all","snapDist":2,"label":1}},{"type":"Feature","geometry":{"type":"Point","coordinates":[38.712117,8.97278]},"properties":{"name":"Zenebewerk","lines":"Kolfa006, Kolfa007, Lafto020, Lafto021, Lafto031","arr":["Kolfa006","Kolfa007","Lafto020","Lafto021","Lafto031"],"terminus":0,"mode":"bus","color":"#e8a000","colorDark":"#7d5600","angle":203.2,"mstop":"all","snapDist":4,"label":1}},{"type":"Feature","geometry":{"type":"Point","coordinates":[38.727355,8.965393]},"properties":{"name":"Mickael Bridge","lines":"Kolfa006, Lafto002, Lafto003, Lafto020, Lafto021, Lafto031","arr":["Kolfa006","Lafto002","Lafto003","Lafto020","Lafto021","Lafto031"],"terminus":0,"mode":"bus","color":"#e8a000","colorDark":"#7d5600","angle":210.8,"mstop":"all","snapDist":1,"label":0}},{"type":"Feature","geometry":{"type":"Point","coordinates":[38.732098,8.964519]},"properties":{"name":"Germen Square","lines":"Kolfa006, Lafto019, Lafto020, Lafto021, Lafto031","arr":["Kolfa006","Lafto019","Lafto020","Lafto021","Lafto031"],"terminus":0,"mode":"bus","color":"#e8a000","colorDark":"#7d5600","angle":198.7,"mstop":"all","snapDist":3,"label":1}},{"type":"Feature","geometry":{"type":"Point","coordinates":[38.732105,8.964635]},"properties":{"name":"Germen Square","lines":"Kolfa006, Lafto019, Lafto021, Lafto031","arr":["Kolfa006","Lafto019","Lafto021","Lafto031"],"terminus":0,"mode":"bus","color":"#e8a000","colorDark":"#7d5600","angle":16,"mstop":"all","snapDist":3,"label":0}},{"type":"Feature","geometry":{"type":"Point","coordinates":[38.727585,8.965539]},"properties":{"name":"Mickael Bridge","lines":"Kolfa006, Lafto020","arr":["Kolfa006","Lafto020"],"terminus":0,"mode":"bus","color":"#e8a000","colorDark":"#7d5600","angle":30,"mstop":"all","snapDist":2,"label":0}},{"type":"Feature","geometry":{"type":"Point","coordinates":[38.712175,8.97302]},"properties":{"name":"Zenebewerk","lines":"Kolfa006, Kolfa007, Lafto020, Lafto031","arr":["Kolfa006","Kolfa007","Lafto020","Lafto031"],"terminus":0,"mode":"bus","color":"#e8a000","colorDark":"#7d5600","angle":23.5,"mstop":"all","snapDist":3,"label":0}},{"type":"Feature","geometry":{"type":"Point","coordinates":[38.706074,8.975754]},"properties":{"name":"Chaina Camp","lines":"Kolfa006, Kolfa007, Lafto031","arr":["Kolfa006","Kolfa007","Lafto031"],"terminus":0,"mode":"bus","color":"#e8a000","colorDark":"#7d5600","angle":23.9,"mstop":"all","snapDist":2,"label":0}},{"type":"Feature","geometry":{"type":"Point","coordinates":[38.698201,8.98163]},"properties":{"name":"Ayer Tena","lines":"Kolfa006, Kolfa007, Lafto003, Lafto020, Lafto021, Lafto031","arr":["Kolfa006","Kolfa007","Lafto003","Lafto020","Lafto021","Lafto031"],"terminus":1,"mode":"bus","color":"#e8a000","colorDark":"#7d5600","angle":46.3,"mstop":"all","snapDist":1,"label":0}},{"type":"Feature","geometry":{"type":"Point","coordinates":[38.721853,8.96876]},"properties":{"name":"Jemmo Mickael","lines":"Kolfa007, Lafto014, Lafto016, Lafto019, Lafto027, Lafto034","arr":["Kolfa007","Lafto014","Lafto016","Lafto019","Lafto027","Lafto034"],"terminus":0,"mode":"bus","color":"#e8a000","colorDark":"#7d5600","angle":117,"mstop":"all","snapDist":2,"label":0}},{"type":"Feature","geometry":{"type":"Point","coordinates":[38.700725,8.98351]},"properties":{"name":"Ayer Tena","lines":"Kolfa008, Kolfa011, Kolfa033, Kolfe023","arr":["Kolfa008","Kolfa011","Kolfa033","Kolfe023"],"terminus":1,"mode":"bus","color":"#e8a000","colorDark":"#7d5600","angle":166.7,"mstop":"all","snapDist":2,"label":0}},{"type":"Feature","geometry":{"type":"Point","coordinates":[38.708174,8.986792]},"properties":{"name":"Zenebewerk","lines":"Kolfa008, Kolfa011, Kolfa013, Kolfa016, Kolfa019, Kolfa020, Kolfa021, Kolfa022, Kolfa025, Kolfa033, Kolfa036, Kolfa041, Kolfe003, Kolfe023, LID002, LID005, LID007, LID013","arr":["Kolfa008","Kolfa011","Kolfa013","Kolfa016","Kolfa019","Kolfa020","Kolfa021","Kolfa022","Kolfa025","Kolfa033","Kolfa036","Kolfa041","Kolfe003","Kolfe023","LID002","LID005","LID007","LID013"],"terminus":0,"mode":"bus","color":"#e8a000","colorDark":"#7d5600","angle":139.3,"mstop":"all","snapDist":1,"label":0}},{"type":"Feature","geometry":{"type":"Point","coordinates":[38.71773,8.992249]},"properties":{"name":"Total 3 Kuter Mazoria","lines":"Kolfa008, KRK003, Lafto010","arr":["Kolfa008","KRK003","Lafto010"],"terminus":0,"mode":"bus","color":"#e8a000","colorDark":"#7d5600","angle":214.6,"mstop":"all","snapDist":0,"label":0}},{"type":"Feature","geometry":{"type":"Point","coordinates":[38.722721,8.988928]},"properties":{"name":"Bisrate Gebrael","lines":"Kolfa008, Kolfa015, Kolfe003, KRK003, Lafto010, TX002","arr":["Kolfa008","Kolfa015","Kolfe003","KRK003","Lafto010","TX002"],"terminus":0,"mode":"bus","color":"#e8a000","colorDark":"#7d5600","angle":214.1,"mstop":"all","snapDist":5,"label":0}},{"type":"Feature","geometry":{"type":"Point","coordinates":[38.72764,8.993665]},"properties":{"name":"Austria Embassy","lines":"Kolfa008, Kolfa015, Lafto010","arr":["Kolfa008","Kolfa015","Lafto010"],"terminus":0,"mode":"bus","color":"#e8a000","colorDark":"#7d5600","angle":130.7,"mstop":"all","snapDist":3,"label":0}},{"type":"Feature","geometry":{"type":"Point","coordinates":[38.737334,8.995126]},"properties":{"name":"Sar Bet","lines":"Kolfa008, Kolfe003, KRK003","arr":["Kolfa008","Kolfe003","KRK003"],"terminus":0,"mode":"bus","color":"#e8a000","colorDark":"#7d5600","angle":208,"mstop":"all","snapDist":1,"label":1}},{"type":"Feature","geometry":{"type":"Point","coordinates":[38.744859,9.008436]},"properties":{"name":"Mexico","lines":"Kolfa008, Kolfa015, Kolfe003, Lafto006, Lafto007, Lafto017, Lafto032","arr":["Kolfa008","Kolfa015","Kolfe003","Lafto006","Lafto007","Lafto017","Lafto032"],"terminus":1,"mode":"bus","color":"#e8a000","colorDark":"#7d5600","angle":83.9,"mstop":"all","snapDist":1,"label":0}},{"type":"Feature","geometry":{"type":"Point","coordinates":[38.744746,9.008432]},"properties":{"name":"Mexico","lines":"Kolfa008, Kolfa015, Kolfe003, Lafto006, Lafto007, Lafto017, Lafto032","arr":["Kolfa008","Kolfa015","Kolfe003","Lafto006","Lafto007","Lafto017","Lafto032"],"terminus":1,"mode":"bus","color":"#e8a000","colorDark":"#7d5600","angle":264.5,"mstop":"all","snapDist":4,"label":0}},{"type":"Feature","geometry":{"type":"Point","coordinates":[38.718017,8.992153]},"properties":{"name":"Total 3 Kuter Mazoria","lines":"Kolfa008, Kolfa015, Kolfe003, KRK003, Lafto010, TX002","arr":["Kolfa008","Kolfa015","Kolfe003","KRK003","Lafto010","TX002"],"terminus":1,"mode":"bus","color":"#e8a000","colorDark":"#7d5600","angle":33.7,"mstop":"all","snapDist":0,"label":1}},{"type":"Feature","geometry":{"type":"Point","coordinates":[38.70809,8.986849]},"properties":{"name":"Zenebewerk","lines":"Kolfa008, Kolfa011, Kolfa013, Kolfa017, Kolfa021, Kolfe003","arr":["Kolfa008","Kolfa011","Kolfa013","Kolfa017","Kolfa021","Kolfe003"],"terminus":0,"mode":"bus","color":"#e8a000","colorDark":"#7d5600","angle":319,"mstop":"all","snapDist":1,"label":0}},{"type":"Feature","geometry":{"type":"Point","coordinates":[38.698225,8.9831]},"properties":{"name":"Ayer Tena","lines":"Kolfa008, Kolfa011, Kolfa013, Kolfa019, Kolfa020, Kolfa021, Kolfa022, Kolfa025, Kolfa033, Kolfa041, Kolfe023, LID002, LID005, LID007, LID013","arr":["Kolfa008","Kolfa011","Kolfa013","Kolfa019","Kolfa020","Kolfa021","Kolfa022","Kolfa025","Kolfa033","Kolfa041","Kolfe023","LID002","LID005","LID007","LID013"],"terminus":1,"mode":"bus","color":"#e8a000","colorDark":"#7d5600","angle":350.4,"mstop":"all","snapDist":1,"label":0}},{"type":"Feature","geometry":{"type":"Point","coordinates":[38.715849,8.992654]},"properties":{"name":"3 Kutir Mazoriya (Total)","lines":"Kolfa011, Kolfa013, Kolfa014, Kolfa019, Kolfa020, Kolfa021, Kolfa022, Kolfa025, Kolfe023, LID002, LID007, LID013","arr":["Kolfa011","Kolfa013","Kolfa014","Kolfa019","Kolfa020","Kolfa021","Kolfa022","Kolfa025","Kolfe023","LID002","LID007","LID013"],"terminus":0,"mode":"bus","color":"#e8a000","colorDark":"#7d5600","angle":179,"mstop":"all","snapDist":3,"label":0}},{"type":"Feature","geometry":{"type":"Point","coordinates":[38.719111,8.999843]},"properties":{"name":"Old Airport","lines":"Kolfa011, Kolfa013, Kolfa014, Kolfa016, Kolfa017, Kolfa019, Kolfa020, Kolfa021, Kolfa022, Kolfa025, Kolfa033, Kolfa036, Kolfa038, Kolfa041, Kolfe023, LID002, LID005, LID007, LID013","arr":["Kolfa011","Kolfa013","Kolfa014","Kolfa016","Kolfa017","Kolfa019","Kolfa020","Kolfa021","Kolfa022","Kolfa025","Kolfa033","Kolfa036","Kolfa038","Kolfa041","Kolfe023","LID002","LID005","LID007","LID013"],"terminus":0,"mode":"bus","color":"#e8a000","colorDark":"#7d5600","angle":92.6,"mstop":"all","snapDist":1,"label":1}},{"type":"Feature","geometry":{"type":"Point","coordinates":[38.718841,9.005594]},"properties":{"name":"Augusta Bridge","lines":"Kolfa011, Kolfa013, Kolfa014, Kolfa016, Kolfa017, Kolfa019, Kolfa020, Kolfa021, Kolfa022, Kolfa025, Kolfa033, Kolfa036, Kolfa038, Kolfe023, LID002, LID007, LID013","arr":["Kolfa011","Kolfa013","Kolfa014","Kolfa016","Kolfa017","Kolfa019","Kolfa020","Kolfa021","Kolfa022","Kolfa025","Kolfa033","Kolfa036","Kolfa038","Kolfe023","LID002","LID007","LID013"],"terminus":0,"mode":"bus","color":"#e8a000","colorDark":"#7d5600","angle":95.4,"mstop":"all","snapDist":2,"label":1}},{"type":"Feature","geometry":{"type":"Point","coordinates":[38.72084,9.009703]},"properties":{"name":"Torhayloch","lines":"Kolfa011, Kolfa013, Kolfa014, Kolfa016, Kolfa017, Kolfa019, Kolfa020, Kolfa021, Kolfa022, Kolfa036, Kolfe023, LID002, LID007, LID013","arr":["Kolfa011","Kolfa013","Kolfa014","Kolfa016","Kolfa017","Kolfa019","Kolfa020","Kolfa021","Kolfa022","Kolfa036","Kolfe023","LID002","LID007","LID013"],"terminus":0,"mode":"bus","color":"#e8a000","colorDark":"#7d5600","angle":115.7,"mstop":"all","snapDist":5,"label":1}},{"type":"Feature","geometry":{"type":"Point","coordinates":[38.718585,9.005658]},"properties":{"name":"Augusta Bridge","lines":"Kolfa011, Kolfa013, Kolfa014, Kolfa016, Kolfa017, Kolfa019, Kolfa020, Kolfa021, Kolfa022, Kolfa025, Kolfa036, Kolfa038, Kolfe023, LID002, LID005, LID007, LID013","arr":["Kolfa011","Kolfa013","Kolfa014","Kolfa016","Kolfa017","Kolfa019","Kolfa020","Kolfa021","Kolfa022","Kolfa025","Kolfa036","Kolfa038","Kolfe023","LID002","LID005","LID007","LID013"],"terminus":0,"mode":"bus","color":"#e8a000","colorDark":"#7d5600","angle":270.6,"mstop":"all","snapDist":2,"label":0}},{"type":"Feature","geometry":{"type":"Point","coordinates":[38.71887,9.000092]},"properties":{"name":"Old Airport","lines":"Kolfa011, Kolfa013, Kolfa014, Kolfa016, Kolfa017, Kolfa019, Kolfa020, Kolfa021, Kolfa022, Kolfa025, Kolfa033, Kolfa036, Kolfa038, Kolfa041, Kolfe023, LID002, LID005, LID007, LID013","arr":["Kolfa011","Kolfa013","Kolfa014","Kolfa016","Kolfa017","Kolfa019","Kolfa020","Kolfa021","Kolfa022","Kolfa025","Kolfa033","Kolfa036","Kolfa038","Kolfa041","Kolfe023","LID002","LID005","LID007","LID013"],"terminus":0,"mode":"bus","color":"#e8a000","colorDark":"#7d5600","angle":272.4,"mstop":"all","snapDist":1,"label":0}},{"type":"Feature","geometry":{"type":"Point","coordinates":[38.717059,8.993218]},"properties":{"name":"3 Kutir Mazoriya (Total)","lines":"Kolfa011, Kolfa013, Kolfa014, Kolfa016, Kolfa019, Kolfa020, Kolfa021, Kolfa022, Kolfa036, LID002, LID007, LID013","arr":["Kolfa011","Kolfa013","Kolfa014","Kolfa016","Kolfa019","Kolfa020","Kolfa021","Kolfa022","Kolfa036","LID002","LID007","LID013"],"terminus":0,"mode":"bus","color":"#e8a000","colorDark":"#7d5600","angle":314.2,"mstop":"all","snapDist":5,"label":0}},{"type":"Feature","geometry":{"type":"Point","coordinates":[38.681493,8.975435]},"properties":{"name":"Kara Kore","lines":"Kolfa013, Kolfa019, Kolfa020, Kolfa021, Kolfa022, Kolfa025, Kolfa041, LID002, LID005, LID007, LID013","arr":["Kolfa013","Kolfa019","Kolfa020","Kolfa021","Kolfa022","Kolfa025","Kolfa041","LID002","LID005","LID007","LID013"],"terminus":1,"mode":"bus","color":"#e8a000","colorDark":"#7d5600","angle":68.6,"mstop":"all","snapDist":6,"label":0}},{"type":"Feature","geometry":{"type":"Point","coordinates":[38.689434,8.981364]},"properties":{"name":"Gerar","lines":"Kolfa013, Kolfa019, Kolfa020, Kolfa021, Kolfa022, Kolfa025, LID002, LID007, LID013","arr":["Kolfa013","Kolfa019","Kolfa020","Kolfa021","Kolfa022","Kolfa025","LID002","LID007","LID013"],"terminus":0,"mode":"bus","color":"#e8a000","colorDark":"#7d5600","angle":153,"mstop":"all","snapDist":2,"label":0}},{"type":"Feature","geometry":{"type":"Point","coordinates":[38.698196,8.982993]},"properties":{"name":"Ayer Tena","lines":"Kolfa013, Kolfa019, Kolfa020, Kolfa021, Kolfa022, Kolfa025, Kolfa041, LID002, LID005, LID007, LID013","arr":["Kolfa013","Kolfa019","Kolfa020","Kolfa021","Kolfa022","Kolfa025","Kolfa041","LID002","LID005","LID007","LID013"],"terminus":0,"mode":"bus","color":"#e8a000","colorDark":"#7d5600","angle":166.4,"mstop":"all","snapDist":2,"label":0}},{"type":"Feature","geometry":{"type":"Point","coordinates":[38.68942,8.981356]},"properties":{"name":"Gerar","lines":"Kolfa013, Kolfa019, Kolfa020, Kolfa021, Kolfa022, Kolfa025, Kolfa041, LID002, LID007, LID013","arr":["Kolfa013","Kolfa019","Kolfa020","Kolfa021","Kolfa022","Kolfa025","Kolfa041","LID002","LID007","LID013"],"terminus":0,"mode":"bus","color":"#e8a000","colorDark":"#7d5600","angle":333,"mstop":"all","snapDist":2,"label":0}},{"type":"Feature","geometry":{"type":"Point","coordinates":[38.681749,8.975635]},"properties":{"name":"Kara Kore","lines":"Kolfa013, Kolfa019, Kolfa020, Kolfa021, Kolfa022, Kolfa025, Kolfa041, LID002, LID005, LID007, LID013","arr":["Kolfa013","Kolfa019","Kolfa020","Kolfa021","Kolfa022","Kolfa025","Kolfa041","LID002","LID005","LID007","LID013"],"terminus":1,"mode":"bus","color":"#e8a000","colorDark":"#7d5600","angle":325.6,"mstop":"all","snapDist":0,"label":0}},{"type":"Feature","geometry":{"type":"Point","coordinates":[38.70894,8.987723]},"properties":{"name":"Zenebewerk","lines":"Kolfa014, Kolfa016, Kolfa019, Kolfa020, Kolfa022, Kolfa025, Kolfa033, Kolfa036, Kolfa041, Kolfe023, LID002, LID005, LID007, LID013","arr":["Kolfa014","Kolfa016","Kolfa019","Kolfa020","Kolfa022","Kolfa025","Kolfa033","Kolfa036","Kolfa041","Kolfe023","LID002","LID005","LID007","LID013"],"terminus":1,"mode":"bus","color":"#e8a000","colorDark":"#7d5600","angle":314.6,"mstop":"all","snapDist":2,"label":1}},{"type":"Feature","geometry":{"type":"Point","coordinates":[38.704971,8.984918]},"properties":{"name":"Zenebewerk","lines":"Kolfa014","arr":["Kolfa014"],"terminus":0,"mode":"bus","color":"#e8a000","colorDark":"#7d5600","angle":152.1,"mstop":"all","snapDist":1,"label":1}},{"type":"Feature","geometry":{"type":"Point","coordinates":[38.743803,9.010253]},"properties":{"name":"Mexico","lines":"Kolfa014, LID004, LID009","arr":["Kolfa014","LID004","LID009"],"terminus":0,"mode":"bus","color":"#e8a000","colorDark":"#7d5600","angle":186.8,"mstop":"all","snapDist":1,"label":0}},{"type":"Feature","geometry":{"type":"Point","coordinates":[38.752459,9.018796]},"properties":{"name":"Post Office","lines":"Kolfa014, Lafto025","arr":["Kolfa014","Lafto025"],"terminus":0,"mode":"bus","color":"#e8a000","colorDark":"#7d5600","angle":84.9,"mstop":"all","snapDist":2,"label":0}},{"type":"Feature","geometry":{"type":"Point","coordinates":[38.737613,8.995088]},"properties":{"name":"Sar Bet","lines":"Kolfa015, Kolfe003, KRK003, Lafto010, TX002","arr":["Kolfa015","Kolfe003","KRK003","Lafto010","TX002"],"terminus":0,"mode":"bus","color":"#e8a000","colorDark":"#7d5600","angle":357.3,"mstop":"all","snapDist":1,"label":0}},{"type":"Feature","geometry":{"type":"Point","coordinates":[38.708024,8.987999]},"properties":{"name":"Zenebewerk","lines":"Kolfa015, Kolfa038","arr":["Kolfa015","Kolfa038"],"terminus":0,"mode":"bus","color":"#e8a000","colorDark":"#7d5600","angle":97.7,"mstop":"all","snapDist":1,"label":0}},{"type":"Feature","geometry":{"type":"Point","coordinates":[38.70796,8.988022]},"properties":{"name":"Zenebewerk","lines":"Kolfa015, Kolfa038","arr":["Kolfa015","Kolfa038"],"terminus":0,"mode":"bus","color":"#e8a000","colorDark":"#7d5600","angle":277.9,"mstop":"all","snapDist":0,"label":0}},{"type":"Feature","geometry":{"type":"Point","coordinates":[38.705394,8.985341]},"properties":{"name":"Zenebewerk Meneharia","lines":"Kolfa017","arr":["Kolfa017"],"terminus":0,"mode":"bus","color":"#e8a000","colorDark":"#7d5600","angle":332.8,"mstop":"all","snapDist":5,"label":1}},{"type":"Feature","geometry":{"type":"Point","coordinates":[38.705633,8.985264]},"properties":{"name":"Zenebewerk Meneharia","lines":"Kolfa017","arr":["Kolfa017"],"terminus":0,"mode":"bus","color":"#e8a000","colorDark":"#7d5600","angle":151.5,"mstop":"all","snapDist":1,"label":0}},{"type":"Feature","geometry":{"type":"Point","coordinates":[38.699305,9.018101]},"properties":{"name":"Kokebe","lines":"Kolfa024, Kolfa026, Kolfa028","arr":["Kolfa024","Kolfa026","Kolfa028"],"terminus":0,"mode":"bus","color":"#e8a000","colorDark":"#7d5600","angle":15.3,"mstop":"all","snapDist":2,"label":0}},{"type":"Feature","geometry":{"type":"Point","coordinates":[38.699168,9.017917]},"properties":{"name":"Kokebe","lines":"Kolfa024","arr":["Kolfa024"],"terminus":0,"mode":"bus","color":"#e8a000","colorDark":"#7d5600","angle":194.9,"mstop":"all","snapDist":2,"label":0}},{"type":"Feature","geometry":{"type":"Point","coordinates":[38.70066,9.017668]},"properties":{"name":"Keranio Adebabay","lines":"Kolfa024, Kolfa026, Kolfa027, Kolfa028, Kolfe042","arr":["Kolfa024","Kolfa026","Kolfa027","Kolfa028","Kolfe042"],"terminus":0,"mode":"bus","color":"#e8a000","colorDark":"#7d5600","angle":187.4,"mstop":"all","snapDist":2,"label":0}},{"type":"Feature","geometry":{"type":"Point","coordinates":[38.721162,9.011661]},"properties":{"name":"Torhayloch","lines":"Kolfa025","arr":["Kolfa025"],"terminus":0,"mode":"bus","color":"#e8a000","colorDark":"#7d5600","angle":263.5,"mstop":"all","snapDist":33,"label":0}},{"type":"Feature","geometry":{"type":"Point","coordinates":[38.720663,9.009974]},"properties":{"name":"Torhayloch","lines":"Kolfa025, LID005","arr":["Kolfa025","LID005"],"terminus":0,"mode":"bus","color":"#e8a000","colorDark":"#7d5600","angle":116,"mstop":"all","snapDist":3,"label":0}},{"type":"Feature","geometry":{"type":"Point","coordinates":[38.704917,9.017783]},"properties":{"name":"Medhanalem","lines":"Kolfa027, Kolfa028","arr":["Kolfa027","Kolfa028"],"terminus":0,"mode":"bus","color":"#e8a000","colorDark":"#7d5600","angle":356.7,"mstop":"all","snapDist":4,"label":1}},{"type":"Feature","geometry":{"type":"Point","coordinates":[38.701796,9.01775]},"properties":{"name":"Keranio Adebabay","lines":"Kolfa027, Kolfa028","arr":["Kolfa027","Kolfa028"],"terminus":0,"mode":"bus","color":"#e8a000","colorDark":"#7d5600","angle":4.7,"mstop":"all","snapDist":2,"label":0}},{"type":"Feature","geometry":{"type":"Point","coordinates":[38.704712,9.017559]},"properties":{"name":"Medhanalem","lines":"Kolfa027, Kolfa028","arr":["Kolfa027","Kolfa028"],"terminus":0,"mode":"bus","color":"#e8a000","colorDark":"#7d5600","angle":175.3,"mstop":"all","snapDist":1,"label":0}},{"type":"Feature","geometry":{"type":"Point","coordinates":[38.718031,9.016576]},"properties":{"name":"Kolfe Keranyo","lines":"Kolfa027, Kolfa028","arr":["Kolfa027","Kolfa028"],"terminus":0,"mode":"bus","color":"#e8a000","colorDark":"#7d5600","angle":180.6,"mstop":"all","snapDist":2,"label":0}},{"type":"Feature","geometry":{"type":"Point","coordinates":[38.70706,9.005229]},"properties":{"name":"Woyira Sefer","lines":"Kolfa031","arr":["Kolfa031"],"terminus":0,"mode":"bus","color":"#e8a000","colorDark":"#7d5600","angle":344,"mstop":"all","snapDist":5,"label":1}},{"type":"Feature","geometry":{"type":"Point","coordinates":[38.706875,9.005131]},"properties":{"name":"Woyira Sefer","lines":"Kolfa031","arr":["Kolfa031"],"terminus":0,"mode":"bus","color":"#e8a000","colorDark":"#7d5600","angle":168.6,"mstop":"all","snapDist":8,"label":0}},{"type":"Feature","geometry":{"type":"Point","coordinates":[38.717046,8.993206]},"properties":{"name":"Total 3 Kutir mazoria","lines":"Kolfa033, Kolfa041, LID005","arr":["Kolfa033","Kolfa041","LID005"],"terminus":0,"mode":"bus","color":"#e8a000","colorDark":"#7d5600","angle":319,"mstop":"all","snapDist":2,"label":1}},{"type":"Feature","geometry":{"type":"Point","coordinates":[38.673777,8.992244]},"properties":{"name":"Selefia Mosque","lines":"Kolfa033, Kolfe035","arr":["Kolfa033","Kolfe035"],"terminus":0,"mode":"bus","color":"#e8a000","colorDark":"#7d5600","angle":46.7,"mstop":"all","snapDist":1,"label":1}},{"type":"Feature","geometry":{"type":"Point","coordinates":[38.673775,8.992245]},"properties":{"name":"Selefia Mosque","lines":"Kolfa033, Kolfe035","arr":["Kolfa033","Kolfe035"],"terminus":0,"mode":"bus","color":"#e8a000","colorDark":"#7d5600","angle":226.7,"mstop":"all","snapDist":1,"label":0}},{"type":"Feature","geometry":{"type":"Point","coordinates":[38.722503,9.011431]},"properties":{"name":"Torhayloch","lines":"Kolfa033, Kolfa041, Kolfe035, LID003, LID004, LID009","arr":["Kolfa033","Kolfa041","Kolfe035","LID003","LID004","LID009"],"terminus":1,"mode":"bus","color":"#e8a000","colorDark":"#7d5600","angle":178.8,"mstop":"all","snapDist":1,"label":0}},{"type":"Feature","geometry":{"type":"Point","coordinates":[38.688225,9.023333]},"properties":{"name":"Weybla Mariam","lines":"Kolfa034","arr":["Kolfa034"],"terminus":0,"mode":"bus","color":"#e8a000","colorDark":"#7d5600","angle":348.5,"mstop":"all","snapDist":0,"label":1}},{"type":"Feature","geometry":{"type":"Point","coordinates":[38.68845,9.02316]},"properties":{"name":"Weybla Mariam","lines":"Kolfa034","arr":["Kolfa034"],"terminus":0,"mode":"bus","color":"#e8a000","colorDark":"#7d5600","angle":171.8,"mstop":"all","snapDist":0,"label":0}},{"type":"Feature","geometry":{"type":"Point","coordinates":[38.746759,9.010459]},"properties":{"name":"Mexico","lines":"Kolfa036, Kolfa037, KRK002, KRK012, YK016","arr":["Kolfa036","Kolfa037","KRK002","KRK012","YK016"],"terminus":1,"mode":"bus","color":"#e8a000","colorDark":"#7d5600","angle":174.3,"mstop":"all","snapDist":2,"label":0}},{"type":"Feature","geometry":{"type":"Point","coordinates":[38.755941,9.011971]},"properties":{"name":"Stadium","lines":"Kolfa036, KRK006, KRK011, KRK012, KRK014, KRK017, LID004","arr":["Kolfa036","KRK006","KRK011","KRK012","KRK014","KRK017","LID004"],"terminus":1,"mode":"bus","color":"#e8a000","colorDark":"#7d5600","angle":181.4,"mstop":"all","snapDist":2,"label":0}},{"type":"Feature","geometry":{"type":"Point","coordinates":[38.755943,9.012126]},"properties":{"name":"Stadium","lines":"Kolfa036, Kolfa037, KRK002, KRK006, KRK011, KRK012, KRK013, KRK014, KRK017, LID004","arr":["Kolfa036","Kolfa037","KRK002","KRK006","KRK011","KRK012","KRK013","KRK014","KRK017","LID004"],"terminus":1,"mode":"bus","color":"#e8a000","colorDark":"#7d5600","angle":2.5,"mstop":"all","snapDist":1,"label":0}},{"type":"Feature","geometry":{"type":"Point","coordinates":[38.748279,9.010931]},"properties":{"name":"Buna Ena Shay","lines":"Kolfa036, KRK012, KRK013, KRK020","arr":["Kolfa036","KRK012","KRK013","KRK020"],"terminus":0,"mode":"bus","color":"#e8a000","colorDark":"#7d5600","angle":339.9,"mstop":"all","snapDist":3,"label":0}},{"type":"Feature","geometry":{"type":"Point","coordinates":[38.747162,9.010724]},"properties":{"name":"Mexico","lines":"Kolfa036, Kolfa037, KRK002, KRK012, YK016","arr":["Kolfa036","Kolfa037","KRK002","KRK012","YK016"],"terminus":1,"mode":"bus","color":"#e8a000","colorDark":"#7d5600","angle":355,"mstop":"all","snapDist":2,"label":0}},{"type":"Feature","geometry":{"type":"Point","coordinates":[38.78894,9.016]},"properties":{"name":"22 Mazoria","lines":"Kolfa037","arr":["Kolfa037"],"terminus":0,"mode":"bus","color":"#e8a000","colorDark":"#7d5600","angle":167,"mstop":"all","snapDist":1,"label":0}},{"type":"Feature","geometry":{"type":"Point","coordinates":[38.749836,9.034342]},"properties":{"name":"Piassa Arada","lines":"Kolfa041, Kolfe035","arr":["Kolfa041","Kolfe035"],"terminus":0,"mode":"bus","color":"#e8a000","colorDark":"#7d5600","angle":325,"mstop":"all","snapDist":1,"label":0}},{"type":"Feature","geometry":{"type":"Point","coordinates":[38.749837,9.034343]},"properties":{"name":"Piassa Arada","lines":"Kolfa041, Kolfe035","arr":["Kolfa041","Kolfe035"],"terminus":0,"mode":"bus","color":"#e8a000","colorDark":"#7d5600","angle":145,"mstop":"all","snapDist":1,"label":0}},{"type":"Feature","geometry":{"type":"Point","coordinates":[38.677933,9.000387]},"properties":{"name":"Alem Bank","lines":"Kolfe003, Lafto020","arr":["Kolfe003","Lafto020"],"terminus":0,"mode":"bus","color":"#e8a000","colorDark":"#7d5600","angle":222.2,"mstop":"all","snapDist":1,"label":0}},{"type":"Feature","geometry":{"type":"Point","coordinates":[38.683556,8.995917]},"properties":{"name":"Tropical","lines":"Kolfe003, Lafto020","arr":["Kolfe003","Lafto020"],"terminus":0,"mode":"bus","color":"#e8a000","colorDark":"#7d5600","angle":218.2,"mstop":"all","snapDist":3,"label":0}},{"type":"Feature","geometry":{"type":"Point","coordinates":[38.689327,8.991412]},"properties":{"name":"Kidane Mihret","lines":"Kolfe003, Kolfe042, Lafto020","arr":["Kolfe003","Kolfe042","Lafto020"],"terminus":0,"mode":"bus","color":"#e8a000","colorDark":"#7d5600","angle":213.9,"mstop":"all","snapDist":3,"label":1}},{"type":"Feature","geometry":{"type":"Point","coordinates":[38.69614,8.983842]},"properties":{"name":"Ayer Tena","lines":"Kolfe003, Kolfe042","arr":["Kolfe003","Kolfe042"],"terminus":0,"mode":"bus","color":"#e8a000","colorDark":"#7d5600","angle":213.5,"mstop":"all","snapDist":1,"label":0}},{"type":"Feature","geometry":{"type":"Point","coordinates":[38.692486,8.988447]},"properties":{"name":"Mesked","lines":"Kolfe003, Kolfe042, Lafto020","arr":["Kolfe003","Kolfe042","Lafto020"],"terminus":0,"mode":"bus","color":"#e8a000","colorDark":"#7d5600","angle":49.2,"mstop":"all","snapDist":4,"label":1}},{"type":"Feature","geometry":{"type":"Point","coordinates":[38.689484,8.99153]},"properties":{"name":"Kidane Mihret","lines":"Kolfe003, Kolfe042","arr":["Kolfe003","Kolfe042"],"terminus":0,"mode":"bus","color":"#e8a000","colorDark":"#7d5600","angle":42.2,"mstop":"all","snapDist":1,"label":0}},{"type":"Feature","geometry":{"type":"Point","coordinates":[38.684139,8.99569]},"properties":{"name":"Tropical","lines":"Kolfe003, Lafto020","arr":["Kolfe003","Lafto020"],"terminus":0,"mode":"bus","color":"#e8a000","colorDark":"#7d5600","angle":38.3,"mstop":"all","snapDist":2,"label":0}},{"type":"Feature","geometry":{"type":"Point","coordinates":[38.677644,9.001024]},"properties":{"name":"Alem Bank","lines":"Kolfe003, Lafto020","arr":["Kolfe003","Lafto020"],"terminus":0,"mode":"bus","color":"#e8a000","colorDark":"#7d5600","angle":56.4,"mstop":"all","snapDist":2,"label":0}},{"type":"Feature","geometry":{"type":"Point","coordinates":[38.70045,9.014993]},"properties":{"name":"Mendida","lines":"Kolfe035","arr":["Kolfe035"],"terminus":0,"mode":"bus","color":"#e8a000","colorDark":"#7d5600","angle":205.4,"mstop":"all","snapDist":3,"label":0}},{"type":"Feature","geometry":{"type":"Point","coordinates":[38.692307,8.98839]},"properties":{"name":"Mesked","lines":"Kolfe042, Lafto020","arr":["Kolfe042","Lafto020"],"terminus":0,"mode":"bus","color":"#e8a000","colorDark":"#7d5600","angle":229.4,"mstop":"all","snapDist":4,"label":0}},{"type":"Feature","geometry":{"type":"Point","coordinates":[38.750422,8.95377]},"properties":{"name":"Lafto (Mickael)","lines":"KRK001, Lafto030","arr":["KRK001","Lafto030"],"terminus":0,"mode":"bus","color":"#e8a000","colorDark":"#7d5600","angle":269.1,"mstop":"all","snapDist":0,"label":0}},{"type":"Feature","geometry":{"type":"Point","coordinates":[38.744376,8.947054]},"properties":{"name":"Lafto","lines":"KRK001, Lafto030","arr":["KRK001","Lafto030"],"terminus":0,"mode":"bus","color":"#e8a000","colorDark":"#7d5600","angle":4.9,"mstop":"all","snapDist":1,"label":0}},{"type":"Feature","geometry":{"type":"Point","coordinates":[38.744326,8.947377]},"properties":{"name":"Lafto","lines":"KRK001, Lafto030, Lafto040","arr":["KRK001","Lafto030","Lafto040"],"terminus":1,"mode":"bus","color":"#e8a000","colorDark":"#7d5600","angle":95.1,"mstop":"all","snapDist":1,"label":0}},{"type":"Feature","geometry":{"type":"Point","coordinates":[38.748296,8.986101]},"properties":{"name":"Kera","lines":"KRK001, Lafto011, Lafto030","arr":["KRK001","Lafto011","Lafto030"],"terminus":0,"mode":"bus","color":"#e8a000","colorDark":"#7d5600","angle":117.8,"mstop":"all","snapDist":3,"label":0}},{"type":"Feature","geometry":{"type":"Point","coordinates":[38.746279,9.009845]},"properties":{"name":"Mexico","lines":"KRK001, Lafto030","arr":["KRK001","Lafto030"],"terminus":0,"mode":"bus","color":"#e8a000","colorDark":"#7d5600","angle":85.7,"mstop":"all","snapDist":1,"label":0}},{"type":"Feature","geometry":{"type":"Point","coordinates":[38.800965,9.019522]},"properties":{"name":"Megenagna","lines":"KRK002, KRK004, LID009","arr":["KRK002","KRK004","LID009"],"terminus":1,"mode":"bus","color":"#e8a000","colorDark":"#7d5600","angle":345.5,"mstop":"all","snapDist":2,"label":0}},{"type":"Feature","geometry":{"type":"Point","coordinates":[38.787276,9.015584]},"properties":{"name":"22 Mazoria","lines":"KRK002, KRK004, LID009, YK016","arr":["KRK002","KRK004","LID009","YK016"],"terminus":0,"mode":"bus","color":"#e8a000","colorDark":"#7d5600","angle":211.2,"mstop":"all","snapDist":2,"label":0}},{"type":"Feature","geometry":{"type":"Point","coordinates":[38.795094,9.017598]},"properties":{"name":"Lem Hotel","lines":"KRK002, KRK004, YK016","arr":["KRK002","KRK004","YK016"],"terminus":0,"mode":"bus","color":"#e8a000","colorDark":"#7d5600","angle":163.7,"mstop":"all","snapDist":1,"label":0}},{"type":"Feature","geometry":{"type":"Point","coordinates":[38.800588,9.019071]},"properties":{"name":"Megenagna","lines":"KRK002, KRK004, LID009, YK016","arr":["KRK002","KRK004","LID009","YK016"],"terminus":1,"mode":"bus","color":"#e8a000","colorDark":"#7d5600","angle":169.4,"mstop":"all","snapDist":2,"label":0}},{"type":"Feature","geometry":{"type":"Point","coordinates":[38.74676,8.986561]},"properties":{"name":"Kera","lines":"KRK003, Lafto010, TX002","arr":["KRK003","Lafto010","TX002"],"terminus":1,"mode":"bus","color":"#e8a000","colorDark":"#7d5600","angle":34.5,"mstop":"all","snapDist":5,"label":0}},{"type":"Feature","geometry":{"type":"Point","coordinates":[38.746988,8.986054]},"properties":{"name":"Kera","lines":"KRK003, Lafto010, TX002","arr":["KRK003","Lafto010","TX002"],"terminus":1,"mode":"bus","color":"#e8a000","colorDark":"#7d5600","angle":213.4,"mstop":"all","snapDist":12,"label":0}},{"type":"Feature","geometry":{"type":"Point","coordinates":[38.775083,9.011383]},"properties":{"name":"St. Urael Church","lines":"KRK004","arr":["KRK004"],"terminus":0,"mode":"bus","color":"#e8a000","colorDark":"#7d5600","angle":334.7,"mstop":"all","snapDist":2,"label":0}},{"type":"Feature","geometry":{"type":"Point","coordinates":[38.77523,9.01105]},"properties":{"name":"St. Urael Church","lines":"KRK004","arr":["KRK004"],"terminus":0,"mode":"bus","color":"#e8a000","colorDark":"#7d5600","angle":152.8,"mstop":"all","snapDist":1,"label":0}},{"type":"Feature","geometry":{"type":"Point","coordinates":[38.779765,9.004266]},"properties":{"name":"Atlas","lines":"KRK007","arr":["KRK007"],"terminus":0,"mode":"bus","color":"#e8a000","colorDark":"#7d5600","angle":42.8,"mstop":"all","snapDist":0,"label":0}},{"type":"Feature","geometry":{"type":"Point","coordinates":[38.751601,8.984109]},"properties":{"name":"Kera","lines":"KRK009, KRK011","arr":["KRK009","KRK011"],"terminus":0,"mode":"bus","color":"#e8a000","colorDark":"#7d5600","angle":202.6,"mstop":"all","snapDist":5,"label":0}},{"type":"Feature","geometry":{"type":"Point","coordinates":[38.763511,8.981495]},"properties":{"name":"Wengalawit","lines":"KRK009, TX200","arr":["KRK009","TX200"],"terminus":0,"mode":"bus","color":"#e8a000","colorDark":"#7d5600","angle":140.1,"mstop":"all","snapDist":0,"label":1}},{"type":"Feature","geometry":{"type":"Point","coordinates":[38.76622,8.984009]},"properties":{"name":"WAGGA (Singer Liquior Store)","lines":"KRK009, TX200","arr":["KRK009","TX200"],"terminus":0,"mode":"bus","color":"#e8a000","colorDark":"#7d5600","angle":136.2,"mstop":"all","snapDist":1,"label":1}},{"type":"Feature","geometry":{"type":"Point","coordinates":[38.767996,8.985578]},"properties":{"name":"Ambasel","lines":"KRK009, TX200","arr":["KRK009","TX200"],"terminus":0,"mode":"bus","color":"#e8a000","colorDark":"#7d5600","angle":139.5,"mstop":"all","snapDist":0,"label":1}},{"type":"Feature","geometry":{"type":"Point","coordinates":[38.774111,8.993113]},"properties":{"name":"Wello Sefer","lines":"KRK009","arr":["KRK009"],"terminus":0,"mode":"bus","color":"#e8a000","colorDark":"#7d5600","angle":120.3,"mstop":"all","snapDist":1,"label":1}},{"type":"Feature","geometry":{"type":"Point","coordinates":[38.773974,8.993061]},"properties":{"name":"Wello Sefer","lines":"KRK009","arr":["KRK009"],"terminus":0,"mode":"bus","color":"#e8a000","colorDark":"#7d5600","angle":296.1,"mstop":"all","snapDist":0,"label":0}},{"type":"Feature","geometry":{"type":"Point","coordinates":[38.768014,8.985734]},"properties":{"name":"MEDCO","lines":"KRK009, TX200","arr":["KRK009","TX200"],"terminus":0,"mode":"bus","color":"#e8a000","colorDark":"#7d5600","angle":319.9,"mstop":"all","snapDist":1,"label":1}},{"type":"Feature","geometry":{"type":"Point","coordinates":[38.763609,8.981707]},"properties":{"name":"Wengalawit","lines":"KRK009, TX200","arr":["KRK009","TX200"],"terminus":0,"mode":"bus","color":"#e8a000","colorDark":"#7d5600","angle":318.1,"mstop":"all","snapDist":1,"label":0}},{"type":"Feature","geometry":{"type":"Point","coordinates":[38.748214,9.01069]},"properties":{"name":"Buna Ena Shay","lines":"KRK013, KRK020","arr":["KRK013","KRK020"],"terminus":0,"mode":"bus","color":"#e8a000","colorDark":"#7d5600","angle":154.4,"mstop":"all","snapDist":1,"label":0}},{"type":"Feature","geometry":{"type":"Point","coordinates":[38.762822,9.012456]},"properties":{"name":"St. Estifanos","lines":"KRK013","arr":["KRK013"],"terminus":0,"mode":"bus","color":"#e8a000","colorDark":"#7d5600","angle":95.9,"mstop":"all","snapDist":3,"label":0}},{"type":"Feature","geometry":{"type":"Point","coordinates":[38.761438,9.046209]},"properties":{"name":"6 Kilo University","lines":"KRK013, TX008","arr":["KRK013","TX008"],"terminus":0,"mode":"bus","color":"#e8a000","colorDark":"#7d5600","angle":275.7,"mstop":"all","snapDist":4,"label":1}},{"type":"Feature","geometry":{"type":"Point","coordinates":[38.763339,9.032447]},"properties":{"name":"4 Kilo","lines":"KRK013","arr":["KRK013"],"terminus":0,"mode":"bus","color":"#e8a000","colorDark":"#7d5600","angle":263.3,"mstop":"all","snapDist":4,"label":0}},{"type":"Feature","geometry":{"type":"Point","coordinates":[38.763131,8.957685]},"properties":{"name":"Adey Abeba","lines":"Lafto001","arr":["Lafto001"],"terminus":0,"mode":"bus","color":"#e8a000","colorDark":"#7d5600","angle":11.9,"mstop":"all","snapDist":1,"label":0}},{"type":"Feature","geometry":{"type":"Point","coordinates":[38.751586,8.9622]},"properties":{"name":"Biharetsege","lines":"Lafto001","arr":["Lafto001"],"terminus":0,"mode":"bus","color":"#e8a000","colorDark":"#7d5600","angle":19.1,"mstop":"all","snapDist":1,"label":1}},{"type":"Feature","geometry":{"type":"Point","coordinates":[38.748742,8.967152]},"properties":{"name":"Mebrat","lines":"Lafto001","arr":["Lafto001"],"terminus":0,"mode":"bus","color":"#e8a000","colorDark":"#7d5600","angle":91.3,"mstop":"all","snapDist":1,"label":0}},{"type":"Feature","geometry":{"type":"Point","coordinates":[38.748966,8.975847]},"properties":{"name":"Gofa Gebriel","lines":"Lafto001","arr":["Lafto001"],"terminus":0,"mode":"bus","color":"#e8a000","colorDark":"#7d5600","angle":94.6,"mstop":"all","snapDist":3,"label":0}},{"type":"Feature","geometry":{"type":"Point","coordinates":[38.748884,8.975879]},"properties":{"name":"Gofa Gebriel","lines":"Lafto001","arr":["Lafto001"],"terminus":0,"mode":"bus","color":"#e8a000","colorDark":"#7d5600","angle":272.4,"mstop":"all","snapDist":1,"label":0}},{"type":"Feature","geometry":{"type":"Point","coordinates":[38.748678,8.967194]},"properties":{"name":"Mebrat","lines":"Lafto001","arr":["Lafto001"],"terminus":0,"mode":"bus","color":"#e8a000","colorDark":"#7d5600","angle":271.5,"mstop":"all","snapDist":1,"label":0}},{"type":"Feature","geometry":{"type":"Point","coordinates":[38.751583,8.962201]},"properties":{"name":"Biharetsege","lines":"Lafto001","arr":["Lafto001"],"terminus":0,"mode":"bus","color":"#e8a000","colorDark":"#7d5600","angle":218.7,"mstop":"all","snapDist":1,"label":0}},{"type":"Feature","geometry":{"type":"Point","coordinates":[38.76313,8.957685]},"properties":{"name":"Adey Abeba","lines":"Lafto001","arr":["Lafto001"],"terminus":0,"mode":"bus","color":"#e8a000","colorDark":"#7d5600","angle":191.9,"mstop":"all","snapDist":1,"label":0}},{"type":"Feature","geometry":{"type":"Point","coordinates":[38.732457,8.955617]},"properties":{"name":"Gebriel Bridge","lines":"Lafto002, Lafto003, Lafto006, Lafto007, Lafto026, Lafto031, Lafto032","arr":["Lafto002","Lafto003","Lafto006","Lafto007","Lafto026","Lafto031","Lafto032"],"terminus":0,"mode":"bus","color":"#e8a000","colorDark":"#7d5600","angle":275.2,"mstop":"all","snapDist":1,"label":0}},{"type":"Feature","geometry":{"type":"Point","coordinates":[38.733791,8.931169]},"properties":{"name":"Sefera Atkilt Tera","lines":"Lafto003, Lafto008, Lafto009","arr":["Lafto003","Lafto008","Lafto009"],"terminus":0,"mode":"bus","color":"#e8a000","colorDark":"#7d5600","angle":276.8,"mstop":"all","snapDist":9,"label":0}},{"type":"Feature","geometry":{"type":"Point","coordinates":[38.734859,8.938527]},"properties":{"name":"Haile Garment","lines":"Lafto003, Lafto009, Lafto028","arr":["Lafto003","Lafto009","Lafto028"],"terminus":0,"mode":"bus","color":"#e8a000","colorDark":"#7d5600","angle":95.4,"mstop":"all","snapDist":4,"label":0}},{"type":"Feature","geometry":{"type":"Point","coordinates":[38.733048,8.964523]},"properties":{"name":"Germen Square","lines":"Lafto003, Lafto022, Lafto023","arr":["Lafto003","Lafto022","Lafto023"],"terminus":0,"mode":"bus","color":"#e8a000","colorDark":"#7d5600","angle":146.6,"mstop":"all","snapDist":7,"label":0}},{"type":"Feature","geometry":{"type":"Point","coordinates":[38.73271,8.955597]},"properties":{"name":"Gebriel Bridge","lines":"Lafto006, Lafto007, Lafto026, Lafto031, Lafto032","arr":["Lafto006","Lafto007","Lafto026","Lafto031","Lafto032"],"terminus":0,"mode":"bus","color":"#e8a000","colorDark":"#7d5600","angle":93.7,"mstop":"all","snapDist":1,"label":0}},{"type":"Feature","geometry":{"type":"Point","coordinates":[38.753931,8.943227]},"properties":{"name":"58 Mazoria","lines":"Lafto008","arr":["Lafto008"],"terminus":0,"mode":"bus","color":"#e8a000","colorDark":"#7d5600","angle":318.4,"mstop":"all","snapDist":1,"label":0}},{"type":"Feature","geometry":{"type":"Point","coordinates":[38.750089,8.940531]},"properties":{"name":"Kidane Mihret Stebel","lines":"Lafto008","arr":["Lafto008"],"terminus":0,"mode":"bus","color":"#e8a000","colorDark":"#7d5600","angle":147.4,"mstop":"all","snapDist":1,"label":1}},{"type":"Feature","geometry":{"type":"Point","coordinates":[38.711779,8.959481]},"properties":{"name":"Jemmo 1","lines":"Lafto009, Lafto013, Lafto028, Lafto040","arr":["Lafto009","Lafto013","Lafto028","Lafto040"],"terminus":1,"mode":"bus","color":"#e8a000","colorDark":"#7d5600","angle":259.1,"mstop":"all","snapDist":1,"label":0}},{"type":"Feature","geometry":{"type":"Point","coordinates":[38.71612,8.952468]},"properties":{"name":"Jemmo Medhanialem","lines":"Lafto009, Lafto013, Lafto040","arr":["Lafto009","Lafto013","Lafto040"],"terminus":0,"mode":"bus","color":"#e8a000","colorDark":"#7d5600","angle":219.2,"mstop":"all","snapDist":2,"label":1}},{"type":"Feature","geometry":{"type":"Point","coordinates":[38.72216,8.94909]},"properties":{"name":"Kebele","lines":"Lafto009, Lafto040","arr":["Lafto009","Lafto040"],"terminus":0,"mode":"bus","color":"#e8a000","colorDark":"#7d5600","angle":184,"mstop":"all","snapDist":3,"label":1}},{"type":"Feature","geometry":{"type":"Point","coordinates":[38.7267,8.94876]},"properties":{"name":"Varnelo Squer","lines":"Lafto009, Lafto013, Lafto040","arr":["Lafto009","Lafto013","Lafto040"],"terminus":0,"mode":"bus","color":"#e8a000","colorDark":"#7d5600","angle":178.8,"mstop":"all","snapDist":1,"label":1}},{"type":"Feature","geometry":{"type":"Point","coordinates":[38.726715,8.948879]},"properties":{"name":"Varnelo Squer","lines":"Lafto009, Lafto013, Lafto040","arr":["Lafto009","Lafto013","Lafto040"],"terminus":0,"mode":"bus","color":"#e8a000","colorDark":"#7d5600","angle":9.7,"mstop":"all","snapDist":0,"label":0}},{"type":"Feature","geometry":{"type":"Point","coordinates":[38.722179,8.949179]},"properties":{"name":"Kebele","lines":"Lafto009, Lafto013, Lafto028, Lafto040","arr":["Lafto009","Lafto013","Lafto028","Lafto040"],"terminus":0,"mode":"bus","color":"#e8a000","colorDark":"#7d5600","angle":4.2,"mstop":"all","snapDist":1,"label":0}},{"type":"Feature","geometry":{"type":"Point","coordinates":[38.716214,8.952544]},"properties":{"name":"Jemmo Medhanialem","lines":"Lafto009, Lafto013, Lafto028, Lafto040","arr":["Lafto009","Lafto013","Lafto028","Lafto040"],"terminus":0,"mode":"bus","color":"#e8a000","colorDark":"#7d5600","angle":37.8,"mstop":"all","snapDist":2,"label":0}},{"type":"Feature","geometry":{"type":"Point","coordinates":[38.712114,8.958514]},"properties":{"name":"Jemmo 1","lines":"Lafto009, Lafto013, Lafto028, Lafto040","arr":["Lafto009","Lafto013","Lafto028","Lafto040"],"terminus":1,"mode":"bus","color":"#e8a000","colorDark":"#7d5600","angle":69.7,"mstop":"all","snapDist":2,"label":0}},{"type":"Feature","geometry":{"type":"Point","coordinates":[38.731014,8.997427]},"properties":{"name":"karl Square","lines":"Lafto010, TX002","arr":["Lafto010","TX002"],"terminus":0,"mode":"bus","color":"#e8a000","colorDark":"#7d5600","angle":210.3,"mstop":"all","snapDist":4,"label":0}},{"type":"Feature","geometry":{"type":"Point","coordinates":[38.739347,8.992491]},"properties":{"name":"Sar Bet","lines":"Lafto010, TX002","arr":["Lafto010","TX002"],"terminus":0,"mode":"bus","color":"#e8a000","colorDark":"#7d5600","angle":244.1,"mstop":"all","snapDist":7,"label":0}},{"type":"Feature","geometry":{"type":"Point","coordinates":[38.740058,8.999975]},"properties":{"name":"AU (Mikael) Rounrdabout","lines":"Lafto011","arr":["Lafto011"],"terminus":0,"mode":"bus","color":"#e8a000","colorDark":"#7d5600","angle":31.4,"mstop":"all","snapDist":2,"label":0}},{"type":"Feature","geometry":{"type":"Point","coordinates":[38.752197,8.984116]},"properties":{"name":"Kera","lines":"Lafto012","arr":["Lafto012"],"terminus":0,"mode":"bus","color":"#e8a000","colorDark":"#7d5600","angle":35.1,"mstop":"all","snapDist":6,"label":0}},{"type":"Feature","geometry":{"type":"Point","coordinates":[38.751901,8.983984]},"properties":{"name":"Kera","lines":"Lafto012","arr":["Lafto012"],"terminus":0,"mode":"bus","color":"#e8a000","colorDark":"#7d5600","angle":199.7,"mstop":"all","snapDist":4,"label":0}},{"type":"Feature","geometry":{"type":"Point","coordinates":[38.745362,8.935642]},"properties":{"name":"Hana Mariam","lines":"Lafto013, Lafto028, Lafto044, Lafto045","arr":["Lafto013","Lafto028","Lafto044","Lafto045"],"terminus":0,"mode":"bus","color":"#e8a000","colorDark":"#7d5600","angle":32.2,"mstop":"all","snapDist":5,"label":0}},{"type":"Feature","geometry":{"type":"Point","coordinates":[38.664008,8.933855]},"properties":{"name":"Alem Gena","lines":"Lafto015, Lafto019, LID005, LID013","arr":["Lafto015","Lafto019","LID005","LID013"],"terminus":1,"mode":"bus","color":"#e8a000","colorDark":"#7d5600","angle":128.9,"mstop":"all","snapDist":1,"label":1}},{"type":"Feature","geometry":{"type":"Point","coordinates":[38.670135,8.949338]},"properties":{"name":"Noc","lines":"Lafto015, Lafto019, LID013","arr":["Lafto015","Lafto019","LID013"],"terminus":0,"mode":"bus","color":"#e8a000","colorDark":"#7d5600","angle":97.7,"mstop":"all","snapDist":5,"label":0}},{"type":"Feature","geometry":{"type":"Point","coordinates":[38.696518,8.953893]},"properties":{"name":"Jemmo 3 Squer","lines":"Lafto015, Lafto019","arr":["Lafto015","Lafto019"],"terminus":0,"mode":"bus","color":"#e8a000","colorDark":"#7d5600","angle":153.8,"mstop":"all","snapDist":4,"label":1}},{"type":"Feature","geometry":{"type":"Point","coordinates":[38.697596,8.955161]},"properties":{"name":"Jemmo 3 Squer","lines":"Lafto015, Lafto019","arr":["Lafto015","Lafto019"],"terminus":0,"mode":"bus","color":"#e8a000","colorDark":"#7d5600","angle":323,"mstop":"all","snapDist":7,"label":0}},{"type":"Feature","geometry":{"type":"Point","coordinates":[38.670047,8.94934]},"properties":{"name":"Noc","lines":"Lafto015, Lafto019, LID005, LID013","arr":["Lafto015","Lafto019","LID005","LID013"],"terminus":0,"mode":"bus","color":"#e8a000","colorDark":"#7d5600","angle":276.8,"mstop":"all","snapDist":2,"label":0}},{"type":"Feature","geometry":{"type":"Point","coordinates":[38.663965,8.933941]},"properties":{"name":"Alem Gena","lines":"Lafto015, Lafto019, LID005, LID013","arr":["Lafto015","Lafto019","LID005","LID013"],"terminus":1,"mode":"bus","color":"#e8a000","colorDark":"#7d5600","angle":308.9,"mstop":"all","snapDist":2,"label":0}},{"type":"Feature","geometry":{"type":"Point","coordinates":[38.733295,9.019638]},"properties":{"name":"Abenet","lines":"Lafto016","arr":["Lafto016"],"terminus":0,"mode":"bus","color":"#e8a000","colorDark":"#7d5600","angle":237.9,"mstop":"all","snapDist":2,"label":0}},{"type":"Feature","geometry":{"type":"Point","coordinates":[38.722642,8.988408]},"properties":{"name":"Bisrate Gebrael","lines":"Lafto016, Lafto034","arr":["Lafto016","Lafto034"],"terminus":0,"mode":"bus","color":"#e8a000","colorDark":"#7d5600","angle":321.3,"mstop":"all","snapDist":0,"label":0}},{"type":"Feature","geometry":{"type":"Point","coordinates":[38.732543,8.966425]},"properties":{"name":"Germen Square","lines":"Lafto017, Lafto032","arr":["Lafto017","Lafto032"],"terminus":0,"mode":"bus","color":"#e8a000","colorDark":"#7d5600","angle":64.2,"mstop":"all","snapDist":1,"label":0}},{"type":"Feature","geometry":{"type":"Point","coordinates":[38.732859,8.965295]},"properties":{"name":"Germen Square","lines":"Lafto017","arr":["Lafto017"],"terminus":0,"mode":"bus","color":"#e8a000","colorDark":"#7d5600","angle":260.9,"mstop":"all","snapDist":2,"label":0}},{"type":"Feature","geometry":{"type":"Point","coordinates":[38.741984,8.971638]},"properties":{"name":"Gofa","lines":"Lafto018, Lafto019, Lafto020, Lafto021, Lafto022, Lafto023","arr":["Lafto018","Lafto019","Lafto020","Lafto021","Lafto022","Lafto023"],"terminus":1,"mode":"bus","color":"#e8a000","colorDark":"#7d5600","angle":134.4,"mstop":"all","snapDist":2,"label":1}},{"type":"Feature","geometry":{"type":"Point","coordinates":[38.7419,8.971698]},"properties":{"name":"Gofa","lines":"Lafto018, Lafto019, Lafto020, Lafto021, Lafto022, Lafto023","arr":["Lafto018","Lafto019","Lafto020","Lafto021","Lafto022","Lafto023"],"terminus":1,"mode":"bus","color":"#e8a000","colorDark":"#7d5600","angle":313.7,"mstop":"all","snapDist":1,"label":0}},{"type":"Feature","geometry":{"type":"Point","coordinates":[38.697988,8.981631]},"properties":{"name":"Ayer Tena","lines":"Lafto020, Lafto021, Lafto031","arr":["Lafto020","Lafto021","Lafto031"],"terminus":0,"mode":"bus","color":"#e8a000","colorDark":"#7d5600","angle":230.7,"mstop":"all","snapDist":2,"label":0}},{"type":"Feature","geometry":{"type":"Point","coordinates":[38.749101,8.977094]},"properties":{"name":"Gofa Gebriel","lines":"Lafto022, Lafto023, Lafto042","arr":["Lafto022","Lafto023","Lafto042"],"terminus":0,"mode":"bus","color":"#e8a000","colorDark":"#7d5600","angle":96.3,"mstop":"all","snapDist":2,"label":0}},{"type":"Feature","geometry":{"type":"Point","coordinates":[38.750307,8.984317]},"properties":{"name":"Kera","lines":"Lafto022, Lafto023, Lafto042","arr":["Lafto022","Lafto023","Lafto042"],"terminus":0,"mode":"bus","color":"#e8a000","colorDark":"#7d5600","angle":110.8,"mstop":"all","snapDist":7,"label":0}},{"type":"Feature","geometry":{"type":"Point","coordinates":[38.750063,8.984489]},"properties":{"name":"Kera","lines":"Lafto022","arr":["Lafto022"],"terminus":0,"mode":"bus","color":"#e8a000","colorDark":"#7d5600","angle":289.6,"mstop":"all","snapDist":3,"label":0}},{"type":"Feature","geometry":{"type":"Point","coordinates":[38.749025,8.977096]},"properties":{"name":"Gofa Gebriel","lines":"Lafto022, Lafto042","arr":["Lafto022","Lafto042"],"terminus":0,"mode":"bus","color":"#e8a000","colorDark":"#7d5600","angle":277.5,"mstop":"all","snapDist":1,"label":0}},{"type":"Feature","geometry":{"type":"Point","coordinates":[38.733349,8.964814]},"properties":{"name":"Germen Square","lines":"Lafto022, Lafto023","arr":["Lafto022","Lafto023"],"terminus":0,"mode":"bus","color":"#e8a000","colorDark":"#7d5600","angle":324,"mstop":"all","snapDist":2,"label":0}},{"type":"Feature","geometry":{"type":"Point","coordinates":[38.733437,8.949355]},"properties":{"name":"Mebrathile","lines":"Lafto031, Lafto032","arr":["Lafto031","Lafto032"],"terminus":0,"mode":"bus","color":"#e8a000","colorDark":"#7d5600","angle":73.4,"mstop":"all","snapDist":1,"label":0}},{"type":"Feature","geometry":{"type":"Point","coordinates":[38.734496,8.948152]},"properties":{"name":"Mebrathayil","lines":"Lafto040","arr":["Lafto040"],"terminus":0,"mode":"bus","color":"#e8a000","colorDark":"#7d5600","angle":184.2,"mstop":"all","snapDist":1,"label":0}},{"type":"Feature","geometry":{"type":"Point","coordinates":[38.734516,8.948287]},"properties":{"name":"Mebrathayil","lines":"Lafto040","arr":["Lafto040"],"terminus":0,"mode":"bus","color":"#e8a000","colorDark":"#7d5600","angle":10.6,"mstop":"all","snapDist":1,"label":0}},{"type":"Feature","geometry":{"type":"Point","coordinates":[38.798707,8.866642]},"properties":{"name":"Yeshi Total","lines":"Lafto043","arr":["Lafto043"],"terminus":0,"mode":"bus","color":"#e8a000","colorDark":"#7d5600","angle":63.3,"mstop":"all","snapDist":28,"label":0}},{"type":"Feature","geometry":{"type":"Point","coordinates":[38.758635,8.930946]},"properties":{"name":"Kadisco","lines":"Lafto044, Lafto045","arr":["Lafto044","Lafto045"],"terminus":0,"mode":"bus","color":"#e8a000","colorDark":"#7d5600","angle":172.3,"mstop":"all","snapDist":1,"label":0}},{"type":"Feature","geometry":{"type":"Point","coordinates":[38.802554,9.016953]},"properties":{"name":"Mulugeta Building","lines":"Lafto044","arr":["Lafto044"],"terminus":0,"mode":"bus","color":"#e8a000","colorDark":"#7d5600","angle":71.4,"mstop":"all","snapDist":3,"label":0}},{"type":"Feature","geometry":{"type":"Point","coordinates":[38.764021,8.921462]},"properties":{"name":"Sheger Building","lines":"Lafto045","arr":["Lafto045"],"terminus":0,"mode":"bus","color":"#e8a000","colorDark":"#7d5600","angle":-71.3,"mstop":"all","snapDist":10,"label":0}},{"type":"Feature","geometry":{"type":"Point","coordinates":[38.670873,8.963667]},"properties":{"name":"Weleta","lines":"LID002, LID007, LID013","arr":["LID002","LID007","LID013"],"terminus":0,"mode":"bus","color":"#e8a000","colorDark":"#7d5600","angle":79.6,"mstop":"all","snapDist":1,"label":0}},{"type":"Feature","geometry":{"type":"Point","coordinates":[38.67747,8.976411]},"properties":{"name":"Repi Highschool","lines":"LID002, LID007, LID013","arr":["LID002","LID007","LID013"],"terminus":0,"mode":"bus","color":"#e8a000","colorDark":"#7d5600","angle":-29.7,"mstop":"all","snapDist":7,"label":0}},{"type":"Feature","geometry":{"type":"Point","coordinates":[38.677466,8.976408]},"properties":{"name":"Repi Highschool","lines":"LID002, LID007, LID013","arr":["LID002","LID007","LID013"],"terminus":0,"mode":"bus","color":"#e8a000","colorDark":"#7d5600","angle":330.3,"mstop":"all","snapDist":14,"label":0}},{"type":"Feature","geometry":{"type":"Point","coordinates":[38.673186,8.966598]},"properties":{"name":"Weleta Tele","lines":"LID002, LID005, LID007, LID013","arr":["LID002","LID005","LID007","LID013"],"terminus":0,"mode":"bus","color":"#e8a000","colorDark":"#7d5600","angle":353,"mstop":"all","snapDist":4,"label":0}},{"type":"Feature","geometry":{"type":"Point","coordinates":[38.670872,8.963667]},"properties":{"name":"Weleta","lines":"LID002, LID005, LID007, LID013","arr":["LID002","LID005","LID007","LID013"],"terminus":0,"mode":"bus","color":"#e8a000","colorDark":"#7d5600","angle":259.6,"mstop":"all","snapDist":1,"label":0}},{"type":"Feature","geometry":{"type":"Point","coordinates":[38.751584,9.027326]},"properties":{"name":"Tewodros Square","lines":"LID003","arr":["LID003"],"terminus":0,"mode":"bus","color":"#e8a000","colorDark":"#7d5600","angle":266.6,"mstop":"all","snapDist":2,"label":0}},{"type":"Feature","geometry":{"type":"Point","coordinates":[38.744901,9.010525]},"properties":{"name":"Mexico","lines":"LID004, LID009","arr":["LID004","LID009"],"terminus":0,"mode":"bus","color":"#e8a000","colorDark":"#7d5600","angle":355.6,"mstop":"all","snapDist":1,"label":0}},{"type":"Feature","geometry":{"type":"Point","coordinates":[38.720763,9.010795]},"properties":{"name":"Torhayloch","lines":"LID005","arr":["LID005"],"terminus":0,"mode":"bus","color":"#e8a000","colorDark":"#7d5600","angle":286.6,"mstop":"all","snapDist":1,"label":0}},{"type":"Feature","geometry":{"type":"Point","coordinates":[38.744588,9.011453]},"properties":{"name":"Mexico","lines":"LID007","arr":["LID007"],"terminus":0,"mode":"bus","color":"#e8a000","colorDark":"#7d5600","angle":268.6,"mstop":"all","snapDist":0,"label":0}},{"type":"Feature","geometry":{"type":"Point","coordinates":[38.744693,9.011408]},"properties":{"name":"Mexico","lines":"LID007","arr":["LID007"],"terminus":0,"mode":"bus","color":"#e8a000","colorDark":"#7d5600","angle":89.3,"mstop":"all","snapDist":5,"label":0}},{"type":"Feature","geometry":{"type":"Point","coordinates":[38.734587,9.016411]},"properties":{"name":"Darmar","lines":"LID008","arr":["LID008"],"terminus":0,"mode":"bus","color":"#e8a000","colorDark":"#7d5600","angle":178.3,"mstop":"all","snapDist":5,"label":0}},{"type":"Feature","geometry":{"type":"Point","coordinates":[38.744048,9.012832]},"properties":{"name":"Mexico","lines":"LID008","arr":["LID008"],"terminus":0,"mode":"bus","color":"#e8a000","colorDark":"#7d5600","angle":177.4,"mstop":"all","snapDist":1,"label":0}},{"type":"Feature","geometry":{"type":"Point","coordinates":[38.74405,9.012832]},"properties":{"name":"Mexico","lines":"LID008","arr":["LID008"],"terminus":0,"mode":"bus","color":"#e8a000","colorDark":"#7d5600","angle":357.4,"mstop":"all","snapDist":2,"label":0}},{"type":"Feature","geometry":{"type":"Point","coordinates":[38.80093,9.020043]},"properties":{"name":"Megenagna","lines":"LID010, YK017","arr":["LID010","YK017"],"terminus":0,"mode":"bus","color":"#e8a000","colorDark":"#7d5600","angle":17.2,"mstop":"all","snapDist":3,"label":0}},{"type":"Feature","geometry":{"type":"Point","coordinates":[38.794068,9.021192]},"properties":{"name":"Lem Hotel","lines":"LID010","arr":["LID010"],"terminus":0,"mode":"bus","color":"#e8a000","colorDark":"#7d5600","angle":5.5,"mstop":"all","snapDist":1,"label":0}},{"type":"Feature","geometry":{"type":"Point","coordinates":[38.781503,9.023487]},"properties":{"name":"Signal","lines":"LID010","arr":["LID010"],"terminus":0,"mode":"bus","color":"#e8a000","colorDark":"#7d5600","angle":13,"mstop":"all","snapDist":2,"label":0}},{"type":"Feature","geometry":{"type":"Point","coordinates":[38.744541,9.028518]},"properties":{"name":"Tekle Haimanot","lines":"LID010","arr":["LID010"],"terminus":0,"mode":"bus","color":"#e8a000","colorDark":"#7d5600","angle":3.6,"mstop":"all","snapDist":0,"label":0}},{"type":"Feature","geometry":{"type":"Point","coordinates":[38.744542,9.028457]},"properties":{"name":"Tekle Haimanot","lines":"LID010","arr":["LID010"],"terminus":0,"mode":"bus","color":"#e8a000","colorDark":"#7d5600","angle":183.3,"mstop":"all","snapDist":0,"label":0}},{"type":"Feature","geometry":{"type":"Point","coordinates":[38.877865,9.055684]},"properties":{"name":"Aba Kiros","lines":"LK001, LK003, LK008, LK009","arr":["LK001","LK003","LK008","LK009"],"terminus":1,"mode":"bus","color":"#e8a000","colorDark":"#7d5600","angle":285.5,"mstop":"all","snapDist":0,"label":1}},{"type":"Feature","geometry":{"type":"Point","coordinates":[38.852607,8.990965]},"properties":{"name":"Summit Condominiums","lines":"LK001, LK004","arr":["LK001","LK004"],"terminus":0,"mode":"bus","color":"#e8a000","colorDark":"#7d5600","angle":254.2,"mstop":"all","snapDist":1,"label":0}},{"type":"Feature","geometry":{"type":"Point","coordinates":[38.854818,8.98444]},"properties":{"name":"Summit Condominiums","lines":"LK001","arr":["LK001"],"terminus":0,"mode":"bus","color":"#e8a000","colorDark":"#7d5600","angle":73.8,"mstop":"all","snapDist":1,"label":0}},{"type":"Feature","geometry":{"type":"Point","coordinates":[38.875166,9.021255]},"properties":{"name":"Derartu Adebabay","lines":"LK001, LK008","arr":["LK001","LK008"],"terminus":0,"mode":"bus","color":"#e8a000","colorDark":"#7d5600","angle":182.3,"mstop":"all","snapDist":6,"label":1}},{"type":"Feature","geometry":{"type":"Point","coordinates":[38.877778,9.040279]},"properties":{"name":"Gebreal","lines":"LK001, LK009","arr":["LK001","LK009"],"terminus":0,"mode":"bus","color":"#e8a000","colorDark":"#7d5600","angle":91,"mstop":"all","snapDist":4,"label":1}},{"type":"Feature","geometry":{"type":"Point","coordinates":[38.878523,9.056131]},"properties":{"name":"Aba Kiros","lines":"LK001, LK003, LK008, LK009","arr":["LK001","LK003","LK008","LK009"],"terminus":1,"mode":"bus","color":"#e8a000","colorDark":"#7d5600","angle":122.8,"mstop":"all","snapDist":1,"label":0}},{"type":"Feature","geometry":{"type":"Point","coordinates":[38.890343,8.973213]},"properties":{"name":"Bole Arabsa","lines":"LK002, LK003, LK006, LK014","arr":["LK002","LK003","LK006","LK014"],"terminus":1,"mode":"bus","color":"#e8a000","colorDark":"#7d5600","angle":52.1,"mstop":"all","snapDist":0,"label":0}},{"type":"Feature","geometry":{"type":"Point","coordinates":[38.885429,8.993203]},"properties":{"name":"Maseltegna","lines":"LK002, LK006, LK014","arr":["LK002","LK006","LK014"],"terminus":0,"mode":"bus","color":"#e8a000","colorDark":"#7d5600","angle":91.9,"mstop":"all","snapDist":3,"label":1}},{"type":"Feature","geometry":{"type":"Point","coordinates":[38.878076,9.010082]},"properties":{"name":"Sun shine","lines":"LK002, LK014","arr":["LK002","LK014"],"terminus":0,"mode":"bus","color":"#e8a000","colorDark":"#7d5600","angle":97.2,"mstop":"all","snapDist":1,"label":1}},{"type":"Feature","geometry":{"type":"Point","coordinates":[38.877014,9.021521]},"properties":{"name":"Ayat","lines":"LK002, LK003, LK014","arr":["LK002","LK003","LK014"],"terminus":0,"mode":"bus","color":"#e8a000","colorDark":"#7d5600","angle":359,"mstop":"all","snapDist":1,"label":1}},{"type":"Feature","geometry":{"type":"Point","coordinates":[38.877955,9.010093]},"properties":{"name":"Sun shine","lines":"LK002, LK014","arr":["LK002","LK014"],"terminus":0,"mode":"bus","color":"#e8a000","colorDark":"#7d5600","angle":279.5,"mstop":"all","snapDist":2,"label":0}},{"type":"Feature","geometry":{"type":"Point","coordinates":[38.88523,8.987585]},"properties":{"name":"Mariam","lines":"LK003","arr":["LK003"],"terminus":0,"mode":"bus","color":"#e8a000","colorDark":"#7d5600","angle":90.2,"mstop":"all","snapDist":3,"label":1}},{"type":"Feature","geometry":{"type":"Point","coordinates":[38.87674,9.021244]},"properties":{"name":"Ayat","lines":"LK003","arr":["LK003"],"terminus":0,"mode":"bus","color":"#e8a000","colorDark":"#7d5600","angle":175.3,"mstop":"all","snapDist":1,"label":0}},{"type":"Feature","geometry":{"type":"Point","coordinates":[38.884927,8.987592]},"properties":{"name":"Mariam","lines":"LK003","arr":["LK003"],"terminus":0,"mode":"bus","color":"#e8a000","colorDark":"#7d5600","angle":271.5,"mstop":"all","snapDist":3,"label":0}},{"type":"Feature","geometry":{"type":"Point","coordinates":[38.852892,8.991021]},"properties":{"name":"Summit Condominiums","lines":"LK004","arr":["LK004"],"terminus":0,"mode":"bus","color":"#e8a000","colorDark":"#7d5600","angle":73.8,"mstop":"all","snapDist":3,"label":0}},{"type":"Feature","geometry":{"type":"Point","coordinates":[38.803878,9.020341]},"properties":{"name":"Megenagna","lines":"LK005, YK002, YK004, YK014","arr":["LK005","YK002","YK004","YK014"],"terminus":1,"mode":"bus","color":"#e8a000","colorDark":"#7d5600","angle":162,"mstop":"all","snapDist":0,"label":0}},{"type":"Feature","geometry":{"type":"Point","coordinates":[38.844326,9.032956]},"properties":{"name":"Wessen Grocery","lines":"LK005, TX006, YK004, YK014","arr":["LK005","TX006","YK004","YK014"],"terminus":0,"mode":"bus","color":"#e8a000","colorDark":"#7d5600","angle":154.7,"mstop":"all","snapDist":5,"label":1}},{"type":"Feature","geometry":{"type":"Point","coordinates":[38.864893,9.040727]},"properties":{"name":"Kara","lines":"LK005, LK012, TX006","arr":["LK005","LK012","TX006"],"terminus":0,"mode":"bus","color":"#e8a000","colorDark":"#7d5600","angle":166.7,"mstop":"all","snapDist":1,"label":0}},{"type":"Feature","geometry":{"type":"Point","coordinates":[38.878008,9.056672]},"properties":{"name":"Tafo Square","lines":"LK005, LK012","arr":["LK005","LK012"],"terminus":0,"mode":"bus","color":"#e8a000","colorDark":"#7d5600","angle":202.7,"mstop":"all","snapDist":0,"label":0}},{"type":"Feature","geometry":{"type":"Point","coordinates":[38.877912,9.05706]},"properties":{"name":"Tafo Square","lines":"LK005, LK012","arr":["LK005","LK012"],"terminus":0,"mode":"bus","color":"#e8a000","colorDark":"#7d5600","angle":359.6,"mstop":"all","snapDist":0,"label":0}},{"type":"Feature","geometry":{"type":"Point","coordinates":[38.849033,9.034791]},"properties":{"name":"Kotebe Teachers College","lines":"LK005, TX006","arr":["LK005","TX006"],"terminus":0,"mode":"bus","color":"#e8a000","colorDark":"#7d5600","angle":346.3,"mstop":"all","snapDist":1,"label":1}},{"type":"Feature","geometry":{"type":"Point","coordinates":[38.838568,9.030433]},"properties":{"name":"Kotebe","lines":"LK005, TX006, YK004, YK014","arr":["LK005","TX006","YK004","YK014"],"terminus":0,"mode":"bus","color":"#e8a000","colorDark":"#7d5600","angle":341.9,"mstop":"all","snapDist":2,"label":1}},{"type":"Feature","geometry":{"type":"Point","coordinates":[38.853784,9.00148]},"properties":{"name":"Summit Chafe","lines":"LK006, LK008","arr":["LK006","LK008"],"terminus":0,"mode":"bus","color":"#e8a000","colorDark":"#7d5600","angle":0,"mstop":"all","snapDist":9,"label":1}},{"type":"Feature","geometry":{"type":"Point","coordinates":[38.830028,8.991844]},"properties":{"name":"Goro","lines":"LK006, LK008, LK015","arr":["LK006","LK008","LK015"],"terminus":1,"mode":"bus","color":"#e8a000","colorDark":"#7d5600","angle":292.1,"mstop":"all","snapDist":9,"label":1}},{"type":"Feature","geometry":{"type":"Point","coordinates":[38.83034,8.991743]},"properties":{"name":"Goro","lines":"LK006, LK008, LK015","arr":["LK006","LK008","LK015"],"terminus":1,"mode":"bus","color":"#e8a000","colorDark":"#7d5600","angle":110.8,"mstop":"all","snapDist":5,"label":0}},{"type":"Feature","geometry":{"type":"Point","coordinates":[38.853787,9.001206]},"properties":{"name":"Summit Chafe","lines":"LK006, LK008","arr":["LK006","LK008"],"terminus":0,"mode":"bus","color":"#e8a000","colorDark":"#7d5600","angle":188.6,"mstop":"all","snapDist":4,"label":0}},{"type":"Feature","geometry":{"type":"Point","coordinates":[38.87639,9.002181]},"properties":{"name":"Sun shine","lines":"LK006","arr":["LK006"],"terminus":0,"mode":"bus","color":"#e8a000","colorDark":"#7d5600","angle":207.2,"mstop":"all","snapDist":1,"label":1}},{"type":"Feature","geometry":{"type":"Point","coordinates":[38.894505,9.010936]},"properties":{"name":"Ayat Chefe Condominium","lines":"LK007, LK010","arr":["LK007","LK010"],"terminus":0,"mode":"bus","color":"#e8a000","colorDark":"#7d5600","angle":271.4,"mstop":"all","snapDist":1,"label":0}},{"type":"Feature","geometry":{"type":"Point","coordinates":[38.865709,9.01167]},"properties":{"name":"Safari (Summit)","lines":"LK007","arr":["LK007"],"terminus":0,"mode":"bus","color":"#e8a000","colorDark":"#7d5600","angle":349.7,"mstop":"all","snapDist":0,"label":1}},{"type":"Feature","geometry":{"type":"Point","coordinates":[38.852659,9.009996]},"properties":{"name":"Safari","lines":"LK007, TX065","arr":["LK007","TX065"],"terminus":0,"mode":"bus","color":"#e8a000","colorDark":"#7d5600","angle":4.3,"mstop":"all","snapDist":2,"label":0}},{"type":"Feature","geometry":{"type":"Point","coordinates":[38.825658,9.019474]},"properties":{"name":"Se'alite Mihret","lines":"LK007, LK009, LK013, YK010","arr":["LK007","LK009","LK013","YK010"],"terminus":0,"mode":"bus","color":"#e8a000","colorDark":"#7d5600","angle":214.7,"mstop":"all","snapDist":1,"label":0}},{"type":"Feature","geometry":{"type":"Point","coordinates":[38.865741,9.011548]},"properties":{"name":"Safari (Summit)","lines":"LK007","arr":["LK007"],"terminus":0,"mode":"bus","color":"#e8a000","colorDark":"#7d5600","angle":165.7,"mstop":"all","snapDist":4,"label":0}},{"type":"Feature","geometry":{"type":"Point","coordinates":[38.894626,9.011389]},"properties":{"name":"Ayat Chefe Condominium","lines":"LK007, LK010","arr":["LK007","LK010"],"terminus":0,"mode":"bus","color":"#e8a000","colorDark":"#7d5600","angle":89.6,"mstop":"all","snapDist":2,"label":0}},{"type":"Feature","geometry":{"type":"Point","coordinates":[38.877423,9.040366]},"properties":{"name":"Gebreal","lines":"LK008","arr":["LK008"],"terminus":0,"mode":"bus","color":"#e8a000","colorDark":"#7d5600","angle":271.2,"mstop":"all","snapDist":9,"label":0}},{"type":"Feature","geometry":{"type":"Point","coordinates":[38.875766,9.020815]},"properties":{"name":"Ayat","lines":"LK008, LK010","arr":["LK008","LK010"],"terminus":0,"mode":"bus","color":"#e8a000","colorDark":"#7d5600","angle":137.7,"mstop":"all","snapDist":6,"label":0}},{"type":"Feature","geometry":{"type":"Point","coordinates":[38.875149,9.021519]},"properties":{"name":"Derartu Adebabay","lines":"LK009","arr":["LK009"],"terminus":0,"mode":"bus","color":"#e8a000","colorDark":"#7d5600","angle":340.1,"mstop":"all","snapDist":2,"label":0}},{"type":"Feature","geometry":{"type":"Point","coordinates":[38.859889,9.020686]},"properties":{"name":"Meshageria","lines":"LK009","arr":["LK009"],"terminus":0,"mode":"bus","color":"#e8a000","colorDark":"#7d5600","angle":358.5,"mstop":"all","snapDist":1,"label":0}},{"type":"Feature","geometry":{"type":"Point","coordinates":[38.87419,9.057616]},"properties":{"name":"Sara Ampol","lines":"LK012","arr":["LK012"],"terminus":0,"mode":"bus","color":"#e8a000","colorDark":"#7d5600","angle":326.9,"mstop":"all","snapDist":6,"label":0}},{"type":"Feature","geometry":{"type":"Point","coordinates":[38.869384,9.048071]},"properties":{"name":"Kara Condominium","lines":"LK012","arr":["LK012"],"terminus":0,"mode":"bus","color":"#e8a000","colorDark":"#7d5600","angle":295.2,"mstop":"all","snapDist":1,"label":0}},{"type":"Feature","geometry":{"type":"Point","coordinates":[38.865371,9.041131]},"properties":{"name":"Kara","lines":"LK012, TX006","arr":["LK012","TX006"],"terminus":0,"mode":"bus","color":"#e8a000","colorDark":"#7d5600","angle":314.6,"mstop":"all","snapDist":2,"label":0}},{"type":"Feature","geometry":{"type":"Point","coordinates":[38.869491,9.04804]},"properties":{"name":"Kara Condominium","lines":"LK012","arr":["LK012"],"terminus":0,"mode":"bus","color":"#e8a000","colorDark":"#7d5600","angle":115.1,"mstop":"all","snapDist":1,"label":0}},{"type":"Feature","geometry":{"type":"Point","coordinates":[38.874337,9.057586]},"properties":{"name":"Sara Ampol","lines":"LK012","arr":["LK012"],"terminus":0,"mode":"bus","color":"#e8a000","colorDark":"#7d5600","angle":146.2,"mstop":"all","snapDist":3,"label":0}},{"type":"Feature","geometry":{"type":"Point","coordinates":[38.85445,8.984606]},"properties":{"name":"Summit Condominiums","lines":"LK013","arr":["LK013"],"terminus":0,"mode":"bus","color":"#e8a000","colorDark":"#7d5600","angle":253.8,"mstop":"all","snapDist":1,"label":0}},{"type":"Feature","geometry":{"type":"Point","coordinates":[38.854818,8.98444]},"properties":{"name":"Summit Condominiums","lines":"LK013","arr":["LK013"],"terminus":0,"mode":"bus","color":"#e8a000","colorDark":"#7d5600","angle":73.8,"mstop":"all","snapDist":1,"label":0}},{"type":"Feature","geometry":{"type":"Point","coordinates":[38.885135,8.993245]},"properties":{"name":"Maseltegna","lines":"LK014","arr":["LK014"],"terminus":0,"mode":"bus","color":"#e8a000","colorDark":"#7d5600","angle":270.5,"mstop":"all","snapDist":5,"label":0}},{"type":"Feature","geometry":{"type":"Point","coordinates":[38.853461,9.035378]},"properties":{"name":"Abem Mebrat","lines":"LK015","arr":["LK015"],"terminus":0,"mode":"bus","color":"#e8a000","colorDark":"#7d5600","angle":283.3,"mstop":"all","snapDist":0,"label":1}},{"type":"Feature","geometry":{"type":"Point","coordinates":[38.838028,9.00057]},"properties":{"name":"Medhanalem","lines":"LK015","arr":["LK015"],"terminus":0,"mode":"bus","color":"#e8a000","colorDark":"#7d5600","angle":331.7,"mstop":"all","snapDist":1,"label":1}},{"type":"Feature","geometry":{"type":"Point","coordinates":[38.838222,9.000243]},"properties":{"name":"Medhanalem","lines":"LK015","arr":["LK015"],"terminus":0,"mode":"bus","color":"#e8a000","colorDark":"#7d5600","angle":148.3,"mstop":"all","snapDist":0,"label":0}},{"type":"Feature","geometry":{"type":"Point","coordinates":[38.853828,9.035682]},"properties":{"name":"Abem Mebrat","lines":"LK015","arr":["LK015"],"terminus":0,"mode":"bus","color":"#e8a000","colorDark":"#7d5600","angle":101.6,"mstop":"all","snapDist":3,"label":0}},{"type":"Feature","geometry":{"type":"Point","coordinates":[38.813917,9.02159]},"properties":{"name":"Lamberet","lines":"SH004","arr":["SH004"],"terminus":0,"mode":"bus","color":"#0059a9","colorDark":"#00294f","angle":341.5,"snapDist":2,"label":0}},{"type":"Feature","geometry":{"type":"Point","coordinates":[38.689256,8.992349]},"properties":{"name":"Kidane Mihret","lines":"SH010","arr":["SH010"],"terminus":0,"mode":"bus","color":"#0059a9","colorDark":"#00294f","angle":289.2,"snapDist":2,"label":0}},{"type":"Feature","geometry":{"type":"Point","coordinates":[38.759135,9.009203]},"properties":{"name":"Saint Josphe School","lines":"SH016, SH028","arr":["SH016","SH028"],"terminus":0,"mode":"bus","color":"#0059a9","colorDark":"#00294f","angle":90.4,"snapDist":0,"label":1}},{"type":"Feature","geometry":{"type":"Point","coordinates":[38.751672,9.027712]},"properties":{"name":"Tewodros Square","lines":"SH016, SH079","arr":["SH016","SH079"],"terminus":0,"mode":"bus","color":"#0059a9","colorDark":"#00294f","angle":85.5,"snapDist":1,"label":0}},{"type":"Feature","geometry":{"type":"Point","coordinates":[38.759644,8.995339]},"properties":{"name":"Beklo Bet (Global)","lines":"SH016","arr":["SH016"],"terminus":0,"mode":"bus","color":"#0059a9","colorDark":"#00294f","angle":263.5,"snapDist":1,"label":0}},{"type":"Feature","geometry":{"type":"Point","coordinates":[38.767848,9.004951]},"properties":{"name":"Dembel City Center","lines":"SH027, SH072","arr":["SH027","SH072"],"terminus":0,"mode":"bus","color":"#0059a9","colorDark":"#00294f","angle":62,"snapDist":1,"label":0}},{"type":"Feature","geometry":{"type":"Point","coordinates":[38.761274,9.044752]},"properties":{"name":"6 Kilo (Akim Genbata)","lines":"SH027, SH028","arr":["SH027","SH028"],"terminus":0,"mode":"bus","color":"#0059a9","colorDark":"#00294f","angle":277,"snapDist":7,"label":1}},{"type":"Feature","geometry":{"type":"Point","coordinates":[38.762109,9.050616]},"properties":{"name":"Medhanialem","lines":"SH035","arr":["SH035"],"terminus":0,"mode":"bus","color":"#0059a9","colorDark":"#00294f","angle":98,"snapDist":0,"label":0}},{"type":"Feature","geometry":{"type":"Point","coordinates":[38.693924,8.982259]},"properties":{"name":"Ayer Tena (Gerar-Repi)","lines":"SH040","arr":["SH040"],"terminus":0,"mode":"bus","color":"#0059a9","colorDark":"#00294f","angle":352,"snapDist":2,"label":1}},{"type":"Feature","geometry":{"type":"Point","coordinates":[38.682403,8.976374]},"properties":{"name":"Kara Kore","lines":"SH040","arr":["SH040"],"terminus":1,"mode":"bus","color":"#0059a9","colorDark":"#00294f","angle":309.5,"snapDist":2,"label":0}},{"type":"Feature","geometry":{"type":"Point","coordinates":[38.87814,9.056387]},"properties":{"name":"Aba Kiros","lines":"SH067","arr":["SH067"],"terminus":1,"mode":"bus","color":"#0059a9","colorDark":"#00294f","angle":289.8,"snapDist":2,"label":0}},{"type":"Feature","geometry":{"type":"Point","coordinates":[38.878519,9.056126]},"properties":{"name":"Aba Kiros","lines":"SH067","arr":["SH067"],"terminus":1,"mode":"bus","color":"#0059a9","colorDark":"#00294f","angle":122.8,"snapDist":1,"label":0}},{"type":"Feature","geometry":{"type":"Point","coordinates":[38.743805,9.010253]},"properties":{"name":"Mexico","lines":"SH068","arr":["SH068"],"terminus":1,"mode":"bus","color":"#0059a9","colorDark":"#00294f","angle":186.8,"snapDist":1,"label":0}},{"type":"Feature","geometry":{"type":"Point","coordinates":[38.697076,8.983441]},"properties":{"name":"Ayer Tena","lines":"SH069","arr":["SH069"],"terminus":1,"mode":"bus","color":"#0059a9","colorDark":"#00294f","angle":31,"snapDist":1,"label":0}},{"type":"Feature","geometry":{"type":"Point","coordinates":[38.705548,8.975719]},"properties":{"name":"Chaina Camp","lines":"SH069","arr":["SH069"],"terminus":0,"mode":"bus","color":"#0059a9","colorDark":"#00294f","angle":204.2,"snapDist":3,"label":0}},{"type":"Feature","geometry":{"type":"Point","coordinates":[38.692138,8.951817]},"properties":{"name":"Furi","lines":"SH069","arr":["SH069"],"terminus":0,"mode":"bus","color":"#0059a9","colorDark":"#00294f","angle":343.5,"snapDist":4,"label":1}},{"type":"Feature","geometry":{"type":"Point","coordinates":[38.663959,8.933933]},"properties":{"name":"Alem Gena","lines":"SH069","arr":["SH069"],"terminus":0,"mode":"bus","color":"#0059a9","colorDark":"#00294f","angle":308.9,"snapDist":1,"label":0}},{"type":"Feature","geometry":{"type":"Point","coordinates":[38.65482,8.924422]},"properties":{"name":"Ubedi Academy","lines":"SH069","arr":["SH069"],"terminus":0,"mode":"bus","color":"#0059a9","colorDark":"#00294f","angle":325.8,"snapDist":0,"label":1}},{"type":"Feature","geometry":{"type":"Point","coordinates":[38.646607,8.92138]},"properties":{"name":"Mama","lines":"SH069","arr":["SH069"],"terminus":0,"mode":"bus","color":"#0059a9","colorDark":"#00294f","angle":291.1,"snapDist":2,"label":0}},{"type":"Feature","geometry":{"type":"Point","coordinates":[38.633263,8.91435]},"properties":{"name":"Mariam Gedam","lines":"SH069","arr":["SH069"],"terminus":0,"mode":"bus","color":"#0059a9","colorDark":"#00294f","angle":316.1,"snapDist":3,"label":1}},{"type":"Feature","geometry":{"type":"Point","coordinates":[38.654821,8.924423]},"properties":{"name":"Ubedi Academy","lines":"SH069","arr":["SH069"],"terminus":0,"mode":"bus","color":"#0059a9","colorDark":"#00294f","angle":147.2,"snapDist":0,"label":0}},{"type":"Feature","geometry":{"type":"Point","coordinates":[38.659011,8.92749]},"properties":{"name":"Tabelew","lines":"SH069","arr":["SH069"],"terminus":0,"mode":"bus","color":"#0059a9","colorDark":"#00294f","angle":128.4,"snapDist":0,"label":0}},{"type":"Feature","geometry":{"type":"Point","coordinates":[38.696459,8.953863]},"properties":{"name":"Hachalu Squer","lines":"SH069","arr":["SH069"],"terminus":0,"mode":"bus","color":"#0059a9","colorDark":"#00294f","angle":153.8,"snapDist":4,"label":1}},{"type":"Feature","geometry":{"type":"Point","coordinates":[38.706028,8.975687]},"properties":{"name":"Chaina Camp","lines":"SH069","arr":["SH069"],"terminus":0,"mode":"bus","color":"#0059a9","colorDark":"#00294f","angle":24.3,"snapDist":11,"label":0}},{"type":"Feature","geometry":{"type":"Point","coordinates":[38.749752,9.011373]},"properties":{"name":"Mexico","lines":"SH072, SH073","arr":["SH072","SH073"],"terminus":1,"mode":"bus","color":"#0059a9","colorDark":"#00294f","angle":169,"snapDist":1,"label":0}},{"type":"Feature","geometry":{"type":"Point","coordinates":[38.789766,8.988569]},"properties":{"name":"Bole Bridge","lines":"SH072, SH079, SH099","arr":["SH072","SH079","SH099"],"terminus":1,"mode":"bus","color":"#0059a9","colorDark":"#00294f","angle":201.7,"snapDist":3,"label":0}},{"type":"Feature","geometry":{"type":"Point","coordinates":[38.744636,9.009575]},"properties":{"name":"Mexico","lines":"SH075","arr":["SH075"],"terminus":1,"mode":"bus","color":"#0059a9","colorDark":"#00294f","angle":265.8,"snapDist":1,"label":0}},{"type":"Feature","geometry":{"type":"Point","coordinates":[38.695976,8.953815]},"properties":{"name":"Jemo 3","lines":"SH075","arr":["SH075"],"terminus":0,"mode":"bus","color":"#0059a9","colorDark":"#00294f","angle":320.8,"snapDist":2,"label":1}},{"type":"Feature","geometry":{"type":"Point","coordinates":[38.819722,8.875379]},"properties":{"name":"Tulu Dimtu","lines":"SH077","arr":["SH077"],"terminus":1,"mode":"bus","color":"#0059a9","colorDark":"#00294f","angle":69.2,"snapDist":1,"label":0}},{"type":"Feature","geometry":{"type":"Point","coordinates":[38.818568,8.917507]},"properties":{"name":"MWA Plastic Industry","lines":"SH077","arr":["SH077"],"terminus":0,"mode":"bus","color":"#0059a9","colorDark":"#00294f","angle":95.9,"snapDist":1,"label":1}},{"type":"Feature","geometry":{"type":"Point","coordinates":[38.867629,9.065537]},"properties":{"name":"G-7 (Meskelegna)","lines":"SH077","arr":["SH077"],"terminus":0,"mode":"bus","color":"#0059a9","colorDark":"#00294f","angle":122,"snapDist":4,"label":1}},{"type":"Feature","geometry":{"type":"Point","coordinates":[38.874895,9.020501]},"properties":{"name":"Ayat Roundabout","lines":"SH077","arr":["SH077"],"terminus":0,"mode":"bus","color":"#0059a9","colorDark":"#00294f","angle":309.6,"snapDist":9,"label":1}},{"type":"Feature","geometry":{"type":"Point","coordinates":[38.839028,9.001091]},"properties":{"name":"Medhanalem","lines":"SH077","arr":["SH077"],"terminus":0,"mode":"bus","color":"#0059a9","colorDark":"#00294f","angle":332.5,"snapDist":5,"label":0}},{"type":"Feature","geometry":{"type":"Point","coordinates":[38.830253,8.992391]},"properties":{"name":"Goro","lines":"SH077","arr":["SH077"],"terminus":0,"mode":"bus","color":"#0059a9","colorDark":"#00294f","angle":292.1,"snapDist":14,"label":0}},{"type":"Feature","geometry":{"type":"Point","coordinates":[38.751136,9.032176]},"properties":{"name":"Piassa Arada","lines":"SH079","arr":["SH079"],"terminus":0,"mode":"bus","color":"#0059a9","colorDark":"#00294f","angle":265.8,"snapDist":2,"label":0}},{"type":"Feature","geometry":{"type":"Point","coordinates":[38.78986,8.988697]},"properties":{"name":"Bole Bridge","lines":"SH079, SH099","arr":["SH079","SH099"],"terminus":1,"mode":"bus","color":"#0059a9","colorDark":"#00294f","angle":22.5,"snapDist":2,"label":0}},{"type":"Feature","geometry":{"type":"Point","coordinates":[38.734975,9.062224]},"properties":{"name":"Addisu Gebeya","lines":"SH079","arr":["SH079"],"terminus":1,"mode":"bus","color":"#0059a9","colorDark":"#00294f","angle":59.5,"snapDist":3,"label":1}},{"type":"Feature","geometry":{"type":"Point","coordinates":[38.788474,8.985818]},"properties":{"name":"Bole Bridge","lines":"SH083","arr":["SH083"],"terminus":1,"mode":"bus","color":"#0059a9","colorDark":"#00294f","angle":341.6,"snapDist":1,"label":1}},{"type":"Feature","geometry":{"type":"Point","coordinates":[38.771562,8.89609]},"properties":{"name":"Kality Meneharia","lines":"SH083, SH086","arr":["SH083","SH086"],"terminus":1,"mode":"bus","color":"#0059a9","colorDark":"#00294f","angle":225.6,"snapDist":1,"label":0}},{"type":"Feature","geometry":{"type":"Point","coordinates":[38.765481,8.973781]},"properties":{"name":"Mamo","lines":"SH083, SH092","arr":["SH083","SH092"],"terminus":0,"mode":"bus","color":"#0059a9","colorDark":"#00294f","angle":94.1,"snapDist":2,"label":0}},{"type":"Feature","geometry":{"type":"Point","coordinates":[38.777189,8.981694]},"properties":{"name":"Bole Mickael","lines":"SH083, SH092","arr":["SH083","SH092"],"terminus":0,"mode":"bus","color":"#0059a9","colorDark":"#00294f","angle":158.2,"snapDist":10,"label":0}},{"type":"Feature","geometry":{"type":"Point","coordinates":[38.758942,9.005733]},"properties":{"name":"Meshualekia","lines":"SH086","arr":["SH086"],"terminus":0,"mode":"bus","color":"#0059a9","colorDark":"#00294f","angle":92.2,"snapDist":4,"label":0}},{"type":"Feature","geometry":{"type":"Point","coordinates":[38.75923,9.010231]},"properties":{"name":"Stadium","lines":"SH086","arr":["SH086"],"terminus":1,"mode":"bus","color":"#0059a9","colorDark":"#00294f","angle":96.9,"snapDist":2,"label":1}},{"type":"Feature","geometry":{"type":"Point","coordinates":[38.759064,9.010378]},"properties":{"name":"Stadium","lines":"SH086","arr":["SH086"],"terminus":1,"mode":"bus","color":"#0059a9","colorDark":"#00294f","angle":280.2,"snapDist":2,"label":0}},{"type":"Feature","geometry":{"type":"Point","coordinates":[38.76411,8.910443]},"properties":{"name":"Kality Gebriel","lines":"SH086, SH090, SH093","arr":["SH086","SH090","SH093"],"terminus":0,"mode":"bus","color":"#0059a9","colorDark":"#00294f","angle":254.5,"snapDist":5,"label":0}},{"type":"Feature","geometry":{"type":"Point","coordinates":[38.818966,8.874253]},"properties":{"name":"Tulu Dimtu Adebabay","lines":"SH088","arr":["SH088"],"terminus":1,"mode":"bus","color":"#0059a9","colorDark":"#00294f","angle":335.4,"snapDist":3,"label":0}},{"type":"Feature","geometry":{"type":"Point","coordinates":[38.802943,8.86813]},"properties":{"name":"Yeshi Total(2)","lines":"SH088","arr":["SH088"],"terminus":0,"mode":"bus","color":"#0059a9","colorDark":"#00294f","angle":337.4,"snapDist":3,"label":1}},{"type":"Feature","geometry":{"type":"Point","coordinates":[38.799353,8.866615]},"properties":{"name":"Yeshi Total","lines":"SH088","arr":["SH088"],"terminus":1,"mode":"bus","color":"#0059a9","colorDark":"#00294f","angle":337.4,"snapDist":2,"label":1}},{"type":"Feature","geometry":{"type":"Point","coordinates":[38.799412,8.866467]},"properties":{"name":"Yeshi Total","lines":"SH088","arr":["SH088"],"terminus":1,"mode":"bus","color":"#0059a9","colorDark":"#00294f","angle":155.3,"snapDist":2,"label":0}},{"type":"Feature","geometry":{"type":"Point","coordinates":[38.803114,8.868038]},"properties":{"name":"Yeshi Total(2)","lines":"SH088","arr":["SH088"],"terminus":0,"mode":"bus","color":"#0059a9","colorDark":"#00294f","angle":156.7,"snapDist":3,"label":0}},{"type":"Feature","geometry":{"type":"Point","coordinates":[38.772974,8.894927]},"properties":{"name":"Kality Menaheria","lines":"SH090","arr":["SH090"],"terminus":1,"mode":"bus","color":"#0059a9","colorDark":"#00294f","angle":42.6,"snapDist":6,"label":1}},{"type":"Feature","geometry":{"type":"Point","coordinates":[38.763555,8.954698]},"properties":{"name":"Saris","lines":"SH090, SH091","arr":["SH090","SH091"],"terminus":1,"mode":"bus","color":"#0059a9","colorDark":"#00294f","angle":275.6,"snapDist":0,"label":0}},{"type":"Feature","geometry":{"type":"Point","coordinates":[38.773302,8.894208]},"properties":{"name":"Kality Menaheria","lines":"SH090","arr":["SH090"],"terminus":1,"mode":"bus","color":"#0059a9","colorDark":"#00294f","angle":235.7,"snapDist":1,"label":0}},{"type":"Feature","geometry":{"type":"Point","coordinates":[38.813566,8.899015]},"properties":{"name":"Koye Adebabay","lines":"SH091","arr":["SH091"],"terminus":0,"mode":"bus","color":"#0059a9","colorDark":"#00294f","angle":340.7,"snapDist":7,"label":0}},{"type":"Feature","geometry":{"type":"Point","coordinates":[38.803534,8.893033]},"properties":{"name":"Astu","lines":"SH091","arr":["SH091"],"terminus":0,"mode":"bus","color":"#0059a9","colorDark":"#00294f","angle":323.2,"snapDist":10,"label":1}},{"type":"Feature","geometry":{"type":"Point","coordinates":[38.799314,8.889873]},"properties":{"name":"Kilinto","lines":"SH091","arr":["SH091"],"terminus":0,"mode":"bus","color":"#0059a9","colorDark":"#00294f","angle":322.4,"snapDist":2,"label":1}},{"type":"Feature","geometry":{"type":"Point","coordinates":[38.786426,8.876591]},"properties":{"name":"Meshuwalekia Akaki","lines":"SH091, SH093","arr":["SH091","SH093"],"terminus":0,"mode":"bus","color":"#0059a9","colorDark":"#00294f","angle":1.7,"snapDist":1,"label":0}},{"type":"Feature","geometry":{"type":"Point","coordinates":[38.786821,8.876238]},"properties":{"name":"Meshualekia","lines":"SH091","arr":["SH091"],"terminus":0,"mode":"bus","color":"#0059a9","colorDark":"#00294f","angle":181.7,"snapDist":3,"label":1}},{"type":"Feature","geometry":{"type":"Point","coordinates":[38.800024,8.890145]},"properties":{"name":"Kilinto","lines":"SH091","arr":["SH091"],"terminus":0,"mode":"bus","color":"#0059a9","colorDark":"#00294f","angle":142,"snapDist":6,"label":0}},{"type":"Feature","geometry":{"type":"Point","coordinates":[38.804298,8.893361]},"properties":{"name":"Astu","lines":"SH091","arr":["SH091"],"terminus":0,"mode":"bus","color":"#0059a9","colorDark":"#00294f","angle":141.9,"snapDist":6,"label":0}},{"type":"Feature","geometry":{"type":"Point","coordinates":[38.769208,8.945758]},"properties":{"name":"Saris Abo","lines":"SH092","arr":["SH092"],"terminus":1,"mode":"bus","color":"#0059a9","colorDark":"#00294f","angle":84.8,"snapDist":1,"label":0}},{"type":"Feature","geometry":{"type":"Point","coordinates":[38.798868,9.000938]},"properties":{"name":"Sport Academy","lines":"SH092","arr":["SH092"],"terminus":0,"mode":"bus","color":"#0059a9","colorDark":"#00294f","angle":302.7,"snapDist":0,"label":1}},{"type":"Feature","geometry":{"type":"Point","coordinates":[38.767445,8.960262]},"properties":{"name":"Addis Sefer","lines":"SH092","arr":["SH092"],"terminus":0,"mode":"bus","color":"#0059a9","colorDark":"#00294f","angle":256.8,"snapDist":2,"label":0}},{"type":"Feature","geometry":{"type":"Point","coordinates":[38.786309,8.876256]},"properties":{"name":"Meshuwalekia Akaki","lines":"SH093","arr":["SH093"],"terminus":0,"mode":"bus","color":"#0059a9","colorDark":"#00294f","angle":182.6,"snapDist":5,"label":0}},{"type":"Feature","geometry":{"type":"Point","coordinates":[38.800733,8.862197]},"properties":{"name":"Yeshi Total","lines":"SH093","arr":["SH093"],"terminus":1,"mode":"bus","color":"#0059a9","colorDark":"#00294f","angle":250.1,"snapDist":2,"label":1}},{"type":"Feature","geometry":{"type":"Point","coordinates":[38.798867,8.866847]},"properties":{"name":"Yeshi Total","lines":"SH093","arr":["SH093"],"terminus":1,"mode":"bus","color":"#0059a9","colorDark":"#00294f","angle":66.8,"snapDist":4,"label":0}},{"type":"Feature","geometry":{"type":"Point","coordinates":[38.77697,9.057111]},"properties":{"name":"Ferensay","lines":"SH095","arr":["SH095"],"terminus":1,"mode":"bus","color":"#0059a9","colorDark":"#00294f","angle":1,"snapDist":0,"label":1}},{"type":"Feature","geometry":{"type":"Point","coordinates":[38.778085,9.057158]},"properties":{"name":"Ferensay","lines":"SH095, SH101","arr":["SH095","SH101"],"terminus":1,"mode":"bus","color":"#0059a9","colorDark":"#00294f","angle":157.5,"snapDist":1,"label":0}},{"type":"Feature","geometry":{"type":"Point","coordinates":[38.735011,9.062997]},"properties":{"name":"Addisu Gebeya","lines":"SH097","arr":["SH097"],"terminus":1,"mode":"bus","color":"#0059a9","colorDark":"#00294f","angle":359.6,"snapDist":0,"label":0}},{"type":"Feature","geometry":{"type":"Point","coordinates":[38.728757,9.081297]},"properties":{"name":"Arsema Tsebel","lines":"SH097","arr":["SH097"],"terminus":0,"mode":"bus","color":"#0059a9","colorDark":"#00294f","angle":66.3,"snapDist":3,"label":1}},{"type":"Feature","geometry":{"type":"Point","coordinates":[38.71802,9.093224]},"properties":{"name":"10 Kilo","lines":"SH097","arr":["SH097"],"terminus":0,"mode":"bus","color":"#0059a9","colorDark":"#00294f","angle":34.9,"snapDist":2,"label":1}},{"type":"Feature","geometry":{"type":"Point","coordinates":[38.753862,9.144903]},"properties":{"name":"Ashewa","lines":"SH097","arr":["SH097"],"terminus":0,"mode":"bus","color":"#0059a9","colorDark":"#00294f","angle":275.9,"snapDist":0,"label":0}},{"type":"Feature","geometry":{"type":"Point","coordinates":[38.714727,9.109485]},"properties":{"name":"Classy Water","lines":"SH097","arr":["SH097"],"terminus":0,"mode":"bus","color":"#0059a9","colorDark":"#00294f","angle":333.6,"snapDist":7,"label":0}},{"type":"Feature","geometry":{"type":"Point","coordinates":[38.70955,9.105095]},"properties":{"name":"Weserbi Realestate","lines":"SH097","arr":["SH097"],"terminus":0,"mode":"bus","color":"#0059a9","colorDark":"#00294f","angle":309.4,"snapDist":5,"label":0}},{"type":"Feature","geometry":{"type":"Point","coordinates":[38.722993,9.084364]},"properties":{"name":"Entoto Kela","lines":"SH097","arr":["SH097"],"terminus":0,"mode":"bus","color":"#0059a9","colorDark":"#00294f","angle":228,"snapDist":1,"label":0}},{"type":"Feature","geometry":{"type":"Point","coordinates":[38.728763,9.081286]},"properties":{"name":"Arsema Tsebel","lines":"SH097","arr":["SH097"],"terminus":0,"mode":"bus","color":"#0059a9","colorDark":"#00294f","angle":240,"snapDist":1,"label":0}},{"type":"Feature","geometry":{"type":"Point","coordinates":[38.735249,9.06259]},"properties":{"name":"Addisu Gebeya","lines":"SH097","arr":["SH097"],"terminus":1,"mode":"bus","color":"#0059a9","colorDark":"#00294f","angle":172.3,"snapDist":0,"label":0}},{"type":"Feature","geometry":{"type":"Point","coordinates":[38.668917,8.981622]},"properties":{"name":"Ajamba","lines":"SH100","arr":["SH100"],"terminus":1,"mode":"bus","color":"#0059a9","colorDark":"#00294f","angle":202.6,"snapDist":1,"label":1}},{"type":"Feature","geometry":{"type":"Point","coordinates":[38.677059,8.97704]},"properties":{"name":"Repi Highschool","lines":"SH100","arr":["SH100"],"terminus":0,"mode":"bus","color":"#0059a9","colorDark":"#00294f","angle":39.6,"snapDist":1,"label":0}},{"type":"Feature","geometry":{"type":"Point","coordinates":[38.672787,8.979677]},"properties":{"name":"Ajamba Meskid","lines":"SH100","arr":["SH100"],"terminus":0,"mode":"bus","color":"#0059a9","colorDark":"#00294f","angle":33.1,"snapDist":1,"label":1}},{"type":"Feature","geometry":{"type":"Point","coordinates":[38.668675,8.981721]},"properties":{"name":"Ajamba","lines":"SH100","arr":["SH100"],"terminus":1,"mode":"bus","color":"#0059a9","colorDark":"#00294f","angle":22.6,"snapDist":1,"label":0}},{"type":"Feature","geometry":{"type":"Point","coordinates":[38.777593,9.057092]},"properties":{"name":"Ferensay","lines":"SH101","arr":["SH101"],"terminus":1,"mode":"bus","color":"#0059a9","colorDark":"#00294f","angle":349.1,"snapDist":1,"label":0}},{"type":"Feature","geometry":{"type":"Point","coordinates":[38.760314,9.044048]},"properties":{"name":"Yekatit 12 Hospital","lines":"SH101","arr":["SH101"],"terminus":0,"mode":"bus","color":"#0059a9","colorDark":"#00294f","angle":1.5,"snapDist":4,"label":0}},{"type":"Feature","geometry":{"type":"Point","coordinates":[38.752591,9.038184]},"properties":{"name":"Piassa Arada","lines":"SH101","arr":["SH101"],"terminus":1,"mode":"bus","color":"#0059a9","colorDark":"#00294f","angle":111.7,"snapDist":3,"label":0}},{"type":"Feature","geometry":{"type":"Point","coordinates":[38.762109,9.043554]},"properties":{"name":"6 Kilo","lines":"SH101","arr":["SH101"],"terminus":0,"mode":"bus","color":"#0059a9","colorDark":"#00294f","angle":195.7,"snapDist":3,"label":0}},{"type":"Feature","geometry":{"type":"Point","coordinates":[38.773733,9.055168]},"properties":{"name":"Frensaye Kela","lines":"SH101","arr":["SH101"],"terminus":0,"mode":"bus","color":"#0059a9","colorDark":"#00294f","angle":132.8,"snapDist":1,"label":0}},{"type":"Feature","geometry":{"type":"Point","coordinates":[38.751999,9.037935]},"properties":{"name":"St. George Church","lines":"SH103","arr":["SH103"],"terminus":1,"mode":"bus","color":"#0059a9","colorDark":"#00294f","angle":244.4,"snapDist":1,"label":0}},{"type":"Feature","geometry":{"type":"Point","coordinates":[38.751746,9.038664]},"properties":{"name":"St. George Church","lines":"SH103","arr":["SH103"],"terminus":1,"mode":"bus","color":"#0059a9","colorDark":"#00294f","angle":63.7,"snapDist":1,"label":1}},{"type":"Feature","geometry":{"type":"Point","coordinates":[38.751671,9.033227]},"properties":{"name":"Arada","lines":"TX001","arr":["TX001"],"terminus":0,"mode":"bus","color":"#e8a000","colorDark":"#7d5600","angle":-144.2,"mstop":"all","snapDist":9,"label":1}},{"type":"Feature","geometry":{"type":"Point","coordinates":[38.73943,8.99251]},"properties":{"name":"Sar Bet","lines":"TX002","arr":["TX002"],"terminus":0,"mode":"bus","color":"#e8a000","colorDark":"#7d5600","angle":63.3,"mstop":"all","snapDist":3,"label":0}},{"type":"Feature","geometry":{"type":"Point","coordinates":[38.71762,8.992324]},"properties":{"name":"Total 3 Kuter Mazoria","lines":"TX002","arr":["TX002"],"terminus":0,"mode":"bus","color":"#e8a000","colorDark":"#7d5600","angle":214.6,"mstop":"all","snapDist":5,"label":0}},{"type":"Feature","geometry":{"type":"Point","coordinates":[38.726839,8.992747]},"properties":{"name":"Bisrate Gebrael","lines":"TX002","arr":["TX002"],"terminus":0,"mode":"bus","color":"#e8a000","colorDark":"#7d5600","angle":130.8,"mstop":"all","snapDist":2,"label":0}},{"type":"Feature","geometry":{"type":"Point","coordinates":[38.741885,8.990049]},"properties":{"name":"Kera","lines":"TX002","arr":["TX002"],"terminus":0,"mode":"bus","color":"#e8a000","colorDark":"#7d5600","angle":210.9,"mstop":"all","snapDist":5,"label":1}},{"type":"Feature","geometry":{"type":"Point","coordinates":[38.836721,9.029727]},"properties":{"name":"Kotebe","lines":"TX006","arr":["TX006"],"terminus":0,"mode":"bus","color":"#e8a000","colorDark":"#7d5600","angle":161.6,"mstop":"all","snapDist":3,"label":0}},{"type":"Feature","geometry":{"type":"Point","coordinates":[38.854122,9.035867]},"properties":{"name":"Kotebe Gebriel","lines":"TX006, YK004, YK014","arr":["TX006","YK004","YK014"],"terminus":0,"mode":"bus","color":"#e8a000","colorDark":"#7d5600","angle":164.7,"mstop":"all","snapDist":2,"label":0}},{"type":"Feature","geometry":{"type":"Point","coordinates":[38.855337,9.036317]},"properties":{"name":"Kotebe Gebriel","lines":"TX006","arr":["TX006"],"terminus":0,"mode":"bus","color":"#e8a000","colorDark":"#7d5600","angle":344.1,"mstop":"all","snapDist":0,"label":0}},{"type":"Feature","geometry":{"type":"Point","coordinates":[38.804858,9.020869]},"properties":{"name":"Megenagna (Israel Embassy)","lines":"TX006","arr":["TX006"],"terminus":0,"mode":"bus","color":"#e8a000","colorDark":"#7d5600","angle":333,"mstop":"all","snapDist":0,"label":1}},{"type":"Feature","geometry":{"type":"Point","coordinates":[38.761555,9.046204]},"properties":{"name":"6 Kilo University","lines":"TX008","arr":["TX008"],"terminus":0,"mode":"bus","color":"#e8a000","colorDark":"#7d5600","angle":97.3,"mstop":"all","snapDist":4,"label":0}},{"type":"Feature","geometry":{"type":"Point","coordinates":[38.821262,9.011138]},"properties":{"name":"Jacros","lines":"TX065","arr":["TX065"],"terminus":0,"mode":"bus","color":"#e8a000","colorDark":"#7d5600","angle":299.9,"mstop":"all","snapDist":13,"label":1}},{"type":"Feature","geometry":{"type":"Point","coordinates":[38.772037,8.989123]},"properties":{"name":"Kassech Kitfo","lines":"TX200","arr":["TX200"],"terminus":0,"mode":"bus","color":"#e8a000","colorDark":"#7d5600","angle":131.1,"mstop":"all","snapDist":3,"label":1}},{"type":"Feature","geometry":{"type":"Point","coordinates":[38.77232,8.989652]},"properties":{"name":"Tebaber Berta","lines":"TX200","arr":["TX200"],"terminus":0,"mode":"bus","color":"#e8a000","colorDark":"#7d5600","angle":305.1,"mstop":"all","snapDist":15,"label":1}},{"type":"Feature","geometry":{"type":"Point","coordinates":[38.765243,8.988528]},"properties":{"name":"Meskel Flower","lines":"TX341","arr":["TX341"],"terminus":0,"mode":"bus","color":"#e8a000","colorDark":"#7d5600","angle":109.3,"mstop":"all","snapDist":0,"label":1}},{"type":"Feature","geometry":{"type":"Point","coordinates":[38.766043,8.991056]},"properties":{"name":"Loza (Adot)","lines":"TX341","arr":["TX341"],"terminus":0,"mode":"bus","color":"#e8a000","colorDark":"#7d5600","angle":104.4,"mstop":"all","snapDist":0,"label":1}},{"type":"Feature","geometry":{"type":"Point","coordinates":[38.76654,8.993707]},"properties":{"name":"Nazra Hotel","lines":"TX341","arr":["TX341"],"terminus":0,"mode":"bus","color":"#e8a000","colorDark":"#7d5600","angle":95.9,"mstop":"all","snapDist":0,"label":1}},{"type":"Feature","geometry":{"type":"Point","coordinates":[38.766705,8.995914]},"properties":{"name":"Yetam Hotel","lines":"TX341","arr":["TX341"],"terminus":0,"mode":"bus","color":"#e8a000","colorDark":"#7d5600","angle":94.4,"mstop":"all","snapDist":1,"label":1}},{"type":"Feature","geometry":{"type":"Point","coordinates":[38.766839,8.997931]},"properties":{"name":"Kebele Kibeb","lines":"TX341","arr":["TX341"],"terminus":0,"mode":"bus","color":"#e8a000","colorDark":"#7d5600","angle":94.3,"mstop":"all","snapDist":0,"label":1}},{"type":"Feature","geometry":{"type":"Point","coordinates":[38.766925,8.999959]},"properties":{"name":"Mulu Shewa (Gazebo)","lines":"TX341","arr":["TX341"],"terminus":0,"mode":"bus","color":"#e8a000","colorDark":"#7d5600","angle":91.8,"mstop":"all","snapDist":3,"label":1}},{"type":"Feature","geometry":{"type":"Point","coordinates":[38.766758,8.998057]},"properties":{"name":"Kebele Kibeb","lines":"TX341","arr":["TX341"],"terminus":0,"mode":"bus","color":"#e8a000","colorDark":"#7d5600","angle":273.1,"mstop":"all","snapDist":5,"label":0}},{"type":"Feature","geometry":{"type":"Point","coordinates":[38.766616,8.995948]},"properties":{"name":"Yetam Hotel","lines":"TX341","arr":["TX341"],"terminus":0,"mode":"bus","color":"#e8a000","colorDark":"#7d5600","angle":274.5,"mstop":"all","snapDist":0,"label":0}},{"type":"Feature","geometry":{"type":"Point","coordinates":[38.766403,8.9934]},"properties":{"name":"Nazra Hotel","lines":"TX341","arr":["TX341"],"terminus":0,"mode":"bus","color":"#e8a000","colorDark":"#7d5600","angle":276.4,"mstop":"all","snapDist":0,"label":0}},{"type":"Feature","geometry":{"type":"Point","coordinates":[38.76597,8.991163]},"properties":{"name":"Loza (Adot)","lines":"TX341","arr":["TX341"],"terminus":0,"mode":"bus","color":"#e8a000","colorDark":"#7d5600","angle":282.8,"mstop":"all","snapDist":1,"label":0}},{"type":"Feature","geometry":{"type":"Point","coordinates":[38.765009,8.988277]},"properties":{"name":"Meskel Flower","lines":"TX341","arr":["TX341"],"terminus":0,"mode":"bus","color":"#e8a000","colorDark":"#7d5600","angle":304.9,"mstop":"all","snapDist":1,"label":0}},{"type":"Feature","geometry":{"type":"Point","coordinates":[38.801089,9.021332]},"properties":{"name":"Megenagna","lines":"YK001, YK019","arr":["YK001","YK019"],"terminus":0,"mode":"bus","color":"#e8a000","colorDark":"#7d5600","angle":222.8,"mstop":"all","snapDist":1,"label":0}},{"type":"Feature","geometry":{"type":"Point","coordinates":[38.831607,9.037579]},"properties":{"name":"Hanna Mariam","lines":"YK002","arr":["YK002"],"terminus":0,"mode":"bus","color":"#e8a000","colorDark":"#7d5600","angle":187.6,"mstop":"all","snapDist":1,"label":0}},{"type":"Feature","geometry":{"type":"Point","coordinates":[38.838842,9.037564]},"properties":{"name":"Kotebe Teachers College","lines":"YK002","arr":["YK002"],"terminus":0,"mode":"bus","color":"#e8a000","colorDark":"#7d5600","angle":171.5,"mstop":"all","snapDist":11,"label":1}},{"type":"Feature","geometry":{"type":"Point","coordinates":[38.850509,9.039038]},"properties":{"name":"Kotebe Gebriel","lines":"YK002","arr":["YK002"],"terminus":0,"mode":"bus","color":"#e8a000","colorDark":"#7d5600","angle":174.3,"mstop":"all","snapDist":6,"label":1}},{"type":"Feature","geometry":{"type":"Point","coordinates":[38.850509,9.039038]},"properties":{"name":"Kotebe Gebriel","lines":"YK002","arr":["YK002"],"terminus":0,"mode":"bus","color":"#e8a000","colorDark":"#7d5600","angle":354.3,"mstop":"all","snapDist":8,"label":0}},{"type":"Feature","geometry":{"type":"Point","coordinates":[38.831605,9.037579]},"properties":{"name":"Hanna Mariam","lines":"YK002","arr":["YK002"],"terminus":0,"mode":"bus","color":"#e8a000","colorDark":"#7d5600","angle":7.6,"mstop":"all","snapDist":2,"label":0}},{"type":"Feature","geometry":{"type":"Point","coordinates":[38.823476,9.033922]},"properties":{"name":"Biretabret","lines":"YK002","arr":["YK002"],"terminus":0,"mode":"bus","color":"#e8a000","colorDark":"#7d5600","angle":331.9,"mstop":"all","snapDist":1,"label":1}},{"type":"Feature","geometry":{"type":"Point","coordinates":[38.802839,9.020653]},"properties":{"name":"Megenagna","lines":"YK002, YK014","arr":["YK002","YK014"],"terminus":0,"mode":"bus","color":"#e8a000","colorDark":"#7d5600","angle":29.7,"mstop":"all","snapDist":2,"label":0}},{"type":"Feature","geometry":{"type":"Point","coordinates":[38.864225,9.040449]},"properties":{"name":"Kara","lines":"YK004, YK014","arr":["YK004","YK014"],"terminus":0,"mode":"bus","color":"#e8a000","colorDark":"#7d5600","angle":300.1,"mstop":"all","snapDist":1,"label":0}},{"type":"Feature","geometry":{"type":"Point","coordinates":[38.833158,9.028451]},"properties":{"name":"Se'alite Mihret","lines":"YK004, YK014","arr":["YK004","YK014"],"terminus":0,"mode":"bus","color":"#e8a000","colorDark":"#7d5600","angle":348.2,"mstop":"all","snapDist":2,"label":1}},{"type":"Feature","geometry":{"type":"Point","coordinates":[38.801564,9.021694]},"properties":{"name":"Megenagna","lines":"YK004, YK019","arr":["YK004","YK019"],"terminus":0,"mode":"bus","color":"#e8a000","colorDark":"#7d5600","angle":65.1,"mstop":"all","snapDist":1,"label":0}},{"type":"Feature","geometry":{"type":"Point","coordinates":[38.833186,9.028372]},"properties":{"name":"Se'alite Mihret","lines":"YK004, YK014","arr":["YK004","YK014"],"terminus":0,"mode":"bus","color":"#e8a000","colorDark":"#7d5600","angle":165,"mstop":"all","snapDist":0,"label":0}},{"type":"Feature","geometry":{"type":"Point","coordinates":[38.838574,9.030341]},"properties":{"name":"Kotebe","lines":"YK004, YK014","arr":["YK004","YK014"],"terminus":0,"mode":"bus","color":"#e8a000","colorDark":"#7d5600","angle":160.7,"mstop":"all","snapDist":1,"label":0}},{"type":"Feature","geometry":{"type":"Point","coordinates":[38.864307,9.040407]},"properties":{"name":"Kara","lines":"YK004, YK014","arr":["YK004","YK014"],"terminus":0,"mode":"bus","color":"#e8a000","colorDark":"#7d5600","angle":121,"mstop":"all","snapDist":1,"label":0}},{"type":"Feature","geometry":{"type":"Point","coordinates":[38.769061,9.047035]},"properties":{"name":"Jan Meda","lines":"YK007, YK011, YK012, YK013","arr":["YK007","YK011","YK012","YK013"],"terminus":0,"mode":"bus","color":"#e8a000","colorDark":"#7d5600","angle":147.2,"mstop":"all","snapDist":1,"label":0}},{"type":"Feature","geometry":{"type":"Point","coordinates":[38.772217,9.053538]},"properties":{"name":"Mezan","lines":"YK007, YK011, YK012, YK013","arr":["YK007","YK011","YK012","YK013"],"terminus":0,"mode":"bus","color":"#e8a000","colorDark":"#7d5600","angle":129.9,"mstop":"all","snapDist":0,"label":0}},{"type":"Feature","geometry":{"type":"Point","coordinates":[38.776962,9.057025]},"properties":{"name":"Ferensay","lines":"YK007, YK011, YK012, YK013","arr":["YK007","YK011","YK012","YK013"],"terminus":1,"mode":"bus","color":"#e8a000","colorDark":"#7d5600","angle":192.9,"mstop":"all","snapDist":1,"label":0}},{"type":"Feature","geometry":{"type":"Point","coordinates":[38.776968,9.057111]},"properties":{"name":"Ferensay","lines":"YK007, YK011, YK012, YK013","arr":["YK007","YK011","YK012","YK013"],"terminus":1,"mode":"bus","color":"#e8a000","colorDark":"#7d5600","angle":1,"mstop":"all","snapDist":1,"label":0}},{"type":"Feature","geometry":{"type":"Point","coordinates":[38.77214,9.053572]},"properties":{"name":"Mezan","lines":"YK007, YK012","arr":["YK007","YK012"],"terminus":0,"mode":"bus","color":"#e8a000","colorDark":"#7d5600","angle":311.7,"mstop":"all","snapDist":1,"label":0}},{"type":"Feature","geometry":{"type":"Point","coordinates":[38.769022,9.047118]},"properties":{"name":"Jan Meda","lines":"YK007, YK012, YK013","arr":["YK007","YK012","YK013"],"terminus":0,"mode":"bus","color":"#e8a000","colorDark":"#7d5600","angle":326.2,"mstop":"all","snapDist":0,"label":0}},{"type":"Feature","geometry":{"type":"Point","coordinates":[38.802142,9.028929]},"properties":{"name":"Beg Tera","lines":"YK008, YK023","arr":["YK008","YK023"],"terminus":0,"mode":"bus","color":"#e8a000","colorDark":"#7d5600","angle":175,"mstop":"all","snapDist":2,"label":1}},{"type":"Feature","geometry":{"type":"Point","coordinates":[38.809496,9.031384]},"properties":{"name":"Zebera","lines":"YK008, YK023","arr":["YK008","YK023"],"terminus":0,"mode":"bus","color":"#e8a000","colorDark":"#7d5600","angle":-29.3,"mstop":"all","snapDist":14,"label":1}},{"type":"Feature","geometry":{"type":"Point","coordinates":[38.818733,9.035552]},"properties":{"name":"Kidane Mihret","lines":"YK008, YK023","arr":["YK008","YK023"],"terminus":0,"mode":"bus","color":"#e8a000","colorDark":"#7d5600","angle":166.2,"mstop":"all","snapDist":4,"label":1}},{"type":"Feature","geometry":{"type":"Point","coordinates":[38.82794,9.03578]},"properties":{"name":"Kotebe","lines":"YK008","arr":["YK008"],"terminus":0,"mode":"bus","color":"#e8a000","colorDark":"#7d5600","angle":244.9,"mstop":"all","snapDist":5,"label":1}},{"type":"Feature","geometry":{"type":"Point","coordinates":[38.827958,9.03574]},"properties":{"name":"Kotebe","lines":"YK008","arr":["YK008"],"terminus":0,"mode":"bus","color":"#e8a000","colorDark":"#7d5600","angle":64.9,"mstop":"all","snapDist":1,"label":0}},{"type":"Feature","geometry":{"type":"Point","coordinates":[38.818619,9.03559]},"properties":{"name":"Kidane Mihret","lines":"YK008, YK023","arr":["YK008","YK023"],"terminus":0,"mode":"bus","color":"#e8a000","colorDark":"#7d5600","angle":346.9,"mstop":"all","snapDist":1,"label":0}},{"type":"Feature","geometry":{"type":"Point","coordinates":[38.809421,9.031525]},"properties":{"name":"Zebera","lines":"YK008, YK023","arr":["YK008","YK023"],"terminus":0,"mode":"bus","color":"#e8a000","colorDark":"#7d5600","angle":331.4,"mstop":"all","snapDist":8,"label":0}},{"type":"Feature","geometry":{"type":"Point","coordinates":[38.802153,9.028991]},"properties":{"name":"Beg Tera","lines":"YK008, YK023","arr":["YK008","YK023"],"terminus":0,"mode":"bus","color":"#e8a000","colorDark":"#7d5600","angle":353.2,"mstop":"all","snapDist":1,"label":0}},{"type":"Feature","geometry":{"type":"Point","coordinates":[38.776632,9.034785]},"properties":{"name":"Kebena","lines":"YK011","arr":["YK011"],"terminus":0,"mode":"bus","color":"#e8a000","colorDark":"#7d5600","angle":185.3,"mstop":"all","snapDist":4,"label":0}},{"type":"Feature","geometry":{"type":"Point","coordinates":[38.819871,9.023926]},"properties":{"name":"Lamberet","lines":"YK014","arr":["YK014"],"terminus":0,"mode":"bus","color":"#e8a000","colorDark":"#7d5600","angle":170.6,"mstop":"all","snapDist":0,"label":1}},{"type":"Feature","geometry":{"type":"Point","coordinates":[38.873543,9.063767]},"properties":{"name":"Yeka Abado","lines":"YK014","arr":["YK014"],"terminus":0,"mode":"bus","color":"#e8a000","colorDark":"#7d5600","angle":105.8,"mstop":"all","snapDist":2,"label":1}},{"type":"Feature","geometry":{"type":"Point","coordinates":[38.873455,9.063796]},"properties":{"name":"Yeka Abado","lines":"YK014","arr":["YK014"],"terminus":0,"mode":"bus","color":"#e8a000","colorDark":"#7d5600","angle":283.9,"mstop":"all","snapDist":2,"label":0}},{"type":"Feature","geometry":{"type":"Point","coordinates":[38.753691,9.033471]},"properties":{"name":"Piassa Arada","lines":"YK021","arr":["YK021"],"terminus":0,"mode":"bus","color":"#e8a000","colorDark":"#7d5600","angle":62.7,"mstop":"all","snapDist":4,"label":0}},{"type":"Feature","geometry":{"type":"Point","coordinates":[38.794772,9.025159]},"properties":{"name":"Shola","lines":"YK021","arr":["YK021"],"terminus":0,"mode":"bus","color":"#e8a000","colorDark":"#7d5600","angle":211.1,"mstop":"all","snapDist":3,"label":1}},{"type":"Feature","geometry":{"type":"Point","coordinates":[38.794923,9.025288]},"properties":{"name":"Shola","lines":"YK021","arr":["YK021"],"terminus":0,"mode":"bus","color":"#e8a000","colorDark":"#7d5600","angle":31.1,"mstop":"all","snapDist":1,"label":0}},{"type":"Feature","geometry":{"type":"Point","coordinates":[38.754603,9.032958]},"properties":{"name":"Piassa Arada","lines":"YK021","arr":["YK021"],"terminus":0,"mode":"bus","color":"#e8a000","colorDark":"#7d5600","angle":304.6,"mstop":"all","snapDist":4,"label":1}},{"type":"Feature","geometry":{"type":"Point","coordinates":[38.796396,9.02531]},"properties":{"name":"Shola Gebeya","lines":"YK023","arr":["YK023"],"terminus":0,"mode":"bus","color":"#e8a000","colorDark":"#7d5600","angle":120.4,"mstop":"all","snapDist":0,"label":0}},{"type":"Feature","geometry":{"type":"Point","coordinates":[38.796103,9.024988]},"properties":{"name":"Shola Gebeya","lines":"YK023","arr":["YK023"],"terminus":0,"mode":"bus","color":"#e8a000","colorDark":"#7d5600","angle":301.8,"mstop":"all","snapDist":1,"label":0}},{"type":"Feature","geometry":{"type":"Point","coordinates":[38.722913,9.011401]},"properties":{"name":"Tor Hailoch","lines":"E-W","arr":["E-W"],"terminus":1,"mode":"tram","color":"#d6212b","colorDark":"#7c1116","angle":0,"metro":1,"snapDist":6,"label":1}},{"type":"Feature","geometry":{"type":"Point","coordinates":[38.729271,9.012037]},"properties":{"name":"Cocacola","lines":"E-W","arr":["E-W"],"terminus":0,"mode":"tram","color":"#d6212b","colorDark":"#7c1116","angle":0,"metro":1,"snapDist":2,"label":1}},{"type":"Feature","geometry":{"type":"Point","coordinates":[38.73589,9.011361]},"properties":{"name":"St. Lideta","lines":"E-W, S-N","arr":["E-W","S-N"],"terminus":0,"mode":"tram","color":"#d6212b","colorDark":"#7c1116","angle":0,"metro":1,"snapDist":1,"label":1}},{"type":"Feature","geometry":{"type":"Point","coordinates":[38.742516,9.010511]},"properties":{"name":"Tegbared","lines":"E-W, S-N","arr":["E-W","S-N"],"terminus":0,"mode":"tram","color":"#d6212b","colorDark":"#7c1116","angle":0,"metro":1,"snapDist":2,"label":1}},{"type":"Feature","geometry":{"type":"Point","coordinates":[38.748647,9.011066]},"properties":{"name":"Mexico","lines":"E-W, S-N","arr":["E-W","S-N"],"terminus":0,"mode":"tram","color":"#d6212b","colorDark":"#7c1116","angle":0,"metro":1,"snapDist":2,"label":1}},{"type":"Feature","geometry":{"type":"Point","coordinates":[38.753653,9.011858]},"properties":{"name":"Leghar","lines":"E-W, S-N","arr":["E-W","S-N"],"terminus":0,"mode":"tram","color":"#d6212b","colorDark":"#7c1116","angle":0,"metro":1,"snapDist":1,"label":1}},{"type":"Feature","geometry":{"type":"Point","coordinates":[38.757673,9.012007]},"properties":{"name":"Stadium","lines":"E-W, S-N","arr":["E-W","S-N"],"terminus":0,"mode":"tram","color":"#d6212b","colorDark":"#7c1116","angle":0,"metro":1,"snapDist":2,"label":1}},{"type":"Feature","geometry":{"type":"Point","coordinates":[38.763405,9.011034]},"properties":{"name":"St. Estifanos","lines":"E-W","arr":["E-W"],"terminus":0,"mode":"tram","color":"#d6212b","colorDark":"#7c1116","angle":0,"metro":1,"snapDist":2,"label":1}},{"type":"Feature","geometry":{"type":"Point","coordinates":[38.768787,9.010378]},"properties":{"name":"Bambis","lines":"E-W","arr":["E-W"],"terminus":0,"mode":"tram","color":"#d6212b","colorDark":"#7c1116","angle":0,"metro":1,"snapDist":1,"label":1}},{"type":"Feature","geometry":{"type":"Point","coordinates":[38.774692,9.011012]},"properties":{"name":"St. Urael","lines":"E-W","arr":["E-W"],"terminus":0,"mode":"tram","color":"#d6212b","colorDark":"#7c1116","angle":0,"metro":1,"snapDist":4,"label":1}},{"type":"Feature","geometry":{"type":"Point","coordinates":[38.783231,9.014885]},"properties":{"name":"Hayahulet 2","lines":"E-W","arr":["E-W"],"terminus":0,"mode":"tram","color":"#d6212b","colorDark":"#7c1116","angle":0,"metro":1,"snapDist":2,"label":1}},{"type":"Feature","geometry":{"type":"Point","coordinates":[38.789323,9.016253]},"properties":{"name":"ሃያ ሁለት 1","lines":"E-W","arr":["E-W"],"terminus":0,"mode":"tram","color":"#d6212b","colorDark":"#7c1116","angle":0,"metro":1,"snapDist":2,"label":1}},{"type":"Feature","geometry":{"type":"Point","coordinates":[38.795881,9.017942]},"properties":{"name":"Lem Hotel","lines":"E-W","arr":["E-W"],"terminus":0,"mode":"tram","color":"#d6212b","colorDark":"#7c1116","angle":0,"metro":1,"snapDist":2,"label":1}},{"type":"Feature","geometry":{"type":"Point","coordinates":[38.802661,9.019676]},"properties":{"name":"Megenagna","lines":"E-W","arr":["E-W"],"terminus":0,"mode":"tram","color":"#d6212b","colorDark":"#7c1116","angle":0,"metro":1,"snapDist":5,"label":1}},{"type":"Feature","geometry":{"type":"Point","coordinates":[38.81017,9.020205]},"properties":{"name":"Gurd Sholla 2","lines":"E-W","arr":["E-W"],"terminus":0,"mode":"tram","color":"#d6212b","colorDark":"#7c1116","angle":0,"metro":1,"snapDist":2,"label":1}},{"type":"Feature","geometry":{"type":"Point","coordinates":[38.819928,9.019114]},"properties":{"name":"Gurd Sholla 1","lines":"E-W","arr":["E-W"],"terminus":0,"mode":"tram","color":"#d6212b","colorDark":"#7c1116","angle":0,"metro":1,"snapDist":2,"label":1}},{"type":"Feature","geometry":{"type":"Point","coordinates":[38.828393,9.020846]},"properties":{"name":"Management Institute","lines":"E-W","arr":["E-W"],"terminus":0,"mode":"tram","color":"#d6212b","colorDark":"#7c1116","angle":0,"metro":1,"snapDist":2,"label":1}},{"type":"Feature","geometry":{"type":"Point","coordinates":[38.834798,9.021708]},"properties":{"name":"Civil Service College","lines":"E-W","arr":["E-W"],"terminus":0,"mode":"tram","color":"#d6212b","colorDark":"#7c1116","angle":0,"metro":1,"snapDist":2,"label":1}},{"type":"Feature","geometry":{"type":"Point","coordinates":[38.842627,9.021385]},"properties":{"name":"St. Michael","lines":"E-W","arr":["E-W"],"terminus":0,"mode":"tram","color":"#d6212b","colorDark":"#7c1116","angle":0,"metro":1,"snapDist":2,"label":1}},{"type":"Feature","geometry":{"type":"Point","coordinates":[38.850483,9.021026]},"properties":{"name":"C.M.C","lines":"E-W","arr":["E-W"],"terminus":0,"mode":"tram","color":"#d6212b","colorDark":"#7c1116","angle":0,"metro":1,"snapDist":2,"label":1}},{"type":"Feature","geometry":{"type":"Point","coordinates":[38.860395,9.020567]},"properties":{"name":"Meri","lines":"E-W","arr":["E-W"],"terminus":0,"mode":"tram","color":"#d6212b","colorDark":"#7c1116","angle":0,"metro":1,"snapDist":2,"label":1}},{"type":"Feature","geometry":{"type":"Point","coordinates":[38.871779,9.021199]},"properties":{"name":"Ayat","lines":"E-W","arr":["E-W"],"terminus":1,"mode":"tram","color":"#d6212b","colorDark":"#7c1116","angle":0,"metro":1,"snapDist":3,"label":1}},{"type":"Feature","geometry":{"type":"Point","coordinates":[38.763063,8.938006]},"properties":{"name":"Kality","lines":"S-N","arr":["S-N"],"terminus":1,"mode":"tram","color":"#d6212b","colorDark":"#7c1116","angle":0,"metro":1,"snapDist":3,"label":1}},{"type":"Feature","geometry":{"type":"Point","coordinates":[38.766277,8.945005]},"properties":{"name":"Abo Junction","lines":"S-N","arr":["S-N"],"terminus":0,"mode":"tram","color":"#d6212b","colorDark":"#7c1116","angle":0,"metro":1,"snapDist":2,"label":1}},{"type":"Feature","geometry":{"type":"Point","coordinates":[38.763388,8.951995]},"properties":{"name":"Saris","lines":"S-N","arr":["S-N"],"terminus":0,"mode":"tram","color":"#d6212b","colorDark":"#7c1116","angle":0,"metro":1,"snapDist":2,"label":1}},{"type":"Feature","geometry":{"type":"Point","coordinates":[38.763856,8.956798]},"properties":{"name":"Adey Abeba","lines":"S-N","arr":["S-N"],"terminus":0,"mode":"tram","color":"#d6212b","colorDark":"#7c1116","angle":0,"metro":1,"snapDist":2,"label":1}},{"type":"Feature","geometry":{"type":"Point","coordinates":[38.76294,8.965714]},"properties":{"name":"Nifas Silk 1","lines":"S-N","arr":["S-N"],"terminus":0,"mode":"tram","color":"#d6212b","colorDark":"#7c1116","angle":0,"metro":1,"snapDist":0,"label":1}},{"type":"Feature","geometry":{"type":"Point","coordinates":[38.760717,8.973177]},"properties":{"name":"Nifas Silk 2","lines":"S-N","arr":["S-N"],"terminus":0,"mode":"tram","color":"#d6212b","colorDark":"#7c1116","angle":0,"metro":1,"snapDist":3,"label":1}},{"type":"Feature","geometry":{"type":"Point","coordinates":[38.759237,8.990346]},"properties":{"name":"Lancha","lines":"S-N","arr":["S-N"],"terminus":0,"mode":"tram","color":"#d6212b","colorDark":"#7c1116","angle":0,"metro":1,"snapDist":3,"label":1}},{"type":"Feature","geometry":{"type":"Point","coordinates":[38.759762,8.99524]},"properties":{"name":"Temenja Yazh","lines":"S-N","arr":["S-N"],"terminus":0,"mode":"tram","color":"#d6212b","colorDark":"#7c1116","angle":0,"metro":1,"snapDist":2,"label":1}},{"type":"Feature","geometry":{"type":"Point","coordinates":[38.758636,9.00058]},"properties":{"name":"Riche","lines":"S-N","arr":["S-N"],"terminus":0,"mode":"tram","color":"#d6212b","colorDark":"#7c1116","angle":0,"metro":1,"snapDist":3,"label":1}},{"type":"Feature","geometry":{"type":"Point","coordinates":[38.758778,9.004861]},"properties":{"name":"Meshwalekya","lines":"S-N","arr":["S-N"],"terminus":0,"mode":"tram","color":"#d6212b","colorDark":"#7c1116","angle":0,"metro":1,"snapDist":4,"label":1}},{"type":"Feature","geometry":{"type":"Point","coordinates":[38.734695,9.015421]},"properties":{"name":"Darmar","lines":"S-N","arr":["S-N"],"terminus":0,"mode":"tram","color":"#d6212b","colorDark":"#7c1116","angle":0,"metro":1,"snapDist":1,"label":1}},{"type":"Feature","geometry":{"type":"Point","coordinates":[38.733371,9.021275]},"properties":{"name":"Abnet","lines":"S-N","arr":["S-N"],"terminus":0,"mode":"tram","color":"#d6212b","colorDark":"#7c1116","angle":0,"metro":1,"snapDist":2,"label":1}},{"type":"Feature","geometry":{"type":"Point","coordinates":[38.733026,9.02839]},"properties":{"name":"Sebategna","lines":"S-N","arr":["S-N"],"terminus":0,"mode":"tram","color":"#d6212b","colorDark":"#7c1116","angle":0,"metro":1,"snapDist":1,"label":1}},{"type":"Feature","geometry":{"type":"Point","coordinates":[38.732987,9.034065]},"properties":{"name":"Autobus Tera","lines":"S-N","arr":["S-N"],"terminus":0,"mode":"tram","color":"#d6212b","colorDark":"#7c1116","angle":0,"metro":1,"snapDist":2,"label":1}},{"type":"Feature","geometry":{"type":"Point","coordinates":[38.738369,9.034182]},"properties":{"name":"Gojam Berenda","lines":"S-N","arr":["S-N"],"terminus":0,"mode":"tram","color":"#d6212b","colorDark":"#7c1116","angle":0,"metro":1,"snapDist":2,"label":1}},{"type":"Feature","geometry":{"type":"Point","coordinates":[38.746916,9.034631]},"properties":{"name":"Atikilt Tera","lines":"S-N","arr":["S-N"],"terminus":1,"mode":"tram","color":"#d6212b","colorDark":"#7c1116","angle":0,"metro":1,"snapDist":2,"label":1}}]}