{"type":"FeatureCollection","features":[{"type":"Feature","geometry":{"type":"LineString","coordinates":[[38.759194,9.011472],[38.758966,9.01153],[38.758096,9.011701],[38.757782,9.011749],[38.757236,9.011837],[38.757011,9.011865],[38.756277,9.011945],[38.755942,9.011971],[38.755693,9.011978],[38.755396,9.011959],[38.755338,9.01196],[38.754538,9.011864],[38.754428,9.011853],[38.754315,9.011842],[38.753925,9.011799],[38.75369,9.011776],[38.75355,9.011764],[38.753384,9.011747],[38.753179,9.011721],[38.753003,9.011702],[38.752798,9.011691],[38.751682,9.011584],[38.751554,9.011572],[38.751474,9.011566],[38.750984,9.011513],[38.750604,9.011472],[38.750102,9.011425],[38.749939,9.0114],[38.749814,9.011385],[38.749752,9.011373],[38.749695,9.011362],[38.749577,9.011341],[38.749512,9.011318],[38.749301,9.011261],[38.749161,9.011199],[38.749032,9.011136],[38.748448,9.0108],[38.748214,9.01069]]},"properties":{"name":"Ras Mekonnen Avenue"}},{"type":"Feature","geometry":{"type":"LineString","coordinates":[[38.759196,9.0116],[38.758879,9.011665],[38.758362,9.011777],[38.75805,9.011831],[38.75769,9.011896],[38.757485,9.011934],[38.757265,9.011967],[38.757002,9.012004],[38.756912,9.012016],[38.756575,9.012057],[38.756312,9.012092],[38.756181,9.012106],[38.756139,9.01211],[38.756046,9.012118],[38.755945,9.012126],[38.755706,9.012137],[38.755384,9.012117],[38.755324,9.01211],[38.754987,9.012081],[38.754682,9.012054],[38.754453,9.012026],[38.754298,9.011996],[38.753373,9.011905],[38.753154,9.01189],[38.752977,9.011881],[38.75294,9.011879],[38.752893,9.011876],[38.752826,9.011869],[38.752456,9.01183],[38.751918,9.011776],[38.751329,9.011716],[38.751137,9.011694],[38.750944,9.011675],[38.7507,9.011647],[38.750578,9.011634],[38.750488,9.011627],[38.750344,9.011616],[38.750076,9.011589],[38.749927,9.011577],[38.749802,9.011565],[38.749657,9.011548],[38.749648,9.011546],[38.749515,9.011528],[38.749434,9.011514],[38.749347,9.011499],[38.749217,9.011463],[38.749067,9.011405],[38.748928,9.011336],[38.748854,9.011297],[38.748706,9.011205],[38.74854,9.011098],[38.748454,9.011042],[38.748289,9.010935],[38.748012,9.010835],[38.74785,9.010795],[38.747684,9.010769],[38.747144,9.010722],[38.746218,9.010642],[38.746136,9.010635],[38.745465,9.010569],[38.745147,9.010544],[38.744878,9.010524]]},"properties":{"name":"Ras Mekonnen Avenue"}},{"type":"Feature","geometry":{"type":"LineString","coordinates":[[38.744495,9.010307],[38.744823,9.01034],[38.744943,9.010352],[38.745162,9.010372],[38.745522,9.010405],[38.746054,9.010455],[38.746332,9.01048],[38.746536,9.010499],[38.746915,9.010526],[38.747293,9.010562],[38.747568,9.010594],[38.747684,9.010604],[38.747786,9.010617],[38.747918,9.010645],[38.748071,9.010676],[38.748214,9.01069],[38.747972,9.010602],[38.747667,9.010549],[38.746851,9.010468],[38.74676,9.010459],[38.746237,9.010408],[38.746156,9.010402],[38.745412,9.010339],[38.745167,9.010316],[38.744874,9.010287]]},"properties":{"name":"Ras Mekonnen Avenue"}},{"type":"Feature","geometry":{"type":"LineString","coordinates":[[38.762763,9.01102],[38.762721,9.011106],[38.762709,9.011301],[38.762711,9.011387],[38.762729,9.011508],[38.762733,9.011553],[38.762737,9.011643],[38.762769,9.011972],[38.762773,9.011995],[38.7628,9.012242],[38.762877,9.012983],[38.762882,9.013028],[38.762946,9.013591],[38.762972,9.013764],[38.763002,9.013896],[38.763045,9.013992],[38.763299,9.014317],[38.763373,9.01445],[38.763454,9.014645],[38.76348,9.014762],[38.763497,9.014901],[38.763538,9.015231],[38.763606,9.015843],[38.7637,9.016835],[38.7637,9.016953],[38.763699,9.017064],[38.763703,9.017202],[38.763687,9.017371],[38.763657,9.017674],[38.763749,9.018687],[38.763803,9.019119],[38.763807,9.019165],[38.763812,9.019212],[38.763817,9.019267],[38.763823,9.01932],[38.763826,9.01937],[38.763856,9.019638],[38.763871,9.019768],[38.76389,9.019918],[38.763899,9.019998],[38.76399,9.020736],[38.764034,9.021158],[38.76409,9.02153],[38.764126,9.021639],[38.764198,9.021833],[38.764362,9.022025],[38.764512,9.022162]]},"properties":{"name":"Menelik II Avenue"}},{"type":"Feature","geometry":{"type":"LineString","coordinates":[[38.763342,9.02234],[38.763447,9.022195],[38.763526,9.022051],[38.763568,9.021912],[38.763594,9.021638],[38.763399,9.020056],[38.763339,9.01954],[38.76332,9.019369],[38.763302,9.019227],[38.763297,9.019173],[38.763248,9.018712],[38.76317,9.017849],[38.763122,9.017734],[38.763017,9.017504],[38.76296,9.017323],[38.762936,9.017184],[38.76292,9.017102],[38.762896,9.016979],[38.762639,9.014868],[38.762645,9.014709],[38.762665,9.014522],[38.762714,9.014364],[38.762844,9.014118],[38.762882,9.014],[38.762896,9.013864],[38.762896,9.013757],[38.762877,9.013598],[38.762802,9.013067],[38.762701,9.012259],[38.762655,9.011872],[38.762626,9.011657],[38.762615,9.011574],[38.762595,9.011469],[38.76258,9.011378],[38.762565,9.011245],[38.76258,9.011047]]},"properties":{"name":"Menelik II Avenue"}},{"type":"Feature","geometry":{"type":"LineString","coordinates":[[38.764512,9.022162],[38.764706,9.022234],[38.764896,9.022284],[38.765092,9.022331],[38.765381,9.022372],[38.765581,9.022415],[38.766082,9.022535],[38.766253,9.022583]]},"properties":{"name":"Niger Street"}},{"type":"Feature","geometry":{"type":"LineString","coordinates":[[38.766447,9.022641],[38.766882,9.022794],[38.766993,9.022865],[38.767085,9.022925],[38.767162,9.022985],[38.767217,9.023031],[38.767317,9.023115],[38.767458,9.023231],[38.767633,9.023398],[38.76772,9.023519],[38.767797,9.023669]]},"properties":{"name":"Niger Street"}},{"type":"Feature","geometry":{"type":"LineString","coordinates":[[38.763714,9.030098],[38.763712,9.030223],[38.763699,9.030382],[38.763639,9.030832],[38.763481,9.032516],[38.763464,9.032646]]},"properties":{"name":"Niger Street"}},{"type":"Feature","geometry":{"type":"LineString","coordinates":[[38.76332,9.032643],[38.763332,9.032508],[38.76337,9.032186],[38.763393,9.031932],[38.763417,9.031659],[38.76348,9.030829],[38.763538,9.030417],[38.763544,9.030271],[38.763548,9.030183],[38.763552,9.03006],[38.763532,9.029825],[38.76352,9.029733],[38.763507,9.029658],[38.763453,9.029404],[38.763392,9.02913],[38.763277,9.028542],[38.763174,9.027988],[38.763117,9.027741],[38.763056,9.027552],[38.76301,9.027437],[38.762958,9.02734],[38.762871,9.027221],[38.762521,9.026775],[38.762411,9.026616],[38.762226,9.026368],[38.761966,9.026032],[38.761663,9.025634],[38.761544,9.025436],[38.761469,9.025292],[38.761401,9.025127],[38.761345,9.024928],[38.761301,9.024712],[38.761282,9.024442],[38.761291,9.02425],[38.761313,9.024079],[38.761371,9.023848],[38.761414,9.023752],[38.761478,9.023599],[38.761514,9.023526],[38.76162,9.02334],[38.761734,9.023211],[38.761856,9.023094],[38.76199,9.022954],[38.762317,9.022746],[38.762457,9.022676],[38.762573,9.022635],[38.762781,9.022559],[38.762934,9.022517],[38.763149,9.02245],[38.763342,9.02234]]},"properties":{"name":"Niger Street"}},{"type":"Feature","geometry":{"type":"LineString","coordinates":[[38.775248,9.027154],[38.775031,9.02719],[38.774941,9.027211],[38.77473,9.027266],[38.774124,9.027425],[38.773212,9.027694],[38.77272,9.027824],[38.772248,9.027952],[38.771893,9.028051],[38.771795,9.028078],[38.771643,9.028126],[38.771251,9.028242],[38.771163,9.028264],[38.770816,9.028337],[38.77058,9.028366],[38.770236,9.028366],[38.769948,9.028357],[38.769418,9.028344],[38.769081,9.028343],[38.768928,9.028357],[38.768786,9.028379],[38.768688,9.0284],[38.768405,9.028472],[38.768276,9.02851],[38.76805,9.028589],[38.767883,9.02865],[38.767701,9.028711],[38.767509,9.028762],[38.767356,9.028805],[38.766964,9.028965],[38.766762,9.029042],[38.766507,9.029119],[38.766281,9.02918],[38.76607,9.02923],[38.765721,9.029302],[38.765565,9.029338],[38.764889,9.029475],[38.764748,9.029501],[38.764401,9.029565],[38.763971,9.029635],[38.763653,9.029699]]},"properties":{"name":"Lorenzo Taezaz Street"}},{"type":"Feature","geometry":{"type":"LineString","coordinates":[[38.767319,9.028729],[38.767492,9.028691],[38.767799,9.028581],[38.76829,9.028387],[38.768534,9.02832],[38.768901,9.028255],[38.769412,9.028255],[38.769907,9.028268],[38.770254,9.028282],[38.770698,9.028269],[38.770918,9.02824],[38.771141,9.028182],[38.771872,9.02797],[38.772398,9.027816],[38.772691,9.027732],[38.77321,9.027591],[38.77409,9.027344],[38.77495,9.027101],[38.775052,9.02706],[38.775251,9.026957]]},"properties":{"name":"Lorenzo Taezaz Street"}},{"type":"Feature","geometry":{"type":"LineString","coordinates":[[38.763384,9.033151],[38.763352,9.033399],[38.763281,9.033937],[38.763276,9.033975],[38.763232,9.034316],[38.76322,9.034399],[38.763098,9.035297],[38.762999,9.036018],[38.762962,9.036279],[38.762919,9.036547],[38.762916,9.036566],[38.762837,9.037117],[38.762803,9.037336],[38.762757,9.037618],[38.762738,9.037714],[38.762717,9.037793],[38.762536,9.038597],[38.762511,9.038717],[38.762324,9.039569],[38.762264,9.039858],[38.762037,9.040904],[38.762008,9.041038],[38.761847,9.041641],[38.761814,9.041762],[38.761718,9.042103],[38.761581,9.042632],[38.76156,9.042713],[38.761555,9.042733],[38.761546,9.042769],[38.76139,9.043368],[38.761383,9.04345],[38.761383,9.043645]]},"properties":{"name":"King George VI Avenue"}},{"type":"Feature","geometry":{"type":"LineString","coordinates":[[38.761141,9.043594],[38.761258,9.043414],[38.761296,9.043326],[38.76132,9.043245],[38.76149,9.042583],[38.761563,9.042299],[38.761633,9.042063],[38.761685,9.041875],[38.761759,9.04162],[38.761786,9.041528],[38.761892,9.041072],[38.761923,9.040944],[38.761951,9.040831],[38.762194,9.039843],[38.762256,9.039549],[38.762304,9.039341],[38.762443,9.038682],[38.762487,9.038461],[38.762496,9.038415],[38.762546,9.038166],[38.762639,9.037786]]},"properties":{"name":"King George VI Avenue"}},{"type":"Feature","geometry":{"type":"LineString","coordinates":[[38.762654,9.037707],[38.762673,9.037596],[38.76273,9.037224],[38.762771,9.036856],[38.762814,9.036559],[38.762871,9.036144],[38.76297,9.035431],[38.763008,9.035143],[38.763108,9.034403],[38.763125,9.034297],[38.763185,9.033895],[38.763259,9.033385],[38.763302,9.033137]]},"properties":{"name":"King George VI Avenue"}},{"type":"Feature","geometry":{"type":"LineString","coordinates":[[38.761307,9.044092],[38.761304,9.044158],[38.761311,9.044279],[38.761317,9.044377],[38.761336,9.04451],[38.761384,9.044847],[38.761423,9.045163],[38.76148,9.045628],[38.761541,9.046099],[38.761551,9.046175],[38.761555,9.046204]]},"properties":{"name":"Algeria Avenue"}},{"type":"Feature","geometry":{"type":"LineString","coordinates":[[38.761437,9.046205],[38.761393,9.045758],[38.761354,9.045375],[38.761286,9.044854],[38.761276,9.044773],[38.761229,9.044388],[38.761213,9.044287],[38.761182,9.044199],[38.761153,9.044103]]},"properties":{"name":"Algeria Avenue"}},{"type":"Feature","geometry":{"type":"LineString","coordinates":[[38.761555,9.046204],[38.761562,9.046254],[38.761593,9.046521],[38.761646,9.047102],[38.761709,9.04765],[38.761712,9.047686],[38.761717,9.047734],[38.761817,9.048414],[38.761859,9.048732],[38.76191,9.049089],[38.762052,9.050261],[38.762109,9.050615],[38.762145,9.050876],[38.762177,9.051128],[38.762197,9.051301],[38.762296,9.052172],[38.762323,9.05241],[38.762381,9.052948],[38.762429,9.05333],[38.762471,9.053597],[38.762542,9.054038],[38.762559,9.054153],[38.762573,9.054256],[38.76263,9.054673],[38.762692,9.055182],[38.762747,9.055577],[38.762764,9.055707],[38.762804,9.056079],[38.762818,9.05624],[38.762819,9.056355],[38.76281,9.056665],[38.762801,9.056775],[38.76279,9.056911],[38.762754,9.057118],[38.762719,9.057303],[38.762674,9.057543],[38.76264,9.0577],[38.762539,9.0582],[38.762337,9.05914],[38.762282,9.059401],[38.762237,9.059618],[38.762215,9.059737],[38.762195,9.059821],[38.762086,9.060193],[38.761925,9.060666],[38.761852,9.060845],[38.761782,9.061018],[38.761603,9.061429]]},"properties":{"name":"Algeria Av"}},{"type":"Feature","geometry":{"type":"LineString","coordinates":[[38.761498,9.061407],[38.761683,9.060949],[38.761846,9.060554],[38.762103,9.059798],[38.76212,9.059712],[38.762147,9.059583],[38.762187,9.059408],[38.762337,9.058731],[38.7624,9.058448],[38.762528,9.05781],[38.762588,9.057536],[38.762643,9.057288],[38.762701,9.056963],[38.762721,9.056769],[38.762733,9.056486],[38.762731,9.056253],[38.762719,9.056083],[38.762677,9.055736],[38.762564,9.054853],[38.762408,9.053648],[38.762381,9.053443],[38.76223,9.052326],[38.762212,9.052182],[38.762197,9.052058],[38.762144,9.051596],[38.762046,9.050866],[38.762004,9.050463],[38.761949,9.049976],[38.761889,9.04953],[38.761832,9.049093],[38.761728,9.048355],[38.761643,9.047854],[38.76147,9.046528],[38.761437,9.046205]]},"properties":{"name":"Algeria Av"}},{"type":"Feature","geometry":{"type":"LineString","coordinates":[[38.761451,9.061646],[38.761379,9.061824],[38.761344,9.061911],[38.761329,9.061978],[38.761308,9.062146],[38.761288,9.062283],[38.761272,9.062396],[38.761254,9.062639]]},"properties":{"name":"Intoto Road"}},{"type":"Feature","geometry":{"type":"LineString","coordinates":[[38.762639,9.037786],[38.762654,9.037707]]},"properties":{"name":"King George VI Av. / AR_06_1002 Av. - Arada Avenue"}},{"type":"Feature","geometry":{"type":"LineString","coordinates":[[38.761514,9.023526],[38.761464,9.023383],[38.761402,9.02327],[38.761376,9.023245],[38.76134,9.023203],[38.76133,9.023143],[38.761333,9.023092],[38.761352,9.023033],[38.76139,9.022977],[38.761461,9.02294],[38.761538,9.022911],[38.76161,9.022881],[38.761668,9.022842],[38.761703,9.022795],[38.761735,9.022725],[38.761737,9.022649],[38.761716,9.022584],[38.761688,9.022547],[38.761653,9.022515],[38.761572,9.02247],[38.76151,9.02244],[38.761436,9.022425],[38.761382,9.022423],[38.761316,9.022428],[38.76126,9.022456],[38.761208,9.022486],[38.761159,9.022526],[38.761104,9.022553],[38.761042,9.022573],[38.760965,9.022585],[38.76089,9.022579],[38.760815,9.022562],[38.760746,9.022522],[38.760618,9.022446],[38.760554,9.022402]]},"properties":{"name":"Taitu Street"}},{"type":"Feature","geometry":{"type":"LineString","coordinates":[[38.76005,9.022185],[38.759845,9.022046],[38.759711,9.02197],[38.758778,9.021401],[38.758663,9.021338],[38.758565,9.021281],[38.758505,9.021239],[38.75833,9.021137],[38.758187,9.021053],[38.758025,9.020955],[38.757916,9.020889],[38.757517,9.020626],[38.757348,9.020515],[38.756947,9.020257],[38.756424,9.01992]]},"properties":{"name":"Taitu Street"}},{"type":"Feature","geometry":{"type":"LineString","coordinates":[[38.756268,9.019841],[38.756001,9.019704],[38.755768,9.019565],[38.755502,9.019393],[38.755135,9.019159],[38.755031,9.019096],[38.75492,9.019027],[38.754892,9.019011],[38.754726,9.018912],[38.754409,9.01872],[38.75413,9.018544],[38.753882,9.018387],[38.753654,9.018227]]},"properties":{"name":"Taitu Street"}},{"type":"Feature","geometry":{"type":"LineString","coordinates":[[38.753967,9.018289],[38.754177,9.018422],[38.754366,9.018534],[38.754799,9.018798],[38.754971,9.018902],[38.755026,9.018935],[38.755166,9.019018],[38.755201,9.019039],[38.755738,9.019387],[38.755943,9.019509],[38.75631,9.019727]]},"properties":{"name":"Taitu Street"}},{"type":"Feature","geometry":{"type":"LineString","coordinates":[[38.752349,9.019722],[38.752688,9.019248],[38.752701,9.019233],[38.752728,9.019214],[38.752801,9.019162],[38.753011,9.018939],[38.753629,9.018251],[38.753654,9.018227],[38.753737,9.018143],[38.754004,9.017819],[38.754224,9.017574],[38.754375,9.017435],[38.754489,9.01732],[38.754568,9.017232],[38.754673,9.017112],[38.754777,9.016975],[38.755089,9.016612],[38.75527,9.016413],[38.755593,9.016059],[38.756208,9.015373],[38.756677,9.014858],[38.757127,9.014343],[38.757602,9.013828],[38.757706,9.013719],[38.758132,9.013262],[38.758644,9.012714],[38.75921,9.012046],[38.759339,9.011894],[38.759391,9.011781],[38.759402,9.011739],[38.759406,9.011551]]},"properties":{"name":"Ras Desta Damtew Street"}},{"type":"Feature","geometry":{"type":"LineString","coordinates":[[38.752647,9.01912],[38.75269,9.019091],[38.752769,9.019014],[38.753145,9.018598],[38.753534,9.018158],[38.753618,9.018067],[38.753919,9.017747],[38.754005,9.017656],[38.754153,9.017512],[38.75421,9.017415],[38.754309,9.017315],[38.754476,9.017161],[38.754666,9.016954],[38.754766,9.016849],[38.754972,9.0166],[38.755096,9.016472],[38.755372,9.01616],[38.755516,9.016002],[38.756123,9.015309],[38.756392,9.014995],[38.756575,9.014782],[38.757188,9.014042],[38.757454,9.013766],[38.757529,9.013687],[38.757587,9.013626],[38.758015,9.013157],[38.75852,9.012599],[38.758743,9.01235],[38.758923,9.012149],[38.758989,9.012077],[38.759034,9.012015],[38.759084,9.011946],[38.759193,9.011736],[38.759196,9.0116]]},"properties":{"name":"Ras Desta Damtew Street"}},{"type":"Feature","geometry":{"type":"LineString","coordinates":[[38.752701,9.019233],[38.752546,9.019259],[38.752403,9.019277],[38.752304,9.019263],[38.750574,9.019079],[38.749449,9.018975],[38.748769,9.01891],[38.748031,9.018847],[38.747115,9.018774],[38.74686,9.018754],[38.746656,9.018744]]},"properties":{"name":"Yared Street"}},{"type":"Feature","geometry":{"type":"LineString","coordinates":[[38.752647,9.01912],[38.752526,9.019155],[38.752413,9.01917],[38.752312,9.019161],[38.750576,9.019012],[38.748781,9.018843],[38.747004,9.018688],[38.746645,9.018656],[38.746563,9.018659]]},"properties":{"name":"Yared Street"}},{"type":"Feature","geometry":{"type":"LineString","coordinates":[[38.752626,9.017287],[38.752624,9.017371],[38.752496,9.018388],[38.752474,9.018637],[38.752459,9.018801],[38.752429,9.019071],[38.752413,9.01917],[38.752403,9.019277],[38.752349,9.019722],[38.752343,9.019797],[38.752258,9.020887],[38.75222,9.021359],[38.75221,9.021444],[38.752182,9.021713],[38.752174,9.021789],[38.75217,9.021826],[38.752043,9.023236],[38.752034,9.02334],[38.751974,9.023985],[38.751888,9.024928],[38.751883,9.024998],[38.751829,9.025662],[38.751792,9.02619],[38.75178,9.026348],[38.751775,9.026417],[38.751769,9.026487],[38.751757,9.026644],[38.751755,9.026859]]},"properties":{"name":"Churchill Avenue"}},{"type":"Feature","geometry":{"type":"LineString","coordinates":[[38.751701,9.027293],[38.751684,9.027564],[38.75168,9.027612],[38.751667,9.027784],[38.751619,9.028414],[38.751593,9.028634],[38.751509,9.029287],[38.751472,9.029725],[38.751396,9.030474],[38.751339,9.031274],[38.751329,9.031491],[38.75128,9.03199],[38.751266,9.032094],[38.751255,9.032183],[38.751243,9.032317],[38.751242,9.032382],[38.751252,9.032439],[38.751278,9.032491],[38.751311,9.032517],[38.751369,9.032533]]},"properties":{"name":"Churchill Avenue"}},{"type":"Feature","geometry":{"type":"LineString","coordinates":[[38.750998,9.032672],[38.751076,9.032461],[38.751093,9.032414],[38.751119,9.032312],[38.751128,9.032274],[38.751136,9.032175],[38.751141,9.03209],[38.751181,9.03148],[38.751201,9.031264],[38.751278,9.030524],[38.751366,9.02971],[38.751375,9.029648],[38.7514,9.029277],[38.751406,9.029215],[38.751484,9.028625],[38.751528,9.028256],[38.751567,9.027603],[38.751586,9.027282]]},"properties":{"name":"Churchill Avenue"}},{"type":"Feature","geometry":{"type":"LineString","coordinates":[[38.751624,9.026845],[38.751655,9.026485],[38.751674,9.026267],[38.751758,9.025357],[38.751788,9.024938],[38.75179,9.02491],[38.751858,9.024209],[38.751904,9.02371],[38.752059,9.022058],[38.752117,9.02143],[38.752127,9.021348],[38.752164,9.020924],[38.752171,9.020841],[38.752304,9.019263],[38.752312,9.019161],[38.752321,9.019059],[38.752424,9.018225],[38.752448,9.018038],[38.752504,9.017365],[38.752523,9.017273]]},"properties":{"name":"Churchill Avenue"}},{"type":"Feature","geometry":{"type":"LineString","coordinates":[[38.752169,9.017238],[38.752076,9.01708],[38.752055,9.016999],[38.751865,9.016678],[38.751488,9.015978],[38.751318,9.01569],[38.750991,9.015134],[38.75095,9.015062],[38.750898,9.015],[38.750687,9.014758],[38.750584,9.014679],[38.750447,9.014574],[38.75035,9.014507],[38.75,9.014246],[38.749762,9.014088],[38.749493,9.013902],[38.749158,9.013667],[38.748496,9.013216],[38.748428,9.013161],[38.747912,9.012812],[38.747834,9.012761],[38.74733,9.012422],[38.747276,9.012391],[38.746662,9.011951],[38.746212,9.011645],[38.746114,9.011589],[38.746029,9.011535],[38.74585,9.011423],[38.745687,9.011313],[38.745596,9.011252],[38.745351,9.011091],[38.745116,9.01093],[38.744921,9.010815],[38.744845,9.010753],[38.744756,9.010693]]},"properties":{"name":"Ras Abebe Aregay Street"}},{"type":"Feature","geometry":{"type":"LineString","coordinates":[[38.744847,9.010612],[38.744976,9.010722],[38.745365,9.010984],[38.745681,9.011194],[38.746047,9.011441],[38.746128,9.011492],[38.746255,9.01158],[38.746768,9.011929],[38.746837,9.011976],[38.746883,9.012008],[38.747075,9.012139],[38.747338,9.012318],[38.747385,9.012347],[38.747715,9.012578],[38.74777,9.012617],[38.748217,9.012925],[38.748495,9.013104],[38.748565,9.01316],[38.748815,9.013324],[38.749219,9.013599],[38.749331,9.013677],[38.749542,9.013824],[38.749587,9.013855],[38.749825,9.014021],[38.750002,9.014141],[38.750413,9.014387],[38.750607,9.014559],[38.750712,9.014637],[38.750951,9.014908],[38.751032,9.015003],[38.751072,9.01505],[38.751606,9.015912],[38.75161,9.01592],[38.751981,9.016619],[38.752009,9.016672],[38.752193,9.016946],[38.752211,9.016977],[38.75228,9.017073]]},"properties":{"name":"Ras Abebe Aregay Street"}},{"type":"Feature","geometry":{"type":"LineString","coordinates":[[38.741335,9.033871],[38.741395,9.033799],[38.74145,9.033737],[38.741489,9.033676],[38.741511,9.033616],[38.741521,9.033423],[38.74147,9.032803],[38.741406,9.032136],[38.741401,9.032089],[38.74138,9.031809],[38.741343,9.031338],[38.741337,9.031248],[38.741332,9.031179],[38.741323,9.031043],[38.741313,9.030948],[38.74131,9.030736],[38.741327,9.030582],[38.741338,9.030539],[38.741358,9.030499],[38.741385,9.030462],[38.741862,9.029989],[38.742145,9.029741],[38.742377,9.029536],[38.742697,9.029257],[38.742901,9.029067],[38.743028,9.02893],[38.74309,9.028854],[38.743084,9.028757]]},"properties":{"name":"Tesema Aba Kemaw Street"}},{"type":"Feature","geometry":{"type":"LineString","coordinates":[[38.743332,9.028873],[38.743293,9.028917],[38.743197,9.028987],[38.743094,9.029075],[38.742976,9.02917],[38.742775,9.029336],[38.742663,9.029433],[38.742432,9.029631],[38.742201,9.029836],[38.742011,9.029999],[38.741931,9.030034],[38.741517,9.030411],[38.741443,9.030499],[38.7414,9.030557],[38.741389,9.030604],[38.741379,9.030679],[38.741375,9.030798],[38.741389,9.030963],[38.741396,9.031043],[38.741403,9.031126],[38.741425,9.03133],[38.741462,9.031776],[38.741495,9.03209],[38.741498,9.03214],[38.741531,9.032624],[38.741555,9.032972],[38.741613,9.033595],[38.741675,9.033806],[38.741708,9.033916],[38.741771,9.034084]]},"properties":{"name":"Tesema Aba Kemaw Street"}},{"type":"Feature","geometry":{"type":"LineString","coordinates":[[38.74352,9.028208],[38.743705,9.028089],[38.743775,9.028047],[38.743841,9.027993],[38.743953,9.027854],[38.744177,9.027516],[38.744423,9.027081],[38.744636,9.026669],[38.744978,9.02606],[38.745225,9.025587],[38.745587,9.024903],[38.745651,9.024774],[38.745835,9.024456],[38.746026,9.024104],[38.746224,9.023779],[38.746311,9.023635],[38.746674,9.023135],[38.747138,9.02249],[38.747361,9.022189],[38.747495,9.021989],[38.747568,9.021861],[38.747602,9.021786],[38.747628,9.021693],[38.747658,9.02148],[38.747651,9.021408],[38.747633,9.02132],[38.747577,9.02108],[38.74755,9.020972],[38.747245,9.020382],[38.747027,9.019947],[38.746913,9.01973],[38.746775,9.019466],[38.746722,9.019352],[38.746682,9.019247],[38.74666,9.019166],[38.746613,9.018984],[38.746575,9.018745],[38.746563,9.018659],[38.746532,9.018421],[38.746373,9.017646],[38.746268,9.017313],[38.746175,9.016974],[38.7461,9.01666],[38.74607,9.01655],[38.746012,9.016315],[38.745905,9.015896],[38.745858,9.015663],[38.745837,9.01559],[38.745927,9.015538],[38.746106,9.015391],[38.746662,9.014897],[38.746986,9.014596],[38.747147,9.014446],[38.747196,9.014404],[38.747226,9.01437],[38.747445,9.01415],[38.748428,9.013161],[38.748495,9.013104],[38.749238,9.012415],[38.749487,9.012167],[38.749517,9.01214],[38.749712,9.011964],[38.74973,9.011933],[38.749758,9.011895],[38.749775,9.011839],[38.749793,9.011753],[38.749802,9.011565],[38.749814,9.011385]]},"properties":{"name":"Tesema Aba Kemaw Street"}},{"type":"Feature","geometry":{"type":"LineString","coordinates":[[38.743719,9.028314],[38.743959,9.027963],[38.744199,9.02761],[38.74424,9.027546],[38.744373,9.027328],[38.744591,9.026922],[38.744704,9.026699],[38.745044,9.026093],[38.745275,9.025659],[38.745471,9.025292],[38.745647,9.024972],[38.745767,9.02474],[38.745896,9.024517],[38.746093,9.024143],[38.746301,9.023811],[38.746412,9.023644],[38.746738,9.023175],[38.747197,9.022532],[38.747535,9.022064],[38.747613,9.021942],[38.747678,9.021824],[38.747727,9.021739],[38.747752,9.021683],[38.747813,9.021546],[38.747826,9.02143],[38.747821,9.021339],[38.74781,9.021266],[38.747713,9.021061],[38.747677,9.020966],[38.747579,9.020799],[38.747398,9.020489],[38.747201,9.020129],[38.747069,9.019867],[38.746937,9.019605],[38.74687,9.019471],[38.746803,9.019307],[38.746756,9.019173],[38.746697,9.018973],[38.746656,9.018744],[38.746645,9.018656],[38.746605,9.018417],[38.746438,9.017621],[38.746328,9.017224],[38.746222,9.016833],[38.74618,9.016669],[38.746152,9.016554],[38.746011,9.016073],[38.745987,9.015949],[38.745966,9.015837],[38.745958,9.015736],[38.745945,9.015618],[38.746195,9.015429],[38.746714,9.014959],[38.747218,9.014492],[38.747291,9.014424],[38.74762,9.014094],[38.74804,9.013677],[38.748153,9.01356],[38.748496,9.013216],[38.748565,9.01316]]},"properties":{"name":"Tesema Aba Kemaw Street"}},{"type":"Feature","geometry":{"type":"LineString","coordinates":[[38.732663,8.96448],[38.732098,8.964519],[38.731967,8.964562],[38.731893,8.964583],[38.731764,8.9646],[38.731657,8.964609],[38.731536,8.964612],[38.73138,8.964601],[38.731176,8.964587],[38.731016,8.964568],[38.73079,8.964549],[38.730577,8.964544],[38.730342,8.964543],[38.730106,8.964558],[38.729962,8.964567],[38.729315,8.964674],[38.728804,8.964804],[38.728441,8.964924],[38.728112,8.965067],[38.727532,8.965376],[38.725968,8.966347],[38.723,8.968216],[38.72263,8.968432],[38.721915,8.968879]]},"properties":{"name":"Ring Road"}},{"type":"Feature","geometry":{"type":"LineString","coordinates":[[38.721981,8.968996],[38.722264,8.968804],[38.722603,8.968588],[38.723022,8.968317],[38.727441,8.965524],[38.727868,8.965288],[38.728109,8.965164],[38.72834,8.96507],[38.728829,8.964893],[38.729525,8.964718],[38.729964,8.964653],[38.730286,8.964632],[38.730652,8.964629],[38.730805,8.964641],[38.731006,8.964647],[38.73135,8.964686],[38.731605,8.964707],[38.731798,8.964703],[38.731987,8.964668],[38.732106,8.964635],[38.732225,8.964601],[38.732708,8.964581]]},"properties":{"name":"Ring Road"}},{"type":"Feature","geometry":{"type":"LineString","coordinates":[[38.732803,8.964474],[38.732875,8.963896],[38.732889,8.963784],[38.732906,8.963664],[38.732946,8.963346],[38.732945,8.96293],[38.732938,8.962806],[38.732763,8.959858],[38.732595,8.956732],[38.73257,8.956341],[38.732498,8.955167],[38.732477,8.954905],[38.732454,8.954624],[38.732424,8.954192],[38.732399,8.953847],[38.732384,8.953636],[38.732367,8.953277],[38.732366,8.953133],[38.732366,8.95294],[38.732382,8.952694],[38.732421,8.9524],[38.732545,8.951985],[38.733099,8.950106],[38.733206,8.94975],[38.733279,8.949511],[38.733325,8.949357],[38.733351,8.949269],[38.733402,8.949082],[38.733458,8.948877],[38.73349,8.948714],[38.733519,8.948608],[38.733592,8.948358],[38.733644,8.948212],[38.733813,8.947735],[38.733878,8.947565],[38.733926,8.947373],[38.734317,8.946107],[38.73447,8.945644],[38.734813,8.944488],[38.734888,8.944237],[38.735005,8.943732],[38.735057,8.943462],[38.735105,8.943093],[38.735145,8.942781],[38.735147,8.942516],[38.735144,8.9422],[38.735128,8.941843],[38.735093,8.941465],[38.735052,8.941199],[38.735009,8.940914],[38.734959,8.94067],[38.734891,8.940359],[38.734729,8.939355]]},"properties":{"name":"Ring Road"}},{"type":"Feature","geometry":{"type":"LineString","coordinates":[[38.732954,8.964486],[38.73298,8.964084],[38.733012,8.963769],[38.733043,8.963572],[38.733069,8.963244],[38.733059,8.96302],[38.733055,8.962848],[38.733049,8.962719],[38.73285,8.959869],[38.732675,8.956725],[38.732655,8.95634],[38.73258,8.954932],[38.732553,8.954595],[38.732531,8.954206],[38.732504,8.953723],[38.732496,8.953322],[38.732486,8.953151],[38.732489,8.952944],[38.732502,8.952726],[38.73254,8.952458],[38.732624,8.952032],[38.733194,8.950123],[38.733313,8.949766],[38.733414,8.949432],[38.733437,8.949355],[38.733489,8.949183],[38.733506,8.949134],[38.733627,8.948768],[38.733758,8.948349],[38.733821,8.948201],[38.733883,8.947959],[38.733928,8.947786],[38.733957,8.947639],[38.73402,8.9474],[38.734418,8.946094],[38.734786,8.944855],[38.734893,8.944505],[38.734974,8.944237],[38.735072,8.943848],[38.735101,8.943709],[38.735163,8.943397],[38.735223,8.942835],[38.735237,8.942691],[38.735242,8.942267],[38.735237,8.942035],[38.735213,8.941731],[38.735185,8.941448],[38.735004,8.940369],[38.734863,8.939332]]},"properties":{"name":"Ring Road"}},{"type":"Feature","geometry":{"type":"LineString","coordinates":[[38.708516,8.987045],[38.708369,8.986958],[38.708182,8.986799],[38.707995,8.98664],[38.707874,8.986558],[38.707632,8.986412],[38.707137,8.986145],[38.706627,8.985873],[38.705433,8.985251],[38.704406,8.984712],[38.704072,8.984537],[38.703593,8.984314],[38.703248,8.984199],[38.703044,8.984143],[38.700805,8.983619],[38.69999,8.983424],[38.699177,8.983226],[38.698923,8.983166],[38.698495,8.983064],[38.69792,8.982928],[38.697752,8.982885],[38.697571,8.982834],[38.697276,8.982767],[38.6971,8.982704],[38.697338,8.982401],[38.697629,8.982059],[38.697817,8.981837],[38.69799,8.981628],[38.698085,8.981537],[38.699307,8.980053],[38.700192,8.979006],[38.700411,8.978741],[38.700636,8.978493],[38.700868,8.97824],[38.701164,8.977978],[38.701597,8.977644],[38.702037,8.977386],[38.702549,8.977143],[38.703626,8.976664],[38.704414,8.976315],[38.705668,8.975759],[38.707345,8.975014],[38.709241,8.974164],[38.712059,8.972895],[38.712701,8.972613],[38.712929,8.972537],[38.713463,8.97237],[38.713723,8.972303],[38.71401,8.972244],[38.71477,8.972113],[38.716122,8.971873],[38.716727,8.971766],[38.717248,8.971669],[38.717328,8.971647],[38.717566,8.971569],[38.717769,8.971475],[38.718538,8.97102],[38.719759,8.970244],[38.720911,8.969532],[38.720974,8.969482],[38.72145,8.969169],[38.721769,8.968961]]},"properties":{"name":"Ring Road"}},{"type":"Feature","geometry":{"type":"LineString","coordinates":[[38.708672,8.987171],[38.708761,8.98736],[38.708869,8.987506],[38.709003,8.98765],[38.709449,8.988129],[38.709755,8.988489],[38.710099,8.988851],[38.71026,8.988984],[38.710439,8.989107],[38.710908,8.989362],[38.711326,8.989578],[38.711545,8.989692],[38.711778,8.989818],[38.712019,8.98999],[38.712164,8.990118],[38.712356,8.990317],[38.712528,8.99052],[38.712881,8.991031],[38.713052,8.991327],[38.713236,8.991621],[38.71346,8.991912],[38.713612,8.992064],[38.713774,8.992188],[38.713991,8.992328],[38.714114,8.992391],[38.714231,8.992436],[38.714443,8.992513],[38.714648,8.992572],[38.714994,8.99263],[38.715337,8.992643],[38.715748,8.992652],[38.715778,8.992653],[38.715899,8.992655],[38.716167,8.992657],[38.716538,8.992677],[38.716717,8.992678],[38.71692,8.992686]]},"properties":{"name":"Ring Road"}},{"type":"Feature","geometry":{"type":"LineString","coordinates":[[38.70838,8.987174],[38.708278,8.987026],[38.708194,8.986939],[38.707988,8.986762],[38.707829,8.986638],[38.707804,8.986621],[38.707566,8.986469],[38.7066,8.985967],[38.705958,8.985627],[38.705356,8.985321],[38.705304,8.985295],[38.704093,8.984642],[38.703581,8.984407],[38.703198,8.984273],[38.702122,8.984013],[38.700637,8.983671],[38.699141,8.983312],[38.698226,8.9831],[38.697633,8.983001],[38.697184,8.982918],[38.696998,8.982828]]},"properties":{"name":"Ring Road"}},{"type":"Feature","geometry":{"type":"LineString","coordinates":[[38.708532,8.987335],[38.708684,8.987467],[38.70894,8.987723],[38.709186,8.988006],[38.709431,8.988288],[38.709732,8.98863],[38.71004,8.988929],[38.710205,8.989065],[38.710374,8.989191],[38.710658,8.989345],[38.711219,8.989643],[38.71171,8.989917],[38.711897,8.990057],[38.712018,8.990149],[38.712293,8.990404],[38.712622,8.990852],[38.713099,8.991601],[38.713256,8.991828],[38.71343,8.992032],[38.713614,8.9922],[38.713853,8.992369],[38.714115,8.992515],[38.714364,8.992612],[38.714657,8.992684],[38.714998,8.992732],[38.715377,8.992747],[38.71604,8.992761],[38.716509,8.992774],[38.716684,8.992796],[38.716806,8.992828],[38.716969,8.992922]]},"properties":{"name":"Ring Road"}},{"type":"Feature","geometry":{"type":"LineString","coordinates":[[38.717282,8.99284],[38.717294,8.993017],[38.717342,8.99317],[38.717422,8.99336],[38.7175,8.993544],[38.717548,8.993658],[38.717894,8.994404],[38.718082,8.994818],[38.718199,8.995075],[38.71829,8.995346],[38.718369,8.995708],[38.718475,8.996263],[38.718518,8.996566],[38.718653,8.997327],[38.718769,8.997986],[38.718947,8.999104],[38.71902,8.999546],[38.719026,8.999775],[38.719023,9.000002],[38.719019,9.000184],[38.719001,9.000569],[38.71897,9.001071],[38.71894,9.001559],[38.718902,9.002321],[38.71889,9.003234],[38.718869,9.003758],[38.718804,9.004659],[38.718781,9.004928],[38.718759,9.005389],[38.718765,9.005574],[38.718782,9.005791],[38.718803,9.005968],[38.718841,9.006134],[38.718872,9.006296],[38.718938,9.006514],[38.719092,9.006872],[38.719215,9.007021],[38.719341,9.007196],[38.719408,9.007327],[38.719451,9.007418],[38.71959,9.007699],[38.719714,9.007952],[38.719867,9.008304],[38.719986,9.008563],[38.720294,9.009227]]},"properties":{"name":"Ring Road"}},{"type":"Feature","geometry":{"type":"LineString","coordinates":[[38.788826,8.985809],[38.788327,8.985681],[38.786825,8.985235],[38.785531,8.984814],[38.783806,8.984263],[38.783055,8.984027],[38.782131,8.983713],[38.781756,8.983577],[38.780484,8.983078],[38.780113,8.982935],[38.779774,8.982809],[38.779213,8.982598],[38.778411,8.982274],[38.778241,8.982202],[38.777627,8.981962],[38.776685,8.981594],[38.775993,8.981328],[38.775578,8.981169],[38.774793,8.980873],[38.774669,8.980819],[38.77453,8.980759],[38.774449,8.980725],[38.774357,8.980687],[38.772588,8.979982],[38.77233,8.979865],[38.771813,8.979653],[38.77131,8.979443],[38.771007,8.979302],[38.770607,8.979102],[38.770311,8.978935],[38.769967,8.978726],[38.769359,8.97837],[38.768848,8.978066],[38.768397,8.977817],[38.768026,8.977621],[38.767663,8.977417],[38.767429,8.977258],[38.767287,8.977154],[38.767145,8.977036],[38.767034,8.976933],[38.766929,8.976827],[38.766807,8.976686],[38.766616,8.976438],[38.766396,8.976146],[38.766002,8.975568],[38.765861,8.975355],[38.765762,8.975201],[38.765707,8.975112],[38.765632,8.974975],[38.765528,8.974776],[38.765448,8.974589],[38.765404,8.974453],[38.765362,8.97427],[38.765328,8.974089],[38.765305,8.973815],[38.765322,8.973538],[38.765346,8.973347],[38.765394,8.973135],[38.765457,8.972931],[38.765543,8.972736],[38.765626,8.972574],[38.765736,8.972397],[38.765866,8.972193],[38.766161,8.971719],[38.766317,8.971445],[38.766419,8.971229],[38.766539,8.970889],[38.766604,8.970654],[38.766662,8.97041],[38.766708,8.970178],[38.766726,8.969963],[38.766743,8.969537],[38.766705,8.969088],[38.766656,8.968748],[38.766582,8.968452],[38.766443,8.967986],[38.766215,8.967343],[38.766159,8.967129],[38.766126,8.966956],[38.766112,8.966777],[38.766107,8.966588],[38.766121,8.966346],[38.766203,8.965952],[38.76633,8.965447],[38.766354,8.96527],[38.766485,8.964649],[38.766606,8.964053],[38.766664,8.963835],[38.766695,8.963743],[38.766734,8.963585],[38.766769,8.96345],[38.767001,8.962526],[38.767042,8.962376]]},"properties":{"name":"Ring Road"}},{"type":"Feature","geometry":{"type":"LineString","coordinates":[[38.798019,8.9991],[38.797916,8.998935],[38.797705,8.998584],[38.797579,8.998379],[38.797392,8.998084],[38.797244,8.997845],[38.797044,8.997494],[38.79692,8.997236],[38.796821,8.997031],[38.796726,8.996829],[38.796699,8.996758],[38.796669,8.996686],[38.796617,8.996544],[38.796505,8.996209],[38.796393,8.995913],[38.796254,8.995532],[38.796032,8.994883],[38.795935,8.994658],[38.795836,8.994384],[38.795743,8.994088],[38.795603,8.993642],[38.795475,8.993199],[38.795281,8.992664],[38.795137,8.992306],[38.795088,8.992194],[38.795007,8.991958],[38.794913,8.991691],[38.794837,8.991473],[38.794819,8.991431],[38.794746,8.991218],[38.794718,8.991151],[38.794657,8.991006],[38.794583,8.990861],[38.794518,8.990714],[38.794409,8.990495],[38.794315,8.990327],[38.79423,8.990182],[38.794134,8.990036],[38.793812,8.9896],[38.793743,8.989527],[38.793395,8.989154],[38.792628,8.988413],[38.792501,8.988289],[38.792418,8.988188],[38.792348,8.988113],[38.792285,8.988026],[38.79218,8.98787],[38.79214,8.98781],[38.792097,8.987744],[38.792032,8.98753]]},"properties":{"name":"Ring Road"}},{"type":"Feature","geometry":{"type":"LineString","coordinates":[[38.797971,8.999483],[38.797882,8.999333],[38.797795,8.999199],[38.797683,8.999023],[38.797571,8.998831],[38.797447,8.99863],[38.797318,8.998429],[38.797181,8.998205],[38.797071,8.998022],[38.796963,8.997845],[38.796879,8.997711],[38.796802,8.99756],[38.796712,8.997372],[38.796648,8.997241],[38.796562,8.997061],[38.796505,8.996938],[38.796451,8.996767],[38.796336,8.99648],[38.796262,8.996282],[38.796219,8.996162],[38.79612,8.995885],[38.796035,8.995656],[38.795942,8.995387],[38.795802,8.995006],[38.795723,8.994783],[38.795686,8.994685],[38.79564,8.994549],[38.795519,8.994222],[38.795434,8.994012],[38.795339,8.993782],[38.795271,8.993598],[38.795226,8.993481],[38.795147,8.993263],[38.795027,8.992957],[38.794954,8.992731],[38.794824,8.99234],[38.794799,8.992258],[38.794755,8.992134],[38.794679,8.99195],[38.794574,8.991704],[38.794505,8.991508],[38.794431,8.991304],[38.794336,8.991072],[38.794219,8.990841],[38.794151,8.990705],[38.794106,8.990609],[38.794001,8.990411],[38.793896,8.990243],[38.793744,8.990017],[38.793732,8.989987],[38.793597,8.98983],[38.793525,8.989745],[38.793448,8.989666],[38.793137,8.989351],[38.792909,8.989119],[38.792122,8.988359],[38.792081,8.988318],[38.791761,8.988106],[38.791649,8.988039]]},"properties":{"name":"Ring Road"}},{"type":"Feature","geometry":{"type":"LineString","coordinates":[[38.80146,9.021255],[38.80145,9.021185],[38.801441,9.021115],[38.801442,9.02106],[38.801443,9.020962],[38.801463,9.020867],[38.801479,9.020748],[38.801617,9.020018],[38.801699,9.019435],[38.801791,9.018997],[38.801895,9.0186],[38.802012,9.018136],[38.802143,9.017732],[38.802349,9.017225],[38.802569,9.016641],[38.802714,9.01623],[38.802936,9.015615],[38.802971,9.015549],[38.803122,9.015189],[38.803339,9.014606],[38.803998,9.012837],[38.804127,9.012533],[38.804167,9.012365],[38.804215,9.012094],[38.804239,9.011954],[38.804278,9.011541],[38.804286,9.01112],[38.804276,9.010808],[38.804247,9.010534],[38.804196,9.010184],[38.804162,9.010018],[38.804144,9.00988],[38.804098,9.009704],[38.804047,9.00953],[38.803985,9.009357],[38.803923,9.009198],[38.803843,9.008999],[38.803732,9.008723],[38.803639,9.008493],[38.803552,9.008293],[38.80338,9.007955],[38.803258,9.007748],[38.803155,9.007587],[38.803029,9.007378],[38.802886,9.007142],[38.802763,9.006945],[38.802635,9.006742],[38.802504,9.006533],[38.802342,9.006263],[38.802221,9.006061],[38.802105,9.005863],[38.801957,9.005625],[38.801856,9.005456],[38.801736,9.005262],[38.801637,9.005104],[38.801507,9.004894],[38.80142,9.004759],[38.801314,9.004585],[38.801205,9.004408],[38.801069,9.004168],[38.800974,9.004008],[38.800895,9.003881],[38.800792,9.00372],[38.800703,9.003579],[38.800583,9.003378],[38.800521,9.003268],[38.800448,9.003152],[38.800343,9.002967],[38.800254,9.002817],[38.800189,9.002715],[38.800107,9.002582],[38.799998,9.002403],[38.799957,9.002339],[38.799917,9.002275],[38.799843,9.002161],[38.799799,9.002093],[38.799726,9.001975],[38.79951,9.001613],[38.799427,9.001504],[38.799338,9.001363],[38.79922,9.001192],[38.799039,9.0009],[38.798823,9.000544],[38.798453,8.99997],[38.798339,8.999775],[38.7981,8.999375],[38.798029,8.999245],[38.797883,8.999029],[38.797741,8.998798],[38.797512,8.998411],[38.79728,8.998052],[38.797085,8.997723],[38.797001,8.997566],[38.796871,8.997324],[38.796792,8.997156],[38.796745,8.99703],[38.796673,8.996878],[38.796608,8.996717],[38.796562,8.996594],[38.796487,8.996386],[38.796338,8.995989],[38.796174,8.995532],[38.796028,8.995127],[38.79591,8.994799],[38.795763,8.994395],[38.795674,8.994132],[38.795581,8.993833],[38.795449,8.993462],[38.795345,8.993179],[38.795278,8.99301],[38.795218,8.99284]]},"properties":{"name":"Ring Road"}},{"type":"Feature","geometry":{"type":"LineString","coordinates":[[38.717011,8.992949],[38.717135,8.993084],[38.71721,8.993208],[38.717289,8.993357],[38.717408,8.993602],[38.71743,8.99365],[38.717463,8.993717],[38.717566,8.993927],[38.717768,8.99434],[38.718075,8.995006],[38.718148,8.995195],[38.71824,8.995518],[38.718343,8.995978],[38.718441,8.996565],[38.718716,8.998183],[38.718779,8.998629],[38.718879,8.999182],[38.718932,8.999549],[38.718941,8.999718],[38.718945,8.999872],[38.71894,9.000008],[38.718936,9.000188],[38.718928,9.000389],[38.718871,9.001206],[38.718839,9.001741],[38.718814,9.00248],[38.718806,9.003091],[38.718782,9.00384],[38.718749,9.004281],[38.718714,9.004627],[38.718686,9.005064],[38.718672,9.005419],[38.718668,9.005626],[38.718678,9.00586],[38.718723,9.006159],[38.718826,9.006546],[38.718905,9.006758],[38.719056,9.007082]]},"properties":{"name":"Ring Road"}},{"type":"Feature","geometry":{"type":"LineString","coordinates":[[38.714365,9.034781],[38.714403,9.034333],[38.714421,9.034115],[38.714451,9.033781],[38.714461,9.033586],[38.714476,9.033461],[38.714546,9.032638],[38.714546,9.032596],[38.714576,9.032488],[38.714781,9.029235],[38.714876,9.027688],[38.714957,9.026129],[38.715006,9.025365],[38.715055,9.024557],[38.715119,9.023617],[38.715142,9.023252],[38.715157,9.023116],[38.71519,9.022917],[38.715243,9.022706],[38.715367,9.022328],[38.715491,9.022009],[38.716074,9.020438],[38.716241,9.020024],[38.716401,9.019647],[38.716599,9.019248],[38.717106,9.018259],[38.717253,9.017974],[38.71763,9.017242],[38.717715,9.017121],[38.717836,9.016974],[38.717945,9.016855],[38.718043,9.01677],[38.718338,9.016524],[38.718817,9.016138],[38.719266,9.01579]]},"properties":{"name":"Ring Road"}},{"type":"Feature","geometry":{"type":"LineString","coordinates":[[38.714464,9.034832],[38.714487,9.034584],[38.714514,9.034305],[38.714563,9.033789],[38.714586,9.033602],[38.714606,9.033453],[38.714675,9.032689],[38.714678,9.032591],[38.714674,9.032434],[38.714699,9.031861],[38.71475,9.031067],[38.714844,9.029505],[38.714868,9.029067],[38.715045,9.026157],[38.715083,9.025359],[38.715112,9.024875],[38.715135,9.024564],[38.715197,9.023645],[38.715221,9.023253],[38.71524,9.023114],[38.715265,9.022977],[38.715289,9.022868],[38.715409,9.022472],[38.715558,9.022062],[38.715926,9.02109],[38.716098,9.02063],[38.716264,9.020197],[38.716417,9.019818],[38.716648,9.019338],[38.717153,9.018346],[38.717327,9.018008],[38.717407,9.017853],[38.717606,9.017466],[38.717741,9.01724],[38.717842,9.01709],[38.71797,9.016943],[38.718076,9.016845],[38.718275,9.016679],[38.718814,9.016263],[38.719302,9.015899],[38.719818,9.015485],[38.72012,9.015241],[38.720254,9.015117],[38.720363,9.015],[38.720479,9.014853],[38.720575,9.014713],[38.720638,9.0146],[38.720693,9.014471],[38.72078,9.014218],[38.720818,9.014021],[38.720829,9.013914],[38.720835,9.013834],[38.720836,9.013738],[38.720826,9.013462],[38.720818,9.013319],[38.7208,9.012836],[38.720816,9.01259],[38.720843,9.012376],[38.720957,9.011729],[38.720978,9.01163],[38.720996,9.011512],[38.721004,9.011414],[38.721002,9.011281],[38.720994,9.011142],[38.720972,9.010994],[38.720941,9.010851],[38.720909,9.010749],[38.720855,9.010604],[38.720786,9.010445],[38.720616,9.010094],[38.72039,9.00962],[38.720318,9.009472],[38.72017,9.009166],[38.71981,9.008416]]},"properties":{"name":"Ring Road"}},{"type":"Feature","geometry":{"type":"LineString","coordinates":[[38.735048,8.93663],[38.735685,8.936771],[38.736129,8.936842],[38.736653,8.936938],[38.737088,8.936994],[38.73755,8.937057],[38.737835,8.937075],[38.738343,8.937004],[38.738514,8.937023],[38.738807,8.937005],[38.738978,8.936984],[38.740469,8.936782],[38.7415,8.936649],[38.742372,8.936535],[38.743109,8.936425],[38.743377,8.936373],[38.743562,8.93632],[38.743792,8.93622],[38.744032,8.936092],[38.745675,8.935086],[38.746385,8.934676],[38.746906,8.934407],[38.747749,8.934004],[38.747989,8.933883],[38.748217,8.933772],[38.74953,8.933127],[38.752151,8.931824],[38.754071,8.930877],[38.754467,8.930735],[38.754644,8.930684],[38.754837,8.930655],[38.755023,8.930641],[38.755301,8.930642],[38.755615,8.930664],[38.755798,8.930658],[38.75695,8.930765],[38.757405,8.93081],[38.757906,8.930859],[38.758377,8.930911],[38.7588,8.930968],[38.759125,8.931013],[38.75944,8.931082],[38.759773,8.931189],[38.760005,8.931279],[38.760303,8.931421],[38.760849,8.931732],[38.761445,8.932092],[38.762389,8.932646],[38.762819,8.932902],[38.763208,8.933145],[38.76446,8.933857],[38.764888,8.934092],[38.764902,8.9341],[38.766074,8.93473],[38.767735,8.935576],[38.768193,8.935783],[38.768764,8.936046],[38.76894,8.936144],[38.769272,8.936365],[38.769655,8.936677],[38.769948,8.937],[38.770495,8.937753],[38.771104,8.938612],[38.771168,8.938737],[38.771296,8.938977],[38.771365,8.939187],[38.771403,8.939373],[38.77143,8.939546],[38.771443,8.939781],[38.771432,8.940015],[38.771403,8.940199],[38.771375,8.940329],[38.771345,8.94045],[38.771262,8.940699],[38.771196,8.94085],[38.77112,8.940984],[38.770853,8.941419],[38.769743,8.943223],[38.769654,8.943381],[38.769576,8.943539],[38.769545,8.943633],[38.769517,8.943706],[38.769455,8.943875],[38.769431,8.94394],[38.769378,8.944109],[38.769358,8.94421],[38.769336,8.944349],[38.769317,8.944524],[38.769303,8.944703],[38.769286,8.944901],[38.769277,8.945008],[38.769261,8.945184],[38.769253,8.945262],[38.769245,8.945357],[38.76922,8.945625],[38.769208,8.945758],[38.769178,8.94608],[38.769161,8.946263]]},"properties":{"name":"Ring Road"}},{"type":"Feature","geometry":{"type":"LineString","coordinates":[[38.767632,8.95713],[38.7676,8.956777],[38.767595,8.95665],[38.767602,8.956422],[38.767611,8.95622],[38.767678,8.95582],[38.767763,8.955436],[38.768011,8.954304],[38.768112,8.953928],[38.768262,8.953462],[38.768457,8.95298],[38.768567,8.952721],[38.768718,8.952276],[38.76877,8.952087],[38.76881,8.951898],[38.768841,8.951714],[38.768907,8.951042],[38.76899,8.949688],[38.76904,8.949105],[38.769061,8.948818],[38.769087,8.948218],[38.769112,8.947698],[38.769159,8.947231],[38.769178,8.947033],[38.769194,8.946537],[38.769198,8.946425],[38.769186,8.94635],[38.769161,8.946263],[38.769111,8.946887],[38.769064,8.947572],[38.768771,8.951604],[38.768738,8.95183],[38.768689,8.952079],[38.768606,8.952365],[38.768531,8.952568],[38.768207,8.953389],[38.768146,8.953564],[38.768046,8.953882],[38.767951,8.954237],[38.76759,8.955831],[38.767537,8.956137],[38.767515,8.956468],[38.767514,8.956777],[38.767543,8.957108],[38.767635,8.958228],[38.76771,8.95896],[38.767728,8.959388],[38.767721,8.959631],[38.767701,8.959823],[38.767669,8.960021],[38.767538,8.960582],[38.76741,8.961169],[38.767168,8.962273],[38.767147,8.962397],[38.767115,8.962536],[38.766827,8.963795],[38.7668,8.963894],[38.766743,8.96409],[38.766617,8.964691],[38.766475,8.965295],[38.766424,8.965397],[38.766295,8.965921],[38.766234,8.966207],[38.766205,8.966388],[38.766194,8.9666],[38.766193,8.966771],[38.766228,8.967024],[38.766308,8.967346],[38.766499,8.967874],[38.766592,8.968196],[38.766673,8.968427],[38.766767,8.968891],[38.76679,8.969078],[38.76681,8.969267],[38.766827,8.969738],[38.766798,8.970127],[38.766762,8.970387],[38.766723,8.970588],[38.766654,8.970828],[38.766561,8.971093],[38.766457,8.971338],[38.766371,8.971515],[38.76625,8.971733],[38.766087,8.972001],[38.765854,8.972362],[38.76574,8.972542],[38.765631,8.972758],[38.765528,8.972995],[38.765468,8.973179],[38.765419,8.973429],[38.765397,8.973671],[38.765406,8.973943],[38.765439,8.974192],[38.765485,8.974384],[38.765541,8.974522],[38.765637,8.974718],[38.76572,8.97489],[38.765814,8.975069],[38.765864,8.975157],[38.766037,8.975428],[38.766204,8.975686],[38.766479,8.976086],[38.766691,8.976375],[38.766937,8.976691],[38.767016,8.976784],[38.767122,8.97689],[38.767234,8.976973],[38.767428,8.977134],[38.767719,8.977332],[38.768082,8.977538],[38.768773,8.977919],[38.770022,8.978641],[38.77059,8.978999],[38.770922,8.979173],[38.771264,8.979335],[38.771846,8.979574],[38.771955,8.979615],[38.772385,8.979785],[38.772633,8.979896],[38.774187,8.980511],[38.774502,8.980633],[38.774709,8.980722],[38.774841,8.98078],[38.776168,8.981291],[38.776344,8.981361],[38.777653,8.981877],[38.778145,8.982076],[38.778263,8.982121],[38.778451,8.982196],[38.779094,8.982454],[38.77978,8.982725],[38.780499,8.983005],[38.781128,8.983254],[38.781953,8.98357],[38.783879,8.984206],[38.785556,8.984747],[38.786173,8.984945],[38.787021,8.98521],[38.788011,8.985487]]},"properties":{"name":"Ring Road"}},{"type":"Feature","geometry":{"type":"LineString","coordinates":[[38.801238,9.021233],[38.801317,9.021096],[38.801363,9.020948],[38.801397,9.020748],[38.801522,9.020034],[38.801623,9.019412],[38.80174,9.018879],[38.801807,9.01858],[38.801925,9.018136],[38.802071,9.017683],[38.802347,9.016982],[38.802593,9.016317],[38.80287,9.015602],[38.803022,9.015157],[38.80309,9.014957],[38.80321,9.014652],[38.803632,9.013587],[38.80392,9.012832],[38.804021,9.012504],[38.804068,9.012341],[38.804169,9.011814],[38.804206,9.011309],[38.804195,9.01089],[38.804179,9.010618],[38.804117,9.010232],[38.804073,9.009927],[38.804015,9.009719],[38.80397,9.009599],[38.803886,9.009355],[38.803838,9.009232],[38.803693,9.008865],[38.803549,9.008496],[38.803491,9.008356],[38.803267,9.007946],[38.803158,9.007762],[38.802898,9.007329],[38.802671,9.006956],[38.802353,9.006438],[38.802043,9.005938],[38.801879,9.005666],[38.801711,9.005386],[38.801528,9.005091],[38.801333,9.00478],[38.801166,9.004517],[38.801036,9.004299],[38.800887,9.004046],[38.800711,9.003766],[38.800546,9.003503],[38.800473,9.003398],[38.80035,9.003195],[38.800183,9.002898],[38.80002,9.002639],[38.799941,9.002512],[38.799911,9.002464],[38.799861,9.002384],[38.799756,9.002215],[38.799422,9.001676],[38.799344,9.001543],[38.79914,9.001206],[38.799063,9.001083],[38.798952,9.000914],[38.798819,9.000708],[38.798728,9.000561],[38.798593,9.000322],[38.798423,9.000082],[38.798308,8.999885],[38.798095,8.999521],[38.798026,8.999412],[38.797932,8.99925],[38.797767,8.998994],[38.797584,8.998686],[38.797379,8.998349],[38.797079,8.997894],[38.796942,8.997647],[38.796813,8.997397],[38.796741,8.99723],[38.796676,8.997086],[38.796536,8.996739],[38.796503,8.996672],[38.796427,8.996484],[38.796338,8.996249],[38.796251,8.99602],[38.796146,8.995724],[38.796081,8.995539],[38.795987,8.995274],[38.795868,8.994942],[38.795774,8.994703],[38.795675,8.994398],[38.795536,8.994007],[38.795458,8.99382],[38.79538,8.993589],[38.795246,8.993236],[38.795176,8.993036],[38.795102,8.992799],[38.795092,8.992767],[38.794909,8.992244],[38.794815,8.991992],[38.79474,8.991781],[38.794593,8.991406],[38.794489,8.991119],[38.794396,8.990915],[38.794357,8.990831],[38.7943,8.990723],[38.7942,8.990555],[38.794123,8.990414],[38.79404,8.990279],[38.793913,8.990084]]},"properties":{"name":"Ring Road"}},{"type":"Feature","geometry":{"type":"LineString","coordinates":[[38.735223,8.93762],[38.735326,8.937603],[38.735667,8.937538],[38.735995,8.937472],[38.736204,8.937409],[38.736405,8.937373],[38.73703,8.937299],[38.73769,8.937246],[38.738576,8.937121],[38.739134,8.93705],[38.742369,8.9366],[38.74311,8.936507],[38.743381,8.93646],[38.743577,8.936407],[38.743778,8.93633],[38.744047,8.936204],[38.744296,8.936068],[38.745086,8.935603],[38.745862,8.935115],[38.746637,8.934667],[38.747928,8.934011],[38.748172,8.933885],[38.74993,8.933018],[38.750233,8.932871],[38.751515,8.932235],[38.752738,8.931618],[38.754063,8.930974],[38.754547,8.930795],[38.754739,8.930754],[38.755002,8.930728],[38.755436,8.930736],[38.755631,8.930747],[38.755791,8.930779],[38.756397,8.930843],[38.756937,8.930916],[38.757391,8.930952],[38.757721,8.930975],[38.758113,8.931004],[38.75835,8.931019],[38.758786,8.931054],[38.759103,8.931099],[38.759413,8.931171],[38.759725,8.931262],[38.759988,8.931373],[38.760265,8.931513],[38.76077,8.931809],[38.76116,8.932064],[38.761445,8.93223],[38.762047,8.932588],[38.762122,8.932627],[38.762548,8.932866],[38.762756,8.932991],[38.763312,8.933335],[38.763782,8.933593],[38.764465,8.93401],[38.764819,8.934222],[38.764832,8.93423],[38.764905,8.934271],[38.765215,8.934425],[38.765369,8.93451],[38.765996,8.934844],[38.766483,8.935082],[38.767088,8.935359],[38.767701,8.935658],[38.768439,8.936028],[38.768734,8.936174],[38.768909,8.93627],[38.769033,8.936342],[38.769242,8.936492],[38.769412,8.936613],[38.769592,8.936759],[38.769714,8.936884],[38.769872,8.937054],[38.770406,8.937795],[38.771033,8.938643],[38.771099,8.938771],[38.771217,8.939008],[38.771283,8.939209],[38.771319,8.939388],[38.771345,8.939555],[38.771357,8.939782],[38.771347,8.940007],[38.771325,8.940143],[38.771308,8.940252],[38.771282,8.94036],[38.771231,8.940513],[38.771169,8.940669],[38.771107,8.940809],[38.771034,8.940938],[38.770756,8.941396],[38.769658,8.943195],[38.769579,8.94334],[38.769527,8.943435],[38.769457,8.943591],[38.769367,8.943816],[38.769303,8.943992],[38.769256,8.944178],[38.769246,8.94423],[38.769225,8.944329],[38.76921,8.944429],[38.769199,8.944504],[38.76919,8.944597],[38.769178,8.944676],[38.769171,8.944879],[38.769158,8.94498],[38.769143,8.945182],[38.769143,8.945235],[38.769135,8.94532],[38.769104,8.945608],[38.769094,8.945783],[38.769068,8.946257]]},"properties":{"name":"Ring Road"}},{"type":"Feature","geometry":{"type":"LineString","coordinates":[[38.721838,8.969082],[38.721482,8.969284],[38.721277,8.969421],[38.721037,8.969581],[38.719807,8.970325],[38.718576,8.971106],[38.71806,8.97142],[38.717817,8.971537],[38.717587,8.971647],[38.717347,8.971724],[38.717256,8.971745],[38.714549,8.972238],[38.71398,8.972333],[38.713459,8.972459],[38.713199,8.972539],[38.712832,8.97266],[38.712351,8.972867],[38.711355,8.973307],[38.709764,8.974016],[38.709394,8.974189],[38.707866,8.974868],[38.705353,8.975988],[38.702863,8.977098],[38.702102,8.977447],[38.701657,8.977709],[38.701185,8.978059],[38.700805,8.978423],[38.7003,8.979027],[38.699992,8.97938],[38.698194,8.981547],[38.698052,8.981718],[38.697704,8.982146],[38.697513,8.982382],[38.697457,8.982493],[38.697276,8.982767]]},"properties":{"name":"Ring Road"}},{"type":"Feature","geometry":{"type":"LineString","coordinates":[[38.713538,9.05689],[38.713662,9.057118],[38.713695,9.057174],[38.713758,9.057277],[38.713889,9.057497],[38.713978,9.057648],[38.714073,9.057841],[38.714151,9.057999],[38.714232,9.058188],[38.714265,9.05829],[38.714301,9.058413],[38.714327,9.058502],[38.714357,9.058644],[38.7144,9.058839],[38.714438,9.059077],[38.714486,9.059488],[38.714538,9.060005],[38.714586,9.060331],[38.714623,9.060583],[38.714694,9.061281],[38.714741,9.061702],[38.714801,9.06209],[38.714778,9.062481],[38.714766,9.06263],[38.714742,9.062777],[38.714865,9.064574],[38.714929,9.065234],[38.71503,9.065719],[38.715169,9.066207],[38.715288,9.066489],[38.715408,9.066747],[38.715545,9.06705],[38.715715,9.067327],[38.716183,9.067936],[38.716587,9.068367],[38.717279,9.068917],[38.717516,9.069069],[38.717772,9.069191],[38.718125,9.069361],[38.718511,9.069514],[38.718818,9.069618],[38.719158,9.069706],[38.719485,9.069751],[38.719654,9.069795],[38.719939,9.069812],[38.720234,9.069829],[38.720577,9.069822],[38.720876,9.069794],[38.721289,9.069722],[38.721612,9.069644],[38.721905,9.069569],[38.72225,9.069453],[38.722467,9.069366],[38.72265,9.069273],[38.722968,9.069108],[38.723087,9.069035],[38.723311,9.068862],[38.723515,9.068729],[38.723883,9.068439],[38.724176,9.068207],[38.727036,9.065936]]},"properties":{"name":"Ring Road"}},{"type":"Feature","geometry":{"type":"LineString","coordinates":[[38.727099,9.066015],[38.72398,9.068492],[38.723705,9.06871],[38.723355,9.068978],[38.723161,9.069113],[38.722955,9.069215],[38.722669,9.069362],[38.722369,9.069506],[38.722063,9.069618],[38.721591,9.06976],[38.721263,9.069836],[38.72086,9.069897],[38.720648,9.069913],[38.720363,9.069924],[38.719956,9.06992],[38.719852,9.069918],[38.719555,9.069896],[38.719282,9.069853],[38.718744,9.069717],[38.718438,9.069628],[38.718112,9.069498],[38.717733,9.06931],[38.717439,9.069147],[38.717159,9.068965],[38.716828,9.068708],[38.716408,9.068337],[38.716091,9.068007],[38.715967,9.067864],[38.71585,9.067713],[38.715632,9.067411],[38.715529,9.067243],[38.715429,9.067081],[38.715342,9.066904],[38.715263,9.066723],[38.715147,9.066446],[38.715042,9.066146],[38.714951,9.065864],[38.714882,9.065574],[38.714785,9.065017],[38.714765,9.064853],[38.714749,9.06468],[38.714735,9.064493],[38.714634,9.062817]]},"properties":{"name":"Ring Road"}},{"type":"Feature","geometry":{"type":"LineString","coordinates":[[38.767042,8.962376],[38.767095,8.962198],[38.76739,8.960871],[38.767574,8.96001],[38.767599,8.959829],[38.767621,8.95967],[38.767627,8.959393],[38.767607,8.95896],[38.767547,8.958255],[38.767438,8.956982],[38.767429,8.956806],[38.767426,8.956541],[38.767442,8.956315],[38.767466,8.956088],[38.767591,8.955457],[38.767872,8.954191],[38.767983,8.953796],[38.768096,8.953458],[38.768414,8.952637],[38.768488,8.952436],[38.768555,8.952241],[38.768597,8.952077],[38.768644,8.951882],[38.768681,8.951609],[38.768704,8.951352],[38.768744,8.950855],[38.768889,8.948867],[38.768975,8.947562],[38.769068,8.946257],[38.76903,8.946325],[38.769011,8.946382],[38.768991,8.946515],[38.768942,8.946839],[38.768928,8.947101],[38.76888,8.947694],[38.768854,8.948193],[38.768803,8.948857],[38.768751,8.949672],[38.76872,8.950176],[38.768666,8.951105],[38.768635,8.951467],[38.768607,8.951616],[38.768592,8.951744],[38.768554,8.951924],[38.768487,8.952164],[38.7684,8.952443],[38.768216,8.952928],[38.768085,8.953255],[38.767955,8.953597],[38.767828,8.954067],[38.767702,8.95462],[38.767584,8.955114],[38.767431,8.955792],[38.76737,8.956099],[38.767353,8.956295],[38.767342,8.95658],[38.767356,8.956827],[38.767369,8.957089],[38.767391,8.957413],[38.76744,8.957981],[38.767491,8.958495],[38.767526,8.958885],[38.767545,8.959118],[38.76755,8.959308],[38.767547,8.959522],[38.767534,8.959763],[38.767521,8.959913],[38.767509,8.959992],[38.767383,8.960521],[38.767226,8.961224],[38.767151,8.961573],[38.767024,8.962179],[38.767042,8.962376]]},"properties":{"name":"Ring Road"}},{"type":"Feature","geometry":{"type":"LineString","coordinates":[[38.732663,8.96448],[38.732714,8.964477],[38.73276,8.964475],[38.732803,8.964474]]},"properties":{"name":"German Square"}},{"type":"Feature","geometry":{"type":"LineString","coordinates":[[38.732708,8.964581],[38.732806,8.96458]]},"properties":{"name":"German Square"}},{"type":"Feature","geometry":{"type":"LineString","coordinates":[[38.732803,8.964474],[38.732954,8.964486],[38.732948,8.964517],[38.732942,8.964555],[38.732939,8.964587],[38.732806,8.96458],[38.732803,8.964474]]},"properties":{"name":"German Square"}},{"type":"Feature","geometry":{"type":"LineString","coordinates":[[38.732939,8.964587],[38.732941,8.964666],[38.732943,8.964725],[38.732949,8.964811],[38.732953,8.964914],[38.732956,8.965013],[38.732943,8.965318],[38.732922,8.965437],[38.7329,8.965524],[38.732877,8.965592],[38.732858,8.965649],[38.73277,8.965871],[38.732684,8.9661],[38.732631,8.966238],[38.732543,8.966425],[38.732439,8.966638],[38.732341,8.96682],[38.732274,8.966933],[38.732156,8.967098],[38.73206,8.967222],[38.731904,8.967411],[38.731781,8.96757],[38.731692,8.967692],[38.731611,8.967823],[38.731558,8.967923],[38.73153,8.967989],[38.73146,8.968167],[38.731436,8.96826],[38.73142,8.968352],[38.731403,8.968464],[38.731397,8.968598],[38.7314,8.968793],[38.731406,8.96909],[38.731415,8.969314],[38.731424,8.969631],[38.731428,8.96983],[38.731433,8.970138],[38.73143,8.970367],[38.731423,8.970746],[38.731417,8.970823],[38.731375,8.97122],[38.73128,8.971709],[38.73124,8.971921],[38.731157,8.972296],[38.731142,8.972501],[38.731174,8.972685],[38.73124,8.972884],[38.731341,8.973073],[38.731459,8.973233],[38.731612,8.973385],[38.731941,8.973628],[38.731992,8.973666],[38.732208,8.973825],[38.732247,8.973859],[38.73231,8.97391],[38.732496,8.974078],[38.73274,8.974316],[38.73277,8.974347]]},"properties":{"name":"Guinea-Bissau street"}},{"type":"Feature","geometry":{"type":"LineString","coordinates":[[38.734261,8.982917],[38.734272,8.983009],[38.734282,8.983091],[38.734321,8.983198],[38.734365,8.983283],[38.734458,8.983409],[38.73458,8.983516],[38.734725,8.983598],[38.734867,8.983643],[38.735026,8.983668],[38.735115,8.983684],[38.735301,8.983705],[38.735757,8.983747],[38.735852,8.983766],[38.73617,8.983898],[38.736452,8.984082],[38.736952,8.984495],[38.737172,8.984682],[38.737431,8.984936],[38.73751,8.985038],[38.737577,8.985155],[38.737611,8.985283],[38.737637,8.98543],[38.737636,8.985528],[38.737632,8.985851],[38.737628,8.98623],[38.737616,8.987281],[38.737615,8.987363],[38.737613,8.988449],[38.737605,8.988721],[38.737613,8.989207],[38.737666,8.989497],[38.737706,8.989637],[38.737776,8.989807],[38.737927,8.990123],[38.738039,8.990389],[38.738129,8.990647],[38.738182,8.99083],[38.738218,8.991033],[38.738244,8.991179],[38.738258,8.991363],[38.738271,8.991683],[38.738321,8.992549],[38.738351,8.992958],[38.738442,8.994205],[38.738599,8.995175]]},"properties":{"name":"Egypt Street"}},{"type":"Feature","geometry":{"type":"LineString","coordinates":[[38.738481,8.995195],[38.738298,8.994184],[38.738177,8.992468],[38.738171,8.992436],[38.738166,8.992247],[38.738159,8.991927],[38.738147,8.991412],[38.738142,8.991313],[38.738117,8.991047],[38.738065,8.990801],[38.737831,8.990186],[38.737686,8.989869],[38.737578,8.9896],[38.737533,8.989437],[38.737507,8.989223],[38.737501,8.988763],[38.737509,8.987811],[38.737533,8.986671],[38.737534,8.98605],[38.737517,8.985451],[38.737499,8.985316],[38.73746,8.985202],[38.737403,8.9851],[38.737304,8.984953],[38.737125,8.984773],[38.736892,8.984597],[38.736316,8.984107],[38.736048,8.983936],[38.735885,8.983876],[38.735713,8.983843],[38.735258,8.983796],[38.735113,8.983789],[38.734884,8.983752],[38.734653,8.983674],[38.734533,8.983614],[38.73442,8.983523],[38.734298,8.983373],[38.73424,8.98327],[38.734198,8.983161],[38.734157,8.983059],[38.734134,8.982998],[38.734097,8.982902]]},"properties":{"name":"Egypt Street"}},{"type":"Feature","geometry":{"type":"LineString","coordinates":[[38.738599,8.995175],[38.738688,8.995414],[38.738765,8.995638],[38.738837,8.995827],[38.738938,8.996057],[38.739095,8.996383],[38.739169,8.996538],[38.739238,8.9967],[38.739354,8.997038],[38.739391,8.997175],[38.739422,8.997372],[38.739464,8.9979],[38.739501,8.998364],[38.739503,8.998444],[38.73955,8.998901],[38.739568,8.999098],[38.739572,8.999117],[38.739594,8.999233],[38.739618,8.999356],[38.739638,8.999432],[38.739712,8.99959],[38.739841,8.999841],[38.739873,8.999903],[38.739943,9.000038],[38.739982,9.000122],[38.74005,9.000269],[38.740091,9.000368],[38.740136,9.000477],[38.740382,9.000968],[38.740674,9.001609],[38.741136,9.002607],[38.741486,9.003353],[38.741685,9.003797],[38.741891,9.004259],[38.742115,9.004733],[38.742178,9.004864],[38.7422,9.004918],[38.742257,9.005055],[38.742418,9.005307],[38.742765,9.006131],[38.742965,9.006587],[38.743363,9.007451],[38.743692,9.00817],[38.744019,9.008867],[38.744208,9.009299],[38.744233,9.009356],[38.744252,9.009454],[38.744234,9.009655],[38.744249,9.009819],[38.744273,9.009917],[38.744304,9.010019]]},"properties":{"name":"Roosevelt Street"}},{"type":"Feature","geometry":{"type":"LineString","coordinates":[[38.744123,9.010095],[38.744131,9.009943],[38.744132,9.009802],[38.744152,9.009466],[38.74406,9.009223],[38.743577,9.008221],[38.743243,9.007496],[38.742651,9.006187],[38.742144,9.005103],[38.742077,9.004967],[38.742056,9.004916],[38.741998,9.004788],[38.741564,9.003857],[38.741011,9.002666],[38.740552,9.001675],[38.740478,9.001524],[38.740267,9.001068],[38.740021,9.000533],[38.739992,9.000463],[38.739987,9.000453],[38.739926,9.000332],[38.739852,9.000184],[38.739811,9.000103],[38.739751,8.999967],[38.739724,8.999885],[38.739617,8.999615],[38.739601,8.999576],[38.739554,8.999459],[38.739476,8.999176],[38.739472,8.999145],[38.739458,8.99906],[38.739436,8.998924],[38.739395,8.998432],[38.739388,8.99834],[38.739364,8.997992],[38.739307,8.997394],[38.739292,8.997308],[38.739227,8.997052],[38.739153,8.996848],[38.738734,8.995889],[38.738576,8.995475],[38.738481,8.995195]]},"properties":{"name":"Roosevelt Street"}},{"type":"Feature","geometry":{"type":"LineString","coordinates":[[38.734801,8.93795],[38.734839,8.938321]]},"properties":{"name":"NL_12_4 St."}},{"type":"Feature","geometry":{"type":"LineString","coordinates":[[38.734839,8.938321],[38.734879,8.938736],[38.734908,8.938957],[38.734938,8.939163],[38.734967,8.939388],[38.734997,8.939604],[38.735024,8.939792],[38.735057,8.940159],[38.735093,8.940409],[38.735134,8.940636],[38.735146,8.940718],[38.735266,8.94151],[38.735307,8.942073],[38.735325,8.942416],[38.735327,8.942499],[38.735289,8.942913],[38.735249,8.943334],[38.735146,8.943844],[38.73501,8.94439],[38.734757,8.945247],[38.734575,8.945845],[38.73446,8.946229],[38.734438,8.946303],[38.734277,8.94685],[38.734234,8.947009],[38.734199,8.947104],[38.734099,8.947315],[38.734065,8.947357],[38.73402,8.9474]]},"properties":{"name":"NL_12_4 Street"}},{"type":"Feature","geometry":{"type":"LineString","coordinates":[[38.749821,8.946516],[38.749381,8.946554],[38.749249,8.946565],[38.749138,8.946583],[38.748765,8.946632],[38.748384,8.946667],[38.748335,8.946675],[38.74822,8.946688],[38.747716,8.946767],[38.746371,8.946891],[38.74559,8.946952],[38.745393,8.946967],[38.744376,8.947054],[38.744328,8.947058],[38.743897,8.947097],[38.743671,8.947101],[38.743408,8.947085],[38.743023,8.947027],[38.742687,8.946959],[38.742396,8.946891],[38.742039,8.946803],[38.741944,8.946782],[38.741516,8.946678],[38.741475,8.946668],[38.740652,8.946457],[38.740257,8.946362],[38.739816,8.94625],[38.739517,8.946195],[38.739439,8.946182],[38.739228,8.946109],[38.739116,8.946069],[38.739041,8.946047],[38.738973,8.946037],[38.738909,8.946057],[38.738873,8.946075],[38.738811,8.94612]]},"properties":{"name":"NL_12_4903 Street"}},{"type":"Feature","geometry":{"type":"LineString","coordinates":[[38.750012,8.948953],[38.749998,8.948864],[38.749966,8.948664],[38.749955,8.948558],[38.749938,8.948435],[38.749918,8.948209],[38.749844,8.947292],[38.749837,8.94681],[38.749821,8.946516]]},"properties":{"name":"NL_12_4710 Street"}},{"type":"Feature","geometry":{"type":"LineString","coordinates":[[38.748944,8.957819],[38.748771,8.957809],[38.748568,8.957803],[38.748449,8.957807],[38.748331,8.957814],[38.748079,8.957837],[38.747985,8.957843],[38.747818,8.957869],[38.747754,8.957886],[38.747509,8.957978],[38.746967,8.958216],[38.746689,8.958329],[38.746622,8.958357],[38.746564,8.958377],[38.746495,8.958392],[38.746362,8.958416],[38.746134,8.958435],[38.745912,8.958449],[38.74561,8.958456],[38.745416,8.958451],[38.745229,8.958441],[38.745117,8.958422],[38.745002,8.958392],[38.744909,8.958352],[38.74482,8.958303],[38.744761,8.958251],[38.744708,8.958187],[38.744683,8.958145],[38.744663,8.958103],[38.744625,8.957982],[38.744593,8.957879],[38.744514,8.957617],[38.744481,8.957521],[38.744449,8.957449],[38.744407,8.957364],[38.744357,8.95728],[38.744147,8.957013],[38.744036,8.956876],[38.743961,8.956772],[38.7439,8.956658],[38.743863,8.956564],[38.743858,8.956548],[38.743847,8.956512],[38.743804,8.956374],[38.743791,8.956308],[38.743775,8.956229],[38.743763,8.956189]]},"properties":{"name":"NL_12_4915 Street"}},{"type":"Feature","geometry":{"type":"LineString","coordinates":[[38.748942,8.957857],[38.748769,8.957844],[38.748677,8.957837],[38.748449,8.957839],[38.748336,8.957846],[38.748065,8.957873],[38.747998,8.95788],[38.747945,8.957886],[38.747833,8.957901],[38.747765,8.957921],[38.747516,8.958014],[38.74727,8.95812],[38.747134,8.958179],[38.746924,8.958271],[38.746636,8.958388],[38.746566,8.958412],[38.746497,8.958428],[38.74637,8.958449],[38.746152,8.958471],[38.745964,8.958484],[38.745795,8.958488],[38.745596,8.958491],[38.745351,8.958483],[38.745219,8.958471],[38.745095,8.958449],[38.744991,8.958423],[38.744875,8.958373],[38.744788,8.958321],[38.744734,8.958272],[38.744687,8.958214],[38.744655,8.958165],[38.744636,8.958118],[38.744566,8.957891],[38.744488,8.957632],[38.744424,8.957463],[38.744378,8.957372],[38.744328,8.957291],[38.744237,8.957178],[38.7441,8.957018],[38.744037,8.95695],[38.744003,8.956905],[38.743953,8.956822],[38.743896,8.956729],[38.743863,8.956666],[38.743846,8.956636],[38.743809,8.956557],[38.743756,8.956384],[38.743743,8.956339],[38.743726,8.956268],[38.743714,8.956232],[38.743691,8.956198]]},"properties":{"name":"NL_12_4915 Street"}},{"type":"Feature","geometry":{"type":"LineString","coordinates":[[38.749791,8.958662],[38.749596,8.958847],[38.749403,8.959024],[38.749225,8.959178],[38.749035,8.959353],[38.748975,8.959404],[38.748805,8.959574],[38.748736,8.95966],[38.748685,8.959738],[38.748657,8.95979],[38.748637,8.959838],[38.748606,8.959927],[38.748591,8.960003],[38.748576,8.960187],[38.748572,8.960402],[38.748583,8.960639],[38.748633,8.961236],[38.748651,8.961501],[38.748649,8.961566],[38.748609,8.96179],[38.748528,8.962093],[38.748499,8.962271],[38.748499,8.962458],[38.748534,8.962824],[38.748613,8.963491],[38.748684,8.964229],[38.748712,8.965397],[38.748731,8.965991],[38.748739,8.966464],[38.748743,8.966801],[38.748739,8.96704],[38.748748,8.967392],[38.748763,8.967808],[38.748759,8.967893],[38.748772,8.969547],[38.748772,8.969822],[38.748786,8.970359],[38.7488,8.970872],[38.74879,8.971537],[38.748788,8.972253],[38.748789,8.972856],[38.748819,8.973419],[38.748833,8.973668],[38.748855,8.974189],[38.748927,8.975366],[38.748968,8.975873],[38.74897,8.975898],[38.749037,8.976071],[38.749084,8.976186]]},"properties":{"name":"Mauritius Street"}},{"type":"Feature","geometry":{"type":"LineString","coordinates":[[38.749764,8.95864],[38.74957,8.958824],[38.749375,8.958995],[38.749211,8.959143],[38.749099,8.959249],[38.749012,8.959329],[38.748881,8.95945],[38.748778,8.95955],[38.748697,8.95965],[38.748643,8.959726],[38.748611,8.959777],[38.748588,8.95984],[38.748565,8.959915],[38.748547,8.960003],[38.748533,8.960177],[38.748535,8.9604],[38.748547,8.960635],[38.748594,8.961237],[38.748598,8.961434],[38.748598,8.961553],[38.748591,8.961632],[38.748554,8.961764],[38.748485,8.962],[38.748465,8.962094],[38.74845,8.962166],[38.748435,8.962356],[38.748434,8.96246],[38.74847,8.96289],[38.748514,8.963288],[38.748537,8.963497],[38.74858,8.963862],[38.748618,8.964229],[38.748649,8.9654],[38.748662,8.965989],[38.748665,8.966465],[38.748672,8.966799],[38.748674,8.967039],[38.748694,8.967813],[38.748694,8.967893],[38.748712,8.968451],[38.748715,8.969107],[38.748712,8.969554],[38.74871,8.969819],[38.748715,8.970075],[38.748722,8.970359],[38.74873,8.970875],[38.748715,8.971708],[38.748717,8.972251],[38.748722,8.972852],[38.748742,8.97342],[38.748757,8.973677],[38.748783,8.974198],[38.748862,8.975369],[38.748884,8.975882],[38.748884,8.975898],[38.748876,8.976076],[38.748817,8.976244]]},"properties":{"name":"Mauritius Street"}},{"type":"Feature","geometry":{"type":"LineString","coordinates":[[38.749177,8.976553],[38.749092,8.976662],[38.749076,8.976746],[38.749076,8.976877],[38.749088,8.97698],[38.749099,8.977079],[38.749101,8.977092],[38.749104,8.977123],[38.74916,8.977615],[38.749219,8.978084],[38.749225,8.978138],[38.749312,8.978915],[38.749358,8.979055],[38.749453,8.979348],[38.749501,8.9797],[38.749564,8.980235],[38.749601,8.98053],[38.749651,8.980873],[38.74973,8.981398],[38.749774,8.981747],[38.749795,8.981864],[38.749947,8.9827],[38.750044,8.983457],[38.750095,8.983698],[38.75019,8.983984],[38.750255,8.984184],[38.750312,8.984332],[38.750425,8.984597]]},"properties":{"name":"Gofa Mazoria to Mebrathail"}},{"type":"Feature","geometry":{"type":"LineString","coordinates":[[38.750151,8.984732],[38.75008,8.984535],[38.749979,8.984255],[38.749945,8.984168],[38.749913,8.984073],[38.749819,8.983771],[38.749786,8.983654],[38.749762,8.983479],[38.749656,8.982664],[38.749603,8.98177],[38.749557,8.981427],[38.74949,8.980891],[38.74945,8.98056],[38.749413,8.980263],[38.749345,8.979721],[38.749265,8.979067],[38.749247,8.978922],[38.749204,8.97858],[38.74915,8.978141],[38.749145,8.978089],[38.749082,8.97762],[38.749028,8.977115],[38.749025,8.977096],[38.749023,8.977085],[38.749008,8.976977],[38.748993,8.976866],[38.748961,8.976769],[38.748928,8.976709],[38.748875,8.976609]]},"properties":{"name":"Gofa Mazoria to Mebrathail"}},{"type":"Feature","geometry":{"type":"LineString","coordinates":[[38.748587,8.985341],[38.749936,8.984816],[38.750151,8.984732],[38.750274,8.984672],[38.750425,8.984597],[38.750653,8.984508],[38.750822,8.984442],[38.751267,8.984255],[38.751594,8.984112],[38.751706,8.984066],[38.751872,8.983994],[38.752086,8.983919],[38.752531,8.983787],[38.752678,8.983723],[38.752996,8.983578],[38.753153,8.983503],[38.753783,8.983247],[38.754203,8.983072],[38.754644,8.982887],[38.755068,8.98271],[38.755624,8.982478],[38.756085,8.98228],[38.75645,8.982126],[38.756584,8.982064],[38.757311,8.981749],[38.75792,8.981525],[38.758328,8.981356]]},"properties":{"name":"Dej Beyene Merid Street"}},{"type":"Feature","geometry":{"type":"LineString","coordinates":[[38.758372,8.981422],[38.757961,8.98162],[38.756838,8.982081],[38.756625,8.982165],[38.756499,8.982222],[38.756053,8.982418],[38.755777,8.982528],[38.755674,8.982571],[38.754694,8.982971],[38.753999,8.983278],[38.753912,8.983313],[38.753828,8.983352],[38.753176,8.983632],[38.753025,8.983689],[38.752724,8.98383],[38.752398,8.983976],[38.752172,8.984134],[38.752111,8.984182],[38.751783,8.984324],[38.75169,8.984362],[38.751344,8.984515],[38.750926,8.984693],[38.750698,8.984805],[38.750539,8.984873],[38.75037,8.984936],[38.750247,8.984983],[38.749964,8.985083],[38.74911,8.985385],[38.748668,8.985567],[38.74814,8.985807]]},"properties":{"name":"Dej Beyene Merid Street"}},{"type":"Feature","geometry":{"type":"LineString","coordinates":[[38.748648,8.986915],[38.748654,8.987],[38.748657,8.987085],[38.748647,8.987238],[38.748632,8.987432],[38.748625,8.987517],[38.748607,8.987744],[38.748586,8.987939],[38.748504,8.988629],[38.748466,8.989167],[38.748434,8.989428],[38.748408,8.989706],[38.748333,8.990448],[38.748313,8.99064],[38.748286,8.990884],[38.748256,8.991153],[38.748152,8.992178],[38.748134,8.992306],[38.748106,8.992488],[38.74801,8.993465],[38.747953,8.994048],[38.747937,8.994217],[38.74792,8.994385]]},"properties":{"name":"Tanzania Street"}},{"type":"Feature","geometry":{"type":"LineString","coordinates":[[38.747791,8.994517],[38.747802,8.994389],[38.747819,8.994206],[38.747828,8.994109],[38.747857,8.993795],[38.74792,8.993103],[38.747995,8.992424],[38.748019,8.992137],[38.748152,8.990841],[38.748176,8.990622],[38.748191,8.990376],[38.748261,8.989849],[38.74831,8.989398],[38.74834,8.989144],[38.748367,8.988887],[38.748454,8.988029],[38.748466,8.987911],[38.748484,8.987725],[38.748548,8.987151],[38.748559,8.987046],[38.748549,8.986942],[38.748508,8.986833]]},"properties":{"name":"Tanzania Street"}},{"type":"Feature","geometry":{"type":"LineString","coordinates":[[38.74792,8.994385],[38.747904,8.994513],[38.747858,8.994755],[38.747823,8.994988],[38.747817,8.995029],[38.747791,8.995248],[38.747763,8.995512],[38.747726,8.995896],[38.747714,8.996031],[38.747575,8.99745],[38.747458,8.998393],[38.747406,8.998738],[38.747327,8.999259],[38.747267,8.999805],[38.747228,9.000097]]},"properties":{"name":"Beyene Merid Street"}},{"type":"Feature","geometry":{"type":"LineString","coordinates":[[38.747143,9.000083],[38.747225,8.999409],[38.747318,8.998727],[38.747496,8.997335],[38.747517,8.997171],[38.747633,8.995995],[38.74764,8.995925],[38.747716,8.995243],[38.747743,8.994937],[38.747762,8.994756],[38.747766,8.994727],[38.747791,8.994517]]},"properties":{"name":"Beyene Merid Street"}},{"type":"Feature","geometry":{"type":"LineString","coordinates":[[38.747228,9.000097],[38.747209,9.000271],[38.747186,9.000541],[38.747178,9.000624],[38.747134,9.001055],[38.747106,9.001353],[38.747049,9.001936],[38.747004,9.002374],[38.746974,9.00274],[38.746917,9.003307],[38.746909,9.00341],[38.746901,9.003498],[38.746799,9.004514],[38.74676,9.004805],[38.746711,9.005325],[38.746681,9.005639],[38.746629,9.006309],[38.746566,9.006848],[38.746556,9.00693],[38.746508,9.007421],[38.746481,9.007709],[38.746405,9.00836],[38.746343,9.009033],[38.74631,9.009441],[38.746279,9.009846],[38.746239,9.01037],[38.746237,9.010408],[38.746236,9.010433]]},"properties":{"name":"Mozambique Street"}},{"type":"Feature","geometry":{"type":"LineString","coordinates":[[38.747143,9.000083],[38.747101,9.000536],[38.74705,9.001045],[38.746966,9.001925],[38.74689,9.00273],[38.746838,9.003268],[38.746718,9.004505],[38.746622,9.00532],[38.746542,9.006301],[38.746501,9.006785],[38.746405,9.007697],[38.74636,9.008096],[38.746269,9.009046],[38.746227,9.009434],[38.746202,9.009776],[38.746194,9.009876],[38.746156,9.010402],[38.746152,9.010426]]},"properties":{"name":"Mozambique Street"}},{"type":"Feature","geometry":{"type":"LineString","coordinates":[[38.748587,8.985341],[38.74802,8.985519],[38.747892,8.985571],[38.747345,8.985838],[38.747269,8.985884],[38.747037,8.986022],[38.746776,8.986192],[38.746268,8.986561],[38.746101,8.98668],[38.745878,8.986892],[38.745739,8.987066],[38.745508,8.987299],[38.745297,8.987487],[38.744927,8.987851],[38.744433,8.988325],[38.743998,8.988714],[38.743809,8.988852],[38.743618,8.988985],[38.743278,8.989212],[38.742976,8.989393],[38.742718,8.989555],[38.742659,8.989593],[38.742374,8.98976],[38.741748,8.99013],[38.741682,8.990166],[38.741055,8.990546],[38.740507,8.99091],[38.740237,8.991107],[38.740125,8.991215],[38.739918,8.991449],[38.739745,8.991715],[38.739695,8.991791],[38.73952,8.992138],[38.739268,8.992651],[38.739232,8.992763],[38.739177,8.992943],[38.739145,8.993048],[38.739088,8.993491],[38.739069,8.993842],[38.739059,8.993897],[38.739046,8.993945],[38.739013,8.993995],[38.738973,8.994038],[38.738903,8.994098],[38.738822,8.994157],[38.738739,8.994228]]},"properties":{"name":"Alexander Pushkin Avenue"}},{"type":"Feature","geometry":{"type":"LineString","coordinates":[[38.738917,8.9945],[38.739013,8.994302],[38.739117,8.994027],[38.739205,8.993318],[38.739258,8.99297],[38.739348,8.992671],[38.739811,8.991762],[38.739843,8.991712],[38.740033,8.991427],[38.740149,8.991293],[38.740241,8.991208],[38.740407,8.991067],[38.740557,8.99096],[38.741105,8.990623],[38.741361,8.99047],[38.741818,8.990189],[38.741911,8.990134],[38.74255,8.989762],[38.742711,8.989668],[38.743326,8.989273],[38.743706,8.989015],[38.744031,8.988784],[38.744495,8.988396],[38.744825,8.98809],[38.74523,8.987731],[38.745657,8.98733],[38.745833,8.987183],[38.746079,8.987051],[38.746541,8.986709],[38.74676,8.986561],[38.74718,8.98627],[38.747411,8.986124],[38.747655,8.985993],[38.747847,8.985912],[38.748031,8.985855]]},"properties":{"name":"Alexander Pushkin Avenue"}},{"type":"Feature","geometry":{"type":"LineString","coordinates":[[38.743691,8.956198],[38.743763,8.956189],[38.743913,8.956182],[38.744979,8.956208],[38.745041,8.956193],[38.745084,8.956143]]},"properties":{"name":"NL_12_4799 Street"}},{"type":"Feature","geometry":{"type":"LineString","coordinates":[[38.745084,8.956143],[38.745096,8.956096],[38.745097,8.956032],[38.745083,8.955857],[38.745052,8.95553],[38.745023,8.955203],[38.745001,8.954875],[38.744971,8.954557],[38.744956,8.954361],[38.744939,8.954235],[38.744911,8.953904],[38.744877,8.953579],[38.744851,8.953261],[38.744818,8.952858]]},"properties":{"name":"NL_12_4812 Street"}},{"type":"Feature","geometry":{"type":"LineString","coordinates":[[38.744818,8.952858],[38.744788,8.952567],[38.744763,8.952274],[38.74476,8.952231],[38.744725,8.951956],[38.744721,8.951918],[38.744707,8.951647],[38.744701,8.951573],[38.744682,8.951306],[38.744676,8.951243],[38.744657,8.950998],[38.744648,8.950912],[38.744627,8.950677],[38.744615,8.950575],[38.744507,8.949492],[38.744492,8.94932],[38.744487,8.949276],[38.744474,8.94913],[38.744459,8.948964],[38.744437,8.948638],[38.744425,8.948509],[38.744417,8.948385],[38.744412,8.948338],[38.744383,8.948018],[38.744355,8.947693],[38.744326,8.947377]]},"properties":{"name":"NL_12_4814 Street"}},{"type":"Feature","geometry":{"type":"LineString","coordinates":[[38.744326,8.947368],[38.744315,8.947184],[38.744328,8.947058]]},"properties":{"name":"NL_12_4814 Street"}},{"type":"Feature","geometry":{"type":"LineString","coordinates":[[38.777728,9.057009],[38.777881,9.057075],[38.777986,9.057118],[38.778085,9.057158],[38.778402,9.057259],[38.77861,9.057345],[38.778733,9.057399],[38.778821,9.057455],[38.778949,9.057575],[38.779069,9.057721],[38.779446,9.058258],[38.779629,9.058506],[38.779936,9.058889],[38.7802,9.05922],[38.780296,9.059336],[38.780408,9.059465],[38.780482,9.059537],[38.780574,9.059615],[38.780675,9.05968],[38.780817,9.059754],[38.781146,9.059878],[38.781609,9.060036],[38.782012,9.060174],[38.78267,9.060408],[38.783624,9.060749],[38.783922,9.060855],[38.783929,9.060856],[38.784606,9.061086],[38.785242,9.06129],[38.785932,9.061512],[38.786326,9.061631],[38.787117,9.061877],[38.787945,9.062147],[38.788564,9.062354],[38.788801,9.062422],[38.788959,9.062436]]},"properties":{"name":"Omedla Street"}},{"type":"Feature","geometry":{"type":"LineString","coordinates":[[38.788188,9.062319],[38.788027,9.062268],[38.787166,9.061998],[38.78677,9.061873],[38.78648,9.061775],[38.786148,9.061662],[38.785847,9.061571],[38.785388,9.061438],[38.785211,9.061377],[38.784636,9.06118],[38.78458,9.06116],[38.783889,9.060938],[38.783619,9.060846],[38.783059,9.060651],[38.782725,9.060534],[38.781906,9.060236],[38.78143,9.060072],[38.781097,9.059972],[38.780999,9.059933],[38.780851,9.059872],[38.780741,9.059826],[38.780596,9.05974],[38.780425,9.059591],[38.780254,9.05941],[38.780144,9.059281],[38.779888,9.058976],[38.779857,9.058939],[38.779618,9.058639],[38.779398,9.058347],[38.779128,9.057949],[38.77899,9.057771],[38.778928,9.057695],[38.778847,9.057614],[38.778693,9.057495],[38.778538,9.057417],[38.778379,9.057347],[38.778109,9.057248],[38.777954,9.057194],[38.777751,9.057123],[38.777663,9.057105],[38.777593,9.057092],[38.777523,9.057078]]},"properties":{"name":"Omedla Street"}},{"type":"Feature","geometry":{"type":"LineString","coordinates":[[38.777266,9.057086],[38.777099,9.057109],[38.77697,9.057111],[38.7768,9.057113],[38.776677,9.057107],[38.776501,9.057102],[38.776392,9.057088],[38.776113,9.057026],[38.775831,9.056963],[38.775662,9.056905],[38.775522,9.056855],[38.775415,9.056817],[38.775213,9.056722],[38.774868,9.056513],[38.774789,9.056457],[38.774676,9.056366],[38.774507,9.056198],[38.774119,9.055756]]},"properties":{"name":"Omedla Street"}},{"type":"Feature","geometry":{"type":"LineString","coordinates":[[38.774119,9.055756],[38.773828,9.055391],[38.773639,9.055177],[38.773368,9.054891],[38.773186,9.054695],[38.773029,9.05453],[38.772845,9.054333],[38.772706,9.054183],[38.772369,9.053826],[38.772135,9.053566],[38.772083,9.05351],[38.771693,9.053115],[38.771576,9.052981],[38.771467,9.05286],[38.771331,9.052656],[38.771254,9.052531],[38.771191,9.052408],[38.771061,9.052157],[38.770952,9.051896],[38.770835,9.051591],[38.770757,9.051388],[38.770636,9.051077],[38.770546,9.050861],[38.770425,9.050599],[38.770336,9.050366],[38.770269,9.050172],[38.770249,9.050049],[38.770172,9.049657],[38.770051,9.049043],[38.769996,9.048714],[38.769963,9.048515],[38.769908,9.0483],[38.769837,9.048076],[38.769666,9.047751],[38.769524,9.047547],[38.769368,9.047379],[38.769218,9.047248],[38.769192,9.04723],[38.769035,9.047127],[38.768948,9.047069],[38.768838,9.047012],[38.768817,9.047001],[38.768744,9.046963],[38.768576,9.04688],[38.76847,9.046836],[38.768403,9.046818],[38.768242,9.046801]]},"properties":{"name":"Angola Street"}},{"type":"Feature","geometry":{"type":"LineString","coordinates":[[38.767881,9.046512],[38.7672,9.046112],[38.766738,9.045854],[38.765869,9.045368],[38.764961,9.04486],[38.764664,9.044692],[38.764264,9.044463],[38.763923,9.044274],[38.763651,9.044123],[38.76297,9.043738],[38.762756,9.043618]]},"properties":{"name":"Angola Street"}},{"type":"Feature","geometry":{"type":"LineString","coordinates":[[38.762364,9.0436],[38.762232,9.043614],[38.762095,9.043653],[38.761847,9.043722],[38.761707,9.043767],[38.761597,9.043819],[38.761469,9.043916]]},"properties":{"name":"Russia Av"}},{"type":"Feature","geometry":{"type":"LineString","coordinates":[[38.761447,9.043723],[38.761652,9.043677],[38.76179,9.043643],[38.762338,9.043491]]},"properties":{"name":"Russia Av"}},{"type":"Feature","geometry":{"type":"LineString","coordinates":[[38.762777,9.043336],[38.762952,9.043314],[38.763176,9.043243],[38.76366,9.043088],[38.764008,9.042947],[38.764356,9.04276],[38.764476,9.042692],[38.765217,9.042292],[38.765489,9.042155],[38.765995,9.041888],[38.76732,9.041174],[38.768175,9.040724],[38.76849,9.040563],[38.768767,9.04042],[38.769271,9.040138],[38.769335,9.040106],[38.77062,9.039406],[38.771173,9.039149],[38.771212,9.039132],[38.771501,9.039009],[38.771935,9.038833],[38.771986,9.038815],[38.772141,9.038755],[38.772376,9.038681],[38.772786,9.03854],[38.77287,9.03851],[38.773052,9.038446],[38.773477,9.038293],[38.773527,9.038264],[38.773579,9.038223]]},"properties":{"name":"Russia Av"}},{"type":"Feature","geometry":{"type":"LineString","coordinates":[[38.773709,9.038326],[38.773665,9.038357],[38.773589,9.038389],[38.773139,9.038544],[38.773046,9.038577],[38.772817,9.03866],[38.772427,9.038795],[38.772187,9.038882],[38.771698,9.039059],[38.771213,9.039257],[38.770673,9.039528],[38.770123,9.039813],[38.769395,9.040212],[38.769335,9.040244],[38.768276,9.040803],[38.767895,9.041006],[38.767378,9.041269],[38.765692,9.042178],[38.765121,9.042479],[38.764648,9.042731],[38.764527,9.042802],[38.76405,9.043043],[38.763908,9.043098],[38.763716,9.043175],[38.763373,9.043292],[38.763067,9.043382],[38.76284,9.043464]]},"properties":{"name":"Russia Av"}},{"type":"Feature","geometry":{"type":"LineString","coordinates":[[38.71762,8.992324],[38.71773,8.992249],[38.717883,8.992145],[38.718458,8.991763],[38.7188,8.991508],[38.719332,8.991154],[38.719982,8.990725],[38.720647,8.990292],[38.721012,8.990056],[38.721788,8.98953],[38.722495,8.989079],[38.722765,8.988898],[38.723011,8.988721]]},"properties":{"name":"Libya Street"}},{"type":"Feature","geometry":{"type":"LineString","coordinates":[[38.717289,8.992729],[38.717494,8.992539],[38.717626,8.992429],[38.717737,8.992337],[38.718018,8.992152],[38.718054,8.992128],[38.718855,8.991587],[38.719359,8.99126],[38.71997,8.990844],[38.72061,8.990446],[38.72071,8.990381],[38.721035,8.990178],[38.721862,8.989604],[38.722847,8.988971],[38.72288,8.988947],[38.723,8.98886],[38.723167,8.988741]]},"properties":{"name":"Libya Street"}},{"type":"Feature","geometry":{"type":"LineString","coordinates":[[38.723011,8.988721],[38.72307,8.988673],[38.72316,8.988597],[38.723421,8.988386],[38.723487,8.988331],[38.723662,8.988207],[38.723946,8.98796],[38.72406,8.987869],[38.724265,8.987694],[38.724511,8.987487],[38.724736,8.987298],[38.724803,8.987239],[38.725079,8.987018],[38.725097,8.987004],[38.725133,8.986974],[38.725373,8.986766],[38.725549,8.986603],[38.725788,8.986339],[38.725966,8.986137],[38.726264,8.985665],[38.726315,8.985566],[38.726587,8.985039],[38.726843,8.98444],[38.726921,8.984229],[38.727074,8.983864],[38.727264,8.983438],[38.727453,8.983144],[38.727638,8.982948],[38.72772,8.982879],[38.727794,8.982817],[38.728019,8.982687],[38.728304,8.982542],[38.728635,8.982477],[38.728809,8.982471],[38.729441,8.982453],[38.730137,8.982434],[38.730251,8.982432],[38.730394,8.982429],[38.730842,8.982426],[38.731185,8.982429],[38.731546,8.982427],[38.73186,8.982426],[38.732764,8.982425],[38.733201,8.982432],[38.733351,8.982432],[38.733456,8.98245],[38.733563,8.982479],[38.733689,8.982511],[38.733802,8.982553],[38.7339,8.982598],[38.734018,8.982656]]},"properties":{"name":"Lesotho Street"}},{"type":"Feature","geometry":{"type":"LineString","coordinates":[[38.73401,8.982794],[38.733888,8.982735],[38.733691,8.982626],[38.733548,8.982581],[38.733456,8.982546],[38.733343,8.982527],[38.733047,8.982513],[38.732885,8.982507],[38.732815,8.982511],[38.731868,8.98252],[38.731543,8.982519],[38.73151,8.982519],[38.731251,8.98252],[38.730803,8.98252],[38.730385,8.982515],[38.730248,8.982513],[38.730149,8.982514],[38.729442,8.98251],[38.728638,8.982545],[38.728304,8.982618],[38.728041,8.982742],[38.727843,8.98286],[38.727674,8.983003],[38.727507,8.983173],[38.72732,8.983458],[38.727135,8.983888],[38.726988,8.984257],[38.726909,8.984475],[38.726653,8.985068],[38.726382,8.985582],[38.726323,8.985696],[38.726005,8.986198],[38.725838,8.986394],[38.725589,8.986654],[38.725415,8.986819],[38.725176,8.987023],[38.725122,8.987068],[38.724852,8.987297],[38.724783,8.987357],[38.724564,8.987542],[38.724317,8.987752],[38.724114,8.987934],[38.724011,8.988027],[38.723717,8.988279],[38.723583,8.988383],[38.723571,8.988393]]},"properties":{"name":"Lesotho Street"}},{"type":"Feature","geometry":{"type":"LineString","coordinates":[[38.723273,8.988667],[38.723484,8.988825],[38.723505,8.988843],[38.723603,8.988925],[38.723721,8.989052],[38.72417,8.989582],[38.72454,8.990016],[38.725643,8.991309],[38.725934,8.991663],[38.726678,8.992563],[38.7272,8.99316],[38.727825,8.993877],[38.727879,8.993942],[38.728231,8.994363],[38.728762,8.995031],[38.729479,8.995882],[38.729873,8.996357],[38.730306,8.996904],[38.730603,8.997295],[38.730653,8.997371],[38.730763,8.997536]]},"properties":{"name":"South Africa Street"}},{"type":"Feature","geometry":{"type":"LineString","coordinates":[[38.730646,8.997584],[38.730542,8.997425],[38.730463,8.997286],[38.730223,8.996967],[38.729822,8.99644],[38.729087,8.995591],[38.728678,8.995103],[38.728108,8.994397],[38.727791,8.994011],[38.727504,8.993657],[38.727137,8.993214],[38.726608,8.99262],[38.725562,8.991388],[38.724106,8.989642],[38.723724,8.989201],[38.723658,8.989125],[38.723567,8.989019],[38.723469,8.988935],[38.723423,8.988895],[38.723167,8.988741],[38.72307,8.988673]]},"properties":{"name":"South Africa Street"}},{"type":"Feature","geometry":{"type":"LineString","coordinates":[[38.730763,8.997536],[38.730969,8.997452],[38.731214,8.997311],[38.731655,8.997027],[38.731947,8.996835],[38.732227,8.996655],[38.732402,8.996564],[38.732462,8.996534],[38.73274,8.996464],[38.732874,8.996444],[38.733036,8.996443],[38.733473,8.996486],[38.734042,8.996552],[38.734385,8.996604],[38.734497,8.9966],[38.734562,8.996599],[38.734635,8.996595],[38.734812,8.99657],[38.735048,8.996513],[38.735187,8.996446],[38.735556,8.996221],[38.735972,8.99595],[38.736371,8.995697],[38.736547,8.995577],[38.736731,8.995464],[38.737139,8.995228],[38.737676,8.994946],[38.737762,8.994887],[38.737839,8.994815],[38.737988,8.994659]]},"properties":{"name":"Seychelles Street"}},{"type":"Feature","geometry":{"type":"LineString","coordinates":[[38.730821,8.997643],[38.730882,8.997613],[38.731025,8.997538],[38.731144,8.997451],[38.731695,8.997108],[38.732158,8.996827],[38.732386,8.996713],[38.732608,8.996643],[38.732799,8.99661],[38.73302,8.996581],[38.733253,8.996578],[38.733638,8.996609],[38.733921,8.996648],[38.734098,8.996668],[38.734282,8.996686],[38.734409,8.996697],[38.734492,8.996702],[38.734561,8.996708],[38.734818,8.996671],[38.73502,8.996618],[38.735155,8.996568],[38.735328,8.996482],[38.735823,8.996149],[38.73608,8.995984],[38.736484,8.995724],[38.73703,8.995405],[38.737441,8.995178],[38.737605,8.995087],[38.737746,8.995028],[38.737923,8.99499],[38.737991,8.994987],[38.73815,8.994996]]},"properties":{"name":"Seychelles Street"}},{"type":"Feature","geometry":{"type":"LineString","coordinates":[[38.744526,9.010739],[38.744594,9.010898],[38.744595,9.011088],[38.744589,9.011414],[38.744588,9.011454],[38.744583,9.011664],[38.744578,9.01184],[38.744582,9.012541],[38.744578,9.012821],[38.744578,9.012909],[38.744572,9.013329],[38.744568,9.013829],[38.744566,9.014157],[38.744558,9.014771],[38.744554,9.015053],[38.744556,9.015575],[38.744539,9.016431],[38.744541,9.016545],[38.744544,9.016827],[38.744536,9.017155],[38.744535,9.017438],[38.744534,9.01751],[38.74453,9.017639],[38.744531,9.017665],[38.744517,9.018483],[38.744543,9.019377],[38.74455,9.019569],[38.744554,9.019786],[38.744558,9.019997],[38.74456,9.020183],[38.744512,9.020781],[38.744482,9.021106],[38.744464,9.021314],[38.744428,9.021667],[38.744405,9.021865],[38.744384,9.022022],[38.744366,9.022132],[38.744338,9.022251],[38.744301,9.022383],[38.744235,9.022548],[38.744185,9.022679],[38.744061,9.022945],[38.743945,9.023199],[38.743796,9.023532],[38.74364,9.023893],[38.743491,9.024242],[38.743366,9.024515],[38.743295,9.024654],[38.743216,9.024764],[38.74313,9.024848],[38.743006,9.02495],[38.742813,9.025101],[38.74244,9.025404],[38.742197,9.025599],[38.741863,9.025887],[38.741467,9.026199],[38.741224,9.026402],[38.741116,9.026493],[38.741,9.026603],[38.740882,9.026716],[38.740827,9.026785]]},"properties":{"name":"Dej Wolde Michael Street"}},{"type":"Feature","geometry":{"type":"LineString","coordinates":[[38.744719,9.010714],[38.744704,9.010892],[38.744697,9.011057],[38.744692,9.011452],[38.74469,9.011627],[38.744687,9.011842],[38.744686,9.011944],[38.744682,9.012179],[38.744678,9.012555],[38.744673,9.012842],[38.74467,9.012937],[38.744658,9.013328],[38.744653,9.01382],[38.74465,9.014157],[38.744649,9.01477],[38.744647,9.014823],[38.744646,9.015053],[38.74465,9.015408],[38.744653,9.015665],[38.744651,9.016138],[38.744658,9.016432],[38.744661,9.016551],[38.744658,9.0168],[38.744658,9.016824],[38.744651,9.01719],[38.744637,9.017644],[38.744634,9.017917],[38.744626,9.018469],[38.74463,9.018876],[38.744642,9.019375],[38.744642,9.01959],[38.744653,9.019999],[38.744651,9.020186],[38.744618,9.020808],[38.744592,9.021141],[38.744562,9.021526],[38.744559,9.021567],[38.744509,9.021918],[38.744483,9.022103],[38.744467,9.022202],[38.744433,9.022325],[38.744354,9.022552],[38.744198,9.022906],[38.744047,9.023252],[38.743849,9.023699],[38.743621,9.024217],[38.743463,9.024576],[38.743319,9.02483],[38.743275,9.024869],[38.743212,9.024937],[38.743141,9.024996],[38.742997,9.025108],[38.742691,9.025344],[38.742287,9.025681],[38.741963,9.025953],[38.741555,9.026288],[38.740974,9.026781]]},"properties":{"name":"Dej Wolde Michael Street"}},{"type":"Feature","geometry":{"type":"LineString","coordinates":[[38.744117,9.010498],[38.743979,9.010475],[38.74384,9.010469],[38.743681,9.010487],[38.743511,9.010505],[38.743213,9.010545],[38.74317,9.01055],[38.742924,9.010583],[38.742901,9.010586],[38.742818,9.010601],[38.742184,9.010677],[38.742052,9.010692],[38.741476,9.010764],[38.741367,9.010779],[38.740893,9.010841],[38.740762,9.010838],[38.740651,9.010861],[38.740449,9.010882],[38.740246,9.010904],[38.740102,9.010923],[38.739941,9.010941],[38.73894,9.01106],[38.738884,9.011068],[38.738729,9.011091],[38.738559,9.011111],[38.7385,9.011119],[38.738101,9.01117],[38.737779,9.011216],[38.737493,9.011257],[38.737402,9.011268],[38.736408,9.011386],[38.736105,9.011429],[38.735909,9.011451],[38.735637,9.011481],[38.735402,9.011512],[38.735242,9.011533],[38.734966,9.011574],[38.73479,9.011604],[38.734594,9.011639],[38.734539,9.011649],[38.73449,9.011668],[38.734452,9.01169],[38.734377,9.01173]]},"properties":{"name":"Chad Street"}},{"type":"Feature","geometry":{"type":"LineString","coordinates":[[38.734353,9.011425],[38.734447,9.01146],[38.734541,9.011467],[38.734883,9.011417],[38.735284,9.011359],[38.735564,9.011318],[38.736086,9.011253],[38.736778,9.011176],[38.736901,9.011162],[38.737379,9.011104],[38.73747,9.011092],[38.73786,9.011038],[38.738603,9.010937],[38.738859,9.010902],[38.738914,9.010895],[38.739773,9.010788],[38.739901,9.010774],[38.740097,9.010752],[38.740175,9.010744],[38.740308,9.010729],[38.74049,9.010711]]},"properties":{"name":"Chad Street"}},{"type":"Feature","geometry":{"type":"LineString","coordinates":[[38.744065,9.01017],[38.743928,9.010217],[38.743807,9.010253],[38.743472,9.010292],[38.743171,9.010326],[38.743057,9.010344],[38.742905,9.01036],[38.742882,9.010363],[38.742636,9.010399],[38.74251,9.010413],[38.742079,9.010464],[38.741628,9.010521],[38.741377,9.010551],[38.741119,9.010583],[38.740799,9.010613],[38.74068,9.010637],[38.74049,9.010711],[38.742792,9.010429],[38.743458,9.01035],[38.743838,9.010318],[38.744134,9.010298],[38.744326,9.010297],[38.744495,9.010307]]},"properties":{"name":"Chad Street"}},{"type":"Feature","geometry":{"type":"LineString","coordinates":[[38.728697,9.011976],[38.729043,9.011962],[38.729235,9.011949],[38.7293,9.011945],[38.729455,9.011934],[38.729821,9.011909],[38.73016,9.011884],[38.730809,9.011833],[38.731281,9.011793],[38.732118,9.01172],[38.732932,9.011643],[38.733373,9.0116],[38.733431,9.011594],[38.73353,9.011584],[38.733787,9.011559],[38.733852,9.011549],[38.733915,9.011531],[38.733974,9.011497]]},"properties":{"name":"Chad Street"}},{"type":"Feature","geometry":{"type":"LineString","coordinates":[[38.734005,9.011733],[38.733921,9.011701],[38.733885,9.011698],[38.733829,9.011703],[38.729724,9.01211],[38.729396,9.012139],[38.729233,9.012152],[38.729095,9.012165],[38.728693,9.012201],[38.728551,9.012212],[38.728455,9.012217],[38.728353,9.012221],[38.728146,9.012215],[38.727992,9.01221],[38.727833,9.012191]]},"properties":{"name":"Smuts Av"}},{"type":"Feature","geometry":{"type":"LineString","coordinates":[[38.727626,9.012145],[38.727418,9.012072],[38.727253,9.011989],[38.72718,9.011955],[38.727012,9.011862],[38.72661,9.011563],[38.726495,9.011473],[38.725827,9.010992],[38.725574,9.01086],[38.725349,9.01078],[38.725016,9.010708],[38.724818,9.010698],[38.724582,9.010725],[38.724379,9.010788],[38.724083,9.0109],[38.723477,9.011198],[38.7232,9.011331],[38.723048,9.011407],[38.722622,9.011604],[38.722232,9.011783],[38.722085,9.011831],[38.721977,9.011861],[38.721859,9.011896],[38.721684,9.011932],[38.721633,9.011942]]},"properties":{"name":"Smuts Av"}},{"type":"Feature","geometry":{"type":"LineString","coordinates":[[38.721662,9.011546],[38.721791,9.01159],[38.721902,9.011586],[38.722021,9.011582],[38.722052,9.011579],[38.722172,9.011554],[38.722343,9.0115],[38.722507,9.011431],[38.722781,9.011316],[38.722928,9.011248],[38.723118,9.01116],[38.723314,9.011069],[38.723709,9.010872],[38.724068,9.0107],[38.724359,9.010594],[38.724525,9.010549],[38.72472,9.010515],[38.724956,9.010515],[38.725181,9.010535],[38.725382,9.01059],[38.725553,9.010655],[38.72573,9.01073],[38.725879,9.010815],[38.726098,9.010964],[38.726244,9.011063],[38.726412,9.01119],[38.726499,9.011258],[38.726541,9.01129],[38.726584,9.011323],[38.726972,9.011607],[38.727198,9.011748],[38.727355,9.011827],[38.727601,9.01191]]},"properties":{"name":"Smuts Av"}},{"type":"Feature","geometry":{"type":"LineString","coordinates":[[38.727833,9.012191],[38.727745,9.01218],[38.72768,9.012161],[38.727626,9.012145]]},"properties":{"name":"Smuts Street"}},{"type":"Feature","geometry":{"type":"LineString","coordinates":[[38.727601,9.01191],[38.727833,9.011954],[38.727994,9.011973],[38.728154,9.011979],[38.728603,9.01198],[38.728648,9.011978],[38.728697,9.011976]]},"properties":{"name":"Smuts Street"}},{"type":"Feature","geometry":{"type":"LineString","coordinates":[[38.75228,9.017073],[38.752359,9.017089],[38.752441,9.01711],[38.752541,9.017134]]},"properties":{"name":"Sudan Street"}},{"type":"Feature","geometry":{"type":"LineString","coordinates":[[38.752626,9.017287],[38.752523,9.017273],[38.752411,9.01726],[38.752169,9.017238],[38.75206,9.017233],[38.751576,9.01719],[38.751332,9.017166],[38.7508,9.01711],[38.750742,9.0171],[38.750001,9.017013],[38.749972,9.017008],[38.749434,9.016953],[38.749005,9.016907],[38.748926,9.016903],[38.748842,9.016896],[38.748341,9.016854],[38.747835,9.016811],[38.747745,9.016804],[38.747442,9.016776],[38.747116,9.016751],[38.746647,9.016694],[38.746608,9.016689],[38.746376,9.016673],[38.74618,9.016669],[38.7461,9.01666],[38.745923,9.016649],[38.745708,9.01664],[38.745496,9.016622],[38.745086,9.016587],[38.744965,9.016577],[38.744813,9.016564],[38.744661,9.016551]]},"properties":{"name":"Sudan Street"}},{"type":"Feature","geometry":{"type":"LineString","coordinates":[[38.744658,9.016432],[38.744821,9.016447],[38.745006,9.01646],[38.745118,9.016468],[38.74562,9.016516],[38.745823,9.016535],[38.745913,9.016539],[38.74607,9.01655],[38.746152,9.016554]]},"properties":{"name":"Sudan Street"}},{"type":"Feature","geometry":{"type":"LineString","coordinates":[[38.752541,9.017134],[38.75264,9.017148],[38.752797,9.017162],[38.752961,9.017182],[38.753486,9.017233],[38.753779,9.017261],[38.754132,9.017292],[38.754309,9.017315],[38.754489,9.01732],[38.754601,9.017331],[38.75473,9.017343],[38.754821,9.017352],[38.75536,9.01739],[38.755482,9.017401]]},"properties":{"name":"Yohanes Street"}},{"type":"Feature","geometry":{"type":"LineString","coordinates":[[38.755627,9.017413],[38.755826,9.017434],[38.756103,9.017463],[38.756843,9.017544],[38.757625,9.017628],[38.758014,9.017706],[38.758463,9.017839],[38.75859,9.01788],[38.758702,9.017926],[38.759718,9.018364],[38.759897,9.018442],[38.759992,9.018467],[38.760171,9.018488],[38.760259,9.018497],[38.760335,9.018489],[38.760444,9.01846],[38.760523,9.018422],[38.760603,9.018383],[38.760757,9.018278],[38.760893,9.018176],[38.761103,9.01802],[38.76125,9.017911],[38.761448,9.017765],[38.761694,9.017583],[38.761925,9.017428],[38.762064,9.017354],[38.762198,9.017315],[38.76234,9.017288],[38.76261,9.017239],[38.762724,9.017219],[38.762936,9.017184],[38.763107,9.01715],[38.763699,9.017064]]},"properties":{"name":"Yohanes Street"}},{"type":"Feature","geometry":{"type":"LineString","coordinates":[[38.763703,9.017202],[38.763134,9.017293],[38.76296,9.017323],[38.762892,9.017329],[38.762747,9.017342],[38.762632,9.017359],[38.762367,9.017408],[38.762056,9.017503],[38.76194,9.017563],[38.761745,9.017701],[38.761488,9.017883],[38.761313,9.01802],[38.760893,9.018337],[38.76068,9.018475],[38.76065,9.018494],[38.760584,9.018525],[38.760466,9.018581],[38.760364,9.018607],[38.760271,9.018618],[38.760078,9.018611],[38.759992,9.018596],[38.7597,9.018501],[38.758651,9.018042],[38.758536,9.017998],[38.758453,9.017971],[38.758003,9.01783],[38.757589,9.017742],[38.756829,9.017674],[38.755697,9.017563],[38.755535,9.017548]]},"properties":{"name":"Yohanes Street"}},{"type":"Feature","geometry":{"type":"LineString","coordinates":[[38.755023,9.017505],[38.754761,9.017473],[38.75457,9.01745],[38.754473,9.017442],[38.754375,9.017435],[38.75421,9.017415],[38.754124,9.017408],[38.753888,9.017388],[38.753521,9.01736],[38.752782,9.017295],[38.752626,9.017287]]},"properties":{"name":"Yohanes Street"}},{"type":"Feature","geometry":{"type":"LineString","coordinates":[[38.752626,9.017287],[38.75264,9.017148],[38.752626,9.01701],[38.752693,9.016287],[38.752774,9.015476],[38.752805,9.015254],[38.752871,9.014359],[38.752937,9.013745],[38.752988,9.01293],[38.753036,9.012533],[38.753088,9.012296],[38.753126,9.012127],[38.753147,9.011947],[38.753154,9.01189],[38.753179,9.011721]]},"properties":{"name":"Gambia Street"}},{"type":"Feature","geometry":{"type":"LineString","coordinates":[[38.752523,9.017273],[38.752541,9.017134],[38.752526,9.017008],[38.752557,9.016677],[38.752574,9.016536],[38.752581,9.016478],[38.752602,9.01628],[38.752674,9.015463],[38.752694,9.015245],[38.752745,9.014773],[38.752772,9.014348],[38.752828,9.013754],[38.752907,9.012924],[38.75293,9.01258],[38.75294,9.012461],[38.752956,9.012269],[38.75296,9.0121],[38.752973,9.011936],[38.752977,9.011881],[38.753003,9.011702]]},"properties":{"name":"Gambia Street"}},{"type":"Feature","geometry":{"type":"LineString","coordinates":[[38.751369,9.032533],[38.751523,9.032551],[38.751654,9.03256],[38.751755,9.032577]]},"properties":{"name":"Cunningham Street"}},{"type":"Feature","geometry":{"type":"LineString","coordinates":[[38.754344,9.032733],[38.754178,9.032583],[38.753955,9.032513],[38.753894,9.0325],[38.753855,9.032499],[38.75379,9.032496],[38.753649,9.032496],[38.753292,9.032497],[38.752913,9.032493],[38.752818,9.032492],[38.752727,9.0325],[38.752202,9.032538],[38.751804,9.032573],[38.751755,9.032577],[38.751241,9.032641],[38.750998,9.032672],[38.750752,9.032723],[38.75062,9.032762],[38.750447,9.032835],[38.75014,9.032996],[38.749863,9.033164],[38.749689,9.033265],[38.749212,9.03355],[38.749142,9.033596],[38.749008,9.033687],[38.748788,9.033826],[38.748653,9.033906],[38.748576,9.033947],[38.748495,9.03398],[38.74836,9.034032],[38.74819,9.034084],[38.748061,9.034114],[38.74782,9.034153],[38.747676,9.034183],[38.747403,9.034241],[38.747128,9.0343],[38.74698,9.034336]]},"properties":{"name":"Cunningham Street"}},{"type":"Feature","geometry":{"type":"LineString","coordinates":[[38.754178,9.032583],[38.754085,9.032721],[38.754007,9.032867],[38.753798,9.033258],[38.753691,9.033471],[38.753493,9.033851],[38.75329,9.034244],[38.753094,9.034618],[38.752862,9.035044],[38.752736,9.035295],[38.752692,9.03539],[38.752664,9.035465],[38.75264,9.03563]]},"properties":{"name":"Eden Street"}},{"type":"Feature","geometry":{"type":"LineString","coordinates":[[38.786567,9.015715],[38.787699,9.015962],[38.788791,9.016198],[38.788986,9.016248],[38.789099,9.016274],[38.789173,9.016291],[38.789647,9.016398],[38.789712,9.016413],[38.790274,9.016538],[38.790764,9.016636],[38.79178,9.016878],[38.79206,9.01693],[38.792122,9.016942],[38.792589,9.017041],[38.793416,9.017223],[38.793751,9.017316],[38.794059,9.017413],[38.794486,9.017547],[38.794743,9.017628],[38.795025,9.017724],[38.795245,9.017798],[38.795447,9.017867],[38.796118,9.018086],[38.796757,9.018294],[38.797035,9.018378],[38.797182,9.018426],[38.797955,9.018679],[38.798156,9.018753],[38.798645,9.01891],[38.798715,9.018967],[38.798763,9.018995],[38.798819,9.019014],[38.799285,9.01912],[38.799569,9.01918],[38.800233,9.019335],[38.800484,9.019399],[38.800969,9.019523],[38.801097,9.019569],[38.801182,9.019615],[38.801238,9.019677]]},"properties":{"name":"Equatorial Guinea Street"}},{"type":"Feature","geometry":{"type":"LineString","coordinates":[[38.78803,9.01588],[38.788479,9.015976],[38.788837,9.016047],[38.788911,9.016064],[38.789113,9.016109],[38.789225,9.016132],[38.789662,9.016226],[38.789752,9.016246],[38.790376,9.016381],[38.791997,9.016739],[38.793418,9.017049],[38.793548,9.017086],[38.793714,9.017136],[38.794243,9.017308],[38.794559,9.017409],[38.794744,9.017469],[38.795052,9.017584],[38.795071,9.017591],[38.795281,9.017652],[38.795409,9.017688],[38.795563,9.017737],[38.796247,9.017932],[38.797031,9.018176],[38.798274,9.018601],[38.798636,9.018715],[38.798799,9.018726],[38.79943,9.018857],[38.800588,9.019071],[38.800734,9.019098],[38.800821,9.01912],[38.801239,9.019198],[38.801438,9.019232]]},"properties":{"name":"Equatorial Guinea Street"}},{"type":"Feature","geometry":{"type":"LineString","coordinates":[[38.786567,9.015715],[38.785412,9.015447],[38.785062,9.015371],[38.78501,9.015362],[38.784918,9.01534],[38.784454,9.015237],[38.784419,9.015229],[38.78401,9.015136],[38.783853,9.0151],[38.783456,9.015019],[38.782932,9.014888],[38.782235,9.014672],[38.781756,9.014542],[38.781646,9.014507],[38.78141,9.014426],[38.780708,9.014156],[38.7803,9.013961],[38.77997,9.013806],[38.779604,9.013616],[38.77932,9.01347],[38.778618,9.013098],[38.778068,9.01282],[38.777951,9.012762],[38.777837,9.012702],[38.777796,9.01268],[38.777387,9.012462],[38.777054,9.012289],[38.777024,9.012275],[38.776753,9.012142],[38.776696,9.012114]]},"properties":{"name":"Haile Gebresellasie Avenue"}},{"type":"Feature","geometry":{"type":"LineString","coordinates":[[38.774768,9.011191],[38.774834,9.011249],[38.774892,9.011284],[38.774956,9.011319],[38.775033,9.01136],[38.775094,9.011388],[38.775788,9.011713],[38.776101,9.011869],[38.776452,9.012061],[38.776541,9.012094],[38.776696,9.012114],[38.776583,9.012041],[38.776149,9.011811],[38.775997,9.011729],[38.775241,9.011365],[38.774558,9.011007],[38.773883,9.010682],[38.773621,9.010555],[38.773371,9.010452],[38.773077,9.010363],[38.772861,9.010307],[38.772715,9.010282],[38.772513,9.01027]]},"properties":{"name":"Haile Gebresellasie Avenue"}},{"type":"Feature","geometry":{"type":"LineString","coordinates":[[38.774881,9.010872],[38.775259,9.011065],[38.775583,9.011233],[38.77579,9.011344],[38.776012,9.011463],[38.776301,9.01162],[38.776544,9.011749],[38.776715,9.011834],[38.7768,9.011943],[38.776836,9.011961]]},"properties":{"name":"Haile Gebresellasie Avenue"}},{"type":"Feature","geometry":{"type":"LineString","coordinates":[[38.777093,9.012091],[38.777434,9.01227],[38.777804,9.012477],[38.778096,9.012627],[38.778559,9.012874],[38.779225,9.013214],[38.779367,9.013288],[38.780171,9.013701],[38.78074,9.013973],[38.781269,9.014189],[38.781519,9.014265],[38.78173,9.014331],[38.781866,9.014375],[38.782059,9.014438],[38.782445,9.014553],[38.782549,9.014585],[38.782584,9.014596],[38.78264,9.014612],[38.783298,9.014802],[38.783485,9.01484],[38.784829,9.015158],[38.785284,9.015277],[38.785794,9.015392],[38.786479,9.015559],[38.786928,9.015641],[38.78803,9.01588]]},"properties":{"name":"Haile Gebresellasie Avenue"}},{"type":"Feature","geometry":{"type":"LineString","coordinates":[[38.774513,9.0111],[38.774278,9.010965],[38.773859,9.010774],[38.77343,9.01056],[38.773246,9.010496],[38.773049,9.010432],[38.772833,9.010373],[38.772689,9.010338],[38.772513,9.01027],[38.772272,9.010268],[38.772049,9.01026],[38.771647,9.010265],[38.771053,9.010282],[38.770871,9.010293],[38.77077,9.010303],[38.770254,9.010344],[38.769709,9.010384],[38.769252,9.010441],[38.769087,9.010455],[38.767896,9.010573],[38.767564,9.010614],[38.767266,9.010647],[38.767022,9.010664],[38.766973,9.010668],[38.766527,9.010727],[38.764291,9.010945],[38.763948,9.01099],[38.763606,9.01099],[38.763145,9.010957],[38.762763,9.01102]]},"properties":{"name":"Jomo Kenyatta Avenue"}},{"type":"Feature","geometry":{"type":"LineString","coordinates":[[38.76291,9.010825],[38.76315,9.010821],[38.763686,9.01078],[38.764806,9.010694],[38.765466,9.010624],[38.766538,9.010533],[38.766953,9.010498],[38.766997,9.010494],[38.767258,9.010474],[38.767324,9.010468],[38.767596,9.010436],[38.768459,9.010338],[38.769066,9.010277],[38.769499,9.010232],[38.769768,9.010207],[38.769923,9.010196],[38.770284,9.010156],[38.770366,9.010155],[38.770623,9.010122],[38.770898,9.01008],[38.771148,9.01005],[38.771672,9.010038],[38.772169,9.010043],[38.772496,9.01007]]},"properties":{"name":"Jomo Kenyatta Avenue"}},{"type":"Feature","geometry":{"type":"LineString","coordinates":[[38.776836,9.011961],[38.777093,9.012091]]},"properties":{"name":"Jomo Kenyatta Avenue"}},{"type":"Feature","geometry":{"type":"LineString","coordinates":[[38.772598,9.010084],[38.772721,9.010109],[38.772902,9.010147],[38.773136,9.010208],[38.773436,9.010304],[38.773837,9.010473],[38.77427,9.010676],[38.774516,9.010798],[38.774676,9.010877],[38.77596,9.011533],[38.7768,9.011943]]},"properties":{"name":"Jomo Kenyatta Avenue"}},{"type":"Feature","geometry":{"type":"LineString","coordinates":[[38.755692,9.039479],[38.755577,9.039436],[38.755526,9.039417],[38.754898,9.039046],[38.754565,9.03886],[38.754243,9.03868],[38.754052,9.038574],[38.753,9.037987],[38.752803,9.037877],[38.752778,9.037863],[38.752524,9.037733],[38.752403,9.037668]]},"properties":{"name":"Hailu Kebede Street"}},{"type":"Feature","geometry":{"type":"LineString","coordinates":[[38.755692,9.039479],[38.75576,9.039639],[38.75583,9.039722],[38.755916,9.039779],[38.756017,9.039812],[38.756146,9.039829],[38.756267,9.03981],[38.75641,9.03977],[38.756541,9.039701],[38.756634,9.039608],[38.756704,9.039471],[38.756756,9.039309],[38.757007,9.038331],[38.757254,9.037373],[38.757352,9.037131],[38.757426,9.036988],[38.757501,9.036879],[38.757577,9.036767],[38.757697,9.036616],[38.757922,9.036374],[38.757943,9.036351],[38.758195,9.03608],[38.758283,9.035998],[38.758392,9.035889],[38.758504,9.035784],[38.758982,9.035331],[38.759144,9.035176],[38.759668,9.034679],[38.759767,9.034591],[38.759885,9.034511],[38.760152,9.034342],[38.760439,9.034209],[38.760937,9.033989]]},"properties":{"name":"Hailesilase Street"}},{"type":"Feature","geometry":{"type":"LineString","coordinates":[[38.760937,9.033989],[38.761478,9.033725],[38.76201,9.033491],[38.762706,9.033181],[38.763142,9.032984]]},"properties":{"name":"Adwa Street"}},{"type":"Feature","geometry":{"type":"LineString","coordinates":[[38.763601,9.032747],[38.763722,9.032698],[38.764118,9.032499],[38.764422,9.032367],[38.7646,9.032292],[38.764761,9.03224],[38.764929,9.032199],[38.765132,9.032166],[38.76521,9.032155],[38.765409,9.032158],[38.765595,9.032185],[38.765772,9.032248],[38.765886,9.032306],[38.766081,9.032432],[38.766408,9.032691],[38.766598,9.032878],[38.766722,9.032982],[38.766802,9.033035],[38.766883,9.033084],[38.767066,9.033182],[38.767157,9.033223],[38.767267,9.033246],[38.767344,9.033254],[38.76746,9.033263],[38.767751,9.033218],[38.767898,9.033175],[38.768174,9.033039],[38.768235,9.032986],[38.768291,9.032933],[38.768385,9.032842],[38.768491,9.032707],[38.768656,9.032506],[38.768793,9.032339],[38.768999,9.032103],[38.769165,9.031929],[38.769324,9.031819],[38.769635,9.031661],[38.769748,9.031601],[38.770101,9.031452],[38.770231,9.031417],[38.770423,9.031399],[38.770618,9.031385],[38.770876,9.031391],[38.771071,9.03141],[38.771237,9.031445],[38.771602,9.031545],[38.771825,9.031627],[38.772064,9.031784],[38.772306,9.032003],[38.772411,9.032084],[38.772458,9.032115],[38.772478,9.032129],[38.772547,9.032178],[38.77265,9.032244],[38.772812,9.032326],[38.772963,9.03237],[38.77313,9.032399],[38.773256,9.032401],[38.773438,9.032416],[38.773523,9.032424],[38.773661,9.03243],[38.773925,9.032453],[38.774275,9.032509],[38.774574,9.032554],[38.774909,9.032627],[38.775088,9.032686],[38.77527,9.032775],[38.775375,9.032846],[38.775752,9.033205],[38.77606,9.033502],[38.776467,9.033912],[38.776864,9.034283],[38.777007,9.034419],[38.777216,9.034644]]},"properties":{"name":"Queen Elizabeth Street"}},{"type":"Feature","geometry":{"type":"LineString","coordinates":[[38.777142,9.034716],[38.776844,9.034407],[38.776791,9.034351],[38.776238,9.033804],[38.776006,9.033575],[38.775699,9.03326],[38.775312,9.032904],[38.775185,9.032831],[38.775004,9.032755],[38.774898,9.032718],[38.77477,9.032688],[38.774339,9.0326],[38.774053,9.032552],[38.773651,9.032515],[38.773581,9.032511],[38.773511,9.032511],[38.773419,9.032507],[38.773243,9.032499],[38.773053,9.032477],[38.772905,9.032457],[38.772853,9.032441],[38.77273,9.032402],[38.772587,9.032328],[38.772472,9.032243],[38.772407,9.032194],[38.771976,9.03183],[38.771833,9.031742],[38.771576,9.031633],[38.771378,9.031573],[38.771174,9.031517],[38.770942,9.031486],[38.770664,9.031483],[38.77036,9.031495],[38.770251,9.031503],[38.770133,9.031532],[38.770023,9.031569],[38.769789,9.031677],[38.769667,9.031733],[38.769393,9.0319],[38.769265,9.031983],[38.769074,9.032151],[38.768853,9.032416],[38.768632,9.032676],[38.768431,9.032924],[38.768234,9.033103],[38.768045,9.033215],[38.767895,9.03328],[38.767706,9.033331],[38.767466,9.033358],[38.767295,9.033334],[38.767094,9.033282],[38.767011,9.033257],[38.766819,9.033165],[38.766662,9.033057],[38.766504,9.032923],[38.766365,9.032801],[38.766205,9.03266],[38.766025,9.032512],[38.765875,9.032411],[38.76568,9.032322],[38.765465,9.032273],[38.765312,9.032256],[38.765151,9.032254],[38.764989,9.032278],[38.764804,9.032331],[38.764417,9.032487],[38.764359,9.032514],[38.764097,9.032634],[38.763757,9.032803],[38.763649,9.032856]]},"properties":{"name":"Queen Elizabeth Street"}},{"type":"Feature","geometry":{"type":"LineString","coordinates":[[38.777456,9.03467],[38.777621,9.034635],[38.777838,9.034606],[38.777976,9.034599],[38.778098,9.034594],[38.778321,9.034613],[38.778515,9.034663],[38.778665,9.034722],[38.77907,9.034879],[38.77925,9.034914],[38.779383,9.034898],[38.779528,9.034867],[38.779677,9.034804],[38.779818,9.03471],[38.779936,9.034592],[38.780041,9.034496],[38.780462,9.034028],[38.780746,9.033732],[38.78095,9.033531],[38.781057,9.033453],[38.781165,9.033388],[38.781872,9.032968],[38.782634,9.032502],[38.783408,9.032028],[38.784377,9.031454],[38.784558,9.031312],[38.784898,9.031117],[38.785188,9.030939],[38.785847,9.030536],[38.785929,9.030488],[38.786655,9.030059],[38.786801,9.029959],[38.787451,9.029579],[38.788219,9.029132],[38.788327,9.029068]]},"properties":{"name":"Comoros Street"}},{"type":"Feature","geometry":{"type":"LineString","coordinates":[[38.777523,9.034857],[38.777671,9.034808],[38.777823,9.034765],[38.777955,9.034747],[38.778123,9.034744],[38.778214,9.034753],[38.778304,9.034763],[38.778488,9.034808],[38.778538,9.034839],[38.778901,9.034968],[38.778989,9.034998],[38.77923,9.035052],[38.77939,9.035051],[38.779532,9.035032],[38.779688,9.034972],[38.779884,9.034865],[38.779939,9.034799],[38.780009,9.034723],[38.780193,9.034512],[38.780413,9.034261],[38.780674,9.033977],[38.780969,9.033694],[38.78113,9.033552],[38.781313,9.03343],[38.781573,9.033272],[38.782312,9.032835],[38.782676,9.032619],[38.783016,9.032418],[38.783484,9.032141],[38.783764,9.031968],[38.783992,9.03182],[38.784758,9.031371],[38.785548,9.030901],[38.785941,9.030667],[38.786022,9.030615],[38.786329,9.030441],[38.78668,9.030241],[38.786759,9.030197],[38.787275,9.029877],[38.78829,9.02926],[38.788404,9.029192]]},"properties":{"name":"Comoros Street"}},{"type":"Feature","geometry":{"type":"LineString","coordinates":[[38.788327,9.029068],[38.788487,9.028988],[38.78894,9.028722],[38.789164,9.028597],[38.789619,9.028339],[38.790829,9.027591],[38.79162,9.027128],[38.792613,9.026537],[38.793624,9.025934],[38.794156,9.025619],[38.795042,9.025088],[38.795598,9.024751],[38.79572,9.024647],[38.795848,9.024581],[38.795948,9.024522],[38.796141,9.024415],[38.796235,9.024357],[38.79637,9.024278],[38.796927,9.023947],[38.798559,9.023008],[38.799654,9.022471],[38.799725,9.02243],[38.799747,9.022418],[38.799866,9.022349],[38.799993,9.022277],[38.800138,9.022194],[38.80039,9.022012],[38.800496,9.021936],[38.800717,9.021788],[38.80091,9.021646],[38.800946,9.02161],[38.801024,9.021523]]},"properties":{"name":"Fikre Mariam Aba Techan Street"}},{"type":"Feature","geometry":{"type":"LineString","coordinates":[[38.801888,9.021105],[38.80197,9.021064],[38.802051,9.021022],[38.802238,9.020909],[38.802458,9.020776],[38.802655,9.020666],[38.802823,9.020563],[38.803013,9.020468],[38.803093,9.020428],[38.803221,9.020374],[38.803387,9.020327],[38.803496,9.020314],[38.803666,9.020314],[38.803773,9.020324],[38.803878,9.020341],[38.804139,9.020425],[38.804539,9.020614],[38.804816,9.020763],[38.805083,9.02087],[38.805104,9.020876],[38.805307,9.020935],[38.805462,9.020963],[38.805654,9.020983],[38.806142,9.021035],[38.806487,9.021084],[38.806971,9.021151],[38.80808,9.021313],[38.808829,9.021412],[38.80942,9.021484],[38.809505,9.021488],[38.80977,9.021481],[38.810105,9.021435],[38.810856,9.021354],[38.811073,9.021325],[38.811203,9.021306],[38.811365,9.021285],[38.811535,9.02127],[38.811667,9.021254],[38.811756,9.021246],[38.81209,9.021221],[38.812408,9.021202],[38.812589,9.021199],[38.812763,9.021215],[38.813043,9.021258],[38.8131,9.021271],[38.813341,9.021329],[38.813463,9.021357],[38.81373,9.021437],[38.813781,9.021454],[38.814094,9.021559],[38.814652,9.021739],[38.814947,9.021847],[38.815114,9.021912],[38.815377,9.02203],[38.815537,9.022122],[38.815692,9.022219],[38.815844,9.02232],[38.816182,9.022544],[38.816569,9.022796],[38.816937,9.02303],[38.817247,9.023221],[38.817572,9.023415],[38.817739,9.023521],[38.817833,9.02358],[38.817976,9.023655],[38.818127,9.023731]]},"properties":{"name":"Fikre Mariam Aba Techan Street"}},{"type":"Feature","geometry":{"type":"LineString","coordinates":[[38.864482,9.040698],[38.864616,9.040692],[38.864771,9.040698],[38.864896,9.040728],[38.864995,9.040752],[38.865094,9.040789],[38.865195,9.040844],[38.865321,9.040934],[38.865444,9.041054],[38.865501,9.041117],[38.865551,9.041173],[38.865611,9.04125],[38.865772,9.041468],[38.866003,9.041786],[38.866225,9.042057],[38.866392,9.042229],[38.866567,9.042404],[38.866826,9.042625],[38.867012,9.042758],[38.867126,9.042841],[38.86787,9.043301],[38.868056,9.043427],[38.868222,9.04357],[38.868326,9.043696],[38.868409,9.043801],[38.868475,9.043931],[38.868523,9.04406],[38.868548,9.044217],[38.868552,9.044346],[38.868557,9.044649],[38.868574,9.044877],[38.868604,9.045085],[38.868653,9.045328],[38.868766,9.045731],[38.868911,9.046236],[38.869202,9.047332],[38.869243,9.047467],[38.869301,9.047622],[38.869408,9.047865],[38.869724,9.048531],[38.870026,9.049154],[38.870313,9.04973],[38.870515,9.05017],[38.870577,9.050308],[38.870963,9.051123],[38.871139,9.051479],[38.871584,9.052413],[38.871695,9.052635],[38.871918,9.05308],[38.872288,9.053848],[38.872475,9.054224],[38.87283,9.054979],[38.873168,9.055657],[38.873513,9.05637],[38.87384,9.057075],[38.87391,9.05719],[38.873984,9.057288],[38.874082,9.057388],[38.874181,9.05748],[38.874238,9.057521],[38.87434,9.057588],[38.874529,9.057692],[38.874558,9.057701],[38.874687,9.057748],[38.874726,9.057751],[38.875027,9.05778],[38.875199,9.057786],[38.875402,9.057796],[38.8756,9.057795],[38.875804,9.057783],[38.875886,9.05777],[38.875952,9.057756],[38.876202,9.057684],[38.876368,9.057614],[38.87665,9.057452],[38.877111,9.057168],[38.877354,9.057027],[38.87746,9.056966],[38.877745,9.056804],[38.877877,9.056726],[38.878008,9.056672],[38.878204,9.056629]]},"properties":{"name":"Fikre Mariam Aba Techan Street"}},{"type":"Feature","geometry":{"type":"LineString","coordinates":[[38.864441,9.040827],[38.864551,9.040808],[38.864712,9.040807],[38.864829,9.040823],[38.864969,9.040857],[38.86507,9.040902],[38.865181,9.040968],[38.865295,9.041055],[38.865372,9.041132],[38.865451,9.041232],[38.865596,9.041416],[38.865647,9.041482],[38.865942,9.041866],[38.866202,9.042165],[38.866383,9.042364],[38.866569,9.04254],[38.866763,9.042698],[38.867064,9.042913],[38.867442,9.043164],[38.867537,9.043223],[38.867827,9.043402],[38.86803,9.043544],[38.868128,9.043625],[38.868152,9.043649],[38.868221,9.043718],[38.868303,9.043836],[38.868367,9.043965],[38.868411,9.044079],[38.868436,9.044217],[38.86845,9.0445],[38.868469,9.044792],[38.868497,9.045079],[38.868541,9.04531],[38.868583,9.045479],[38.868663,9.045763],[38.868705,9.045939],[38.868821,9.04638],[38.869071,9.047307],[38.869116,9.047426],[38.869144,9.047513],[38.869217,9.047713],[38.869309,9.047915],[38.869471,9.048255],[38.869653,9.048603],[38.869935,9.049189],[38.870216,9.049768],[38.870334,9.050029],[38.870692,9.050776],[38.870872,9.051186],[38.871156,9.051785],[38.871466,9.052409],[38.871582,9.052648],[38.872166,9.05384],[38.872455,9.05444],[38.872735,9.055006],[38.873064,9.055706],[38.873344,9.056279],[38.873455,9.056505],[38.873603,9.056818],[38.873682,9.056978],[38.87375,9.057112],[38.87379,9.057174],[38.873876,9.057321],[38.873899,9.057348],[38.873986,9.057452],[38.874163,9.057599],[38.874228,9.05764],[38.874348,9.057718],[38.874498,9.057782],[38.874572,9.05781],[38.874631,9.057823],[38.874698,9.057845],[38.874783,9.057854],[38.875134,9.05787],[38.875486,9.057873],[38.875776,9.057873],[38.875987,9.057841],[38.876196,9.057787],[38.876442,9.057684],[38.876693,9.057541],[38.87711,9.057286],[38.877291,9.057192],[38.877421,9.057133],[38.877563,9.057085],[38.877569,9.057084],[38.877717,9.057059],[38.877912,9.05706],[38.877944,9.05706],[38.878262,9.057118],[38.878295,9.057124]]},"properties":{"name":"Fikre Mariam Aba Techan Street"}},{"type":"Feature","geometry":{"type":"LineString","coordinates":[[38.818063,9.02386],[38.817915,9.023736],[38.817852,9.023693],[38.817785,9.023649],[38.817248,9.023332],[38.816765,9.023016],[38.81617,9.022648],[38.815647,9.022294],[38.81534,9.022121],[38.81506,9.021989],[38.814443,9.021771],[38.814272,9.021704],[38.814144,9.021665],[38.813785,9.021546],[38.813694,9.021516],[38.813397,9.021425],[38.813175,9.021373],[38.812966,9.021331],[38.812751,9.0213],[38.812561,9.021281],[38.812305,9.021285],[38.812066,9.021297],[38.811892,9.021309],[38.811776,9.021321],[38.81168,9.021331],[38.811447,9.021359],[38.811078,9.021406],[38.810217,9.021502],[38.810155,9.021514],[38.810041,9.021528],[38.809792,9.021558],[38.809598,9.021573],[38.809416,9.02157],[38.80876,9.021487],[38.808079,9.02139],[38.807796,9.02135],[38.807099,9.021251],[38.806472,9.02117],[38.805323,9.021023],[38.805082,9.020963],[38.804987,9.020934],[38.804464,9.020671],[38.804126,9.020502],[38.803982,9.020436],[38.8039,9.020405],[38.803819,9.020384],[38.803714,9.020373],[38.803634,9.020371],[38.803483,9.02038],[38.803373,9.020398],[38.803241,9.020436],[38.803173,9.020465],[38.802834,9.020656],[38.802634,9.020778],[38.802492,9.020864],[38.802101,9.021091],[38.802029,9.021131],[38.801915,9.021201],[38.801812,9.021279],[38.801722,9.021382],[38.801702,9.021409],[38.801607,9.021603]]},"properties":{"name":"Fikre Mariam Aba Techan Street"}},{"type":"Feature","geometry":{"type":"LineString","coordinates":[[38.801294,9.021809],[38.80122,9.021815],[38.801122,9.021824],[38.800907,9.021889],[38.8008,9.021939],[38.800636,9.022033],[38.800474,9.022136],[38.800221,9.022295],[38.800019,9.022405],[38.799844,9.022501],[38.799535,9.02267],[38.798689,9.023085],[38.79862,9.023122],[38.798443,9.023226],[38.797036,9.024051],[38.79603,9.024646],[38.796002,9.024664],[38.795923,9.024703],[38.795495,9.024947],[38.795292,9.025068],[38.794923,9.025288],[38.794207,9.025714],[38.793746,9.025992],[38.792525,9.02673],[38.791438,9.027364],[38.790484,9.027938],[38.789706,9.028425],[38.789693,9.028434],[38.78926,9.028677],[38.789006,9.028816],[38.78865,9.029036],[38.788567,9.029094],[38.788404,9.029192]]},"properties":{"name":"Fikre Mariam Aba Techan Street"}},{"type":"Feature","geometry":{"type":"LineString","coordinates":[[38.831328,9.037514],[38.831174,9.037508],[38.830958,9.037465],[38.830847,9.037435],[38.830675,9.03737],[38.830608,9.037338],[38.830406,9.037247],[38.830231,9.03713],[38.829966,9.036872],[38.829421,9.036361],[38.82924,9.0362],[38.829195,9.036124],[38.828975,9.035937],[38.828756,9.035762],[38.828182,9.035377],[38.828103,9.035321],[38.827986,9.035251]]},"properties":{"name":"Fikre Mariam Aba Techan Street"}},{"type":"Feature","geometry":{"type":"LineString","coordinates":[[38.818406,9.023939],[38.818548,9.024011],[38.81874,9.024131],[38.818889,9.024228],[38.818995,9.024306],[38.819159,9.024447],[38.81919,9.024538]]},"properties":{"name":"Fikre Mariam Aba Techan Street"}},{"type":"Feature","geometry":{"type":"LineString","coordinates":[[38.820298,9.027548],[38.820121,9.026346],[38.820091,9.026259],[38.819971,9.025914],[38.819686,9.02526],[38.819608,9.025072],[38.819498,9.024897],[38.819335,9.024714],[38.819261,9.024624],[38.819218,9.024574],[38.81919,9.024538],[38.819101,9.024491],[38.818921,9.024357],[38.81879,9.024279],[38.818665,9.024208],[38.818567,9.024163],[38.818474,9.024127],[38.818398,9.024092],[38.818298,9.024036]]},"properties":{"name":"Fikre Mariam Aba Techan Street"}},{"type":"Feature","geometry":{"type":"LineString","coordinates":[[38.850526,9.03904],[38.849935,9.038982],[38.849559,9.038946],[38.849368,9.038927],[38.849006,9.03889],[38.848394,9.038831],[38.847697,9.038751],[38.847389,9.038743],[38.847237,9.03873],[38.847076,9.038719],[38.846885,9.038713],[38.846732,9.038729],[38.84652,9.038757],[38.846177,9.038807],[38.84613,9.038808],[38.845619,9.03887],[38.845384,9.038889],[38.845252,9.038885],[38.84513,9.038868],[38.844947,9.038852],[38.844676,9.03877],[38.843979,9.0386],[38.843657,9.038472],[38.843174,9.038339],[38.842832,9.038259],[38.842728,9.038235],[38.842344,9.038133],[38.841788,9.038027],[38.841287,9.037912]]},"properties":{"name":"Fikre Mariam Aba Techan Street"}},{"type":"Feature","geometry":{"type":"LineString","coordinates":[[38.834837,9.037034],[38.834747,9.037035],[38.833807,9.037015],[38.833747,9.037018]]},"properties":{"name":"Fikre Mariam Aba Techan Street"}},{"type":"Feature","geometry":{"type":"LineString","coordinates":[[38.818418,9.023816],[38.818745,9.023855],[38.81909,9.023876],[38.819236,9.023881],[38.819247,9.023881],[38.819427,9.023891],[38.819549,9.023898],[38.819632,9.023902],[38.819852,9.023923],[38.819872,9.023926],[38.820088,9.023961],[38.820339,9.024015],[38.820744,9.024116],[38.820814,9.024133],[38.821225,9.024242],[38.821384,9.024288],[38.821714,9.024379],[38.821986,9.024457],[38.822703,9.024669],[38.823124,9.0248],[38.823559,9.024921],[38.823811,9.024992],[38.8242,9.025103],[38.82467,9.025228],[38.825188,9.025357],[38.825993,9.025553],[38.826538,9.025705],[38.826657,9.025724],[38.827014,9.025841],[38.827218,9.025904],[38.827282,9.025926],[38.827925,9.026168],[38.828658,9.026456],[38.829668,9.026858],[38.829925,9.026972],[38.829991,9.026997],[38.83031,9.027128],[38.830365,9.02715],[38.83094,9.027456],[38.831572,9.027826],[38.831855,9.027986],[38.832001,9.028059],[38.832197,9.028136],[38.832472,9.028216],[38.832806,9.028291],[38.833062,9.028339],[38.833194,9.028374],[38.83358,9.028468],[38.833882,9.028549],[38.834335,9.028716],[38.834503,9.028789],[38.835306,9.029157],[38.83552,9.029255],[38.835766,9.029362],[38.836364,9.02961],[38.83721,9.029887],[38.837499,9.02998],[38.837721,9.030051],[38.837955,9.030128],[38.838113,9.030182],[38.838861,9.03044],[38.839071,9.030524],[38.840043,9.030946],[38.840338,9.031085],[38.840608,9.031207],[38.840823,9.031311],[38.841167,9.031471],[38.841424,9.0316],[38.842055,9.031902],[38.842539,9.032127],[38.843322,9.032494],[38.843643,9.032637],[38.844486,9.03303],[38.84482,9.033191],[38.844867,9.033213],[38.845373,9.033456],[38.845839,9.033681],[38.846169,9.033839],[38.846514,9.034003],[38.84677,9.034124],[38.846794,9.034135],[38.846974,9.0342],[38.847259,9.034294],[38.847469,9.034353],[38.847733,9.034416],[38.848048,9.034493],[38.848335,9.034552],[38.848509,9.03459],[38.848965,9.034676],[38.849504,9.034792],[38.850198,9.03495],[38.851039,9.035125],[38.851227,9.035168],[38.851791,9.035279],[38.852614,9.035459],[38.853161,9.035596],[38.853325,9.035638],[38.85354,9.035709],[38.853716,9.035757],[38.853851,9.035794],[38.854235,9.035897],[38.85466,9.036014],[38.854696,9.036023],[38.855088,9.036132],[38.855962,9.036384],[38.856829,9.03662],[38.857168,9.03672],[38.85781,9.036894],[38.858232,9.03702],[38.858806,9.037196],[38.859128,9.037306],[38.859507,9.037463],[38.85992,9.03765],[38.860157,9.037757],[38.860256,9.037804],[38.860595,9.037958],[38.86084,9.038068],[38.861636,9.038446],[38.862267,9.038732],[38.862388,9.038788],[38.862757,9.038965],[38.862944,9.039066],[38.863137,9.039184],[38.86334,9.039326],[38.863586,9.039539],[38.863904,9.039849],[38.864032,9.039988],[38.864269,9.040343],[38.864309,9.040409],[38.864372,9.040519],[38.864482,9.040698]]},"properties":{"name":"Ararat to Kara"}},{"type":"Feature","geometry":{"type":"LineString","coordinates":[[38.864441,9.040827],[38.864368,9.040716],[38.864302,9.040598],[38.864226,9.04045],[38.864148,9.040318],[38.86403,9.040147],[38.863865,9.039969],[38.863766,9.039866],[38.863578,9.039673],[38.863415,9.039527],[38.863192,9.039346],[38.862923,9.039168],[38.862755,9.039075],[38.862458,9.038932],[38.862216,9.038821],[38.861981,9.038709],[38.861732,9.038597],[38.86066,9.038108],[38.860057,9.037829],[38.859464,9.037557],[38.859262,9.03748],[38.858822,9.037318],[38.858317,9.03716],[38.858172,9.037107],[38.857667,9.036961],[38.857309,9.036864],[38.857134,9.036814],[38.856774,9.036716],[38.856245,9.03657],[38.855909,9.036478],[38.854525,9.036089],[38.854277,9.036015],[38.854144,9.035975],[38.853877,9.035897],[38.853566,9.035815],[38.85344,9.03577],[38.853389,9.035756],[38.853356,9.035746],[38.852771,9.035607],[38.851766,9.035384],[38.851244,9.035282],[38.851006,9.03523],[38.850738,9.035175],[38.850105,9.035044],[38.849292,9.034854],[38.848926,9.034766],[38.848571,9.034699],[38.848324,9.034649],[38.848191,9.034625],[38.848097,9.034609],[38.847725,9.034521],[38.847396,9.034441],[38.847206,9.034387],[38.847049,9.034334],[38.846886,9.034283],[38.846702,9.034198],[38.846663,9.034182],[38.846133,9.033937],[38.845776,9.033768],[38.845507,9.033639],[38.844943,9.033369],[38.844591,9.033208],[38.844404,9.033116],[38.844312,9.033075],[38.843638,9.032738],[38.843225,9.032552],[38.842739,9.032312],[38.842511,9.032215],[38.842017,9.031979],[38.841399,9.031706],[38.841108,9.031559],[38.840789,9.031403],[38.840325,9.031181],[38.839789,9.030935],[38.839283,9.030716],[38.839077,9.03063],[38.83884,9.030533],[38.838584,9.03044],[38.838578,9.030437],[38.838321,9.030353],[38.838073,9.030264],[38.837391,9.030052],[38.837173,9.029984],[38.83634,9.029704],[38.835729,9.029451],[38.835568,9.029379],[38.835057,9.029138],[38.834486,9.028886],[38.834347,9.028822],[38.834182,9.028754],[38.833691,9.028592],[38.833445,9.028523],[38.833323,9.028495],[38.833303,9.028489],[38.833291,9.028485],[38.833212,9.028462],[38.832777,9.028373],[38.832433,9.028294],[38.83217,9.028214],[38.832097,9.028193],[38.831984,9.028149],[38.83182,9.028064],[38.83148,9.027883],[38.831318,9.027785],[38.830907,9.027532],[38.830756,9.027452],[38.830339,9.027232],[38.830282,9.027207],[38.830046,9.027118],[38.829889,9.027051],[38.829695,9.026974],[38.829137,9.026742],[38.828626,9.026532],[38.828098,9.026328],[38.827844,9.026236],[38.827369,9.026061],[38.827312,9.026044],[38.82712,9.025992],[38.827086,9.025983],[38.826673,9.025854],[38.82655,9.02582],[38.826476,9.025801],[38.825977,9.025655],[38.825507,9.025527],[38.824668,9.02531],[38.824194,9.025182],[38.82379,9.025076],[38.822761,9.024774],[38.822508,9.024701],[38.821988,9.024545],[38.821713,9.024468],[38.821337,9.024365],[38.821117,9.024312],[38.82074,9.024201],[38.820442,9.024132],[38.82034,9.02411],[38.820125,9.024067],[38.819923,9.024038],[38.819658,9.024],[38.819636,9.023998],[38.819206,9.023973],[38.819178,9.023974],[38.818748,9.023948],[38.818546,9.023933],[38.818411,9.023919]]},"properties":{"name":"Ararat to Kara"}},{"type":"Feature","geometry":{"type":"LineString","coordinates":[[38.732964,9.029099],[38.733129,9.029134],[38.733272,9.029157],[38.733368,9.029173],[38.733469,9.029191],[38.733554,9.029205],[38.733888,9.029247],[38.734176,9.029282],[38.73448,9.029312],[38.734821,9.029356],[38.735362,9.029432],[38.735898,9.029514],[38.736371,9.029581],[38.736934,9.029647],[38.736983,9.029649],[38.737006,9.029647],[38.737027,9.029633],[38.737153,9.029681],[38.737264,9.029732],[38.737377,9.029783],[38.737549,9.029871],[38.73765,9.029932],[38.737707,9.029966],[38.737932,9.0301],[38.738059,9.030179],[38.738088,9.030198],[38.738389,9.030394],[38.738425,9.030418]]},"properties":{"name":"Kenya Street"}},{"type":"Feature","geometry":{"type":"LineString","coordinates":[[38.732964,9.029099],[38.732836,9.029075],[38.732731,9.029037],[38.732689,9.029031],[38.732438,9.028982],[38.73235,9.02897],[38.732204,9.028943],[38.73201,9.028914],[38.731865,9.028891],[38.731715,9.028867],[38.731401,9.028828],[38.731254,9.028809],[38.731081,9.028786],[38.730774,9.028744],[38.73046,9.028702],[38.730328,9.028683],[38.730107,9.028655],[38.72998,9.028639],[38.729829,9.028624],[38.729691,9.028608],[38.72958,9.028598],[38.729458,9.028593],[38.729218,9.028593],[38.728892,9.028599],[38.728811,9.028598],[38.728551,9.028614],[38.728481,9.028617],[38.728415,9.028616],[38.728317,9.02862],[38.727943,9.028626],[38.727844,9.028622],[38.727676,9.028612],[38.727424,9.028584],[38.727269,9.028557],[38.727113,9.028529],[38.726631,9.028458],[38.726465,9.028431],[38.726213,9.028389],[38.725947,9.02835],[38.72566,9.028302],[38.725335,9.028239],[38.725061,9.028194],[38.724864,9.028169],[38.724615,9.028128],[38.724463,9.028102],[38.724273,9.02806],[38.724204,9.028049],[38.723946,9.028006],[38.723925,9.028006],[38.723454,9.027947],[38.723312,9.027938],[38.723038,9.027913],[38.722997,9.027913]]},"properties":{"name":"Congo Street"}},{"type":"Feature","geometry":{"type":"LineString","coordinates":[[38.732836,9.029075],[38.732842,9.029022],[38.732888,9.028844],[38.732976,9.028279],[38.733144,9.027187],[38.733243,9.026473],[38.733331,9.025676],[38.733418,9.024961],[38.733497,9.024253],[38.733518,9.023732],[38.733513,9.023148],[38.733434,9.022306],[38.733355,9.021467],[38.733331,9.021245],[38.733276,9.020855],[38.733201,9.020696]]},"properties":{"name":"Dej. Mekonin Demisaw"}},{"type":"Feature","geometry":{"type":"LineString","coordinates":[[38.733438,9.020682],[38.733427,9.020794],[38.733428,9.020839],[38.733449,9.021133],[38.733468,9.021317],[38.733481,9.021429],[38.733489,9.021513],[38.733513,9.021782],[38.733538,9.02208],[38.73358,9.022486],[38.733588,9.022595],[38.733603,9.022808],[38.733624,9.023112],[38.733634,9.023303],[38.733638,9.023505],[38.73363,9.023689],[38.733618,9.023968],[38.733597,9.024295],[38.733573,9.024585],[38.733529,9.024981],[38.733506,9.025198],[38.73347,9.025446],[38.733439,9.02568],[38.733422,9.025831],[38.733402,9.025977],[38.733377,9.026184],[38.733346,9.026489],[38.733329,9.026652],[38.733313,9.026869],[38.733282,9.027185],[38.73327,9.02732],[38.733256,9.027465],[38.733227,9.027676],[38.733189,9.027893],[38.733121,9.02832],[38.733032,9.028765],[38.732974,9.02904],[38.732964,9.029099]]},"properties":{"name":"Dej. Mekonin Demisaw"}},{"type":"Feature","geometry":{"type":"LineString","coordinates":[[38.733204,9.019974],[38.733216,9.019842],[38.733272,9.019673],[38.733316,9.019605],[38.733358,9.019539],[38.733454,9.019412],[38.733648,9.01926],[38.733828,9.019149],[38.73388,9.019124],[38.734216,9.018954],[38.734385,9.018875],[38.734607,9.018724],[38.73467,9.018657],[38.734735,9.018566],[38.734753,9.018531],[38.734812,9.018411],[38.734866,9.018278],[38.734883,9.018185],[38.734898,9.018026],[38.734888,9.017934],[38.734871,9.017763],[38.734847,9.017584],[38.734784,9.016984],[38.734761,9.016752],[38.734735,9.016513],[38.734727,9.016415],[38.734699,9.016163],[38.734695,9.016129],[38.734642,9.015657],[38.734613,9.015391],[38.734457,9.013997],[38.734446,9.013898],[38.734427,9.013725],[38.734417,9.013642],[38.734354,9.013115],[38.734326,9.01288],[38.734279,9.012489],[38.734228,9.012064],[38.734212,9.011931],[38.734191,9.011758],[38.734137,9.011412],[38.734113,9.011254],[38.73405,9.010824],[38.733952,9.010148],[38.733891,9.009727],[38.73382,9.009308],[38.733779,9.008947],[38.733767,9.008784],[38.733755,9.008554],[38.733767,9.008356],[38.733795,9.008163],[38.733826,9.007918],[38.73385,9.007764],[38.733888,9.007521],[38.733912,9.007253],[38.733912,9.00709],[38.733902,9.006979],[38.733887,9.006861],[38.733835,9.006699],[38.733785,9.006568],[38.733727,9.006417],[38.733703,9.006344],[38.733664,9.006148],[38.733654,9.006054],[38.733645,9.005726],[38.73366,9.005418],[38.733716,9.004819],[38.73373,9.004536],[38.733729,9.004358],[38.733717,9.004216],[38.733673,9.004046],[38.733633,9.003901],[38.733602,9.003818],[38.73356,9.003719],[38.733544,9.003691],[38.733373,9.003385],[38.733166,9.002996],[38.733061,9.0028],[38.732997,9.002687],[38.7329,9.00252],[38.732685,9.002152],[38.732501,9.001813],[38.732358,9.001494],[38.73226,9.00119],[38.732176,9.000878],[38.732068,9.000413],[38.731992,9.000087],[38.73196,8.999958],[38.731909,8.999746],[38.731864,8.999605],[38.731781,8.999416],[38.73172,8.999284],[38.731607,8.999076],[38.731438,8.998821],[38.731358,8.998698],[38.731061,8.998271],[38.730983,8.998122],[38.730898,8.997993],[38.730815,8.997858],[38.730714,8.997695]]},"properties":{"name":"Bekele Weya Street"}},{"type":"Feature","geometry":{"type":"LineString","coordinates":[[38.733364,9.019968],[38.733408,9.019811],[38.733444,9.019729],[38.73347,9.019686],[38.733489,9.019654],[38.733567,9.019569],[38.733657,9.019487],[38.733766,9.019394],[38.733993,9.019277],[38.734157,9.019188],[38.734433,9.019044],[38.73456,9.018967],[38.734651,9.0189],[38.734829,9.018722],[38.734894,9.018624],[38.734954,9.018531],[38.735047,9.018319],[38.735057,9.018204],[38.735059,9.018042],[38.735056,9.017958],[38.735012,9.017552],[38.734981,9.017261],[38.734914,9.016768],[38.734902,9.016658],[38.734891,9.016515],[38.734882,9.016418],[38.734849,9.016128],[38.734809,9.015786],[38.734748,9.01525],[38.734739,9.015181],[38.734686,9.014831],[38.734566,9.01391],[38.734475,9.013277],[38.734458,9.01317],[38.734448,9.013086],[38.734432,9.01297],[38.734425,9.012921],[38.734392,9.012691],[38.734283,9.011918],[38.734263,9.011745]]},"properties":{"name":"Bekele Weya Street"}},{"type":"Feature","geometry":{"type":"LineString","coordinates":[[38.732029,8.97383],[38.731903,8.973801],[38.731825,8.973823],[38.731735,8.973867],[38.731509,8.974042],[38.731316,8.974196],[38.730931,8.974465],[38.73059,8.974697],[38.730319,8.974894],[38.729865,8.975192],[38.729687,8.975296],[38.729512,8.975398],[38.729303,8.975478],[38.729,8.9756],[38.728605,8.97571],[38.728227,8.97581],[38.728009,8.975867],[38.727776,8.975918],[38.72678,8.97615],[38.726389,8.976251],[38.726112,8.97631],[38.725927,8.976356],[38.72587,8.97637],[38.725792,8.976398],[38.725633,8.976453],[38.725305,8.976595],[38.725032,8.976734],[38.724241,8.977175],[38.723397,8.977674],[38.722948,8.977949],[38.722557,8.978208],[38.722296,8.978415]]},"properties":{"name":"Qore street"}},{"type":"Feature","geometry":{"type":"LineString","coordinates":[[38.721948,8.978582],[38.721824,8.978613],[38.721525,8.978734],[38.721076,8.978899],[38.720671,8.979018],[38.720094,8.979177],[38.719693,8.979285],[38.719305,8.979333],[38.718933,8.979388],[38.718658,8.979402],[38.718375,8.97941],[38.718008,8.979384],[38.717629,8.97938],[38.717375,8.979382],[38.717133,8.97938],[38.716968,8.979398],[38.716795,8.979473],[38.715941,8.979905],[38.715502,8.980185],[38.71531,8.980331],[38.715209,8.980395],[38.714999,8.980573]]},"properties":{"name":"Qore street"}},{"type":"Feature","geometry":{"type":"LineString","coordinates":[[38.714988,8.980454],[38.715038,8.980411],[38.715173,8.980312],[38.715245,8.980256],[38.715399,8.980118],[38.715882,8.979846],[38.716622,8.97945],[38.71694,8.97931],[38.717147,8.979305],[38.717367,8.979307],[38.717626,8.979304],[38.718014,8.979303],[38.718353,8.979338],[38.718633,8.979331],[38.718911,8.979311],[38.719279,8.97926],[38.719684,8.979198],[38.719981,8.979114],[38.72062,8.978939],[38.720991,8.97881],[38.721404,8.978663],[38.72168,8.978515],[38.721858,8.978391]]},"properties":{"name":"Qore street"}},{"type":"Feature","geometry":{"type":"LineString","coordinates":[[38.722208,8.978233],[38.722364,8.978196],[38.722515,8.978109],[38.722885,8.977878],[38.723037,8.977779],[38.723342,8.977592],[38.723517,8.977485],[38.723954,8.977238],[38.724079,8.97716],[38.724532,8.97692],[38.72486,8.976734],[38.725142,8.976577],[38.725328,8.976489],[38.725586,8.976388],[38.725838,8.976284],[38.726107,8.976218],[38.726633,8.976094],[38.727001,8.976007],[38.727768,8.975823],[38.72819,8.975719],[38.72855,8.975629],[38.72893,8.975514],[38.729309,8.975369],[38.729615,8.975232],[38.729738,8.975168],[38.729879,8.975089],[38.730572,8.974606],[38.730856,8.974421],[38.7312,8.974187],[38.731609,8.973884],[38.731743,8.973772],[38.731847,8.973691],[38.731941,8.973628]]},"properties":{"name":"Qore street"}},{"type":"Feature","geometry":{"type":"LineString","coordinates":[[38.74472,9.010107],[38.744708,9.010006],[38.744714,9.009817],[38.744758,9.009498],[38.744816,9.008884],[38.744851,9.00851],[38.744859,9.008437],[38.744964,9.007464],[38.744969,9.007413],[38.745055,9.006605],[38.745195,9.005128],[38.745288,9.00418],[38.745352,9.00353],[38.745462,9.002584]]},"properties":{"name":"Ras Lulseged Street"}},{"type":"Feature","geometry":{"type":"LineString","coordinates":[[38.74452,9.010021],[38.744539,9.009965],[38.744568,9.009907],[38.744599,9.009835],[38.744624,9.009741],[38.744636,9.009577],[38.744643,9.009483],[38.744702,9.008872],[38.744741,9.008492],[38.744747,9.008429],[38.744847,9.007402],[38.744932,9.006596],[38.744983,9.006007],[38.745073,9.005184],[38.745084,9.005106],[38.745168,9.004172],[38.745232,9.00352],[38.745327,9.002572]]},"properties":{"name":"Ras Lulseged Street"}},{"type":"Feature","geometry":{"type":"LineString","coordinates":[[38.734475,9.013277],[38.734549,9.013268],[38.735321,9.013162],[38.736318,9.013033],[38.736673,9.012986],[38.73676,9.012975],[38.737625,9.012881],[38.737715,9.012869],[38.737823,9.012812],[38.739085,9.01265],[38.739987,9.012555],[38.740362,9.012547],[38.740541,9.012549],[38.740753,9.012559],[38.741093,9.012583],[38.741383,9.012603],[38.741456,9.012606],[38.741618,9.012619],[38.742861,9.012738],[38.742942,9.012749],[38.74342,9.012791],[38.743663,9.012815],[38.744052,9.012832]]},"properties":{"name":"Liberia Street"}},{"type":"Feature","geometry":{"type":"LineString","coordinates":[[38.737613,9.012797],[38.737704,9.012789],[38.737823,9.012812]]},"properties":{"name":"Liberia Street"}},{"type":"Feature","geometry":{"type":"LineString","coordinates":[[38.740357,8.999702],[38.740404,8.999669],[38.741625,8.998708],[38.741779,8.998586],[38.742331,8.99816],[38.742853,8.997753],[38.742917,8.997702],[38.743431,8.997301],[38.743885,8.996922]]},"properties":{"name":"Fitawrari Damtew Street"}},{"type":"Feature","geometry":{"type":"LineString","coordinates":[[38.759595,8.977295],[38.75963,8.977167],[38.759657,8.977069],[38.75969,8.976929],[38.75971,8.976861],[38.759883,8.976136],[38.759897,8.97608],[38.759923,8.975975],[38.759994,8.975677],[38.760184,8.974874],[38.760203,8.974795],[38.760644,8.973178],[38.760719,8.972889],[38.760738,8.972814],[38.760761,8.972739],[38.76078,8.972664],[38.760901,8.97221],[38.76096,8.971995],[38.761065,8.971627],[38.761126,8.971422],[38.761264,8.970994],[38.761359,8.970729],[38.761816,8.969844],[38.762066,8.969339],[38.762311,8.968838],[38.762373,8.968686],[38.76242,8.968507],[38.762486,8.968172],[38.762591,8.967508],[38.762602,8.967435],[38.762618,8.967333],[38.762669,8.96701],[38.762713,8.966697],[38.762809,8.96606],[38.76282,8.965993],[38.762829,8.965945],[38.762842,8.965881],[38.762906,8.965398],[38.762907,8.965375],[38.763023,8.964637],[38.763095,8.964168],[38.763156,8.963765],[38.76321,8.963416],[38.763215,8.963379],[38.763362,8.962338],[38.763435,8.961864],[38.763601,8.960877],[38.76362,8.960762],[38.763722,8.960054],[38.763898,8.958867],[38.76391,8.958775],[38.763912,8.958715],[38.76391,8.958575],[38.763882,8.95828],[38.763848,8.957928],[38.763831,8.957752],[38.763827,8.957708],[38.76381,8.957544],[38.763729,8.95678],[38.763645,8.9556],[38.763555,8.954699],[38.763511,8.954252],[38.763469,8.953808],[38.763437,8.95357],[38.763429,8.953509],[38.763405,8.953329],[38.763397,8.953215],[38.763349,8.952723],[38.763277,8.952016],[38.763263,8.951795],[38.763263,8.951602],[38.763267,8.951516],[38.763301,8.951255],[38.763367,8.95102],[38.763536,8.950637],[38.763804,8.950048],[38.763914,8.94981],[38.764153,8.949277],[38.764802,8.947861],[38.764832,8.947793],[38.765249,8.946897],[38.765402,8.94657],[38.765493,8.946375],[38.765795,8.945713],[38.76612,8.945004],[38.766197,8.94484],[38.766248,8.944727],[38.766354,8.944491],[38.766406,8.944342],[38.766457,8.944151],[38.76646,8.944073],[38.766445,8.943807],[38.766414,8.943651],[38.766349,8.943459],[38.766274,8.943327],[38.766184,8.943194],[38.766098,8.94309],[38.764902,8.941915],[38.763674,8.940679],[38.763335,8.940337],[38.763006,8.940012],[38.762917,8.939924],[38.762846,8.939841],[38.762748,8.939699],[38.762654,8.939491],[38.762573,8.939217],[38.762548,8.939025],[38.762573,8.938756],[38.762642,8.93849],[38.762708,8.93834],[38.76281,8.938153],[38.762975,8.937909],[38.763399,8.937309],[38.763913,8.936569],[38.764207,8.936097],[38.764256,8.936034],[38.764464,8.935673],[38.764572,8.935487],[38.764724,8.935263],[38.764833,8.935099],[38.764861,8.935058],[38.764879,8.935001],[38.764899,8.934939],[38.764919,8.93481]]},"properties":{"name":"Debre Zeit Road"}},{"type":"Feature","geometry":{"type":"LineString","coordinates":[[38.759753,8.977352],[38.759843,8.976948],[38.759932,8.976499],[38.759973,8.976356],[38.759986,8.976309],[38.760009,8.97623],[38.76013,8.975787],[38.760237,8.975393],[38.760367,8.97485],[38.760412,8.974693],[38.760583,8.974079],[38.760668,8.973772],[38.76071,8.973625],[38.760732,8.973551],[38.760904,8.972932],[38.760924,8.97286],[38.760942,8.972795],[38.760981,8.972653],[38.761255,8.971612],[38.76138,8.971197],[38.761438,8.971016],[38.761504,8.970836],[38.7616,8.970624],[38.761736,8.970359],[38.761933,8.969973],[38.762174,8.969482],[38.762235,8.969359],[38.762474,8.968903],[38.76252,8.968785],[38.762552,8.96866],[38.762591,8.968479],[38.762632,8.968264],[38.762735,8.967606],[38.762747,8.967526],[38.762808,8.967085],[38.762844,8.96686],[38.76291,8.966436],[38.762967,8.966071],[38.762974,8.966022],[38.762977,8.965996],[38.762989,8.965902],[38.763072,8.965385],[38.763259,8.964191],[38.763309,8.963844],[38.763403,8.963248],[38.763578,8.961974],[38.763589,8.961894],[38.763759,8.96082],[38.763875,8.960134],[38.763904,8.959959],[38.764037,8.95905],[38.764066,8.958802],[38.764077,8.95869],[38.764072,8.958591],[38.764056,8.958309],[38.764056,8.958302],[38.764036,8.957885],[38.764029,8.957777],[38.764021,8.957684],[38.764001,8.9575],[38.763936,8.956869],[38.763882,8.956219],[38.763763,8.955335],[38.763672,8.954295],[38.763634,8.953796],[38.763609,8.953595],[38.763597,8.953498],[38.763572,8.953301],[38.763567,8.953198],[38.763552,8.953072],[38.763528,8.952781],[38.763511,8.952597],[38.763473,8.952144],[38.763452,8.951793],[38.763453,8.951559],[38.763472,8.951377],[38.763515,8.951157],[38.763546,8.951046],[38.763602,8.950891],[38.763832,8.950378],[38.7641,8.949804],[38.764231,8.949524],[38.764764,8.948378],[38.765003,8.947882],[38.765555,8.946703],[38.765693,8.946407],[38.765772,8.946234],[38.765953,8.945836],[38.76614,8.945429],[38.766298,8.945069],[38.766396,8.944855],[38.766532,8.944571],[38.766603,8.944352],[38.766637,8.944192],[38.766643,8.943984],[38.76664,8.943909],[38.766642,8.943825],[38.766607,8.943666],[38.76656,8.943507],[38.766507,8.943376],[38.766452,8.943271],[38.766385,8.943166],[38.766245,8.942994],[38.763318,8.940065],[38.763175,8.939927],[38.762984,8.939723],[38.762873,8.939534],[38.762818,8.939392],[38.762784,8.939249],[38.762762,8.939062],[38.762758,8.938887],[38.762794,8.938682],[38.76286,8.938502],[38.762898,8.938421],[38.762941,8.938349],[38.762976,8.938294],[38.763038,8.938203],[38.763101,8.93813],[38.76313,8.938095],[38.763137,8.938086],[38.7632,8.938011],[38.763317,8.93787],[38.763539,8.937592],[38.763744,8.937359],[38.763886,8.93719],[38.763995,8.937023],[38.764033,8.936959],[38.764148,8.936794],[38.764293,8.936547],[38.764318,8.936486],[38.764346,8.936417],[38.76439,8.936308],[38.764416,8.936273],[38.764437,8.936242],[38.764632,8.93599],[38.764715,8.935877],[38.764782,8.935751],[38.764904,8.935563],[38.764972,8.935456],[38.765023,8.93537],[38.765086,8.935289],[38.765139,8.935213],[38.765219,8.935154],[38.765267,8.935114],[38.765318,8.93507],[38.765364,8.935034]]},"properties":{"name":"Debre Zeit Road"}},{"type":"Feature","geometry":{"type":"LineString","coordinates":[[38.759782,8.98751],[38.759795,8.987318],[38.759812,8.986981],[38.759809,8.986756],[38.759791,8.986513],[38.759783,8.986384],[38.759759,8.986153],[38.759731,8.985948],[38.759697,8.985739],[38.759508,8.984679],[38.759447,8.984328],[38.759414,8.984132],[38.759399,8.984026],[38.759396,8.983923],[38.759401,8.983659],[38.759422,8.983392],[38.759457,8.983186],[38.759516,8.982971],[38.759556,8.982849],[38.759604,8.982735],[38.759759,8.982398],[38.759835,8.98224]]},"properties":{"name":"Debre Zeit Road"}},{"type":"Feature","geometry":{"type":"LineString","coordinates":[[38.765459,8.933837],[38.765615,8.933746],[38.765744,8.933645],[38.76585,8.9335],[38.766087,8.93316],[38.76659,8.932385],[38.766636,8.93231],[38.766736,8.932242],[38.767022,8.931856],[38.767236,8.931522],[38.767584,8.930973],[38.76778,8.930662],[38.76795,8.930307],[38.767988,8.930118],[38.768017,8.92985],[38.768029,8.929727],[38.768027,8.929585],[38.768017,8.929468],[38.768002,8.929311],[38.767945,8.928998],[38.767898,8.928829],[38.767809,8.928621],[38.767741,8.928507],[38.767338,8.927774],[38.767217,8.927562],[38.766086,8.925585],[38.765911,8.925294],[38.765626,8.924837],[38.765037,8.923875],[38.76465,8.92326],[38.764571,8.923136],[38.7645,8.923023],[38.764282,8.922656],[38.764025,8.922147]]},"properties":{"name":"A1"}},{"type":"Feature","geometry":{"type":"LineString","coordinates":[[38.763039,8.913525],[38.763322,8.913163]]},"properties":{"name":"A1"}},{"type":"Feature","geometry":{"type":"LineString","coordinates":[[38.763732,8.921388],[38.763994,8.921678],[38.764164,8.921865]]},"properties":{"name":"A1"}},{"type":"Feature","geometry":{"type":"LineString","coordinates":[[38.765947,8.93424],[38.765975,8.934042],[38.766009,8.93391],[38.766079,8.933766],[38.766147,8.933639],[38.766545,8.933031],[38.76671,8.932764],[38.766914,8.932448],[38.766948,8.932306],[38.767578,8.931361],[38.767821,8.93098],[38.768126,8.930377],[38.768245,8.929817],[38.768244,8.929679],[38.768245,8.929634],[38.768245,8.929605],[38.768245,8.929558],[38.768221,8.92926],[38.768186,8.929052],[38.768137,8.928888],[38.768071,8.928713],[38.767983,8.928514],[38.767884,8.92835],[38.76783,8.928228],[38.767515,8.927734],[38.7668,8.926456],[38.766051,8.925159],[38.765795,8.924726],[38.765062,8.923552],[38.764815,8.923158],[38.764469,8.922521],[38.764164,8.921865]]},"properties":{"name":"A1"}},{"type":"Feature","geometry":{"type":"LineString","coordinates":[[38.798867,8.866847],[38.798771,8.867068],[38.798583,8.867501],[38.79853,8.867601],[38.798471,8.867725],[38.798227,8.868176],[38.798056,8.868516],[38.797834,8.869009],[38.797749,8.869174],[38.797314,8.870007],[38.797205,8.870251],[38.796561,8.871606],[38.796394,8.871951],[38.795678,8.873488],[38.795356,8.87408],[38.79503,8.874526],[38.79479,8.874817],[38.794552,8.875076],[38.794334,8.875256],[38.794082,8.875462],[38.793771,8.875659],[38.79339,8.875873],[38.792972,8.876072],[38.792631,8.876181],[38.792017,8.876324],[38.791409,8.876381],[38.790019,8.876403]]},"properties":{"name":"A1"}},{"type":"Feature","geometry":{"type":"LineString","coordinates":[[38.800337,8.863254],[38.800124,8.863683],[38.800051,8.863828],[38.799708,8.864539],[38.799589,8.864784],[38.799369,8.865234],[38.79935,8.865274],[38.799199,8.865603],[38.798918,8.86622],[38.79889,8.866283],[38.798857,8.866347],[38.798441,8.867162],[38.798287,8.867482],[38.79811,8.867851],[38.798007,8.868072],[38.797582,8.868983],[38.797024,8.870154],[38.796537,8.871175],[38.796196,8.871865],[38.795459,8.873393],[38.795156,8.873955],[38.794886,8.87435],[38.794529,8.874763],[38.7941,8.875148],[38.793689,8.875433],[38.793454,8.875587],[38.793396,8.875627],[38.793351,8.875659],[38.793306,8.875678],[38.793214,8.875718],[38.793145,8.875748],[38.792935,8.875842],[38.792553,8.875983],[38.791939,8.876138],[38.790955,8.876211],[38.789998,8.876239]]},"properties":{"name":"A1"}},{"type":"Feature","geometry":{"type":"LineString","coordinates":[[38.991931,8.742031],[38.991861,8.74229],[38.991854,8.74232],[38.991831,8.742397],[38.991775,8.742587],[38.991675,8.742969],[38.991454,8.743808],[38.99143,8.743895],[38.991423,8.74392],[38.991413,8.743957],[38.991321,8.744283],[38.991307,8.744333],[38.991184,8.74468],[38.991117,8.744871],[38.991047,8.744977],[38.990853,8.745215],[38.99056,8.745486],[38.989988,8.745962],[38.989242,8.74657],[38.988978,8.746751],[38.98877,8.746883],[38.988477,8.747032],[38.988179,8.747159],[38.987882,8.747263],[38.987255,8.747444],[38.986858,8.747558],[38.986687,8.747585],[38.986601,8.747599],[38.986329,8.747637],[38.985813,8.747672],[38.985472,8.747681],[38.983481,8.747728],[38.98288,8.747763],[38.982499,8.747762],[38.981281,8.747804],[38.97998,8.74789],[38.979116,8.747936],[38.979057,8.747933],[38.978996,8.74793],[38.977544,8.748082],[38.977367,8.748097],[38.977278,8.748105],[38.976039,8.74822],[38.974371,8.748359],[38.974101,8.748371],[38.973859,8.748394],[38.973505,8.748461],[38.97313,8.748586],[38.972776,8.748722],[38.972244,8.748944],[38.970724,8.749533],[38.969964,8.749864],[38.969488,8.750071],[38.96798,8.750674],[38.96722,8.750942],[38.96684,8.751081],[38.966612,8.751129],[38.966478,8.751158],[38.9662,8.751194],[38.965743,8.751254],[38.965095,8.751276],[38.964274,8.75132],[38.963863,8.751333],[38.963509,8.751354],[38.963002,8.75137],[38.961821,8.751418],[38.960084,8.751455],[38.959356,8.751481],[38.958876,8.751484],[38.958274,8.751501],[38.957935,8.75151],[38.95766,8.751554],[38.957371,8.751593],[38.9573,8.751617],[38.957119,8.751695],[38.956999,8.751742],[38.956922,8.751774],[38.956883,8.751797],[38.956571,8.751973],[38.955962,8.752385],[38.955038,8.75302],[38.954377,8.753467],[38.953648,8.753988],[38.953276,8.754235],[38.952665,8.754684],[38.952401,8.754859],[38.952044,8.755123],[38.951742,8.755294],[38.951136,8.755677],[38.950351,8.756237],[38.950165,8.756369],[38.949508,8.756829],[38.949418,8.756889],[38.949359,8.756925],[38.949048,8.757149],[38.948821,8.757287],[38.947861,8.757937],[38.947821,8.757963],[38.947587,8.758126],[38.946281,8.759025],[38.945653,8.759471],[38.945,8.759941],[38.944584,8.760248],[38.944287,8.760454],[38.944103,8.760588],[38.94375,8.76086],[38.942616,8.761771],[38.941961,8.762283],[38.941268,8.762821],[38.941199,8.76288],[38.939601,8.76419],[38.938389,8.765148],[38.93829,8.765222],[38.937091,8.766209],[38.937003,8.766281],[38.936684,8.766544],[38.935379,8.767549],[38.935313,8.767599],[38.933462,8.769087],[38.933026,8.769424],[38.932725,8.769677],[38.928271,8.773219]]},"properties":{"name":"A1"}},{"type":"Feature","geometry":{"type":"LineString","coordinates":[[38.983805,8.748157],[38.983703,8.748166],[38.981044,8.748255],[38.979278,8.748349],[38.979161,8.748359],[38.978355,8.748373],[38.977831,8.748401],[38.977385,8.748419],[38.976899,8.748456],[38.976469,8.748473],[38.975987,8.74849],[38.975595,8.748505],[38.975267,8.748519],[38.974874,8.748539],[38.974367,8.74858],[38.974136,8.748623],[38.973991,8.748658],[38.973948,8.748671],[38.972992,8.749034],[38.972226,8.749374],[38.971156,8.749885],[38.970169,8.750297],[38.96927,8.750719],[38.968654,8.751024],[38.968416,8.751136],[38.968221,8.751224],[38.966898,8.751885],[38.966445,8.752059],[38.965857,8.752221],[38.965281,8.752333],[38.964838,8.752368],[38.964679,8.752379],[38.964599,8.752382],[38.964196,8.752389],[38.963972,8.752374],[38.963124,8.752278],[38.962258,8.752178],[38.962039,8.752142],[38.961595,8.752092],[38.961457,8.752076],[38.960135,8.751922],[38.95947,8.75186],[38.958871,8.751819],[38.95845,8.751827],[38.958112,8.751859],[38.957803,8.751934],[38.957579,8.751977],[38.957499,8.752008],[38.957102,8.752177],[38.956423,8.752581],[38.955619,8.753103],[38.955097,8.753463],[38.953604,8.754442],[38.953531,8.754506],[38.952136,8.75546],[38.951937,8.755601],[38.951913,8.75562],[38.951322,8.756027],[38.951226,8.756083],[38.95095,8.756271],[38.950716,8.756433],[38.950343,8.756685],[38.949749,8.757076],[38.949699,8.757109],[38.949606,8.757167],[38.949579,8.757182],[38.949219,8.757424],[38.948996,8.757574],[38.948208,8.758132],[38.948133,8.758189],[38.947738,8.75844],[38.947402,8.758682],[38.944537,8.760739],[38.944469,8.760782],[38.942883,8.762012],[38.94285,8.76204],[38.941564,8.763168],[38.939947,8.764591],[38.938813,8.765638],[38.938726,8.765722],[38.937486,8.766857],[38.936491,8.767776],[38.935958,8.768244],[38.934332,8.769693],[38.929182,8.774257]]},"properties":{"name":"A1"}},{"type":"Feature","geometry":{"type":"LineString","coordinates":[[38.928547,8.773545],[38.928271,8.773219],[38.92588,8.775175],[38.925206,8.775663],[38.924493,8.776236],[38.924368,8.776338],[38.922891,8.777473],[38.921579,8.778552],[38.920758,8.779216],[38.920342,8.779556],[38.920128,8.779729],[38.919943,8.779874],[38.919533,8.780197],[38.919168,8.780499],[38.917682,8.781693],[38.917042,8.782213],[38.91568,8.783317],[38.914727,8.784086],[38.913416,8.785108],[38.912329,8.786006],[38.911713,8.786495],[38.911209,8.786896],[38.911155,8.786941],[38.910876,8.787169],[38.910619,8.78738],[38.910513,8.787467],[38.91005,8.787846],[38.909745,8.788093],[38.909684,8.788143],[38.909089,8.788625],[38.908967,8.788722],[38.907637,8.789742],[38.907483,8.789864],[38.90738,8.789946],[38.906258,8.790856],[38.90582,8.791201],[38.904976,8.791909],[38.90452,8.792285],[38.904499,8.792302],[38.904352,8.792417],[38.904268,8.792484],[38.90379,8.792759],[38.903201,8.793007],[38.90314,8.793025],[38.902295,8.793314],[38.900688,8.793916],[38.900481,8.794011],[38.900324,8.794096],[38.90026,8.794134],[38.900067,8.794256],[38.899871,8.794419],[38.899725,8.794571],[38.899551,8.794785],[38.899417,8.79499],[38.899203,8.795343],[38.899126,8.795465],[38.898928,8.795752],[38.89845,8.796476],[38.898202,8.796828],[38.898039,8.797052],[38.89767,8.797646],[38.897443,8.798012],[38.897084,8.798522],[38.896649,8.799153],[38.896153,8.799865],[38.895641,8.800602],[38.895337,8.801038],[38.894485,8.802137],[38.894231,8.802448],[38.893955,8.802779],[38.893451,8.803405],[38.893011,8.80395],[38.891197,8.806201],[38.891119,8.806297],[38.890917,8.806549],[38.890692,8.806827],[38.89051,8.807042],[38.890061,8.807619],[38.890024,8.807664],[38.889838,8.807889],[38.889253,8.808586],[38.888988,8.808915],[38.887633,8.810692],[38.887564,8.810783],[38.887036,8.811579],[38.887003,8.811641],[38.886403,8.812751],[38.885795,8.813687],[38.885517,8.814007],[38.885417,8.814122],[38.884986,8.814479],[38.884341,8.814928],[38.88354,8.815414],[38.882396,8.816117],[38.882034,8.816336],[38.881435,8.81664],[38.880525,8.816936],[38.879888,8.817115],[38.879614,8.817188],[38.879018,8.817346],[38.878618,8.817453],[38.877277,8.817809],[38.876449,8.818026],[38.875894,8.818171],[38.875661,8.818232],[38.874915,8.818427],[38.874371,8.818569],[38.873119,8.818894],[38.872794,8.818975],[38.871497,8.81936],[38.871126,8.819541],[38.870912,8.819694],[38.870507,8.82004],[38.870148,8.820448],[38.869971,8.820651],[38.869559,8.821163],[38.86939,8.821381],[38.86862,8.822207],[38.868144,8.822542],[38.867625,8.822838],[38.866414,8.823356],[38.863402,8.824659],[38.862196,8.825262],[38.861485,8.825721],[38.860407,8.826568],[38.85918,8.827531],[38.858507,8.828075],[38.858273,8.828239],[38.857716,8.828561],[38.857329,8.828691],[38.856902,8.828778],[38.856387,8.828864],[38.853992,8.829161],[38.852543,8.829371],[38.852106,8.829429],[38.850791,8.829589],[38.849957,8.82969],[38.849804,8.829706],[38.845903,8.830222],[38.843656,8.830522],[38.842439,8.830684],[38.842363,8.830694],[38.841152,8.830858],[38.840857,8.830919],[38.8406,8.83098],[38.840353,8.831067],[38.840127,8.831163],[38.83993,8.831272],[38.839741,8.831391],[38.839396,8.831631],[38.839128,8.831856],[38.838156,8.832671],[38.837013,8.833668],[38.836265,8.834283],[38.836199,8.834337],[38.834231,8.836044],[38.833219,8.836909],[38.832926,8.837141],[38.832871,8.837191],[38.83232,8.837677],[38.832245,8.837739],[38.831848,8.83808],[38.831682,8.838222],[38.831067,8.838747],[38.830458,8.839279],[38.830111,8.839519],[38.829532,8.839816],[38.828961,8.840045],[38.828075,8.840258],[38.827972,8.840283],[38.826646,8.840595],[38.826388,8.840656],[38.826041,8.840738],[38.825044,8.841036],[38.824983,8.841057],[38.824551,8.841205],[38.823874,8.84147],[38.82263,8.84215],[38.822032,8.842487],[38.82171,8.842671],[38.821112,8.843012],[38.817322,8.845174],[38.816705,8.845527],[38.815873,8.846001],[38.815371,8.846288],[38.813891,8.847132],[38.812615,8.84786],[38.811851,8.848296],[38.811672,8.848401],[38.811337,8.8486],[38.811111,8.848733],[38.810639,8.849063],[38.810193,8.849375],[38.810093,8.849435],[38.810025,8.849489],[38.80925,8.850056],[38.808873,8.850339],[38.808724,8.85045],[38.808325,8.850788],[38.808127,8.850956],[38.806785,8.851983],[38.806183,8.852447],[38.805905,8.85265],[38.805681,8.852818],[38.805354,8.853065],[38.804928,8.85341],[38.804903,8.85343],[38.80472,8.85358],[38.804388,8.85385],[38.804099,8.854098],[38.803829,8.85432],[38.80368,8.854427],[38.803554,8.854493],[38.803428,8.854549],[38.803272,8.854609]]},"properties":{"name":"A1"}},{"type":"Feature","geometry":{"type":"LineString","coordinates":[[38.804388,8.85385],[38.804203,8.854064],[38.803995,8.854304],[38.803852,8.854477],[38.803765,8.854614],[38.803716,8.854705],[38.803667,8.854795],[38.803633,8.854889]]},"properties":{"name":"A1"}},{"type":"Feature","geometry":{"type":"LineString","coordinates":[[38.786402,8.876531],[38.7868,8.876518],[38.787494,8.876492],[38.789187,8.876439],[38.790019,8.876403],[38.789472,8.876483],[38.788878,8.876521],[38.787684,8.876548],[38.787316,8.876589],[38.786984,8.876577],[38.786889,8.876572]]},"properties":{"name":"A1"}},{"type":"Feature","geometry":{"type":"LineString","coordinates":[[38.764025,8.922147],[38.763972,8.922013],[38.763941,8.921945],[38.763845,8.921728],[38.763824,8.921649],[38.763795,8.921566],[38.763732,8.921388],[38.763654,8.921061],[38.763585,8.920571],[38.763481,8.919623],[38.76337,8.918742],[38.763243,8.917733],[38.763208,8.917454],[38.763084,8.916349],[38.763025,8.915519],[38.763028,8.914874],[38.763019,8.914502],[38.763018,8.914276],[38.763022,8.914172],[38.763039,8.913525],[38.763107,8.913201],[38.76321,8.912831]]},"properties":{"name":"A1"}},{"type":"Feature","geometry":{"type":"LineString","coordinates":[[38.76321,8.912831],[38.763352,8.91251],[38.763378,8.912433],[38.763433,8.912309],[38.763574,8.912002],[38.763662,8.911724],[38.763897,8.911072],[38.764038,8.910701],[38.764248,8.909953],[38.764359,8.909661],[38.764485,8.909267],[38.764734,8.908565],[38.76506,8.907722],[38.765402,8.906867],[38.765501,8.9066],[38.765532,8.906514],[38.766197,8.904704],[38.76632,8.904307],[38.766578,8.903545],[38.766807,8.902942],[38.766846,8.902838],[38.766881,8.902738],[38.767101,8.902027],[38.767149,8.901822],[38.767246,8.90141],[38.767475,8.900791],[38.767619,8.900461],[38.767739,8.900225],[38.76785,8.900021],[38.767997,8.899792],[38.768073,8.899686],[38.768158,8.899552],[38.768272,8.899409],[38.768402,8.899266],[38.768624,8.899046],[38.768867,8.898812],[38.769103,8.898549],[38.769217,8.89843],[38.769595,8.898046],[38.770075,8.89759],[38.770541,8.897154],[38.770918,8.896755],[38.771127,8.896529],[38.771566,8.896086],[38.771795,8.895863],[38.771939,8.895723],[38.772027,8.895636],[38.772259,8.895409],[38.77243,8.895236],[38.772834,8.894825],[38.772975,8.894681],[38.773064,8.894553],[38.773304,8.894205],[38.773644,8.893731],[38.774011,8.893177],[38.774382,8.892501],[38.774763,8.891781],[38.775013,8.891251],[38.775055,8.891134],[38.775099,8.891012],[38.775478,8.88997],[38.775669,8.889198],[38.775764,8.888901],[38.775815,8.888604],[38.775951,8.887862],[38.776115,8.886836],[38.77631,8.885475],[38.776345,8.885272],[38.77643,8.88479],[38.776503,8.88451],[38.776588,8.884267],[38.776736,8.883933],[38.776903,8.883572],[38.777327,8.882666],[38.77783,8.881882],[38.77807,8.881533],[38.778921,8.880329],[38.779554,8.87944],[38.780362,8.878242],[38.780584,8.877958],[38.780855,8.877664],[38.781081,8.877445],[38.781413,8.877192],[38.781738,8.876976],[38.782072,8.876808],[38.782457,8.876656],[38.782529,8.876635],[38.782974,8.876512],[38.783402,8.87642],[38.783938,8.876361],[38.784176,8.876378],[38.78448,8.876374],[38.78516,8.876371]]},"properties":{"name":"A1"}},{"type":"Feature","geometry":{"type":"LineString","coordinates":[[38.771935,8.896021],[38.77183,8.896141],[38.771577,8.896395],[38.771285,8.896685],[38.771106,8.896864],[38.770823,8.897111],[38.770188,8.897707],[38.769876,8.898013],[38.769723,8.898172],[38.76933,8.898554],[38.769209,8.898664],[38.768719,8.899123],[38.768539,8.899298],[38.768288,8.899599],[38.768177,8.89977],[38.768077,8.899924],[38.767889,8.900277],[38.767771,8.900544],[38.767649,8.900888],[38.767463,8.901363],[38.767328,8.901884],[38.767263,8.902157],[38.767047,8.902804],[38.767016,8.902927],[38.766369,8.90477],[38.766139,8.905382],[38.76568,8.906657],[38.765283,8.907574],[38.764944,8.908507],[38.764849,8.908751],[38.764642,8.909334],[38.764416,8.910033],[38.764347,8.910279],[38.764187,8.910738],[38.764066,8.911151],[38.7639,8.911628],[38.763746,8.912078],[38.763557,8.91249],[38.763322,8.913163]]},"properties":{"name":"A1"}},{"type":"Feature","geometry":{"type":"LineString","coordinates":[[38.773213,8.894635],[38.773134,8.89474],[38.773058,8.894831],[38.77298,8.894921],[38.772869,8.895022],[38.772182,8.895764],[38.772067,8.895908],[38.771935,8.896021]]},"properties":{"name":"A1"}},{"type":"Feature","geometry":{"type":"LineString","coordinates":[[38.763322,8.913163],[38.763314,8.913204],[38.763247,8.913559],[38.763232,8.914258],[38.763226,8.914541],[38.763231,8.915194],[38.763234,8.915527],[38.7633,8.916274],[38.763597,8.918785],[38.763697,8.9196],[38.763722,8.919783],[38.763753,8.92001],[38.763817,8.920499],[38.76389,8.921077],[38.764046,8.921534],[38.764089,8.921661],[38.764164,8.921865],[38.764025,8.922147]]},"properties":{"name":"A1"}},{"type":"Feature","geometry":{"type":"LineString","coordinates":[[38.786889,8.876572],[38.786989,8.876419],[38.787136,8.876229]]},"properties":{"name":"A1"}},{"type":"Feature","geometry":{"type":"LineString","coordinates":[[38.763322,8.913163],[38.76321,8.912831]]},"properties":{"name":"A1"}},{"type":"Feature","geometry":{"type":"LineString","coordinates":[[38.785173,8.876578],[38.784444,8.87661],[38.784202,8.876603],[38.783517,8.876612],[38.782898,8.876745],[38.782683,8.876818],[38.782393,8.876918],[38.781842,8.877155],[38.781469,8.877378],[38.780983,8.877846],[38.780635,8.87823],[38.780566,8.87833],[38.779707,8.879564],[38.779657,8.879643],[38.778668,8.881064],[38.778097,8.881884],[38.777662,8.882556],[38.77736,8.883107],[38.777097,8.883657],[38.77685,8.884213],[38.776685,8.884726],[38.776574,8.885275],[38.776328,8.886869],[38.776023,8.888676],[38.776002,8.888799],[38.77589,8.889257],[38.775748,8.889795],[38.775566,8.890381],[38.775306,8.89107],[38.775201,8.891343],[38.775065,8.891657],[38.774952,8.891897],[38.774683,8.892424],[38.774464,8.892808],[38.774229,8.893207],[38.773827,8.893828],[38.773213,8.894635]]},"properties":{"name":"A1"}},{"type":"Feature","geometry":{"type":"LineString","coordinates":[[38.78516,8.876371],[38.785706,8.876381],[38.786515,8.876361],[38.787004,8.876343],[38.787233,8.876336],[38.78756,8.876332],[38.789998,8.876239],[38.789129,8.876154],[38.787473,8.876218],[38.787232,8.876225],[38.787136,8.876229],[38.786491,8.876248],[38.785792,8.87628],[38.78516,8.876371]]},"properties":{"name":"A1"}},{"type":"Feature","geometry":{"type":"LineString","coordinates":[[38.786889,8.876572],[38.786542,8.876588],[38.785707,8.876613],[38.785317,8.876628],[38.785173,8.876578]]},"properties":{"name":"A1"}},{"type":"Feature","geometry":{"type":"LineString","coordinates":[[38.759916,8.979473],[38.760026,8.979736],[38.760074,8.979897],[38.760093,8.979979],[38.760113,8.980072],[38.760172,8.980337],[38.760206,8.980567],[38.760227,8.980864],[38.760226,8.981105]]},"properties":{"name":"To Mesket Square and Kera"}},{"type":"Feature","geometry":{"type":"LineString","coordinates":[[38.758372,8.981422],[38.758715,8.98128],[38.759034,8.981142],[38.759303,8.981048],[38.759745,8.980902],[38.760194,8.980769],[38.760322,8.980744],[38.760595,8.980718],[38.760695,8.980714],[38.761125,8.9807],[38.761444,8.980713],[38.761753,8.980762],[38.761934,8.980805],[38.762126,8.980868]]},"properties":{"name":"From Wollo Sefer to Kera"}},{"type":"Feature","geometry":{"type":"LineString","coordinates":[[38.749678,9.03523],[38.749852,9.034906],[38.75006,9.034476],[38.750262,9.034102],[38.750331,9.033966],[38.750636,9.033264]]},"properties":{"name":"Arbegnoch Street"}},{"type":"Feature","geometry":{"type":"LineString","coordinates":[[38.751006,9.033584],[38.750621,9.033813],[38.750469,9.033984],[38.75037,9.034152],[38.750287,9.034292],[38.75016,9.034529],[38.749843,9.035111],[38.749748,9.035265]]},"properties":{"name":"Arbegnoch Street"}},{"type":"Feature","geometry":{"type":"LineString","coordinates":[[38.749585,9.035565],[38.749482,9.035773],[38.749407,9.035901],[38.749028,9.036553],[38.748623,9.037319],[38.748194,9.038192],[38.748071,9.038453],[38.74793,9.038837],[38.747863,9.039019],[38.74776,9.03928],[38.747639,9.039629],[38.747511,9.039998],[38.747479,9.040102],[38.747413,9.040292],[38.747354,9.040462],[38.747338,9.0405],[38.747301,9.04056],[38.747245,9.04064],[38.747045,9.040827],[38.746841,9.040988],[38.746531,9.041213],[38.746433,9.041303],[38.746352,9.041388],[38.746304,9.041451],[38.746269,9.041509],[38.746249,9.041558],[38.746225,9.041625],[38.746204,9.041693],[38.746174,9.041801],[38.74612,9.042031],[38.746075,9.042213],[38.746029,9.042393],[38.746007,9.042454],[38.745959,9.042579],[38.745895,9.042692],[38.74585,9.04275],[38.745814,9.0428],[38.745752,9.042874],[38.745713,9.042914],[38.745606,9.043009],[38.74548,9.0431],[38.745347,9.043185],[38.745115,9.043328],[38.744759,9.043578],[38.744628,9.043674],[38.744503,9.043795],[38.744436,9.043864],[38.744345,9.043976],[38.744258,9.04409],[38.744172,9.044214],[38.744037,9.044417],[38.743855,9.044701],[38.743603,9.045083],[38.743528,9.045208],[38.743485,9.04527],[38.743355,9.045465],[38.743204,9.045689],[38.743029,9.045954],[38.742861,9.046207],[38.742679,9.046485],[38.742504,9.046743],[38.742347,9.046981],[38.742231,9.047154],[38.741977,9.047537],[38.741812,9.047801],[38.741633,9.048073],[38.741517,9.048231],[38.741432,9.048327],[38.74131,9.048417],[38.741211,9.048478],[38.741076,9.048535],[38.740982,9.048567],[38.740877,9.048592],[38.740746,9.048604],[38.740603,9.048598],[38.740515,9.048582],[38.740432,9.048557],[38.740339,9.048523],[38.740263,9.048494],[38.74018,9.048457],[38.740091,9.048419],[38.73997,9.048364],[38.739849,9.048312],[38.739785,9.048296],[38.739714,9.048284],[38.739622,9.04828],[38.73952,9.048288],[38.739437,9.0483],[38.739375,9.048316],[38.739286,9.048344],[38.739219,9.048377],[38.739121,9.048432],[38.739046,9.048493],[38.73893,9.048591],[38.738852,9.048663],[38.738761,9.048737],[38.7387,9.048781],[38.738657,9.048805],[38.738592,9.048832],[38.738505,9.048864],[38.738438,9.048886],[38.738377,9.048902],[38.738312,9.048909],[38.738221,9.048915],[38.738137,9.048913],[38.737999,9.048966]]},"properties":{"name":"Arbegnoch Street"}},{"type":"Feature","geometry":{"type":"LineString","coordinates":[[38.749486,9.035492],[38.749432,9.035596],[38.749359,9.035735],[38.749351,9.03575],[38.749284,9.035871],[38.749134,9.036147],[38.748925,9.036522],[38.748755,9.03687],[38.748463,9.037439],[38.748112,9.038143],[38.748032,9.038306],[38.747995,9.038394],[38.747835,9.038806],[38.74771,9.03918],[38.747548,9.039633],[38.747425,9.039999],[38.747348,9.040221],[38.747304,9.040343],[38.747264,9.040427],[38.747224,9.040495],[38.747173,9.040575],[38.747127,9.040617],[38.747036,9.040704],[38.746841,9.040872],[38.746506,9.041125],[38.746391,9.041231],[38.746328,9.041285],[38.746259,9.041362],[38.746219,9.041421],[38.746173,9.041514],[38.746142,9.041595],[38.746123,9.041658],[38.746081,9.041821],[38.746029,9.042027],[38.745974,9.042276],[38.74594,9.042385],[38.745914,9.042459],[38.745885,9.042524],[38.745829,9.042627],[38.745785,9.042693],[38.745669,9.042814],[38.745626,9.042856],[38.745531,9.042946],[38.745404,9.043029],[38.745109,9.043227],[38.744739,9.043477],[38.744653,9.043548],[38.744559,9.04362],[38.744474,9.043695],[38.744398,9.043768],[38.744339,9.043836],[38.74425,9.043957],[38.744113,9.044154],[38.744017,9.044295],[38.743819,9.044597],[38.743651,9.044844],[38.743515,9.045048],[38.743453,9.045155],[38.743412,9.045226],[38.743267,9.045423],[38.743161,9.045572],[38.743023,9.045795],[38.742881,9.04601],[38.742734,9.046243],[38.742482,9.046622],[38.742314,9.046875],[38.74215,9.047127],[38.74197,9.047391],[38.741912,9.047484],[38.741793,9.047654],[38.741622,9.047914],[38.741526,9.048055],[38.74149,9.048116],[38.741439,9.048175],[38.741407,9.048207],[38.741358,9.048261],[38.741301,9.048306],[38.741243,9.048355],[38.741158,9.048405],[38.741076,9.048445],[38.740999,9.048477],[38.740922,9.048493],[38.740829,9.048507],[38.740759,9.04851],[38.740689,9.04851],[38.740629,9.048512],[38.74056,9.0485],[38.740499,9.048486],[38.740436,9.048465],[38.740351,9.048431],[38.740254,9.048388],[38.740141,9.048335],[38.740055,9.048302],[38.73998,9.048269],[38.73993,9.048258],[38.739804,9.04822],[38.739738,9.048208],[38.739654,9.048205],[38.739597,9.048204],[38.739498,9.048206],[38.739421,9.048224],[38.739315,9.048248],[38.739161,9.048317],[38.739055,9.048386],[38.738937,9.048473],[38.738834,9.048551],[38.738773,9.048597],[38.7387,9.048666],[38.738656,9.048694],[38.738597,9.048729],[38.738538,9.048757],[38.738453,9.048792],[38.738371,9.048811],[38.738299,9.048812],[38.738224,9.048804],[38.738151,9.048796],[38.738065,9.048785],[38.738025,9.048787],[38.737979,9.048789]]},"properties":{"name":"Arbegnoch Street"}},{"type":"Feature","geometry":{"type":"LineString","coordinates":[[38.730646,8.997584],[38.730714,8.997695],[38.730821,8.997643],[38.730801,8.997606],[38.730763,8.997536]]},"properties":{"name":"Karl Square"}},{"type":"Feature","geometry":{"type":"LineString","coordinates":[[38.746301,9.048194],[38.746186,9.048384],[38.746122,9.048471],[38.74582,9.04888],[38.745634,9.049154],[38.745551,9.049271],[38.74524,9.049753],[38.74505,9.050013],[38.744952,9.050156],[38.744887,9.050248],[38.7448,9.050376],[38.744674,9.05056],[38.74461,9.050649],[38.744527,9.050774],[38.744077,9.051419],[38.743826,9.051794],[38.743789,9.051847],[38.743578,9.052171],[38.743282,9.05261],[38.74315,9.05281],[38.742996,9.053027],[38.742847,9.053249],[38.742767,9.053367],[38.742516,9.053738],[38.742483,9.053791],[38.742168,9.054244],[38.741961,9.054537],[38.741849,9.05469],[38.741591,9.055081],[38.741525,9.055184],[38.741141,9.055745],[38.741088,9.05582],[38.741013,9.055935],[38.74047,9.056742],[38.740391,9.056858],[38.739996,9.057421],[38.739935,9.057508],[38.739859,9.057591],[38.739779,9.057668],[38.739647,9.057782],[38.739511,9.057877],[38.73935,9.05796],[38.739223,9.058014],[38.739059,9.058065],[38.738843,9.058171],[38.738706,9.058261],[38.738606,9.058347],[38.738349,9.058601],[38.737821,9.05914],[38.737697,9.059254],[38.737564,9.059385],[38.73746,9.059491],[38.737108,9.059828],[38.736986,9.059945],[38.736834,9.060089],[38.736455,9.060473],[38.736361,9.060568],[38.736269,9.060665],[38.735841,9.061115],[38.735581,9.061375],[38.735529,9.061427],[38.735177,9.061809],[38.735009,9.061991],[38.734942,9.062063],[38.73484,9.062116],[38.734709,9.062151],[38.734543,9.062182]]},"properties":{"name":"Tunisia Av."}},{"type":"Feature","geometry":{"type":"LineString","coordinates":[[38.746363,9.048267],[38.746274,9.04841],[38.746202,9.048524],[38.746071,9.048714],[38.745995,9.048814],[38.745904,9.048935],[38.745731,9.049189],[38.745642,9.049327],[38.745463,9.049597],[38.745288,9.049858],[38.745185,9.049999],[38.745046,9.050216],[38.744953,9.050346],[38.744761,9.050624],[38.744699,9.050713],[38.744615,9.050821],[38.744405,9.051129],[38.744332,9.051244],[38.744293,9.051305],[38.744181,9.051477],[38.744014,9.051724],[38.743896,9.0519],[38.743831,9.051987],[38.743669,9.052228],[38.743572,9.052371],[38.74308,9.053075],[38.742959,9.053269],[38.742862,9.053413],[38.74258,9.053845],[38.742523,9.053933],[38.742058,9.054604],[38.742017,9.054661],[38.741951,9.054752],[38.741689,9.055133],[38.741614,9.055241],[38.74117,9.055868],[38.74108,9.055995],[38.740459,9.056912],[38.740085,9.057485],[38.740007,9.057583],[38.739882,9.057713],[38.739753,9.057827],[38.739572,9.057953],[38.739354,9.058062],[38.739201,9.058127],[38.739115,9.058155],[38.738879,9.058267],[38.738786,9.058324],[38.738715,9.058377],[38.738502,9.058569],[38.738395,9.058664],[38.737893,9.059202],[38.737779,9.059312],[38.737655,9.059445],[38.737585,9.059522],[38.737417,9.059696],[38.737301,9.059816],[38.737253,9.059864],[38.737132,9.059984],[38.737091,9.060025],[38.736948,9.060169],[38.736529,9.060578],[38.736466,9.060654],[38.736306,9.060819],[38.73602,9.061115],[38.735679,9.061471],[38.735635,9.061518],[38.735561,9.061583],[38.735328,9.061822],[38.735098,9.062059],[38.735034,9.062124],[38.734973,9.062228],[38.734936,9.06234],[38.734916,9.062437]]},"properties":{"name":"Tunisia Av."}},{"type":"Feature","geometry":{"type":"LineString","coordinates":[[38.73821,9.073799],[38.738204,9.073983],[38.738134,9.073816]]},"properties":{"name":"Tunisia Av."}},{"type":"Feature","geometry":{"type":"LineString","coordinates":[[38.746301,9.048194],[38.746336,9.048137],[38.746431,9.047999],[38.746446,9.047984],[38.746788,9.047402],[38.746973,9.047074],[38.747037,9.046965],[38.747239,9.046616],[38.747473,9.046208],[38.7476,9.045983],[38.747792,9.045645],[38.747839,9.045556],[38.747893,9.045461]]},"properties":{"name":"Mesfin harar Av"}},{"type":"Feature","geometry":{"type":"LineString","coordinates":[[38.74798,9.04552],[38.747857,9.045719],[38.747539,9.046266],[38.747323,9.046648],[38.7473,9.046693],[38.747167,9.046932],[38.746926,9.047367],[38.746664,9.047819],[38.746576,9.047957],[38.746528,9.048032],[38.746497,9.048084],[38.746445,9.04816],[38.746404,9.048213],[38.746363,9.048267]]},"properties":{"name":"Mesfin harar Av"}},{"type":"Feature","geometry":{"type":"LineString","coordinates":[[38.747893,9.045461],[38.747959,9.045335],[38.748096,9.045079],[38.748159,9.044962],[38.748304,9.0447],[38.748394,9.044539],[38.748401,9.044525],[38.74842,9.044497],[38.748431,9.044478],[38.748473,9.044408],[38.748506,9.044351]]},"properties":{"name":"Mesfin Harar Av."}},{"type":"Feature","geometry":{"type":"LineString","coordinates":[[38.74798,9.04552],[38.748142,9.045209],[38.748211,9.04509],[38.748306,9.044926],[38.748424,9.044707],[38.748492,9.0446],[38.748508,9.044574],[38.748523,9.044547],[38.748557,9.044491]]},"properties":{"name":"Mesfin Harar Av."}},{"type":"Feature","geometry":{"type":"LineString","coordinates":[[38.748506,9.044351],[38.748541,9.044284],[38.748556,9.044255],[38.748639,9.044118],[38.748832,9.043802],[38.748971,9.043554],[38.748998,9.043503],[38.749078,9.043362],[38.749101,9.043328],[38.74935,9.042897],[38.749601,9.042428],[38.749828,9.042053],[38.749996,9.041722],[38.750209,9.041309],[38.750412,9.040935],[38.750447,9.040874],[38.750691,9.040411],[38.750948,9.039945],[38.751178,9.039471],[38.751208,9.039415],[38.751261,9.039324],[38.751671,9.038616],[38.751892,9.038157],[38.752001,9.037931],[38.752046,9.037795]]},"properties":{"name":"Dej. Hailesilassie Av. / Tunisia Av."}},{"type":"Feature","geometry":{"type":"LineString","coordinates":[[38.752201,9.037855],[38.752145,9.0379],[38.752088,9.037979],[38.751995,9.038158],[38.751754,9.038645],[38.751746,9.038664],[38.751744,9.038667],[38.751464,9.039217],[38.75138,9.039382],[38.75133,9.039471],[38.7513,9.039527],[38.751035,9.039971],[38.750777,9.040456],[38.750558,9.040913],[38.750512,9.040986],[38.750312,9.04136],[38.750072,9.041769],[38.75,9.041909],[38.749822,9.04222],[38.749672,9.04248],[38.749527,9.042743],[38.74944,9.042908],[38.749318,9.043122],[38.749174,9.043381],[38.749164,9.043399],[38.748945,9.043799],[38.74892,9.043844],[38.748829,9.043998],[38.748754,9.044133],[38.748693,9.044232],[38.748652,9.044297],[38.748647,9.044306],[38.748628,9.04435],[38.748594,9.044423],[38.748557,9.044491]]},"properties":{"name":"Dej. Hailesilassie Av. / Tunisia Av."}},{"type":"Feature","geometry":{"type":"LineString","coordinates":[[39.154139,9.197224],[39.15396,9.196983],[39.153609,9.196655],[39.153195,9.196372],[39.152418,9.196008],[39.151977,9.195828],[39.151814,9.195726],[39.151677,9.195649],[39.151154,9.195247],[39.15091,9.195011],[39.150854,9.194959],[39.14917,9.193133],[39.149073,9.192992],[39.148846,9.192593],[39.148775,9.192424],[39.148725,9.192309],[39.148421,9.191888],[39.14825,9.19171],[39.147919,9.191388],[39.146012,9.189773],[39.145605,9.189432],[39.144801,9.188635],[39.144081,9.18783],[39.14351,9.18723],[39.143087,9.186675],[39.14197,9.18478],[39.140408,9.182301],[39.139191,9.180369],[39.138793,9.179816],[39.138495,9.179475],[39.137992,9.178995],[39.136764,9.177857],[39.136424,9.177482],[39.136085,9.177031],[39.135446,9.175937],[39.134371,9.174073],[39.134078,9.173648],[39.133809,9.173348],[39.132054,9.171682],[39.12964,9.169193],[39.127977,9.166831],[39.127558,9.166354],[39.127161,9.166036],[39.126625,9.165655],[39.12597,9.165337],[39.124586,9.164861],[39.12346,9.164553],[39.122864,9.164466],[39.122316,9.164456],[39.121679,9.164575],[39.120381,9.164914],[39.119598,9.165014],[39.118675,9.165019],[39.117022,9.164956],[39.116722,9.164892],[39.116389,9.164681],[39.11552,9.164066],[39.114984,9.16395],[39.114601,9.163943],[39.114158,9.164024],[39.113686,9.164204],[39.112913,9.164776],[39.111994,9.16555],[39.111274,9.165961],[39.110692,9.166195],[39.110236,9.166294],[39.109859,9.166298],[39.109502,9.166227],[39.108731,9.166038],[39.108405,9.166042],[39.107571,9.166052],[39.106923,9.166084],[39.104813,9.166356],[39.104416,9.166393],[39.10392,9.166382],[39.103367,9.16635],[39.102435,9.166234],[39.099277,9.165729],[39.097356,9.165549],[39.096069,9.165538],[39.095664,9.165555],[39.095284,9.165595],[39.095016,9.16566],[39.09475,9.165759],[39.094438,9.165909],[39.09238,9.167221],[39.091639,9.167692],[39.090999,9.168097],[39.090479,9.168418],[39.090032,9.168619],[39.088069,9.169233],[39.086111,9.16981],[39.085222,9.170043],[39.084659,9.170146],[39.08408,9.170236],[39.083515,9.170233],[39.08309,9.170167],[39.082199,9.169961],[39.08073,9.16964],[39.078563,9.169149],[39.078225,9.169069],[39.077897,9.168968],[39.077564,9.168827],[39.077212,9.168642],[39.076837,9.16841],[39.076518,9.168213],[39.075839,9.167776],[39.075252,9.167411],[39.07488,9.16722],[39.074505,9.167065],[39.074085,9.166894],[39.073678,9.166748],[39.073134,9.166554],[39.072168,9.16621],[39.071959,9.166139],[39.071662,9.166043],[39.071383,9.165914],[39.071016,9.165708],[39.070609,9.165437],[39.070174,9.165051],[39.069874,9.164824],[39.069672,9.164693],[39.069427,9.16458],[39.068319,9.164045],[39.067491,9.163617],[39.067026,9.16336],[39.066404,9.163028],[39.066208,9.162925],[39.065684,9.162647],[39.065134,9.162347],[39.064879,9.162237],[39.064277,9.162005],[39.064166,9.161966],[39.063636,9.161778],[39.063435,9.161713],[39.063177,9.161629],[39.062078,9.161272],[39.061922,9.161221],[39.061255,9.161002],[39.060964,9.16091],[39.06039,9.160707],[39.059848,9.160549],[39.059444,9.160455],[39.058965,9.160435],[39.057844,9.160452],[39.057045,9.160464],[39.055792,9.160504],[39.055087,9.160523],[39.05455,9.160502],[39.054039,9.160418],[39.052573,9.160118],[39.052119,9.160005],[39.051578,9.159907],[39.05104,9.159787],[39.050361,9.15963],[39.050222,9.159598],[39.049936,9.159544],[39.04969,9.159442],[39.04938,9.159303],[39.049197,9.159208],[39.048697,9.159008],[39.04843,9.158917],[39.048163,9.158868],[39.047842,9.158835],[39.047629,9.158825],[39.04741,9.15882],[39.047191,9.158857],[39.046925,9.158926],[39.04587,9.159169],[39.045363,9.159298],[39.044181,9.159608],[39.043551,9.159766],[39.042427,9.160054],[39.041748,9.160264],[39.041306,9.160347],[39.041026,9.160363],[39.040685,9.160326],[39.040374,9.160284],[39.039323,9.160147],[39.038598,9.160057],[39.038177,9.160006],[39.037002,9.159864],[39.036258,9.159774],[39.035348,9.159653],[39.034119,9.159505],[39.03318,9.159389],[39.033006,9.159358],[39.032814,9.159327],[39.032319,9.159249],[39.032002,9.159174],[39.031741,9.159094],[39.031443,9.158963],[39.031213,9.158807],[39.030973,9.158625],[39.030752,9.158413],[39.030096,9.157648],[39.029405,9.156828],[39.028284,9.155491],[39.027234,9.154253],[39.025929,9.152778],[39.025713,9.15259],[39.025581,9.1525],[39.025504,9.152447],[39.025325,9.152358],[39.025149,9.152288],[39.024752,9.152205],[39.024491,9.152161],[39.023338,9.151967],[39.021614,9.151658],[39.021297,9.151605],[39.021244,9.151596],[39.02098,9.151552],[39.020787,9.1515],[39.020712,9.151473],[39.020611,9.151437],[39.020393,9.151341],[39.020202,9.15124],[39.019876,9.151017],[39.019429,9.150614],[39.018692,9.14995],[39.018625,9.149889],[39.018341,9.149633],[39.018097,9.149414],[39.017228,9.148616],[39.016643,9.148047],[39.014668,9.14626],[39.014237,9.14587],[39.013666,9.145354],[39.012488,9.144267],[39.012371,9.14417],[39.012341,9.144143],[39.011923,9.143791],[39.011323,9.143245],[39.010526,9.142518],[39.009659,9.141727],[39.00931,9.141351],[39.007919,9.139774],[39.00688,9.138484],[39.00544,9.136734],[39.005008,9.136208],[39.003627,9.134592],[39.00264,9.133395],[39.001427,9.131991],[39.001191,9.131679],[39.0004,9.130711],[38.997364,9.126929],[38.993995,9.122639],[38.991371,9.119282],[38.990783,9.118516],[38.989746,9.117167],[38.989654,9.117048],[38.987885,9.114757],[38.987279,9.113951],[38.987064,9.113652],[38.986875,9.113352],[38.986599,9.112791],[38.986503,9.112401],[38.986209,9.110737],[38.986171,9.110521],[38.985584,9.107306],[38.985448,9.106554],[38.985408,9.106416],[38.985311,9.106126],[38.985152,9.105783],[38.985043,9.105575],[38.98487,9.105348],[38.984619,9.105075],[38.984375,9.104852],[38.984152,9.104693],[38.984098,9.104654],[38.983843,9.104537],[38.983619,9.104426],[38.983351,9.104335],[38.981138,9.103747],[38.976699,9.102541],[38.973707,9.101696],[38.96937,9.10056],[38.969297,9.100541],[38.968952,9.100445],[38.968089,9.100204],[38.967582,9.100063],[38.967119,9.099933],[38.965424,9.09946],[38.964441,9.099183],[38.961848,9.098451],[38.960778,9.098171],[38.959966,9.097959],[38.957618,9.097344],[38.957185,9.097231],[38.956809,9.097132],[38.955948,9.096895],[38.955764,9.096844],[38.955447,9.096753],[38.954718,9.096545],[38.954087,9.096365],[38.953747,9.096274],[38.953202,9.096113],[38.953047,9.096069],[38.952879,9.096025],[38.952596,9.095931],[38.952196,9.095795],[38.951632,9.095586],[38.951318,9.095469],[38.951036,9.095364],[38.950824,9.095286],[38.95072,9.095247],[38.950587,9.095198],[38.949915,9.094948],[38.949092,9.094643],[38.947915,9.094206],[38.947811,9.094171],[38.94696,9.093861],[38.943602,9.092638],[38.943239,9.092511],[38.941528,9.091905],[38.941283,9.091841],[38.939857,9.091653],[38.937553,9.091425],[38.937469,9.091417],[38.935136,9.091186],[38.935025,9.091172],[38.934803,9.091136],[38.933344,9.09096],[38.932309,9.090804],[38.932084,9.090772],[38.931424,9.090658],[38.931366,9.090651],[38.931101,9.090618],[38.93088,9.090632],[38.93062,9.090675],[38.930447,9.09073],[38.929952,9.090918],[38.929504,9.091091],[38.929368,9.091132],[38.929272,9.091151],[38.929178,9.091156],[38.928985,9.091143],[38.928891,9.091119],[38.928812,9.09109],[38.928691,9.091027],[38.928581,9.090953],[38.928485,9.090854],[38.928391,9.090752],[38.928294,9.090549],[38.928262,9.0904],[38.928243,9.090259],[38.928247,9.090016],[38.928241,9.089911],[38.928232,9.089744],[38.928223,9.089654],[38.928203,9.089527],[38.928179,9.089432],[38.928143,9.089298],[38.92809,9.089179],[38.92803,9.08907],[38.927908,9.088873],[38.927829,9.088766],[38.927682,9.088539],[38.927515,9.088269],[38.92736,9.088044],[38.92734,9.08801],[38.92732,9.087978],[38.927198,9.087819],[38.927067,9.087685],[38.926907,9.087564],[38.926687,9.08745],[38.926526,9.087398],[38.926362,9.087366],[38.926194,9.087355],[38.926035,9.087365],[38.925865,9.087391],[38.925706,9.087436],[38.925528,9.087506],[38.925453,9.087539],[38.924817,9.087827],[38.923704,9.088329],[38.92286,9.088717],[38.92238,9.088924],[38.92216,9.089028],[38.921696,9.089213],[38.921459,9.089284],[38.921024,9.089396],[38.920867,9.089425],[38.920442,9.089524],[38.920249,9.08958],[38.920067,9.08963],[38.919662,9.089731],[38.919489,9.089759],[38.919251,9.0898],[38.918959,9.089821],[38.918935,9.089822],[38.918798,9.089814],[38.918426,9.089789],[38.918306,9.089756],[38.918067,9.089686],[38.917856,9.089608],[38.917736,9.089547],[38.917496,9.089409],[38.917099,9.089142],[38.916751,9.088907],[38.916563,9.088774],[38.915709,9.088202],[38.915618,9.088134],[38.915176,9.087811],[38.914767,9.087474],[38.914367,9.087145],[38.91391,9.086769],[38.913185,9.086199],[38.913005,9.086057],[38.91185,9.08514],[38.911783,9.085086],[38.910818,9.084315],[38.910766,9.084275],[38.910687,9.084215],[38.910396,9.08398],[38.909981,9.083643],[38.909836,9.083532],[38.909697,9.083425]]},"properties":{"name":"A2"}},{"type":"Feature","geometry":{"type":"LineString","coordinates":[[38.878632,9.057353],[38.878856,9.057632],[38.878909,9.057709],[38.879009,9.057864],[38.879125,9.058109],[38.879224,9.058354],[38.879398,9.05875],[38.879518,9.059004],[38.879694,9.059275],[38.879813,9.059403],[38.879903,9.059478],[38.880004,9.059537],[38.880335,9.059703],[38.880539,9.059806],[38.880685,9.05988],[38.88076,9.059924],[38.880847,9.059991],[38.880902,9.060037],[38.880947,9.060084],[38.880995,9.060141],[38.881046,9.060218],[38.881077,9.06028],[38.881098,9.06038],[38.88112,9.060492],[38.881142,9.060627],[38.881158,9.060787],[38.881167,9.060913],[38.881184,9.061036],[38.881207,9.061151],[38.881241,9.061252],[38.881293,9.061367],[38.88134,9.061446],[38.881419,9.061557],[38.881505,9.061646],[38.881616,9.061745],[38.881746,9.061833],[38.882469,9.06221],[38.883123,9.06256],[38.88321,9.062599],[38.883389,9.0627],[38.883596,9.062826],[38.883737,9.06292],[38.883876,9.063018],[38.884077,9.063172],[38.884875,9.063816],[38.885175,9.064034],[38.88562,9.064384],[38.886093,9.064768],[38.886778,9.065311],[38.888222,9.066457],[38.889861,9.067758],[38.890775,9.068493],[38.891793,9.069289],[38.892158,9.069583],[38.892678,9.069993],[38.892903,9.070173],[38.8939,9.07097],[38.895123,9.071934],[38.895202,9.071996],[38.896527,9.073044],[38.897739,9.074008],[38.899734,9.075588],[38.900185,9.075943],[38.900678,9.076351],[38.901196,9.076733],[38.902063,9.077421],[38.902238,9.077573],[38.903289,9.078415],[38.904399,9.079291],[38.905699,9.080313],[38.906489,9.080956],[38.906924,9.081302],[38.907519,9.081773],[38.907682,9.081902],[38.908395,9.082456],[38.90876,9.082756],[38.909015,9.082955],[38.909267,9.083152],[38.909409,9.083259],[38.90955,9.08335],[38.909697,9.083425],[38.909596,9.083295],[38.909445,9.083155],[38.909225,9.082972],[38.908519,9.082394],[38.908452,9.08234],[38.908288,9.082213],[38.906578,9.080862],[38.905786,9.080213],[38.905176,9.079739],[38.9038,9.078649],[38.902322,9.077466],[38.901288,9.07665],[38.900275,9.075838],[38.900207,9.075785],[38.89782,9.073913],[38.896982,9.07325],[38.895934,9.072387],[38.895292,9.071895],[38.895215,9.071833],[38.895008,9.071657],[38.894092,9.070935],[38.89403,9.070884],[38.893999,9.07086],[38.893802,9.070704],[38.892637,9.069786],[38.892248,9.069478],[38.891869,9.06918],[38.891094,9.068562],[38.890455,9.068059],[38.889944,9.067656],[38.889199,9.067057],[38.889084,9.066964],[38.888725,9.066681],[38.888295,9.066353],[38.887862,9.06601],[38.88726,9.06554],[38.885667,9.064259],[38.885172,9.063857],[38.884162,9.06307],[38.883965,9.062922],[38.883461,9.06259],[38.883175,9.062426],[38.882524,9.062087],[38.88181,9.061701],[38.881712,9.061638],[38.881633,9.061571],[38.881549,9.061493],[38.881496,9.061432],[38.881454,9.061373],[38.88141,9.061292],[38.881382,9.061234],[38.881359,9.061175],[38.881341,9.061108],[38.881323,9.06101],[38.881305,9.060928],[38.881297,9.060844],[38.881283,9.060688],[38.881265,9.060495],[38.881252,9.0604],[38.881223,9.060297],[38.881197,9.060234],[38.881152,9.06014],[38.881101,9.060062],[38.881039,9.05999],[38.880971,9.059916],[38.880889,9.059843],[38.880816,9.059793],[38.880741,9.05975],[38.880607,9.05968],[38.880404,9.05958],[38.879996,9.059381],[38.879925,9.059336],[38.879769,9.059154],[38.879596,9.058847],[38.879433,9.058483],[38.879355,9.058284],[38.879288,9.05805],[38.879258,9.057914],[38.87923,9.057721],[38.879104,9.056872]]},"properties":{"name":"A2"}},{"type":"Feature","geometry":{"type":"LineString","coordinates":[[38.752718,9.05613],[38.752711,9.056219],[38.752707,9.056362],[38.752684,9.056676],[38.752611,9.057388],[38.752604,9.057525],[38.752457,9.05888],[38.752428,9.059131],[38.752391,9.059562],[38.752358,9.059834],[38.752332,9.059972],[38.752263,9.060197],[38.752168,9.060471],[38.752039,9.060835],[38.751997,9.06098],[38.751804,9.061541],[38.75159,9.06223],[38.751457,9.062605],[38.751302,9.063045],[38.751162,9.063452],[38.751118,9.063587],[38.751093,9.063691],[38.751089,9.063785],[38.751099,9.06405],[38.751116,9.064185],[38.751158,9.064271],[38.751164,9.064188],[38.751142,9.063882],[38.751158,9.063663],[38.75136,9.063065],[38.751516,9.062624],[38.751872,9.061555],[38.752209,9.060535],[38.752316,9.060269],[38.752424,9.059905],[38.752787,9.056361],[38.752808,9.056199],[38.752824,9.056113]]},"properties":{"name":"Dej. Hailesilassie Av"}},{"type":"Feature","geometry":{"type":"LineString","coordinates":[[38.751505,9.054922],[38.751198,9.054302],[38.751005,9.053993],[38.750839,9.053717],[38.750735,9.05354],[38.750568,9.053279],[38.750302,9.052819],[38.750071,9.052607]]},"properties":{"name":"Dej. Hailesilassie Av"}},{"type":"Feature","geometry":{"type":"LineString","coordinates":[[38.749837,9.052388],[38.749649,9.0521],[38.749405,9.051818],[38.748773,9.051096],[38.748608,9.050902],[38.748531,9.05081],[38.748427,9.050685],[38.748163,9.050373],[38.747983,9.050169],[38.747911,9.050074],[38.747358,9.049458],[38.747293,9.049378],[38.747193,9.049259],[38.747064,9.049099],[38.746913,9.048924],[38.746736,9.048708],[38.746545,9.048465],[38.746471,9.048375],[38.746363,9.048267],[38.746301,9.048194]]},"properties":{"name":"Dej. Hailesilassie Av"}},{"type":"Feature","geometry":{"type":"LineString","coordinates":[[38.746574,9.048418],[38.746965,9.04888],[38.747345,9.049337],[38.747977,9.050097],[38.748818,9.051071],[38.749677,9.052073],[38.74993,9.052272]]},"properties":{"name":"Dej. Hailesilassie Av"}},{"type":"Feature","geometry":{"type":"LineString","coordinates":[[38.750188,9.052492],[38.750219,9.05255],[38.750358,9.052788],[38.750908,9.053683],[38.751272,9.054273],[38.751419,9.054549],[38.751519,9.054773],[38.751566,9.054855],[38.751634,9.054945]]},"properties":{"name":"Dej. Hailesilassie Av"}},{"type":"Feature","geometry":{"type":"LineString","coordinates":[[38.751505,9.054922],[38.751529,9.054948],[38.751567,9.055008],[38.751594,9.055048],[38.751739,9.0552],[38.751863,9.055331],[38.752023,9.055521],[38.752392,9.055871],[38.752718,9.05613],[38.752808,9.056199],[38.752924,9.056213],[38.753074,9.056272],[38.753264,9.056355]]},"properties":{"name":"Abera Gizwa Street"}},{"type":"Feature","geometry":{"type":"LineString","coordinates":[[38.751634,9.054945],[38.751919,9.055289],[38.7521,9.055487],[38.752549,9.055905],[38.752738,9.056054],[38.752824,9.056113],[38.752924,9.056213]]},"properties":{"name":"Abera Gizwa Street"}},{"type":"Feature","geometry":{"type":"LineString","coordinates":[[38.754149,9.056579],[38.754273,9.056604],[38.754353,9.056621],[38.754553,9.056671],[38.755139,9.056751],[38.755363,9.056786],[38.755508,9.056807],[38.755639,9.056803],[38.755738,9.056794],[38.755836,9.056763],[38.755931,9.056697],[38.756055,9.056607],[38.756165,9.0565],[38.756251,9.056383],[38.756294,9.056284],[38.756332,9.056182],[38.756573,9.055389],[38.756684,9.05502],[38.756752,9.054821],[38.756806,9.054601],[38.756827,9.0545],[38.756839,9.054449],[38.756892,9.054292]]},"properties":{"name":"Abera Gizwa Street"}},{"type":"Feature","geometry":{"type":"LineString","coordinates":[[38.749459,9.035412],[38.749296,9.035333],[38.749128,9.03525],[38.748953,9.035169],[38.748718,9.035075],[38.748421,9.034991],[38.748149,9.034925],[38.747729,9.034834],[38.747557,9.034803],[38.747367,9.034769],[38.747163,9.034736],[38.746997,9.034712],[38.746595,9.034662],[38.746209,9.034618],[38.745924,9.034596],[38.745686,9.034582],[38.74551,9.034571],[38.74526,9.03455],[38.745026,9.03453],[38.7447,9.034491],[38.744431,9.034453],[38.743992,9.034399],[38.743892,9.034386],[38.743673,9.034359],[38.743551,9.034344],[38.743517,9.03434],[38.743414,9.034326],[38.7433,9.034311],[38.743238,9.034299],[38.74306,9.034275],[38.742937,9.034259],[38.742386,9.034178],[38.742015,9.034123],[38.741771,9.034084]]},"properties":{"name":"Fitawrari Gebeyehu Street"}},{"type":"Feature","geometry":{"type":"LineString","coordinates":[[38.749564,9.035239],[38.749302,9.035117],[38.749265,9.035102],[38.748844,9.034933],[38.74816,9.034742],[38.747571,9.034636],[38.746948,9.034524],[38.746662,9.034485],[38.746189,9.034444],[38.745927,9.034417],[38.745832,9.034408],[38.745406,9.034366],[38.743969,9.034222],[38.743696,9.03419],[38.743648,9.034184],[38.743519,9.034169],[38.743374,9.034158],[38.743314,9.034143],[38.743168,9.034124],[38.742771,9.034068],[38.742351,9.034008],[38.742203,9.033987],[38.742057,9.033966],[38.741915,9.033945],[38.741788,9.033928],[38.741708,9.033916]]},"properties":{"name":"Fitawrari Gebeyehu Street"}},{"type":"Feature","geometry":{"type":"LineString","coordinates":[[38.793191,8.990308],[38.793088,8.990458],[38.792948,8.99066],[38.792808,8.990864],[38.792519,8.991292],[38.792322,8.991596],[38.792023,8.992051],[38.791844,8.992316],[38.791635,8.992596],[38.791555,8.992706],[38.791478,8.992812],[38.791357,8.992956],[38.791241,8.993094],[38.791061,8.993307],[38.791001,8.993369],[38.790815,8.993566],[38.79056,8.993843],[38.790369,8.994043],[38.790154,8.994266],[38.790015,8.994409],[38.789841,8.994581],[38.7895,8.995],[38.788491,8.996023],[38.788279,8.996237],[38.787981,8.996539],[38.787038,8.997513],[38.786882,8.99778]]},"properties":{"name":"Cameroon Street"}},{"type":"Feature","geometry":{"type":"LineString","coordinates":[[38.792993,8.990422],[38.792864,8.990611],[38.792837,8.99065],[38.792684,8.990874],[38.79258,8.991017],[38.792349,8.991359],[38.792171,8.991652],[38.791888,8.992059],[38.791754,8.992264],[38.791572,8.99252],[38.791471,8.992663],[38.791348,8.992825],[38.791231,8.992983],[38.791101,8.993134],[38.790932,8.993326],[38.790802,8.993474],[38.790694,8.99358],[38.79047,8.993806],[38.790246,8.99404],[38.790053,8.994239],[38.789962,8.994329],[38.789763,8.99453],[38.78916,8.995163],[38.788413,8.995963],[38.788114,8.996262],[38.787854,8.996534],[38.787311,8.99707],[38.786827,8.997606],[38.786747,8.997721]]},"properties":{"name":"Cameroon Street"}},{"type":"Feature","geometry":{"type":"LineString","coordinates":[[38.793344,8.990107],[38.79325,8.990219]]},"properties":{"name":"Cameroon Street"}},{"type":"Feature","geometry":{"type":"LineString","coordinates":[[38.786696,8.998163],[38.786573,8.998245],[38.786501,8.998293],[38.786281,8.998423],[38.786236,8.998447],[38.786183,8.99848],[38.78607,8.99855],[38.785909,8.998652],[38.785766,8.998753],[38.785657,8.998825],[38.785509,8.998925],[38.785267,8.999087],[38.785091,8.999209],[38.784901,8.999333],[38.784862,8.999359],[38.78472,8.999455],[38.784466,8.999617],[38.784216,8.999779],[38.784035,8.999903],[38.783855,9.000051],[38.783684,9.000196],[38.783455,9.000413],[38.783176,9.000685],[38.783094,9.000756],[38.782891,9.000951],[38.782705,9.001156],[38.782411,9.001472],[38.782272,9.001617],[38.782087,9.001797],[38.782053,9.001832],[38.781935,9.001955],[38.781815,9.002087],[38.781738,9.002171],[38.781554,9.002389],[38.781296,9.002673],[38.781032,9.002961],[38.780971,9.003021],[38.780856,9.003137],[38.780688,9.003318],[38.780611,9.003414],[38.780456,9.003593],[38.780366,9.003708],[38.780199,9.003861]]},"properties":{"name":"Namibia Avenue"}},{"type":"Feature","geometry":{"type":"LineString","coordinates":[[38.786517,8.997867],[38.786388,8.998019],[38.786332,8.998078],[38.786314,8.998097],[38.786214,8.998213],[38.786066,8.998345],[38.78603,8.998377],[38.785927,8.998482],[38.785843,8.998565],[38.785758,8.998635],[38.785613,8.998755],[38.785212,8.999021],[38.784843,8.999274],[38.784774,8.999315],[38.78467,8.999389],[38.784107,8.999747],[38.78398,8.999838],[38.783795,8.999983],[38.783529,9.000211],[38.783305,9.000429],[38.783091,9.000619],[38.782853,9.000837],[38.782531,9.001194],[38.782338,9.001397],[38.782167,9.001592],[38.781946,9.001808],[38.781798,9.001972],[38.781624,9.002154],[38.781498,9.002292],[38.781154,9.002667],[38.780923,9.002921],[38.78075,9.003097],[38.780627,9.003245],[38.780588,9.003285],[38.780387,9.003493],[38.78033,9.003555],[38.780156,9.003741]]},"properties":{"name":"Namibia Avenue"}},{"type":"Feature","geometry":{"type":"LineString","coordinates":[[38.780199,9.003861],[38.780103,9.003948],[38.779863,9.004176],[38.779758,9.004272],[38.779644,9.004362],[38.779518,9.004456],[38.779381,9.004542],[38.779214,9.004644],[38.779135,9.004691],[38.778988,9.004778],[38.778832,9.004879],[38.778634,9.005],[38.778494,9.005087],[38.778395,9.005142],[38.778296,9.005198],[38.778138,9.005299],[38.778082,9.005331],[38.777918,9.005445],[38.777775,9.005554],[38.777669,9.005645],[38.777507,9.005799],[38.777405,9.005921],[38.777303,9.006058],[38.777223,9.006182],[38.777182,9.00624],[38.77706,9.00645],[38.776921,9.006719],[38.776785,9.006962],[38.77671,9.007105],[38.776644,9.007229],[38.776517,9.007452],[38.77642,9.007624],[38.776359,9.007732],[38.776085,9.008225],[38.775937,9.008502],[38.775716,9.008882],[38.775592,9.009122],[38.775489,9.00932],[38.775351,9.009565],[38.775178,9.009883],[38.775064,9.010125],[38.774928,9.010452],[38.774875,9.010664],[38.774842,9.010827]]},"properties":{"name":"Ghana Street"}},{"type":"Feature","geometry":{"type":"LineString","coordinates":[[38.774658,9.010777],[38.774706,9.010632],[38.774796,9.010428],[38.774883,9.010299],[38.774966,9.010136],[38.775145,9.009764],[38.775277,9.009512],[38.775447,9.009197],[38.775581,9.008938],[38.77576,9.008594],[38.77585,9.008431],[38.775992,9.008179],[38.776133,9.007939],[38.77635,9.007545],[38.776508,9.007274],[38.776632,9.007064],[38.776701,9.006928],[38.77683,9.006667],[38.777002,9.006372],[38.777108,9.006197],[38.777202,9.006049],[38.777287,9.005913],[38.777364,9.00581],[38.777453,9.005701],[38.777568,9.005601],[38.777675,9.005509],[38.777779,9.005434],[38.777909,9.005332],[38.778064,9.005232],[38.778086,9.005216],[38.778248,9.005116],[38.778354,9.005045],[38.778456,9.004976],[38.778758,9.004807],[38.77895,9.004695],[38.779141,9.00458],[38.779273,9.004497],[38.779358,9.004445],[38.779432,9.004398],[38.779631,9.004236],[38.779678,9.004198],[38.779746,9.004142],[38.779866,9.004038],[38.780048,9.00384],[38.780156,9.003741]]},"properties":{"name":"Ghana Street"}},{"type":"Feature","geometry":{"type":"LineString","coordinates":[[38.774732,9.0112],[38.774676,9.011436],[38.774647,9.011541],[38.774404,9.012297],[38.774347,9.012483],[38.774234,9.012878],[38.774154,9.013119],[38.774102,9.013255],[38.774033,9.013375],[38.773876,9.013652],[38.773574,9.014133],[38.773224,9.014635],[38.772866,9.015182],[38.772681,9.015477],[38.772547,9.015669],[38.772412,9.015872],[38.772375,9.015932],[38.772312,9.01603],[38.77219,9.016235],[38.772141,9.016303],[38.772002,9.016527],[38.771692,9.016824],[38.771473,9.016987],[38.771275,9.017127],[38.770932,9.017369],[38.77068,9.017549],[38.77041,9.017749],[38.770307,9.017833],[38.768395,9.019243],[38.767726,9.01977],[38.767569,9.019896]]},"properties":{"name":"Zewditu Street"}},{"type":"Feature","geometry":{"type":"LineString","coordinates":[[38.774551,9.011145],[38.774541,9.0114],[38.774534,9.011467],[38.774509,9.011581],[38.77432,9.012273],[38.774263,9.012459],[38.774116,9.012924],[38.774054,9.013104],[38.773956,9.013345],[38.773803,9.013606],[38.773634,9.013869],[38.773491,9.014073],[38.773148,9.014576],[38.772785,9.015131],[38.772321,9.015814],[38.772094,9.016184],[38.772047,9.016258],[38.77186,9.0165],[38.771597,9.016755],[38.771402,9.016914],[38.770931,9.017273],[38.770529,9.017541],[38.770392,9.017636],[38.770287,9.017711],[38.768306,9.01919],[38.767628,9.019728],[38.767293,9.020006]]},"properties":{"name":"Zewditu Street"}},{"type":"Feature","geometry":{"type":"LineString","coordinates":[[38.767726,9.01977],[38.767857,9.019912],[38.767955,9.020018],[38.768216,9.020298],[38.768337,9.020427],[38.768498,9.020586],[38.76866,9.020737]]},"properties":{"name":"D.A.R. Sahara Street"}},{"type":"Feature","geometry":{"type":"LineString","coordinates":[[38.77075,9.019895],[38.77081,9.020072],[38.770898,9.020204],[38.771024,9.020316],[38.771155,9.020382],[38.771357,9.020469],[38.771399,9.020484],[38.771673,9.0206],[38.772195,9.020813],[38.772948,9.021085],[38.773124,9.021169],[38.773245,9.021237],[38.773335,9.021291],[38.773511,9.021406],[38.77398,9.021714],[38.774054,9.021768],[38.774464,9.022064],[38.774848,9.022307],[38.775345,9.022629],[38.775407,9.022672],[38.77606,9.023108],[38.776135,9.023159],[38.776204,9.023186],[38.776359,9.023228]]},"properties":{"name":"D.A.R. Sahara Street"}},{"type":"Feature","geometry":{"type":"LineString","coordinates":[[38.776297,9.023374],[38.776126,9.023258],[38.776016,9.023185],[38.775427,9.02278],[38.775339,9.022722],[38.774787,9.022383],[38.774333,9.022064],[38.773998,9.021838],[38.77392,9.021786],[38.773661,9.021606],[38.773418,9.021437],[38.773202,9.02131],[38.773087,9.021248],[38.772992,9.021206],[38.772687,9.021084],[38.772285,9.02093],[38.772166,9.020883],[38.77179,9.020737],[38.771364,9.020569],[38.771013,9.020419],[38.770884,9.020326],[38.770807,9.02025],[38.770738,9.020172],[38.770697,9.020055],[38.770669,9.019912]]},"properties":{"name":"D.A.R. Sahara Street"}},{"type":"Feature","geometry":{"type":"LineString","coordinates":[[38.755692,9.039479],[38.755632,9.039356],[38.755543,9.03907],[38.755514,9.03893],[38.755468,9.038602],[38.755451,9.038364],[38.755465,9.038203],[38.755492,9.038105],[38.75555,9.037984],[38.755617,9.037861],[38.755713,9.037665],[38.75576,9.037529],[38.755782,9.037428],[38.75579,9.037335],[38.75578,9.037211],[38.755728,9.036911],[38.755594,9.036284],[38.755559,9.036163],[38.755516,9.036055],[38.755445,9.035896],[38.75537,9.03576],[38.755275,9.035595],[38.755126,9.035327],[38.755098,9.035258],[38.755075,9.035184],[38.755053,9.035095],[38.754997,9.03475],[38.754917,9.034168],[38.7549,9.034067],[38.754801,9.033468],[38.754786,9.03336],[38.754774,9.03327],[38.754693,9.033087],[38.754602,9.032957],[38.754495,9.032859],[38.754406,9.032781],[38.754344,9.032733]]},"properties":{"name":"Haile Selassie Street"}},{"type":"Feature","geometry":{"type":"LineString","coordinates":[[38.753972,9.035587],[38.752996,9.035109],[38.752862,9.035044]]},"properties":{"name":"Dejazemach Belay Zeleke Street"}},{"type":"Feature","geometry":{"type":"LineString","coordinates":[[38.75555,9.037984],[38.755501,9.03796],[38.755366,9.037893],[38.754992,9.037641],[38.754862,9.037554],[38.754673,9.037426],[38.754075,9.037019],[38.753796,9.03683],[38.753744,9.036786],[38.753576,9.036668],[38.753496,9.036615],[38.753047,9.036315],[38.752848,9.036171],[38.752781,9.036129],[38.752619,9.036038]]},"properties":{"name":"John Melly Street getasew"}},{"type":"Feature","geometry":{"type":"LineString","coordinates":[[38.826406,9.024607],[38.826415,9.024129],[38.826427,9.023904],[38.82643,9.023715],[38.826428,9.023404],[38.826412,9.02315],[38.826356,9.022816],[38.826314,9.022513],[38.826253,9.022093],[38.826201,9.021763],[38.826155,9.021441],[38.826094,9.020802],[38.826086,9.020659],[38.826062,9.020523],[38.825926,9.020012]]},"properties":{"name":"Jacros"}},{"type":"Feature","geometry":{"type":"LineString","coordinates":[[38.826063,9.020061],[38.826133,9.020495],[38.826142,9.020577],[38.826164,9.020774],[38.826303,9.02181],[38.826389,9.022399],[38.826451,9.022809],[38.826498,9.023144],[38.826514,9.023479],[38.826511,9.023717],[38.826493,9.024302],[38.826483,9.024567],[38.826475,9.024932],[38.826482,9.025099],[38.826499,9.025211],[38.826535,9.02533],[38.82658,9.025426],[38.826639,9.025605],[38.826657,9.025724],[38.826673,9.025854]]},"properties":{"name":"Jacros"}},{"type":"Feature","geometry":{"type":"LineString","coordinates":[[38.804943,9.007584],[38.805089,9.0075]]},"properties":{"name":"Jacros"}},{"type":"Feature","geometry":{"type":"LineString","coordinates":[[38.811851,9.003964],[38.812141,9.003896],[38.812181,9.003885],[38.812222,9.003876],[38.812513,9.003809],[38.812819,9.00373],[38.813086,9.003671],[38.813247,9.00364],[38.813372,9.003618],[38.813445,9.003597],[38.813519,9.003582],[38.813551,9.003579],[38.813696,9.003569],[38.813804,9.003561],[38.81394,9.003555],[38.814093,9.003562],[38.814326,9.003564],[38.814485,9.003575],[38.814857,9.003635],[38.814875,9.003639],[38.814892,9.003642],[38.815421,9.003732],[38.815589,9.003766],[38.815869,9.003817],[38.816322,9.003894],[38.816424,9.003912],[38.816518,9.003927],[38.816778,9.003962],[38.816891,9.003988]]},"properties":{"name":"Jacros"}},{"type":"Feature","geometry":{"type":"LineString","coordinates":[[38.816462,9.003992],[38.81638,9.003979],[38.815874,9.003907],[38.815558,9.003859],[38.815299,9.003818],[38.814952,9.003756],[38.814679,9.003712],[38.81452,9.003677],[38.814353,9.003647],[38.814202,9.00364],[38.813943,9.003661],[38.813907,9.003666],[38.813871,9.003671],[38.813805,9.00368],[38.813395,9.003719],[38.813338,9.003728],[38.813255,9.003738],[38.813097,9.003756],[38.812983,9.003775],[38.812833,9.003811],[38.81267,9.003852],[38.812525,9.003887],[38.812393,9.003923],[38.812226,9.003966],[38.812147,9.003983]]},"properties":{"name":"Jacros"}},{"type":"Feature","geometry":{"type":"LineString","coordinates":[[38.804916,9.007689],[38.804764,9.007774]]},"properties":{"name":"Jacros"}},{"type":"Feature","geometry":{"type":"LineString","coordinates":[[38.825257,9.017405],[38.825214,9.017322]]},"properties":{"name":"Jacros"}},{"type":"Feature","geometry":{"type":"LineString","coordinates":[[38.82535,9.017369],[38.825424,9.017544]]},"properties":{"name":"Jacros"}},{"type":"Feature","geometry":{"type":"LineString","coordinates":[[38.830422,9.021551],[38.830805,9.021654],[38.831099,9.021697],[38.831261,9.021714],[38.83141,9.021729],[38.832032,9.021741],[38.83258,9.021717],[38.833509,9.021666],[38.833924,9.021646],[38.834204,9.021635],[38.834887,9.021612],[38.835728,9.021582],[38.836093,9.021561],[38.836824,9.021527],[38.837553,9.021499],[38.8387,9.02145],[38.838888,9.021442],[38.839024,9.021443],[38.839259,9.021443],[38.839921,9.021409],[38.840849,9.021363],[38.841421,9.021348],[38.841817,9.02134],[38.842316,9.021316],[38.842719,9.021296],[38.843023,9.021281],[38.843758,9.02124],[38.843856,9.021237],[38.847592,9.021026],[38.847727,9.021017],[38.849294,9.020934],[38.850884,9.020858],[38.851017,9.020849],[38.85119,9.020824],[38.851305,9.020795],[38.851412,9.020762],[38.851732,9.02059]]},"properties":{"name":"YK_13_0605 Street"}},{"type":"Feature","geometry":{"type":"LineString","coordinates":[[38.851778,9.021293],[38.8514,9.02114],[38.851279,9.021112],[38.851157,9.021096],[38.850924,9.021103],[38.850392,9.021124],[38.850034,9.021157],[38.848572,9.021212],[38.847198,9.021284],[38.846121,9.021348],[38.843945,9.021451],[38.843458,9.021485],[38.843081,9.021494],[38.842917,9.021505],[38.842503,9.021521],[38.841819,9.021542],[38.841732,9.021545],[38.840464,9.021589],[38.839818,9.021612],[38.83974,9.02161],[38.839101,9.021636],[38.838831,9.021647],[38.838725,9.021651],[38.838419,9.021676],[38.836059,9.021765],[38.835709,9.021782],[38.83504,9.021821],[38.833711,9.021885],[38.832276,9.021947],[38.832171,9.021953],[38.831606,9.021962],[38.831179,9.021934],[38.830977,9.021907],[38.830716,9.021872],[38.830357,9.021781]]},"properties":{"name":"YK_13_0605 Street"}},{"type":"Feature","geometry":{"type":"LineString","coordinates":[[38.741708,9.033916],[38.741335,9.033871],[38.741181,9.033843],[38.740865,9.0338],[38.740583,9.033763],[38.740291,9.03374],[38.740145,9.033743],[38.74003,9.033753],[38.739968,9.033763],[38.739642,9.033798],[38.7395,9.033822],[38.739272,9.033868],[38.739012,9.033939],[38.738905,9.033971],[38.738619,9.034042],[38.738234,9.034148],[38.737853,9.034253],[38.737804,9.034266],[38.737613,9.034321],[38.737398,9.03438],[38.737266,9.034411],[38.737182,9.034425],[38.737056,9.034452],[38.736945,9.034474],[38.736875,9.034482],[38.736659,9.034491],[38.736329,9.034467],[38.735705,9.034376],[38.73537,9.034335],[38.734811,9.034259],[38.734594,9.034227],[38.734184,9.034168],[38.733953,9.034135],[38.733798,9.03411],[38.733761,9.034104],[38.733652,9.034083],[38.733442,9.034045],[38.73325,9.034023],[38.732818,9.033969],[38.732583,9.033938],[38.732386,9.033901],[38.732219,9.033872],[38.73211,9.033863],[38.731925,9.033853],[38.731795,9.033848],[38.731478,9.033815],[38.731227,9.033776],[38.730972,9.033736],[38.730707,9.033717],[38.730485,9.033697],[38.730243,9.033699],[38.730039,9.033704],[38.729845,9.033719],[38.729632,9.033733],[38.729393,9.033745],[38.729244,9.03376],[38.729005,9.033777],[38.728637,9.033798],[38.728335,9.033807],[38.728195,9.033815],[38.727884,9.033825],[38.727743,9.033833],[38.727515,9.033835],[38.727244,9.033829],[38.72716,9.033831],[38.726853,9.03384],[38.726641,9.033845],[38.726313,9.033849],[38.72625,9.033849],[38.726181,9.03385],[38.726059,9.033856],[38.725819,9.033851],[38.725637,9.033857],[38.725346,9.03388],[38.725296,9.033882],[38.724994,9.033907],[38.724911,9.033919],[38.724774,9.033988],[38.724705,9.034036],[38.724623,9.034125],[38.724514,9.03422],[38.72449,9.034243],[38.724477,9.03426],[38.724459,9.034282],[38.724191,9.034583],[38.724079,9.034756]]},"properties":{"name":"Fitawrari Habte Giorgis Street"}},{"type":"Feature","geometry":{"type":"LineString","coordinates":[[38.752392,9.037745],[38.752547,9.03805],[38.752581,9.038157],[38.752764,9.038614],[38.752792,9.038678],[38.75286,9.038889],[38.752933,9.03909],[38.753121,9.039643],[38.75329,9.040086],[38.753334,9.040169],[38.75337,9.040268],[38.753684,9.041131],[38.753795,9.041436],[38.753951,9.04188],[38.754127,9.042408],[38.754271,9.042854],[38.754401,9.043249],[38.754556,9.043732],[38.754584,9.043877],[38.754596,9.044071],[38.754581,9.044209],[38.754552,9.044329],[38.754479,9.04452],[38.754411,9.044674],[38.754353,9.044807],[38.754353,9.044918],[38.754359,9.044955],[38.754393,9.045062]]},"properties":{"name":"Benin Street"}},{"type":"Feature","geometry":{"type":"LineString","coordinates":[[38.754159,9.045053],[38.754194,9.044976],[38.754304,9.044714],[38.754442,9.044412],[38.754478,9.044276],[38.754513,9.044146],[38.754529,9.044005],[38.754512,9.04385],[38.754469,9.04369],[38.754322,9.043232],[38.754203,9.042871],[38.754055,9.042425],[38.753877,9.041886],[38.75372,9.041429],[38.753653,9.041261],[38.753614,9.041144],[38.753286,9.040291],[38.753278,9.04027],[38.753211,9.040099],[38.753041,9.039668],[38.752845,9.039135],[38.752764,9.03891],[38.752662,9.03863],[38.752449,9.038117],[38.752379,9.037968],[38.752339,9.037918],[38.752256,9.037847]]},"properties":{"name":"Benin Street"}},{"type":"Feature","geometry":{"type":"LineString","coordinates":[[38.761013,9.044019],[38.760791,9.044017],[38.760627,9.044021],[38.760432,9.044045],[38.760195,9.044052],[38.760006,9.044036],[38.75981,9.04399],[38.759364,9.043855],[38.75906,9.043755],[38.758921,9.04372],[38.758815,9.043695],[38.758641,9.043674],[38.758488,9.043673],[38.75835,9.043685],[38.758203,9.043703],[38.758054,9.043743],[38.757861,9.043807],[38.757628,9.043922],[38.757569,9.043961],[38.757435,9.044059],[38.757237,9.044216],[38.75618,9.045176],[38.756038,9.045305],[38.75587,9.045447],[38.755714,9.045553],[38.755649,9.0456]]},"properties":{"name":"Weatherall Street"}},{"type":"Feature","geometry":{"type":"LineString","coordinates":[[38.741771,9.034084],[38.741331,9.034023],[38.740868,9.033961],[38.740648,9.033936],[38.740465,9.033925],[38.740156,9.033917],[38.739999,9.033924],[38.739927,9.03393],[38.739834,9.033939],[38.7397,9.033957],[38.739571,9.033969],[38.739502,9.033983],[38.739401,9.034006],[38.739201,9.03406],[38.739109,9.034086],[38.738866,9.034142],[38.738503,9.034228],[38.738154,9.034334],[38.738101,9.034348],[38.737963,9.034384],[38.737641,9.034467],[38.73729,9.034543],[38.736879,9.034618],[38.736772,9.034624],[38.73664,9.034615],[38.73662,9.034612],[38.73642,9.034587],[38.736247,9.034576],[38.736173,9.034564],[38.735731,9.034511],[38.735024,9.034396],[38.734733,9.034357],[38.734436,9.034311],[38.734183,9.034273],[38.734037,9.034257],[38.733778,9.034226],[38.733655,9.034208],[38.733345,9.034157],[38.732551,9.034042],[38.732407,9.034007],[38.732214,9.033959],[38.73209,9.033939],[38.731822,9.033915],[38.731784,9.033912],[38.731615,9.033899],[38.731497,9.033885],[38.73133,9.033863],[38.73121,9.033845],[38.731122,9.033831],[38.730957,9.033807],[38.730811,9.033795],[38.730644,9.033789],[38.730448,9.033787],[38.730242,9.03379],[38.730051,9.033799],[38.72963,9.033818],[38.72944,9.033829],[38.729291,9.033841],[38.729176,9.033849],[38.728987,9.033856],[38.728728,9.033859],[38.728502,9.033882],[38.728332,9.033891],[38.72819,9.033902],[38.728038,9.033921],[38.72798,9.033921],[38.727525,9.033914],[38.727198,9.033909],[38.727165,9.033909],[38.726858,9.033921],[38.726527,9.033929],[38.726317,9.033931],[38.726251,9.033931],[38.726087,9.033939],[38.72594,9.033939],[38.725802,9.033939],[38.725636,9.033953],[38.72549,9.033962],[38.725414,9.03397],[38.725333,9.033977],[38.725218,9.034],[38.724921,9.034127],[38.724821,9.03417],[38.724703,9.034227],[38.724652,9.034272],[38.724567,9.034361],[38.724495,9.034439],[38.724242,9.034662],[38.724079,9.034756]]},"properties":{"name":"Fitawrari Habte Giorgis Street -ፊታዉራሪ ሀብተጊዮርጊስ መንገድ"}},{"type":"Feature","geometry":{"type":"LineString","coordinates":[[38.781567,9.042928],[38.780875,9.043161],[38.780296,9.043316],[38.780194,9.043321],[38.780109,9.043303],[38.780044,9.043276],[38.77987,9.043099],[38.779807,9.043044],[38.779718,9.043001],[38.779575,9.042951],[38.779491,9.042948],[38.779388,9.042971],[38.779286,9.043012],[38.779201,9.043069],[38.779138,9.043155],[38.779084,9.04325],[38.779049,9.043381],[38.779036,9.043545],[38.779066,9.043887],[38.779105,9.044123],[38.77912,9.04425],[38.779088,9.044443],[38.779068,9.044499],[38.779039,9.044544],[38.778972,9.044635],[38.778783,9.044889],[38.778635,9.045076],[38.77854,9.045188],[38.778371,9.045409],[38.778228,9.045556],[38.778151,9.04561],[38.778102,9.045631],[38.778056,9.045641],[38.777999,9.045645],[38.777705,9.045593],[38.777641,9.045569],[38.777455,9.045468],[38.777337,9.045384],[38.777233,9.045275],[38.777105,9.04514],[38.777013,9.045045],[38.776924,9.044992],[38.776774,9.044962],[38.776669,9.04498],[38.776597,9.045018],[38.776524,9.045089],[38.776313,9.045308],[38.776014,9.04561],[38.775907,9.045752],[38.775822,9.045892],[38.775771,9.046012],[38.775654,9.046314],[38.775512,9.046746],[38.775415,9.046906],[38.775283,9.047081],[38.775143,9.047209],[38.775011,9.047308],[38.774802,9.047418],[38.774562,9.047552],[38.774285,9.047691],[38.774018,9.047783],[38.77383,9.04782],[38.773545,9.047892],[38.77345,9.047941],[38.773385,9.047995],[38.773316,9.048074],[38.773184,9.048247],[38.772972,9.048507],[38.772892,9.048606],[38.772795,9.048692],[38.772351,9.049039],[38.771956,9.049337],[38.771844,9.04942],[38.771772,9.049472],[38.771582,9.049616],[38.771491,9.049663],[38.771385,9.049719],[38.771154,9.049743],[38.770776,9.049812],[38.770569,9.04983],[38.770536,9.049828],[38.7705,9.049788]]},"properties":{"name":"Eritrea Street"}},{"type":"Feature","geometry":{"type":"LineString","coordinates":[[38.791417,8.988034],[38.791237,8.988084],[38.791124,8.988106],[38.791004,8.988138],[38.790846,8.988215],[38.79064,8.988333],[38.790534,8.988389],[38.790255,8.988525],[38.789861,8.988697],[38.789503,8.988844],[38.789138,8.988989],[38.789003,8.989043],[38.788434,8.989274],[38.788178,8.989375],[38.787836,8.989517],[38.787718,8.989566],[38.787614,8.989608],[38.78721,8.989751],[38.786772,8.989924],[38.786393,8.990056],[38.786303,8.990092],[38.786,8.990212],[38.785851,8.990274],[38.785453,8.990437],[38.784944,8.990645],[38.784786,8.990716],[38.784323,8.990899],[38.784185,8.990955],[38.783908,8.991065],[38.783514,8.991223],[38.783192,8.991349],[38.783067,8.991398],[38.782677,8.991553],[38.782562,8.991599],[38.782146,8.991753],[38.781952,8.99183],[38.781727,8.991913],[38.781692,8.991925],[38.781605,8.991956],[38.781202,8.992065],[38.780995,8.992119],[38.780803,8.992167],[38.780466,8.992245],[38.780236,8.992286],[38.779838,8.99236],[38.779713,8.992383],[38.779607,8.992399],[38.77931,8.992458],[38.77922,8.992469],[38.779158,8.99248],[38.778877,8.992535],[38.778766,8.992556],[38.778641,8.992574],[38.778551,8.992592],[38.778134,8.992671],[38.777925,8.992709],[38.777504,8.992791],[38.777308,8.992828],[38.777098,8.992864]]},"properties":{"name":"Africa Avenue / Bole Road"}},{"type":"Feature","geometry":{"type":"LineString","coordinates":[[38.76291,9.010825],[38.762995,9.010738],[38.76311,9.01061],[38.763222,9.010492],[38.76372,9.009955],[38.763744,9.009924],[38.76407,9.009565],[38.764425,9.009189],[38.764502,9.0091],[38.76462,9.008958],[38.764647,9.008931],[38.764651,9.008927],[38.764761,9.008818],[38.764923,9.008654],[38.765379,9.008171],[38.765958,9.007533],[38.766021,9.007463],[38.766156,9.007314],[38.766396,9.007044]]},"properties":{"name":"Africa Avenue / Bole Road"}},{"type":"Feature","geometry":{"type":"LineString","coordinates":[[38.768344,9.004137],[38.768566,9.003621],[38.769043,9.002776],[38.769347,9.002238],[38.769371,9.002173],[38.76939,9.001985]]},"properties":{"name":"Africa Avenue / Bole Road"}},{"type":"Feature","geometry":{"type":"LineString","coordinates":[[38.768151,9.004418],[38.768099,9.004498],[38.768059,9.004559],[38.767848,9.004951],[38.767479,9.005622],[38.76741,9.005755],[38.767184,9.006153],[38.766993,9.006429],[38.766692,9.006798],[38.766532,9.006976],[38.766485,9.007015],[38.766396,9.007044],[38.766432,9.007002],[38.76659,9.006814],[38.766768,9.006603],[38.766947,9.006389],[38.767105,9.006148],[38.767375,9.005698],[38.768005,9.004526],[38.768473,9.003644],[38.768565,9.003484],[38.768984,9.002746],[38.76939,9.001985],[38.7698,9.00128],[38.770205,9.000532],[38.770306,9.000342],[38.770387,9.000189],[38.770409,9.000146],[38.770641,8.999755],[38.770755,8.999524],[38.770857,8.999343],[38.770898,8.999264],[38.770937,8.999185],[38.771029,8.99902],[38.771155,8.998808],[38.771294,8.998586],[38.771404,8.998373],[38.771587,8.998029],[38.771653,8.997898],[38.77178,8.997647],[38.771881,8.997464],[38.771991,8.997255],[38.772098,8.997073],[38.772248,8.996812],[38.772367,8.99662],[38.772425,8.996527],[38.772439,8.996507],[38.772511,8.996401]]},"properties":{"name":"Africa Avenue / Bole Road"}},{"type":"Feature","geometry":{"type":"LineString","coordinates":[[38.763431,9.010055],[38.76345,9.010034],[38.763614,9.009863],[38.764399,9.009012],[38.764538,9.008859],[38.764781,9.008595],[38.765363,9.007994],[38.765855,9.007466],[38.766073,9.007233],[38.766193,9.007109],[38.766327,9.006971]]},"properties":{"name":"Africa Avenue / Bole Road"}},{"type":"Feature","geometry":{"type":"LineString","coordinates":[[38.774418,8.993982],[38.774336,8.994062],[38.774155,8.994242],[38.773908,8.994481],[38.773649,8.994741],[38.773166,8.995226],[38.772881,8.995579],[38.772635,8.995916],[38.772554,8.996022],[38.772436,8.996269]]},"properties":{"name":"Africa Avenue / Bole Road"}},{"type":"Feature","geometry":{"type":"LineString","coordinates":[[38.774699,8.993736],[38.774775,8.99368],[38.775061,8.993512],[38.775386,8.993313],[38.775682,8.993158],[38.77593,8.993046],[38.776051,8.993001],[38.776163,8.992959],[38.776294,8.992917],[38.776506,8.992839],[38.776707,8.992782],[38.777076,8.992736]]},"properties":{"name":"Africa Avenue / Bole Road"}},{"type":"Feature","geometry":{"type":"LineString","coordinates":[[38.791053,8.987547],[38.791006,8.987697],[38.790946,8.987807],[38.790894,8.987871],[38.790776,8.988024],[38.790593,8.988173],[38.790451,8.988249],[38.789774,8.988565],[38.789618,8.988627],[38.789554,8.988652],[38.789443,8.988696],[38.789301,8.988751],[38.789073,8.988841],[38.788588,8.989031],[38.787768,8.989353],[38.787655,8.989397],[38.787552,8.989438],[38.787134,8.989605],[38.786652,8.989801],[38.786224,8.989974],[38.785947,8.99008],[38.785817,8.990133],[38.785201,8.990364],[38.784883,8.990504],[38.784524,8.990652],[38.784383,8.990709],[38.784289,8.99075],[38.784134,8.990814],[38.783837,8.990924],[38.783612,8.991016],[38.783458,8.991078],[38.78309,8.991222],[38.782955,8.991274],[38.782617,8.991409],[38.781904,8.991681],[38.781821,8.991714],[38.781699,8.991757],[38.781361,8.991861],[38.781038,8.991951],[38.780819,8.992006],[38.780573,8.992068],[38.780407,8.992108],[38.780215,8.992147],[38.77986,8.992214],[38.779788,8.992223],[38.779723,8.992235],[38.779575,8.992269],[38.77907,8.99236],[38.778576,8.992462],[38.778527,8.992472],[38.778472,8.992485],[38.778113,8.992558],[38.778015,8.992567],[38.777521,8.99265],[38.777286,8.992692],[38.777076,8.992736],[38.776724,8.992854],[38.776511,8.992913],[38.776328,8.992971],[38.776145,8.993035],[38.776081,8.993062],[38.775843,8.993165],[38.77568,8.993239],[38.775447,8.993363],[38.775183,8.993515],[38.775008,8.99363],[38.774866,8.993728],[38.77464,8.993907],[38.774439,8.994073],[38.774337,8.994174],[38.774247,8.994263],[38.774014,8.994497],[38.773816,8.994677],[38.773641,8.994848],[38.773469,8.995032],[38.773327,8.995177],[38.773124,8.995408],[38.773081,8.995457],[38.773031,8.995519],[38.772901,8.995674],[38.772795,8.995818],[38.772704,8.99594],[38.772622,8.996064],[38.772436,8.996269],[38.772306,8.996446],[38.772148,8.996682],[38.772062,8.996839],[38.771864,8.997179],[38.771726,8.997444],[38.771698,8.997502],[38.771656,8.997587],[38.771601,8.997691],[38.771485,8.997922],[38.771426,8.998035],[38.771323,8.998221],[38.771144,8.998528],[38.771099,8.998609],[38.770974,8.998838],[38.770853,8.99905],[38.770759,8.999221],[38.770699,8.999341],[38.7706,8.999527],[38.770512,8.999699],[38.770393,8.999892],[38.77028,9.000083],[38.770256,9.000119],[38.770172,9.000272],[38.769718,9.001138],[38.769688,9.001188],[38.769301,9.001938]]},"properties":{"name":"Africa Avenue / Bole Road"}},{"type":"Feature","geometry":{"type":"LineString","coordinates":[[38.774869,8.993927],[38.774976,8.993846],[38.775253,8.993638],[38.775559,8.99346],[38.77591,8.993276],[38.776145,8.993186],[38.776356,8.993112],[38.77663,8.993019],[38.776753,8.992983],[38.777098,8.992864],[38.776708,8.992924],[38.77657,8.992968],[38.776354,8.993038],[38.776116,8.993121],[38.775994,8.99317],[38.775868,8.993227],[38.775721,8.993297],[38.775594,8.99336],[38.775406,8.993465],[38.775178,8.993603],[38.774993,8.993729],[38.77476,8.99391],[38.774575,8.994068],[38.77437,8.994241],[38.774322,8.994287],[38.774194,8.994411],[38.774044,8.994571],[38.774035,8.994579],[38.773709,8.994892],[38.773462,8.995143],[38.773288,8.995327],[38.773105,8.995552],[38.772956,8.995734],[38.772799,8.995937],[38.772648,8.996118],[38.772511,8.996401],[38.772676,8.996228],[38.772757,8.996122],[38.772883,8.995949],[38.773019,8.995765],[38.773398,8.995305],[38.773606,8.995078],[38.773835,8.994847],[38.774085,8.994612],[38.774138,8.994562],[38.774305,8.994404],[38.774495,8.994221],[38.774523,8.994181],[38.774534,8.99416]]},"properties":{"name":"Africa Avenue / Bole Road"}},{"type":"Feature","geometry":{"type":"LineString","coordinates":[[38.767927,9.004291],[38.767867,9.004471],[38.76774,9.004709],[38.767571,9.004996],[38.767435,9.005256],[38.767353,9.005399],[38.767163,9.005756],[38.766947,9.006112],[38.766736,9.006406],[38.76654,9.006649],[38.766379,9.006837],[38.766346,9.006897],[38.766327,9.006971],[38.76667,9.006612],[38.766924,9.006286],[38.767113,9.005991],[38.767351,9.005569],[38.7674,9.005487],[38.767956,9.004445],[38.76827,9.003896],[38.768485,9.003446],[38.769301,9.001938],[38.769184,9.002041],[38.769149,9.002085],[38.768701,9.002912],[38.76828,9.003689],[38.768206,9.003843],[38.768141,9.003979]]},"properties":{"name":"Africa Avenue / Bole Road"}},{"type":"Feature","geometry":{"type":"LineString","coordinates":[[38.755476,9.04568],[38.755549,9.045794],[38.755617,9.045893],[38.75575,9.046103],[38.755999,9.046446],[38.756045,9.046522],[38.756095,9.046658],[38.756209,9.047044],[38.756221,9.047079],[38.756267,9.047215],[38.756326,9.047414],[38.756392,9.047636],[38.756432,9.047746],[38.756466,9.047799],[38.756497,9.047849],[38.756568,9.047929],[38.756694,9.04802],[38.756899,9.048156],[38.757938,9.048767],[38.757995,9.0488],[38.758065,9.048841],[38.75853,9.049169],[38.75864,9.049261],[38.758681,9.049301],[38.758727,9.049347],[38.758807,9.049467],[38.758862,9.049588],[38.758888,9.049715],[38.758897,9.05027],[38.758879,9.051065],[38.758863,9.051525],[38.758856,9.051676],[38.75881,9.052962],[38.758817,9.053148],[38.758825,9.053322],[38.758855,9.053535],[38.758886,9.053745],[38.758959,9.054316],[38.758995,9.054607],[38.75915,9.055451]]},"properties":{"name":"Botswana Street"}},{"type":"Feature","geometry":{"type":"LineString","coordinates":[[38.75915,9.055451],[38.759257,9.055992],[38.759423,9.056609],[38.759532,9.057034],[38.759665,9.05759],[38.759811,9.058212],[38.759851,9.058356],[38.759987,9.058862],[38.760116,9.059434],[38.760174,9.059801],[38.760239,9.060092],[38.760306,9.060323],[38.760366,9.060529],[38.760438,9.060684],[38.760564,9.06091],[38.760647,9.061021],[38.760708,9.061109],[38.76078,9.061192],[38.760857,9.06126],[38.760978,9.061331],[38.760993,9.061339],[38.761359,9.061391],[38.761498,9.061407]]},"properties":{"name":"Haile Melekot Street"}},{"type":"Feature","geometry":{"type":"LineString","coordinates":[[38.761254,9.062639],[38.761255,9.062782],[38.761231,9.062946],[38.761219,9.063029],[38.761177,9.06361],[38.761144,9.063872],[38.76109,9.064468],[38.761051,9.065017],[38.761037,9.065264],[38.761002,9.065678],[38.760995,9.065757],[38.760979,9.065955],[38.76091,9.066708],[38.760821,9.067932],[38.760806,9.068161],[38.76077,9.068649],[38.760717,9.069216],[38.760714,9.069286],[38.76068,9.069772],[38.760656,9.070185],[38.760652,9.070249],[38.760609,9.070433],[38.760546,9.070601],[38.760471,9.070743],[38.759987,9.071519],[38.759771,9.071887],[38.759268,9.072728],[38.759082,9.073],[38.758977,9.073179],[38.758938,9.073306],[38.758934,9.073445],[38.758949,9.073622],[38.759029,9.074396],[38.759043,9.074528],[38.75908,9.074884],[38.759103,9.07505],[38.759149,9.075237],[38.75918,9.075344],[38.75924,9.075476],[38.759308,9.075658],[38.759302,9.075731],[38.75928,9.075803],[38.759254,9.075852],[38.759067,9.076034],[38.758972,9.076135],[38.758826,9.07628],[38.758677,9.076441],[38.758476,9.076631],[38.758274,9.076826],[38.757887,9.077223],[38.757788,9.077322],[38.757707,9.077393],[38.757566,9.0775],[38.757365,9.077632],[38.757248,9.077726],[38.75704,9.077898],[38.75699,9.077954],[38.756948,9.078044],[38.756932,9.078149]]},"properties":{"name":"Entoto Road"}},{"type":"Feature","geometry":{"type":"LineString","coordinates":[[38.762639,9.037786],[38.7625,9.037776],[38.762451,9.037773],[38.761617,9.037712],[38.760839,9.037336],[38.760522,9.037183],[38.760126,9.036992],[38.759577,9.036726],[38.759351,9.036622],[38.758683,9.0363],[38.758471,9.036207],[38.758325,9.036135],[38.758195,9.03608]]},"properties":{"name":"Sahle Selassie Street"}},{"type":"Feature","geometry":{"type":"LineString","coordinates":[[38.732214,9.033959],[38.732219,9.033872],[38.732259,9.033661],[38.732379,9.033026],[38.732396,9.032936],[38.732485,9.032256],[38.732542,9.031808],[38.732579,9.031518],[38.73269,9.030795],[38.732802,9.030096],[38.732806,9.029998],[38.732898,9.029467],[38.732925,9.029306],[38.732964,9.029099]]},"properties":{"name":"Central Africa Republic Street"}},{"type":"Feature","geometry":{"type":"LineString","coordinates":[[38.73209,9.033939],[38.73211,9.033863]]},"properties":{"name":"Central Africa Republic Street"}},{"type":"Feature","geometry":{"type":"LineString","coordinates":[[38.732141,9.033628],[38.732178,9.033477],[38.732249,9.033003],[38.73226,9.03293],[38.732363,9.032231],[38.732428,9.031793],[38.73247,9.031508],[38.732519,9.031191],[38.732586,9.030785],[38.732689,9.030075],[38.732787,9.029423],[38.732803,9.029321],[38.732836,9.029075]]},"properties":{"name":"Central Africa Republic Street"}},{"type":"Feature","geometry":{"type":"LineString","coordinates":[[38.737606,9.048752],[38.737576,9.04865],[38.737571,9.048634],[38.737554,9.04858],[38.73752,9.0485],[38.737511,9.048482],[38.737468,9.048398],[38.737445,9.048341],[38.737321,9.047988],[38.737203,9.047667],[38.737128,9.047475],[38.737092,9.047407],[38.737043,9.04733],[38.736982,9.047265],[38.736892,9.047175],[38.736831,9.04713],[38.736771,9.047093],[38.736681,9.047052],[38.736554,9.047],[38.736314,9.046909],[38.736137,9.046848],[38.736052,9.046825],[38.735971,9.046804],[38.735894,9.046793],[38.735819,9.046792],[38.735706,9.046789],[38.735608,9.046801],[38.735507,9.046834],[38.735383,9.046878],[38.735247,9.046951],[38.735169,9.046993],[38.735031,9.047068],[38.734915,9.047131],[38.734809,9.047185],[38.734725,9.047228],[38.734606,9.047261],[38.734479,9.047275],[38.734375,9.047281],[38.734242,9.047272],[38.734136,9.047251],[38.734016,9.047225],[38.733883,9.047165],[38.733761,9.04708],[38.733693,9.047022],[38.733623,9.046953],[38.733565,9.046887],[38.733473,9.046805],[38.733397,9.046749],[38.733276,9.046669],[38.73319,9.046621],[38.73311,9.046589],[38.733007,9.046557],[38.732872,9.046522],[38.732705,9.046494],[38.732591,9.046471],[38.732471,9.046447],[38.732383,9.046438],[38.7323,9.046437],[38.732281,9.046437],[38.732162,9.046468]]},"properties":{"name":"Swaziland Av."}},{"type":"Feature","geometry":{"type":"LineString","coordinates":[[38.732253,9.046111],[38.732306,9.046238],[38.732358,9.04629],[38.732427,9.046331],[38.732493,9.046351],[38.732632,9.046375],[38.732789,9.046404],[38.732937,9.046431],[38.733059,9.046465],[38.733178,9.046506],[38.733293,9.046559],[38.733383,9.046614],[38.733519,9.046714],[38.733684,9.04687],[38.73379,9.046964],[38.733861,9.047026],[38.733919,9.047066],[38.733995,9.047106],[38.734044,9.047131],[38.734145,9.047164],[38.734246,9.047183],[38.734334,9.047191],[38.734411,9.047192],[38.734517,9.047181],[38.734595,9.047165],[38.734731,9.047122],[38.734855,9.047064],[38.734996,9.046993],[38.735096,9.046936],[38.735192,9.046883],[38.735317,9.046815],[38.735438,9.046768],[38.735519,9.046738],[38.735614,9.046713],[38.735701,9.046696],[38.735802,9.046691],[38.735882,9.046696],[38.735952,9.046702],[38.736052,9.046722],[38.73617,9.046753],[38.736274,9.046792],[38.736514,9.046883],[38.736658,9.046934],[38.736772,9.046985],[38.736852,9.047032],[38.73696,9.0471],[38.737043,9.047181],[38.737094,9.047244],[38.737151,9.047324],[38.737207,9.047427],[38.737251,9.047523],[38.737287,9.047613],[38.737354,9.047796],[38.737423,9.04801],[38.737537,9.048323],[38.737578,9.048394],[38.737613,9.048447],[38.73765,9.0485],[38.73769,9.048552],[38.737731,9.048589],[38.737831,9.048683]]},"properties":{"name":"Swaziland Av."}},{"type":"Feature","geometry":{"type":"LineString","coordinates":[[38.713532,9.056353],[38.713528,9.056401],[38.713518,9.056488],[38.713507,9.056733]]},"properties":{"name":"Old Ambo Road -የድሮው የአምቦ መንገድ"}},{"type":"Feature","geometry":{"type":"LineString","coordinates":[[38.713306,9.057063],[38.713297,9.057164],[38.713281,9.057233],[38.713254,9.057357],[38.713205,9.057504],[38.713126,9.057636],[38.713078,9.057704],[38.712977,9.057814],[38.712843,9.057908],[38.712694,9.057975],[38.712568,9.058007],[38.712444,9.05802],[38.712305,9.058029],[38.712199,9.058009],[38.712132,9.057996],[38.712046,9.057959],[38.711971,9.057915],[38.711876,9.057844],[38.711768,9.057735],[38.711645,9.057604],[38.711548,9.0575],[38.711355,9.057316],[38.711226,9.057208],[38.711135,9.057151],[38.711039,9.057104],[38.710937,9.057063],[38.710757,9.057004],[38.710411,9.056902],[38.709999,9.056765],[38.709863,9.056726],[38.709702,9.056685],[38.709569,9.056653],[38.709451,9.056636],[38.709332,9.056628],[38.709155,9.056633],[38.709065,9.056645],[38.708938,9.05667],[38.708804,9.056708],[38.708674,9.056757],[38.708533,9.056818],[38.708336,9.056899],[38.70821,9.056961],[38.707996,9.057055],[38.707929,9.057084],[38.707833,9.057126],[38.707711,9.057179],[38.707605,9.057233],[38.70752,9.057278],[38.707436,9.057329],[38.70733,9.057414],[38.707248,9.057484],[38.707137,9.057582],[38.706949,9.057743],[38.706825,9.057855],[38.70675,9.057922],[38.706677,9.058009],[38.706618,9.058102],[38.706567,9.058181],[38.706542,9.058235],[38.706518,9.058287],[38.706466,9.058439],[38.706454,9.058488],[38.706435,9.058598],[38.706411,9.058884],[38.706394,9.059096],[38.706386,9.059166],[38.706366,9.05928],[38.706345,9.059356],[38.706315,9.059437],[38.706267,9.059528],[38.706217,9.059606],[38.706162,9.059673],[38.706103,9.059729],[38.706028,9.059792],[38.705958,9.059831],[38.705887,9.059872],[38.705789,9.059911],[38.705696,9.05994],[38.705565,9.059967],[38.705476,9.05997],[38.70539,9.059961],[38.705298,9.05995],[38.705267,9.05994],[38.705101,9.059866],[38.704882,9.059766],[38.704699,9.05968],[38.704518,9.0596],[38.704345,9.059541],[38.704216,9.059503],[38.704131,9.059485],[38.704001,9.059462],[38.703892,9.059447],[38.70379,9.059439],[38.703695,9.059437],[38.703566,9.059439],[38.70344,9.059444],[38.70328,9.059461],[38.702967,9.059497],[38.70281,9.059523],[38.702677,9.059549],[38.702586,9.059568],[38.702492,9.059593],[38.70237,9.059635],[38.702259,9.059681],[38.702155,9.059736],[38.702054,9.059796],[38.70196,9.059862],[38.701878,9.059926],[38.701794,9.059999],[38.701718,9.060072],[38.701603,9.060198],[38.70153,9.060303],[38.701448,9.06044],[38.701384,9.060567],[38.701295,9.060825],[38.701162,9.061242],[38.701125,9.06136],[38.700985,9.061764],[38.700948,9.061865],[38.700824,9.062205],[38.700722,9.062485],[38.700669,9.062588],[38.700643,9.062622],[38.70053,9.062771],[38.700496,9.062811],[38.70039,9.062935],[38.700239,9.063042],[38.700118,9.063113],[38.700001,9.063181],[38.699842,9.063247],[38.699677,9.063292],[38.699303,9.063379],[38.699095,9.063465],[38.698934,9.063549],[38.698823,9.063618],[38.698745,9.063672],[38.698604,9.063801],[38.698171,9.064233],[38.698067,9.064343],[38.69799,9.064435],[38.697908,9.064553],[38.697858,9.064672],[38.697828,9.06476],[38.697778,9.064948],[38.697714,9.065167],[38.697663,9.065277],[38.697604,9.065379],[38.69754,9.065481],[38.697491,9.06555],[38.697427,9.065619],[38.697314,9.065732],[38.697239,9.065799],[38.697132,9.065878],[38.697045,9.065945],[38.696953,9.065998],[38.696761,9.066079],[38.696594,9.066128],[38.696432,9.066165],[38.696265,9.066187],[38.696157,9.066194],[38.696029,9.066194],[38.695077,9.06609],[38.693715,9.065914],[38.693379,9.065851],[38.693123,9.06575],[38.692747,9.065573],[38.692351,9.065343],[38.692274,9.065291],[38.692011,9.065112],[38.69169,9.064828],[38.691561,9.064683],[38.691431,9.064519],[38.691347,9.064437],[38.691271,9.064391],[38.691158,9.06434],[38.691141,9.064331],[38.691121,9.064321],[38.690998,9.064295],[38.690927,9.064289],[38.690875,9.064284],[38.690801,9.064288],[38.690703,9.0643],[38.690636,9.064311],[38.690555,9.064341],[38.69046,9.064392],[38.690398,9.064429],[38.690303,9.064496],[38.69025,9.064547],[38.690202,9.064606],[38.690151,9.064689],[38.690117,9.064786],[38.6901,9.064861],[38.690095,9.064913],[38.690088,9.065051],[38.690088,9.065124],[38.690099,9.065238],[38.690115,9.065307],[38.690142,9.065402],[38.690209,9.065605],[38.690304,9.065902],[38.690376,9.066129],[38.690421,9.066284],[38.690434,9.066364],[38.69044,9.066436],[38.690444,9.066495],[38.690442,9.066582],[38.690443,9.066631],[38.690435,9.066713],[38.690414,9.06684],[38.690386,9.066942],[38.690352,9.06702],[38.690286,9.067157],[38.690169,9.067336],[38.690079,9.06745],[38.689944,9.067607],[38.689807,9.067756],[38.689576,9.06799],[38.689521,9.068059],[38.689478,9.068127],[38.68944,9.068197],[38.689374,9.068326],[38.689333,9.06845],[38.689315,9.06858],[38.689304,9.068665],[38.689303,9.06878],[38.689327,9.069369],[38.689345,9.069666],[38.689341,9.069898],[38.689324,9.070201],[38.689273,9.070704],[38.689249,9.070841],[38.689209,9.070961],[38.68916,9.071059],[38.689108,9.071138],[38.689041,9.071219],[38.688972,9.071285],[38.688838,9.071394],[38.68875,9.07145],[38.68865,9.071495],[38.688543,9.071538],[38.688143,9.07168],[38.688049,9.071739],[38.687969,9.07181],[38.687876,9.071914],[38.687819,9.072001],[38.687785,9.072066],[38.687768,9.072108],[38.687733,9.072217],[38.687718,9.072336],[38.687687,9.07278],[38.687653,9.072861],[38.687604,9.072944],[38.687548,9.073018],[38.687485,9.073086],[38.6874,9.073158],[38.687313,9.073214],[38.687208,9.073264],[38.687075,9.073306],[38.686969,9.073322],[38.686841,9.073331],[38.686717,9.073315],[38.686653,9.073298],[38.68658,9.073269],[38.686486,9.073217],[38.68629,9.073102],[38.686148,9.073033],[38.685985,9.072993],[38.685835,9.072988],[38.685731,9.073001],[38.685634,9.073029],[38.685509,9.073084],[38.6854,9.073153],[38.685305,9.073234],[38.685214,9.073342],[38.68517,9.073411],[38.685127,9.073497],[38.685059,9.073715],[38.684885,9.074299],[38.684805,9.074487],[38.684703,9.074641],[38.684665,9.074686],[38.684597,9.074739],[38.684453,9.074833],[38.684262,9.074918],[38.684112,9.074952],[38.683893,9.074957],[38.683791,9.074942],[38.68366,9.074905],[38.683479,9.074817],[38.683318,9.074689],[38.683124,9.074429],[38.682899,9.073624],[38.682742,9.073217],[38.682603,9.073045],[38.682395,9.072814],[38.68212,9.072446],[38.681964,9.072208],[38.681909,9.072097],[38.681827,9.071891],[38.681793,9.071743],[38.681637,9.071158],[38.681559,9.070841],[38.681505,9.070731],[38.681445,9.070629],[38.681345,9.070547],[38.681263,9.070499],[38.681189,9.070469],[38.681089,9.070447],[38.681011,9.070442],[38.680915,9.070451],[38.680829,9.070474],[38.680766,9.070501],[38.680705,9.070535],[38.680661,9.070568],[38.680601,9.070625],[38.68039,9.070901],[38.680218,9.071146],[38.680174,9.071199],[38.680112,9.071272],[38.680008,9.071401],[38.67986,9.071595],[38.679216,9.072307],[38.678906,9.072662],[38.678788,9.072779],[38.678654,9.072979],[38.67848,9.07322],[38.678417,9.073334],[38.678296,9.073535],[38.678155,9.073809],[38.678013,9.074066],[38.677789,9.074447],[38.677416,9.075139],[38.677318,9.075265],[38.677204,9.075412],[38.676948,9.075678],[38.676789,9.075811],[38.676619,9.075932],[38.676478,9.076017],[38.676301,9.076109],[38.675656,9.076384],[38.675452,9.076464],[38.674559,9.076765],[38.674304,9.076838],[38.674171,9.076871],[38.673709,9.076918],[38.673024,9.077004],[38.672603,9.077042],[38.672139,9.077087],[38.67177,9.077144],[38.671383,9.077191],[38.671319,9.077203],[38.671279,9.077219],[38.671129,9.077309],[38.670985,9.077427],[38.670922,9.077476],[38.670647,9.077766],[38.67053,9.07787],[38.670451,9.077929],[38.670371,9.077973],[38.670304,9.078002],[38.670216,9.078029],[38.67011,9.078047],[38.669985,9.078049],[38.669884,9.078048],[38.669746,9.078023],[38.669643,9.077987],[38.669551,9.077942],[38.669466,9.077885],[38.669374,9.077803],[38.669302,9.077717],[38.669226,9.077588],[38.668851,9.076344],[38.668583,9.075483],[38.668488,9.075125],[38.668465,9.074977],[38.668463,9.074866],[38.668476,9.074744],[38.668514,9.074594],[38.668568,9.074469],[38.668667,9.07429],[38.668713,9.074152],[38.668735,9.074024],[38.668738,9.073875],[38.668714,9.073719],[38.668668,9.073569],[38.6686,9.073377],[38.668561,9.073286],[38.668479,9.07313],[38.668375,9.073007],[38.668315,9.072955],[38.668204,9.072885],[38.668055,9.072815],[38.667748,9.072709],[38.667522,9.072599],[38.66736,9.072477],[38.667246,9.072347],[38.667145,9.072188],[38.667048,9.072033],[38.666448,9.071034],[38.666379,9.070944],[38.666307,9.07088],[38.666231,9.070826],[38.666076,9.070752],[38.665985,9.070725],[38.665883,9.070709],[38.66575,9.070707],[38.665627,9.070725],[38.66538,9.070796],[38.665182,9.07084],[38.665028,9.07084],[38.664896,9.070816],[38.664789,9.07078],[38.664698,9.070735],[38.664631,9.070695],[38.664543,9.070621],[38.664462,9.070519],[38.664424,9.070448],[38.66438,9.070355],[38.664347,9.070251],[38.66433,9.07015],[38.664326,9.070046],[38.66434,9.069916],[38.664353,9.069862],[38.664383,9.069772],[38.664414,9.069705],[38.664463,9.069631],[38.664595,9.069466],[38.664708,9.069365],[38.664949,9.069118],[38.665134,9.068928],[38.665199,9.068839],[38.665271,9.068667],[38.665288,9.068582],[38.665295,9.068488],[38.665289,9.068381],[38.66525,9.068226],[38.665208,9.068134],[38.664932,9.067647],[38.664715,9.067291],[38.664507,9.066925],[38.664411,9.066827],[38.664225,9.066602],[38.664018,9.066421],[38.663879,9.066282],[38.663685,9.066148],[38.66361,9.066108],[38.663534,9.066075],[38.663429,9.066041],[38.663255,9.06601],[38.663102,9.066007],[38.662833,9.066044],[38.662426,9.066131],[38.661855,9.066227],[38.661669,9.066254],[38.661379,9.066319],[38.661283,9.066351],[38.661206,9.066381],[38.660974,9.066492],[38.66074,9.066648],[38.660492,9.066802],[38.660422,9.066854],[38.660378,9.066885],[38.660068,9.067085],[38.659913,9.067151],[38.659802,9.067185],[38.659668,9.06721],[38.659521,9.067221],[38.659344,9.067213],[38.659187,9.067187],[38.659094,9.067159],[38.658982,9.067117],[38.658824,9.067038],[38.658267,9.066659],[38.65801,9.066486],[38.657836,9.066387],[38.657719,9.066341],[38.657604,9.06631],[38.657488,9.066292],[38.657339,9.066286],[38.657095,9.06632],[38.656595,9.066395],[38.656129,9.066482],[38.655519,9.066577],[38.655256,9.066605],[38.655101,9.06663],[38.654826,9.066675],[38.654497,9.06674],[38.654142,9.066803],[38.653521,9.066905],[38.653081,9.067003],[38.652719,9.067047],[38.652244,9.067046],[38.651926,9.066993],[38.65167,9.066942],[38.650971,9.066828],[38.650309,9.066699],[38.649912,9.066635],[38.649412,9.066557],[38.64888,9.066458],[38.648673,9.066395],[38.648419,9.066279],[38.648382,9.066254],[38.648284,9.066194],[38.648191,9.066109],[38.6481,9.066029],[38.647996,9.065903],[38.647877,9.065749],[38.647793,9.065595],[38.647738,9.065445],[38.647705,9.065287],[38.647694,9.065144],[38.647709,9.064947],[38.647731,9.064757],[38.647751,9.064539],[38.647747,9.064434],[38.647728,9.064324],[38.647699,9.064173],[38.647637,9.064033],[38.647595,9.06397],[38.647537,9.0639],[38.64745,9.063789],[38.646989,9.063246],[38.646813,9.063093],[38.64666,9.062986],[38.64657,9.062938],[38.6465,9.062907],[38.646404,9.062872],[38.646288,9.062841],[38.646213,9.062828],[38.646118,9.062818],[38.646039,9.062815],[38.645945,9.062819],[38.645779,9.062834],[38.645558,9.062896],[38.645399,9.062969],[38.645237,9.063074],[38.645151,9.063147],[38.645082,9.063215],[38.644986,9.063318],[38.644925,9.063401],[38.644852,9.063523],[38.644786,9.063674],[38.644746,9.063809],[38.644635,9.06427],[38.6446,9.064409],[38.644533,9.0647],[38.644438,9.064915],[38.644369,9.065023],[38.644263,9.065141],[38.644117,9.065253],[38.643976,9.065325],[38.643787,9.065381],[38.643581,9.065396],[38.643117,9.065423],[38.643005,9.065429],[38.642865,9.065448],[38.642752,9.065491],[38.642675,9.06554],[38.642568,9.065645],[38.642526,9.065708],[38.64249,9.065785],[38.642465,9.065871],[38.642434,9.066026],[38.642381,9.066412],[38.642368,9.066513],[38.642349,9.066625],[38.642324,9.066728],[38.642301,9.066804],[38.642234,9.066984],[38.64215,9.067153],[38.641951,9.067446],[38.641897,9.067522],[38.641698,9.067812],[38.641473,9.068037],[38.641428,9.068071],[38.641268,9.06821],[38.641109,9.06834],[38.640814,9.068583],[38.64067,9.068705],[38.640625,9.068747],[38.640527,9.068855],[38.640418,9.068978],[38.640354,9.069068],[38.640283,9.069157],[38.640052,9.069472],[38.639966,9.069592],[38.639758,9.069857],[38.63967,9.069941],[38.639568,9.070046],[38.639361,9.070211],[38.63923,9.070319],[38.63915,9.070387],[38.639098,9.070447],[38.638752,9.070955],[38.638355,9.071589],[38.637646,9.072671],[38.637454,9.073082],[38.63742,9.073142],[38.637379,9.073261],[38.637318,9.073454],[38.637273,9.07372],[38.637234,9.07399],[38.637177,9.074533],[38.637089,9.074848],[38.637004,9.075113],[38.63678,9.075425],[38.636562,9.075637],[38.636301,9.075826],[38.636081,9.075972],[38.635712,9.076239],[38.635475,9.076376],[38.635181,9.076483],[38.634969,9.076511],[38.634722,9.076525],[38.634584,9.076516],[38.634419,9.076499],[38.634222,9.076453],[38.633283,9.076033],[38.63283,9.075826],[38.632336,9.075598],[38.63217,9.075521],[38.631914,9.075403],[38.631405,9.075168],[38.630953,9.074969],[38.630397,9.074713],[38.630151,9.074552],[38.629964,9.074365],[38.629833,9.074234],[38.629676,9.073965],[38.629583,9.073759],[38.629505,9.07352],[38.629434,9.073067],[38.629344,9.07262],[38.629302,9.072491],[38.629251,9.072381],[38.629198,9.072286],[38.629098,9.072156],[38.629009,9.07206],[38.62891,9.071968],[38.628779,9.071862],[38.628658,9.071792],[38.628527,9.071726],[38.628371,9.07167],[38.62823,9.071652],[38.627924,9.071644],[38.626772,9.071686],[38.626452,9.071703],[38.625085,9.071729],[38.623678,9.071788],[38.623521,9.071793],[38.62318,9.071793],[38.622536,9.071821],[38.622251,9.071825],[38.620763,9.071889],[38.620256,9.071952],[38.620068,9.07197],[38.619824,9.072011],[38.619084,9.072139],[38.618853,9.072217],[38.618723,9.072269],[38.618572,9.072346],[38.618443,9.072441],[38.618165,9.072675],[38.617934,9.072909],[38.617741,9.073124],[38.617545,9.073319],[38.617342,9.073524],[38.617143,9.073656],[38.616968,9.073716],[38.61682,9.073737],[38.616713,9.073735],[38.616589,9.073716],[38.616381,9.073646],[38.61623,9.073534],[38.616077,9.073372],[38.61602,9.073264],[38.615967,9.073104],[38.615942,9.072895],[38.615932,9.072642],[38.615931,9.072353],[38.615958,9.07207],[38.616,9.071846],[38.616086,9.071464],[38.616249,9.070788],[38.616297,9.070513],[38.616298,9.070342],[38.616299,9.070221],[38.616272,9.070055],[38.616239,9.069965],[38.616216,9.069878],[38.616135,9.069745],[38.615933,9.069371],[38.61574,9.06902],[38.615653,9.068864],[38.615536,9.06864],[38.6154,9.068416],[38.615259,9.068152],[38.61511,9.067871],[38.614914,9.067524],[38.614887,9.067464],[38.614812,9.067349],[38.614646,9.067137],[38.614582,9.067058],[38.614493,9.066979],[38.614359,9.066883],[38.614205,9.066774],[38.614045,9.066669],[38.613737,9.066462],[38.613697,9.066437],[38.613314,9.066211],[38.613187,9.066141],[38.613003,9.066036],[38.612795,9.065915],[38.612747,9.065893],[38.612634,9.065833],[38.612382,9.065742],[38.61222,9.065677],[38.612049,9.065623],[38.611954,9.065596],[38.611719,9.065539],[38.611574,9.065519],[38.611161,9.065453],[38.61094,9.065413],[38.610794,9.06537],[38.610672,9.065336],[38.610534,9.06528],[38.610414,9.0652],[38.610286,9.065054],[38.61016,9.064929],[38.609878,9.06459],[38.609636,9.064275],[38.609536,9.064153],[38.609306,9.063851],[38.609236,9.06376],[38.609004,9.063451],[38.60896,9.063389],[38.608789,9.063143],[38.608607,9.062874],[38.608321,9.062412],[38.607804,9.061666],[38.607647,9.061413],[38.607269,9.060846],[38.607141,9.060711],[38.607046,9.060595],[38.606848,9.060372],[38.606686,9.0602]]},"properties":{"name":"Old Ambo Road -የድሮው የአምቦ መንገድ"}},{"type":"Feature","geometry":{"type":"LineString","coordinates":[[38.713157,9.056987],[38.713168,9.057082],[38.713168,9.057163],[38.713166,9.057261],[38.713154,9.057349],[38.713118,9.057459],[38.713076,9.057553],[38.713024,9.057627],[38.712954,9.057707],[38.712877,9.057774],[38.712799,9.057831],[38.712747,9.057857],[38.71266,9.057893],[38.712554,9.057921],[38.71247,9.057935],[38.712337,9.057945],[38.712228,9.05792],[38.712146,9.057894],[38.712079,9.057863],[38.712,9.057827],[38.711924,9.057768],[38.71159,9.05744],[38.711459,9.057305],[38.711359,9.05721],[38.711255,9.057125],[38.711113,9.057039],[38.710807,9.05693],[38.710475,9.056827],[38.71,9.056683],[38.709882,9.056646],[38.709726,9.056598],[38.709685,9.056584],[38.709599,9.056565],[38.709467,9.056538],[38.709338,9.056527],[38.709191,9.056521],[38.709072,9.056535],[38.708931,9.056562],[38.708775,9.056606],[38.708645,9.056659],[38.708495,9.056721],[38.708312,9.056804],[38.708158,9.056875],[38.707982,9.056953],[38.707803,9.057037],[38.707681,9.057088],[38.707591,9.057131],[38.707524,9.057164],[38.707463,9.0572],[38.707392,9.057243],[38.707287,9.057322],[38.707178,9.057414],[38.70704,9.057522],[38.706856,9.057692],[38.706733,9.057801],[38.70667,9.057869],[38.706598,9.057957],[38.706534,9.058037],[38.706521,9.058053],[38.706475,9.058125],[38.706425,9.058256],[38.706402,9.058325],[38.70637,9.058425],[38.706345,9.058561],[38.70633,9.058648],[38.706318,9.058796],[38.706296,9.059074],[38.706282,9.059188],[38.706262,9.059276],[38.706226,9.059373],[38.706189,9.05946],[38.706149,9.059526],[38.706095,9.059592],[38.70603,9.05966],[38.705967,9.059713],[38.705844,9.059788],[38.705769,9.059822],[38.705662,9.059851],[38.705563,9.059865],[38.705513,9.059869],[38.705416,9.059865],[38.705348,9.059856],[38.705276,9.059842],[38.705149,9.059793],[38.70492,9.059697],[38.704734,9.059613],[38.70453,9.059527],[38.704372,9.05947],[38.704239,9.059431],[38.704149,9.059409],[38.704029,9.059381],[38.703919,9.059368],[38.703801,9.059357],[38.703681,9.059353],[38.703571,9.059354],[38.703438,9.059361],[38.703408,9.059364],[38.703257,9.059379],[38.702946,9.059424],[38.7028,9.059448],[38.702661,9.059476],[38.702572,9.059497],[38.702478,9.059524],[38.70235,9.059566],[38.702217,9.059617],[38.70216,9.059647],[38.702114,9.059672],[38.70201,9.059733],[38.701918,9.059791],[38.701857,9.059839],[38.701782,9.059899],[38.701725,9.059946],[38.701653,9.06002],[38.701566,9.060114],[38.701496,9.060201],[38.701399,9.060354],[38.701327,9.060482],[38.701218,9.0608],[38.70107,9.06124],[38.700883,9.061765],[38.700857,9.06184],[38.700792,9.062024],[38.700685,9.062304],[38.700567,9.062534],[38.7005,9.062638],[38.700372,9.062793],[38.700276,9.062887],[38.700158,9.06297],[38.699999,9.06307],[38.699937,9.063107],[38.69987,9.063139],[38.699807,9.063162],[38.699726,9.063183],[38.699624,9.063205],[38.699552,9.063221],[38.699434,9.063248],[38.699335,9.063279],[38.699272,9.063299],[38.699227,9.063313],[38.699099,9.063363],[38.698987,9.063405],[38.698903,9.063449],[38.698777,9.063529],[38.698697,9.063587],[38.6986,9.063679],[38.698391,9.063877],[38.698141,9.06412],[38.697987,9.064282],[38.697879,9.064419],[38.697846,9.064472],[38.697775,9.064609],[38.697731,9.064764],[38.697685,9.064933],[38.697647,9.06507],[38.697612,9.065173],[38.697535,9.065322],[38.697446,9.065438],[38.697324,9.065571],[38.697244,9.065672],[38.697044,9.065824],[38.696916,9.065906],[38.696828,9.065948],[38.696735,9.06599],[38.696599,9.066038],[38.696486,9.066068],[38.696316,9.066088],[38.69617,9.066103],[38.696032,9.066101],[38.69522,9.066005],[38.695092,9.06599],[38.694454,9.065899],[38.694367,9.065887],[38.693823,9.065821],[38.693754,9.065813],[38.693594,9.065789],[38.693376,9.065754],[38.693144,9.065663],[38.69309,9.065642],[38.692808,9.065491],[38.692472,9.065311],[38.692328,9.065219],[38.692036,9.065034],[38.691925,9.064941],[38.691896,9.064913],[38.691752,9.064752],[38.691689,9.064684],[38.691557,9.064535],[38.691457,9.064429],[38.691375,9.064359],[38.691319,9.064318],[38.691143,9.064237],[38.691109,9.064226],[38.691016,9.064201],[38.690881,9.064193],[38.69073,9.064202],[38.690651,9.064213],[38.690552,9.064237],[38.690481,9.064268],[38.69033,9.06436],[38.690269,9.064408],[38.690205,9.064467],[38.690082,9.064623],[38.690044,9.064702],[38.690013,9.064753],[38.689981,9.064836],[38.689964,9.064915],[38.689949,9.065036],[38.689953,9.065141],[38.689963,9.065298],[38.689999,9.065427],[38.690017,9.065494],[38.690085,9.06568],[38.690205,9.066044],[38.690271,9.066225],[38.690298,9.066381],[38.690307,9.066481],[38.690309,9.06658],[38.690285,9.066822],[38.690276,9.066863],[38.690219,9.067024],[38.690196,9.067081],[38.690179,9.067124],[38.690156,9.067171],[38.690113,9.067252],[38.69004,9.067354],[38.689927,9.067491],[38.689824,9.067609],[38.689737,9.067702],[38.689599,9.067831],[38.689504,9.06793],[38.689419,9.068032],[38.689363,9.068103],[38.689312,9.068196],[38.68927,9.068296],[38.689231,9.068425],[38.689214,9.068581],[38.689201,9.068769],[38.689215,9.069391],[38.689242,9.0699],[38.689241,9.069943],[38.689238,9.070012],[38.689236,9.070193],[38.689221,9.070471],[38.689197,9.07068],[38.689171,9.070799],[38.689125,9.070924],[38.689071,9.071028],[38.688995,9.071138],[38.688921,9.071221],[38.688802,9.071322],[38.688717,9.071373],[38.688616,9.071418],[38.68853,9.071452],[38.688116,9.071589],[38.688058,9.071607],[38.68794,9.071671],[38.687774,9.071811],[38.687759,9.071831],[38.687702,9.071933],[38.687667,9.072008],[38.687637,9.072101],[38.687626,9.072155],[38.687609,9.072429],[38.687588,9.072694],[38.687564,9.072791],[38.687509,9.072901],[38.687461,9.072964],[38.687382,9.073036],[38.687288,9.073103],[38.687179,9.073157],[38.687055,9.073195],[38.686964,9.07321],[38.686852,9.073215],[38.686765,9.073206],[38.686692,9.073188],[38.686613,9.073158],[38.686532,9.073112],[38.686319,9.072985],[38.686229,9.072935],[38.686063,9.072876],[38.685859,9.072855],[38.685708,9.072873],[38.685617,9.072899],[38.685462,9.072973],[38.685341,9.073048],[38.685228,9.073142],[38.685117,9.073268],[38.685065,9.073346],[38.685008,9.073457],[38.684978,9.073533],[38.684785,9.074209],[38.684687,9.074445],[38.684619,9.074532],[38.684538,9.074622],[38.684498,9.074656],[38.684396,9.074731],[38.684243,9.074821],[38.684093,9.074849],[38.683883,9.074844],[38.683744,9.074811],[38.683656,9.074778],[38.683546,9.074719],[38.683424,9.074626],[38.683305,9.074492],[38.683202,9.0743],[38.682988,9.073563],[38.682874,9.073302],[38.682807,9.073149],[38.682729,9.073038],[38.682527,9.072792],[38.682443,9.07269],[38.682214,9.072389],[38.682065,9.072151],[38.681995,9.072008],[38.681936,9.071856],[38.681919,9.071793],[38.681639,9.070797],[38.681594,9.070683],[38.681508,9.070558],[38.681436,9.070492],[38.68132,9.070416],[38.681194,9.070366],[38.681113,9.070348],[38.680992,9.070338],[38.680891,9.070346],[38.680788,9.07037],[38.6807,9.070403],[38.680596,9.070463],[38.680518,9.070525],[38.680471,9.070587],[38.680382,9.070732],[38.680285,9.070853],[38.680104,9.071117],[38.680037,9.071201],[38.679958,9.071282],[38.679745,9.071518],[38.679107,9.072287],[38.678821,9.072587],[38.678711,9.072717],[38.678535,9.072965],[38.678377,9.073193],[38.678305,9.073332],[38.678205,9.073494],[38.678069,9.073745],[38.678004,9.073851],[38.677812,9.074169],[38.677379,9.074976],[38.677255,9.075156],[38.677127,9.075332],[38.676873,9.0756],[38.676663,9.075766],[38.676537,9.075849],[38.67642,9.075915],[38.676241,9.076],[38.675604,9.076261],[38.675398,9.076341],[38.674491,9.076684],[38.674273,9.076728],[38.674127,9.076756],[38.673975,9.076781],[38.673656,9.076815],[38.673054,9.076887],[38.672101,9.077005],[38.671816,9.077033],[38.671364,9.077081],[38.671296,9.077096],[38.671226,9.077127],[38.671222,9.077129],[38.671095,9.077199],[38.670911,9.077337],[38.670839,9.077397],[38.6705,9.077764],[38.670414,9.077832],[38.670325,9.077882],[38.670213,9.077922],[38.670108,9.077941],[38.669994,9.077942],[38.669896,9.077938],[38.669744,9.077903],[38.669665,9.077871],[38.66956,9.077808],[38.669493,9.077753],[38.669403,9.077651],[38.669325,9.077515],[38.668846,9.075997],[38.66869,9.075437],[38.668593,9.075138],[38.668567,9.074997],[38.668563,9.074871],[38.668578,9.074745],[38.668602,9.074647],[38.668697,9.074429],[38.668768,9.074299],[38.668815,9.074171],[38.668842,9.074047],[38.668852,9.073904],[38.668841,9.073771],[38.668813,9.073644],[38.668704,9.073336],[38.668655,9.073218],[38.668585,9.073097],[38.66852,9.073012],[38.668436,9.072922],[38.668377,9.072871],[38.668264,9.072793],[38.668106,9.072716],[38.667802,9.072606],[38.667581,9.072507],[38.667435,9.072392],[38.667334,9.072271],[38.666967,9.071701],[38.666565,9.070995],[38.666476,9.070882],[38.666396,9.07081],[38.666312,9.07075],[38.666219,9.070698],[38.666115,9.070655],[38.665959,9.070616],[38.665843,9.070604],[38.665734,9.070607],[38.665602,9.070625],[38.665364,9.070691],[38.665186,9.070737],[38.665024,9.070741],[38.664851,9.070706],[38.664712,9.070644],[38.66463,9.070572],[38.664571,9.070505],[38.66451,9.070415],[38.664464,9.07032],[38.664434,9.070229],[38.664419,9.070102],[38.664422,9.070007],[38.664434,9.069925],[38.664453,9.069852],[38.664505,9.069727],[38.664525,9.06969],[38.664579,9.069613],[38.664664,9.069522],[38.665111,9.069083],[38.665204,9.068991],[38.665263,9.068913],[38.665321,9.068803],[38.665348,9.068734],[38.665381,9.068586],[38.665386,9.068522],[38.665364,9.068298],[38.665331,9.068197],[38.665302,9.068131],[38.665227,9.067961],[38.664688,9.067],[38.664588,9.06686],[38.66449,9.06674],[38.664275,9.066525],[38.664089,9.066338],[38.66396,9.066215],[38.663812,9.0661],[38.663667,9.06603],[38.66357,9.065994],[38.663422,9.065955],[38.663249,9.065931],[38.663102,9.065928],[38.662824,9.065965],[38.662352,9.066039],[38.661879,9.066121],[38.66169,9.066151],[38.661398,9.066203],[38.661265,9.066242],[38.661174,9.066274],[38.660941,9.066377],[38.660801,9.066457],[38.660668,9.066547],[38.660401,9.06673],[38.660363,9.066755],[38.660005,9.066992],[38.659901,9.067042],[38.659787,9.06708],[38.659658,9.067107],[38.659503,9.067119],[38.659343,9.067109],[38.659222,9.067087],[38.659112,9.067053],[38.659016,9.067014],[38.658885,9.066941],[38.658634,9.066772],[38.658195,9.066476],[38.657884,9.066278],[38.657765,9.066237],[38.657638,9.066206],[38.657522,9.066189],[38.657347,9.066181],[38.657191,9.066193],[38.656537,9.066293],[38.655891,9.0664],[38.655252,9.066499],[38.655051,9.06653],[38.654776,9.066579],[38.654517,9.066626],[38.654269,9.066676],[38.654103,9.066706],[38.652889,9.066926],[38.652593,9.066949],[38.652349,9.06694],[38.652244,9.066929],[38.651956,9.066888],[38.651687,9.066837],[38.65104,9.066738],[38.650607,9.066652],[38.650462,9.066631],[38.649539,9.066463],[38.648936,9.066353],[38.64867,9.066287],[38.648538,9.066235],[38.64846,9.066189],[38.648354,9.066122],[38.648221,9.066014],[38.648073,9.065857],[38.647968,9.065712],[38.647885,9.065548],[38.647854,9.065463],[38.647811,9.065279],[38.647802,9.065189],[38.647808,9.064969],[38.647812,9.064801],[38.647829,9.064595],[38.647839,9.064478],[38.647827,9.064292],[38.647803,9.064166],[38.647754,9.06403],[38.647684,9.063902],[38.647624,9.063821],[38.647545,9.063737],[38.647395,9.063561],[38.647046,9.06316],[38.646869,9.063014],[38.64675,9.062931],[38.646642,9.062866],[38.646544,9.062819],[38.646419,9.062773],[38.646347,9.062753],[38.6463,9.062743],[38.646216,9.062729],[38.646137,9.062721],[38.646063,9.062718],[38.645969,9.06272],[38.645868,9.062729],[38.645734,9.062756],[38.645507,9.062825],[38.645313,9.062922],[38.645156,9.063031],[38.645104,9.063075],[38.645039,9.063137],[38.644939,9.06325],[38.644843,9.063384],[38.644783,9.063485],[38.644715,9.063621],[38.644671,9.063732],[38.644514,9.064385],[38.644436,9.064677],[38.644358,9.064855],[38.644259,9.065003],[38.644157,9.065104],[38.644031,9.065191],[38.643933,9.065237],[38.643769,9.065284],[38.64358,9.065295],[38.643114,9.065309],[38.642988,9.06532],[38.642849,9.065338],[38.642721,9.065372],[38.642609,9.065431],[38.642496,9.065529],[38.642439,9.065605],[38.642395,9.065692],[38.642367,9.065779],[38.642342,9.065887],[38.64232,9.066011],[38.642282,9.066353],[38.642265,9.06648],[38.642245,9.066585],[38.642223,9.066679],[38.642193,9.066779],[38.642137,9.066936],[38.642064,9.067098],[38.64182,9.067434],[38.641519,9.067844],[38.641444,9.067914],[38.641353,9.068002],[38.64125,9.068088],[38.641041,9.068249],[38.640731,9.068509],[38.640603,9.068623],[38.640536,9.068688],[38.640452,9.068781],[38.640352,9.068904],[38.64026,9.069025],[38.640204,9.069104],[38.639989,9.069412],[38.63989,9.069542],[38.639725,9.06975],[38.63962,9.069862],[38.639505,9.06997],[38.639292,9.070117],[38.639167,9.070232],[38.639114,9.070279],[38.639033,9.07037],[38.638682,9.070852],[38.63831,9.07145],[38.637782,9.072253],[38.637385,9.072898],[38.637333,9.073028],[38.637268,9.073193],[38.637194,9.073449],[38.637173,9.073649],[38.637127,9.073957],[38.637054,9.074507],[38.636915,9.075029],[38.636828,9.075173],[38.636701,9.075357],[38.636565,9.075505],[38.636379,9.075648],[38.635647,9.076144],[38.635429,9.07627],[38.635162,9.076369],[38.634957,9.076411],[38.634713,9.076426],[38.634597,9.076426],[38.634446,9.076398],[38.634243,9.076352],[38.633329,9.075933],[38.63292,9.075745],[38.632413,9.075511],[38.631413,9.075052],[38.630824,9.074786],[38.630462,9.074593],[38.630197,9.074426],[38.63006,9.074303],[38.629908,9.074121],[38.629785,9.073928],[38.629684,9.073719],[38.629612,9.073503],[38.629477,9.072748],[38.629438,9.072575],[38.629399,9.072449],[38.629348,9.07233],[38.629273,9.072208],[38.629185,9.072084],[38.629086,9.07197],[38.628996,9.071881],[38.628827,9.071756],[38.628716,9.071695],[38.628566,9.071614],[38.628375,9.07155],[38.628214,9.071524],[38.62796,9.071535],[38.626993,9.071581],[38.62613,9.071605],[38.62515,9.071637],[38.623632,9.07169],[38.623504,9.071691],[38.622598,9.071722],[38.622273,9.071726],[38.621195,9.071764],[38.620602,9.071807],[38.620079,9.071875],[38.61983,9.071902],[38.619106,9.072032],[38.618824,9.072114],[38.61865,9.072172],[38.61854,9.072233],[38.618373,9.072349],[38.618078,9.072604],[38.617896,9.072805],[38.617664,9.073033],[38.6175,9.073224],[38.617294,9.073417],[38.617172,9.073532],[38.617007,9.073597],[38.616823,9.07363],[38.616743,9.073634],[38.616594,9.073602],[38.616486,9.073572],[38.616354,9.073498],[38.616193,9.073307],[38.616091,9.073067],[38.616077,9.072988],[38.616064,9.072728],[38.61604,9.072334],[38.616061,9.072087],[38.616104,9.071857],[38.616201,9.071467],[38.616296,9.071049],[38.616399,9.070559],[38.616413,9.070257],[38.616386,9.070097],[38.616356,9.069956],[38.616307,9.069824],[38.616246,9.069713],[38.616041,9.069339],[38.615758,9.068812],[38.615548,9.068436],[38.615389,9.068133],[38.615113,9.067644],[38.615038,9.067501],[38.614995,9.067426],[38.614908,9.067288],[38.614756,9.067085],[38.614656,9.06698],[38.614563,9.066897],[38.614448,9.066803],[38.614268,9.066682],[38.614095,9.066574],[38.613808,9.066388],[38.61369,9.066313],[38.613576,9.06624],[38.61338,9.066122],[38.613239,9.066037],[38.613075,9.065943],[38.612869,9.065829],[38.612808,9.065799],[38.612679,9.065746],[38.612441,9.065657],[38.612307,9.065607],[38.612112,9.065542],[38.611992,9.065501],[38.611848,9.065456],[38.611599,9.065409],[38.611343,9.065374],[38.611174,9.065345],[38.611064,9.065327],[38.61082,9.065281],[38.610719,9.065246],[38.6106,9.065201],[38.610474,9.065105],[38.610365,9.065009],[38.610239,9.064858],[38.609974,9.064535],[38.609724,9.064213],[38.609671,9.06415],[38.609388,9.063797],[38.609227,9.063574],[38.609102,9.0634],[38.609055,9.063315],[38.608884,9.063063],[38.608715,9.062815],[38.60835,9.062247],[38.608233,9.062099],[38.607969,9.061702],[38.607543,9.061028],[38.607403,9.060834],[38.607213,9.060617],[38.607179,9.060579],[38.606891,9.060281],[38.606766,9.060131]]},"properties":{"name":"Old Ambo Road -የድሮው የአምቦ መንገድ"}},{"type":"Feature","geometry":{"type":"LineString","coordinates":[[38.713355,9.056636],[38.713415,9.056545],[38.713446,9.056488],[38.713479,9.056394],[38.713494,9.056328],[38.713499,9.056312],[38.713557,9.056143],[38.713597,9.056012],[38.713651,9.055834],[38.713748,9.055513],[38.713801,9.055344],[38.713858,9.055175],[38.713897,9.055093],[38.713921,9.055048],[38.713957,9.054992],[38.71401,9.05491],[38.714077,9.054825],[38.714148,9.054745],[38.714202,9.054695],[38.714316,9.054598],[38.714399,9.054545],[38.714444,9.054515],[38.714698,9.054394],[38.714896,9.054339],[38.714983,9.054328],[38.715103,9.054326],[38.715187,9.05433],[38.715277,9.054347],[38.715345,9.054365],[38.715423,9.054399],[38.715484,9.054425],[38.715543,9.054462],[38.715649,9.054534],[38.715705,9.05459],[38.715755,9.054645],[38.715858,9.054792],[38.716075,9.055149],[38.71628,9.055471],[38.716334,9.055541],[38.716412,9.055611],[38.716483,9.055651],[38.716562,9.055686],[38.716616,9.055705],[38.71681,9.055759],[38.71691,9.055769],[38.716987,9.055764],[38.717076,9.055746],[38.717142,9.055721],[38.717202,9.05569],[38.717288,9.055625],[38.717351,9.055554],[38.717389,9.055495],[38.717426,9.05543],[38.717499,9.055271],[38.717541,9.055189],[38.717585,9.0551],[38.717682,9.054933],[38.717778,9.054807],[38.717865,9.054697],[38.717905,9.054652],[38.718192,9.054386],[38.718785,9.053873],[38.719014,9.053676],[38.71946,9.05329],[38.719635,9.053173],[38.71984,9.053055],[38.720025,9.052966],[38.720207,9.052885],[38.720389,9.052795],[38.720681,9.052626],[38.720825,9.052519],[38.720921,9.052437],[38.720995,9.052362],[38.721142,9.052217],[38.721198,9.052161],[38.721259,9.052104],[38.721326,9.052046]]},"properties":{"name":"Old Ambo Road -የድሮው የአምቦ መንገድ"}},{"type":"Feature","geometry":{"type":"LineString","coordinates":[[38.733796,9.063112],[38.733725,9.063209],[38.733684,9.063262],[38.733587,9.063374],[38.73351,9.06346],[38.733479,9.063495],[38.733349,9.063638],[38.733247,9.063788],[38.733118,9.064002],[38.733073,9.064087],[38.73304,9.064149],[38.732987,9.064282],[38.732884,9.064527],[38.732791,9.064773],[38.732749,9.064885],[38.732719,9.065049],[38.732715,9.065177],[38.732721,9.065256],[38.732733,9.065326],[38.732772,9.065454],[38.732811,9.065548],[38.732843,9.065608],[38.732909,9.065709],[38.732985,9.065815],[38.733031,9.065878],[38.733146,9.066021],[38.733324,9.066217],[38.73355,9.066472],[38.733623,9.066563],[38.73406,9.067098],[38.734156,9.067214],[38.734784,9.067941],[38.734806,9.067968],[38.734877,9.068056],[38.73492,9.068107],[38.734985,9.068184],[38.73506,9.068274],[38.735778,9.069149],[38.735834,9.069219],[38.73609,9.069532],[38.736128,9.069579],[38.7366,9.070191],[38.737056,9.070737],[38.73715,9.070849],[38.737236,9.070949],[38.737463,9.071218],[38.737566,9.07136],[38.737669,9.071501],[38.737688,9.071552],[38.73771,9.071609]]},"properties":{"name":"Tunisia Avenue / Gulele _07_1726 Road"}},{"type":"Feature","geometry":{"type":"LineString","coordinates":[[38.734097,9.063283],[38.734024,9.063297],[38.733955,9.063303],[38.733877,9.063328],[38.733781,9.063376],[38.7336,9.06353],[38.733468,9.063666],[38.733372,9.063781],[38.733292,9.063909],[38.733201,9.064075],[38.733169,9.064136],[38.733144,9.064187],[38.733088,9.064307],[38.732918,9.064709],[38.732886,9.064804],[38.732847,9.06493],[38.732834,9.065016],[38.732828,9.065113],[38.732841,9.065269],[38.732855,9.065333],[38.732873,9.065401],[38.732907,9.06549],[38.732955,9.065572],[38.732998,9.065639],[38.733079,9.065759],[38.733158,9.065856],[38.733282,9.066006],[38.733309,9.066045],[38.733325,9.06607],[38.733395,9.066164],[38.733578,9.066387],[38.733684,9.066515],[38.734218,9.067164],[38.734802,9.067876],[38.734861,9.067939],[38.73492,9.068019],[38.734964,9.068072],[38.735029,9.068152],[38.735101,9.068239],[38.735877,9.069184],[38.736137,9.069499],[38.736174,9.069544],[38.736637,9.070161],[38.737101,9.070701],[38.737213,9.070832],[38.737283,9.070914],[38.737433,9.071095]]},"properties":{"name":"Tunisia Avenue / Gulele _07_1726 Road"}},{"type":"Feature","geometry":{"type":"LineString","coordinates":[[38.714451,9.033781],[38.714287,9.033719],[38.714204,9.033677],[38.714098,9.033602]]},"properties":{"name":"A4"}},{"type":"Feature","geometry":{"type":"LineString","coordinates":[[38.714586,9.033602],[38.714461,9.033586],[38.714322,9.033579],[38.714188,9.033591],[38.714098,9.033602],[38.714002,9.033597],[38.713755,9.033583],[38.71363,9.033576],[38.713509,9.033568],[38.713451,9.03357],[38.713413,9.033566],[38.713347,9.03356],[38.713071,9.03354],[38.712703,9.033516],[38.712677,9.033514],[38.712202,9.033491],[38.711512,9.033458],[38.711471,9.033457],[38.710835,9.033419],[38.710043,9.033365],[38.709839,9.033346],[38.709751,9.033343],[38.708984,9.033304],[38.708814,9.033299],[38.70865,9.033294],[38.708481,9.033289],[38.708251,9.0333],[38.708223,9.033299],[38.707653,9.033307],[38.706978,9.03333],[38.706787,9.033341],[38.70659,9.033372],[38.706422,9.033414],[38.706241,9.033467],[38.705712,9.033631],[38.705361,9.033742],[38.704744,9.033936],[38.704716,9.033945],[38.704539,9.034008],[38.704361,9.034072],[38.704106,9.034161],[38.703771,9.034276],[38.703529,9.034342],[38.703383,9.034367],[38.70325,9.034381],[38.70308,9.034377],[38.702892,9.034346],[38.702737,9.034312],[38.702551,9.034245],[38.702417,9.034194],[38.702258,9.034135],[38.702161,9.034097],[38.701733,9.033919],[38.700999,9.033608],[38.700863,9.03355],[38.700793,9.033524],[38.700632,9.033461],[38.700329,9.033354],[38.699876,9.033183],[38.699509,9.033019],[38.699337,9.032957],[38.699099,9.032897],[38.698926,9.032863],[38.698708,9.032841],[38.698484,9.032843],[38.698302,9.032868],[38.698099,9.032908],[38.697905,9.032965],[38.697686,9.033059],[38.69739,9.033175],[38.697184,9.033234],[38.696974,9.033268],[38.696749,9.033283],[38.69659,9.033277],[38.696348,9.033253],[38.696145,9.03321],[38.695924,9.033132],[38.695751,9.033068],[38.695482,9.032951],[38.695411,9.03292],[38.695364,9.0329],[38.695182,9.03282],[38.694943,9.032714],[38.694478,9.032524],[38.694265,9.03244],[38.69394,9.03235],[38.693766,9.032304],[38.693597,9.03228],[38.693366,9.032253],[38.693185,9.032244],[38.692957,9.032244],[38.692735,9.032261],[38.692372,9.032324],[38.692001,9.032414],[38.691701,9.032522],[38.691369,9.032676],[38.691187,9.032786],[38.69099,9.032913],[38.690815,9.033067],[38.690723,9.033143],[38.690347,9.033463],[38.690184,9.033582],[38.689967,9.033708],[38.689863,9.03376],[38.689731,9.033825],[38.689687,9.033845],[38.689387,9.033953],[38.689173,9.034015],[38.688893,9.034062],[38.688836,9.034073],[38.688741,9.034088],[38.688395,9.034141],[38.68835,9.034148],[38.687972,9.034206],[38.687677,9.03426],[38.687527,9.034287],[38.687337,9.034322],[38.687273,9.03434],[38.687203,9.034363],[38.687003,9.03442],[38.686914,9.034455],[38.686755,9.034517],[38.686406,9.03469],[38.686351,9.034717],[38.686067,9.034885],[38.685737,9.035096],[38.685638,9.035166],[38.68555,9.035225],[38.685431,9.035309],[38.685325,9.035376],[38.685225,9.035441],[38.68517,9.035476],[38.685,9.0356],[38.684952,9.035633],[38.684877,9.035684],[38.684687,9.035811],[38.684563,9.035881],[38.68438,9.035969],[38.684212,9.036032],[38.683996,9.036088],[38.683856,9.03611],[38.683685,9.036133],[38.683472,9.036138],[38.683325,9.036131],[38.683177,9.036121],[38.683014,9.036097],[38.682851,9.036052],[38.682722,9.036004],[38.682534,9.035926],[38.682453,9.035874],[38.682354,9.035811],[38.682167,9.035673],[38.682053,9.035583],[38.681956,9.035492],[38.681806,9.035326],[38.681688,9.035153],[38.68157,9.034946],[38.681499,9.034754],[38.68142,9.034525],[38.681382,9.034317],[38.681365,9.034155],[38.681354,9.034043],[38.681357,9.033864],[38.681379,9.033614],[38.681451,9.033043],[38.681605,9.031659],[38.681633,9.03141],[38.681657,9.031018],[38.68164,9.030757],[38.681569,9.030439],[38.681501,9.030255],[38.681421,9.030084],[38.681265,9.029816],[38.681123,9.029646],[38.68108,9.029594],[38.680737,9.029302],[38.680649,9.029251],[38.680442,9.02913],[38.680149,9.029001],[38.680027,9.028969],[38.679728,9.028908],[38.679501,9.028904],[38.679126,9.028938],[38.678526,9.029113],[38.678168,9.029145],[38.677958,9.029138],[38.677738,9.029102],[38.677465,9.029035],[38.676928,9.028877],[38.676128,9.028615],[38.675644,9.028469],[38.674886,9.028264],[38.674294,9.028081],[38.674082,9.028025],[38.673872,9.027997],[38.673667,9.02799],[38.673418,9.02801],[38.673142,9.028064],[38.672912,9.028145],[38.672597,9.028309],[38.672292,9.028514],[38.672239,9.028566],[38.672158,9.02867],[38.671977,9.028946],[38.671844,9.029159],[38.671704,9.029368],[38.671521,9.029646],[38.67092,9.030547],[38.670259,9.031474],[38.669973,9.031782],[38.669729,9.032],[38.669386,9.032266],[38.669064,9.032454],[38.668739,9.032571],[38.668393,9.032673],[38.668082,9.032763],[38.667768,9.032815],[38.66738,9.032865],[38.667189,9.032888],[38.667001,9.032885],[38.666922,9.032873],[38.666788,9.032853],[38.666326,9.032786],[38.665382,9.032648],[38.66509,9.032605],[38.665005,9.032593],[38.664652,9.032539],[38.664625,9.032532],[38.664424,9.032479],[38.664258,9.032435],[38.66401,9.032326],[38.66387,9.032255],[38.663591,9.032087],[38.663431,9.031971],[38.663126,9.03175],[38.663062,9.031686],[38.662835,9.031457],[38.662503,9.031128],[38.662459,9.031084],[38.662127,9.030755],[38.661754,9.030386],[38.66157,9.030196],[38.661007,9.029615],[38.660734,9.02934],[38.660576,9.029187],[38.660342,9.028937],[38.659493,9.028053],[38.659122,9.027667],[38.658694,9.027221],[38.65843,9.026948],[38.658261,9.026781],[38.658242,9.026762],[38.65802,9.026542],[38.657902,9.026451],[38.657807,9.026379],[38.65763,9.026252],[38.657378,9.026106],[38.657074,9.025958],[38.65682,9.025849],[38.656499,9.025747],[38.656387,9.025712],[38.656202,9.025669],[38.65608,9.025648],[38.655766,9.02562],[38.655551,9.025612],[38.655135,9.02563],[38.654615,9.025635],[38.654053,9.02565],[38.653914,9.025658],[38.653771,9.025679],[38.653598,9.025713],[38.653281,9.025819],[38.653188,9.025855],[38.653007,9.025932],[38.652905,9.025985],[38.652687,9.02612],[38.652595,9.026185],[38.652406,9.02634],[38.652327,9.02641],[38.652283,9.02646],[38.652223,9.026522],[38.652176,9.026577],[38.65208,9.026696],[38.652023,9.026784],[38.65178,9.027273],[38.651666,9.027503],[38.65132,9.028241],[38.651299,9.028272],[38.651198,9.028423],[38.651048,9.028646],[38.65093,9.028781],[38.650815,9.028893],[38.650658,9.02903],[38.650598,9.029073],[38.650376,9.029221],[38.650333,9.029253],[38.650038,9.029393],[38.649792,9.029486],[38.649044,9.029723],[38.64795,9.030092],[38.647618,9.030201],[38.647142,9.030357],[38.645387,9.030933],[38.645104,9.031023],[38.644358,9.031259],[38.64345,9.031576],[38.642616,9.031865],[38.642412,9.031922],[38.641777,9.032099],[38.641372,9.032262],[38.640394,9.032613],[38.640018,9.032796],[38.639519,9.033072],[38.638969,9.033404],[38.638589,9.033643],[38.638275,9.0338],[38.638238,9.033819],[38.637297,9.034294],[38.636742,9.034546],[38.636646,9.034587],[38.636479,9.034657],[38.636143,9.034786],[38.635497,9.035011],[38.635039,9.03518],[38.634851,9.03524],[38.634204,9.03542],[38.633802,9.03552],[38.633408,9.035599],[38.63322,9.035631],[38.632724,9.03571],[38.631975,9.035836],[38.631301,9.035964],[38.631164,9.035992],[38.630825,9.036063],[38.630485,9.03612],[38.630406,9.036135],[38.630232,9.03617],[38.62966,9.036298],[38.629564,9.036324],[38.628859,9.036498],[38.628575,9.036567],[38.628409,9.036613],[38.628239,9.036682],[38.628097,9.036747],[38.627929,9.036837],[38.627725,9.03694],[38.627498,9.03705],[38.626876,9.037351],[38.62672,9.037426],[38.62666,9.037455],[38.626368,9.037605],[38.626141,9.037739],[38.625984,9.037828],[38.625891,9.037882],[38.62579,9.037949],[38.625641,9.038042],[38.625471,9.038167],[38.624855,9.03858],[38.624534,9.038812],[38.624374,9.038929],[38.624234,9.039051],[38.623892,9.039378],[38.623651,9.039592],[38.623282,9.039935],[38.623009,9.040199],[38.622791,9.040433],[38.622617,9.04064],[38.622355,9.040951],[38.622074,9.041313],[38.622003,9.041409],[38.621448,9.042157],[38.621179,9.042527],[38.620959,9.042832],[38.620385,9.043623],[38.620179,9.043905],[38.619965,9.044202],[38.619835,9.044412],[38.619733,9.044564],[38.619571,9.044788],[38.619355,9.045087],[38.619097,9.045453],[38.618756,9.045926],[38.61823,9.046679],[38.617861,9.047195],[38.617171,9.048075],[38.616639,9.048817],[38.616242,9.049364],[38.615875,9.049885],[38.615613,9.050263],[38.615409,9.050562],[38.61503,9.051068],[38.614887,9.051271],[38.614528,9.051823],[38.614469,9.051921],[38.614395,9.052033],[38.614336,9.052111],[38.61417,9.052325],[38.613773,9.052868],[38.613671,9.053006],[38.613223,9.053717],[38.613158,9.053833],[38.613061,9.054018],[38.612976,9.054184],[38.612772,9.054634],[38.612668,9.054855],[38.6126,9.055003],[38.612404,9.055404],[38.612269,9.05568],[38.612218,9.05577],[38.612172,9.055841],[38.612047,9.056009],[38.611971,9.056102],[38.611881,9.056201],[38.611633,9.056474],[38.611495,9.056618],[38.611317,9.056763],[38.611174,9.056873],[38.610947,9.057046],[38.610496,9.057376],[38.610428,9.057426],[38.610385,9.057456],[38.610243,9.057556],[38.61016,9.057614],[38.610123,9.05764],[38.61008,9.057671],[38.609286,9.058287],[38.608814,9.058641],[38.608449,9.058911],[38.608204,9.059085],[38.607433,9.059631],[38.607258,9.059755],[38.606766,9.060131]]},"properties":{"name":"New Ambo Road"}},{"type":"Feature","geometry":{"type":"LineString","coordinates":[[38.389867,9.047279],[38.39034,9.047248],[38.391,9.047206],[38.391171,9.047195],[38.391949,9.047145],[38.392298,9.047125],[38.393063,9.047106],[38.394009,9.04703],[38.39452,9.047011],[38.394604,9.047008],[38.396474,9.046932],[38.396534,9.04693],[38.396645,9.04693],[38.396863,9.046918],[38.397502,9.046898],[38.398086,9.046861],[38.398693,9.046853],[38.399905,9.046807],[38.400462,9.046786],[38.401068,9.046764],[38.401697,9.046742],[38.402356,9.046715],[38.402952,9.046691],[38.403483,9.046671],[38.404148,9.046646],[38.404654,9.046627],[38.40515,9.046608],[38.405284,9.046603],[38.405918,9.046587],[38.407014,9.04656],[38.408002,9.046535],[38.409395,9.0465],[38.410436,9.046474],[38.410834,9.0465],[38.411366,9.04658],[38.41208,9.046724],[38.412505,9.046809],[38.413683,9.047046],[38.414286,9.047167],[38.414662,9.047243],[38.415101,9.047331],[38.416041,9.04752],[38.41714,9.047741],[38.41722,9.047757],[38.418331,9.04798],[38.418413,9.047996],[38.41927,9.048169],[38.419463,9.048207],[38.420107,9.048337],[38.421196,9.048556],[38.421633,9.048643],[38.422339,9.048785],[38.422612,9.04884],[38.424693,9.049258],[38.425223,9.049365],[38.425662,9.049412],[38.428647,9.04949],[38.429098,9.049568],[38.429493,9.049732],[38.431348,9.050826],[38.432348,9.051423],[38.433124,9.051741],[38.433966,9.051942],[38.436246,9.052435],[38.436715,9.052521],[38.438652,9.052877],[38.439106,9.05296],[38.439354,9.05301],[38.440164,9.053173],[38.440315,9.053203],[38.441505,9.053443],[38.441597,9.053461],[38.444265,9.053983],[38.444322,9.053996],[38.444386,9.054011],[38.445123,9.054182],[38.446459,9.054619],[38.447248,9.054982],[38.44772,9.055283],[38.448201,9.055669],[38.448577,9.055974],[38.448962,9.056267],[38.449508,9.056622],[38.449688,9.05672],[38.450776,9.057176],[38.450848,9.0572],[38.450883,9.057211],[38.453294,9.058011],[38.453885,9.058165],[38.454171,9.058181],[38.454344,9.05819],[38.45471,9.058133],[38.454887,9.058088],[38.455308,9.057889],[38.455606,9.057683],[38.455963,9.057314],[38.456639,9.056659],[38.457218,9.056158],[38.457279,9.056105],[38.458003,9.055574],[38.458598,9.055292],[38.45903,9.055138],[38.459585,9.055065],[38.46043,9.055033],[38.461059,9.055169],[38.461987,9.055509],[38.462348,9.055734],[38.463416,9.056496],[38.463859,9.0568],[38.464181,9.056996],[38.464527,9.057179],[38.464892,9.05728],[38.46523,9.057351],[38.465643,9.057418],[38.4667,9.057494],[38.467091,9.057542],[38.467523,9.057635],[38.468193,9.057878],[38.469186,9.058273],[38.469883,9.058541]]},"properties":{"name":"New Ambo Road"}},{"type":"Feature","geometry":{"type":"LineString","coordinates":[[38.755482,9.017401],[38.755531,9.017404],[38.755627,9.017413]]},"properties":{"name":"Yohanis Street"}},{"type":"Feature","geometry":{"type":"LineString","coordinates":[[38.755535,9.017548],[38.755484,9.017544],[38.755263,9.017525],[38.755023,9.017505]]},"properties":{"name":"Yohanis Street"}},{"type":"Feature","geometry":{"type":"LineString","coordinates":[[38.763699,9.017064],[38.764104,9.017006],[38.764287,9.016996],[38.764502,9.017006],[38.764262,9.017077],[38.764016,9.017129],[38.763855,9.017166],[38.763703,9.017202]]},"properties":{"name":"Josif Tito Street"}},{"type":"Feature","geometry":{"type":"LineString","coordinates":[[38.764502,9.017006],[38.765024,9.016939],[38.765375,9.01689],[38.76578,9.016834],[38.765935,9.016813],[38.766841,9.016712],[38.766922,9.016701],[38.766954,9.016697],[38.767427,9.016633],[38.768201,9.016514],[38.768754,9.016459],[38.768837,9.016447],[38.768953,9.01643],[38.769085,9.016412],[38.769363,9.016382],[38.769604,9.016334],[38.769819,9.01628],[38.770074,9.016186],[38.770163,9.016157]]},"properties":{"name":"Joseph Tito Street"}},{"type":"Feature","geometry":{"type":"LineString","coordinates":[[38.770163,9.016157],[38.770225,9.016641],[38.770237,9.01672],[38.770311,9.01724],[38.770392,9.017636],[38.77041,9.017749],[38.770572,9.018837],[38.770642,9.019229],[38.770708,9.019666],[38.77075,9.019895]]},"properties":{"name":"Guinea Conakry Street"}},{"type":"Feature","geometry":{"type":"LineString","coordinates":[[38.770074,9.016186],[38.770263,9.017537],[38.770287,9.017711],[38.770307,9.017833],[38.770477,9.018853],[38.770499,9.018967],[38.770617,9.019674],[38.770669,9.019912]]},"properties":{"name":"Guinea Conakry Street"}},{"type":"Feature","geometry":{"type":"LineString","coordinates":[[38.776645,9.023228],[38.776814,9.023301],[38.776976,9.023342],[38.777124,9.023354],[38.777233,9.023355],[38.778229,9.02336],[38.778468,9.023363],[38.778823,9.023354],[38.779106,9.023346],[38.779381,9.023302],[38.779779,9.023224],[38.779986,9.023186],[38.780157,9.02319],[38.780342,9.02324],[38.780663,9.023328]]},"properties":{"name":"Cote d'Ivoire Street"}},{"type":"Feature","geometry":{"type":"LineString","coordinates":[[38.778777,9.023476],[38.77883,9.023438]]},"properties":{"name":"Cote d'Ivoire Street"}},{"type":"Feature","geometry":{"type":"LineString","coordinates":[[38.785847,9.030536],[38.785466,9.029903],[38.785177,9.029383],[38.785029,9.029113],[38.784753,9.028576],[38.784697,9.028502],[38.784588,9.028392],[38.784541,9.028364],[38.784447,9.028316],[38.784279,9.028248],[38.784127,9.02819],[38.783983,9.028144],[38.783828,9.028086],[38.783714,9.028029],[38.783603,9.027951],[38.783514,9.027877],[38.783359,9.027689],[38.783174,9.02744],[38.783021,9.027229],[38.782784,9.026967],[38.782369,9.026507],[38.781917,9.025998],[38.781711,9.025784],[38.78138,9.025423],[38.781206,9.025221],[38.781035,9.025053],[38.780696,9.024681],[38.780609,9.024546],[38.780546,9.024347],[38.780513,9.024207],[38.7805,9.024067],[38.780513,9.023908],[38.780558,9.023729]]},"properties":{"name":"Cote d'Ivoire Street"}},{"type":"Feature","geometry":{"type":"LineString","coordinates":[[38.776647,9.0235],[38.776884,9.023439],[38.777174,9.02344],[38.777827,9.023441],[38.778289,9.023436],[38.77883,9.023438],[38.779138,9.023422],[38.779384,9.023384],[38.779787,9.023311],[38.779816,9.023307],[38.77998,9.023284],[38.780088,9.023287],[38.78021,9.023306],[38.780328,9.023333],[38.780626,9.023455]]},"properties":{"name":"Cote d'Ivoire Street"}},{"type":"Feature","geometry":{"type":"LineString","coordinates":[[38.78081,9.023358],[38.781106,9.023433],[38.781186,9.023441],[38.781349,9.023419],[38.781527,9.023381],[38.78173,9.023344],[38.782441,9.023193],[38.783124,9.023032],[38.783422,9.022961],[38.783642,9.022906],[38.784092,9.022779],[38.7846,9.022651],[38.78489,9.022581],[38.785453,9.022446],[38.785533,9.022426],[38.786209,9.02226],[38.786539,9.022181],[38.786696,9.022138],[38.78684,9.022101],[38.786927,9.02208],[38.787674,9.021887],[38.788888,9.021581],[38.789427,9.021454],[38.789597,9.021419],[38.789733,9.021398],[38.78996,9.021392],[38.79017,9.021401],[38.790342,9.021405],[38.790485,9.021404],[38.790741,9.021387],[38.790889,9.02137],[38.791244,9.021321],[38.791786,9.021254],[38.792129,9.021223],[38.79298,9.021167],[38.79338,9.021144],[38.793481,9.021138],[38.793509,9.021133],[38.793981,9.021103],[38.794596,9.021005],[38.794803,9.020986],[38.794919,9.020978],[38.795872,9.020869],[38.796082,9.020844],[38.796319,9.020817],[38.796686,9.020779],[38.79704,9.020746],[38.797228,9.020727],[38.797838,9.020682],[38.798251,9.02064],[38.798492,9.020621],[38.798723,9.020593],[38.798996,9.020536],[38.799296,9.020463],[38.799855,9.020283],[38.800268,9.020166],[38.800612,9.02006],[38.801117,9.019848],[38.801277,9.019787]]},"properties":{"name":"Kenenisa Street"}},{"type":"Feature","geometry":{"type":"LineString","coordinates":[[38.801345,9.019883],[38.801158,9.019957],[38.80093,9.020043],[38.80052,9.020168],[38.800146,9.020285],[38.80001,9.02033],[38.799697,9.020419],[38.799314,9.020527],[38.798981,9.02061],[38.798924,9.020622],[38.798754,9.020659],[38.798538,9.020687],[38.798226,9.02072],[38.797853,9.02075],[38.796848,9.020833],[38.796695,9.020849],[38.796411,9.020886],[38.796093,9.020925],[38.795727,9.020972],[38.794913,9.021076],[38.794794,9.021085],[38.794606,9.021102],[38.794115,9.021187],[38.793773,9.02122],[38.793489,9.021233],[38.793395,9.02124],[38.792989,9.021251],[38.792359,9.021295],[38.791753,9.021345],[38.791416,9.021388],[38.790913,9.021444],[38.790757,9.021464],[38.790468,9.021487],[38.790232,9.021483],[38.78995,9.02147],[38.789914,9.021473],[38.789603,9.021495],[38.789499,9.021515],[38.78935,9.021548],[38.789027,9.021618],[38.788304,9.021794],[38.787574,9.021988],[38.786898,9.022164],[38.786205,9.022342],[38.785487,9.022535],[38.784777,9.022708],[38.784635,9.022748],[38.784285,9.022831],[38.783502,9.023033],[38.782856,9.023193],[38.782186,9.023331],[38.781451,9.023499],[38.781129,9.023563],[38.780996,9.023552],[38.780767,9.023496]]},"properties":{"name":"Kenenisa Street"}},{"type":"Feature","geometry":{"type":"LineString","coordinates":[[38.773579,9.038223],[38.773624,9.038174],[38.773671,9.038119],[38.773698,9.038073],[38.773916,9.03746],[38.774044,9.037084],[38.774114,9.036896],[38.7744,9.036133],[38.774519,9.035849],[38.774617,9.035623],[38.774708,9.035457],[38.774835,9.035287],[38.774874,9.035252],[38.775034,9.035102],[38.775256,9.034974],[38.775356,9.034925],[38.775502,9.034886],[38.775803,9.034851],[38.776223,9.034819],[38.776449,9.034802],[38.776731,9.034776],[38.776956,9.034757],[38.777123,9.034754]]},"properties":{"name":"Shewareged Gedle Street"}},{"type":"Feature","geometry":{"type":"LineString","coordinates":[[38.777142,9.03493],[38.777012,9.034933],[38.776914,9.034938],[38.77677,9.034934],[38.776491,9.034948],[38.776274,9.034957],[38.775962,9.034973],[38.775612,9.035001],[38.775483,9.035033],[38.775332,9.035083],[38.775196,9.035156],[38.775045,9.035255],[38.774971,9.035327],[38.774937,9.035367],[38.77478,9.035603],[38.774699,9.035767],[38.774504,9.036253],[38.774157,9.037198],[38.774042,9.037503],[38.773783,9.038214]]},"properties":{"name":"Shewareged Gedle Street"}},{"type":"Feature","geometry":{"type":"LineString","coordinates":[[38.760226,8.981105],[38.760206,8.981283],[38.760196,8.981357],[38.760178,8.981447],[38.760111,8.981749],[38.760064,8.981888],[38.759997,8.982059],[38.7599,8.9823]]},"properties":{"name":"Meskele squre"}},{"type":"Feature","geometry":{"type":"LineString","coordinates":[[38.759938,8.987608],[38.759918,8.987673],[38.759839,8.987989],[38.7598,8.988161],[38.75956,8.988996],[38.759457,8.989443],[38.759368,8.989876],[38.759353,8.989969],[38.759303,8.990273],[38.759296,8.990318],[38.759257,8.990618],[38.759228,8.9908],[38.759198,8.99098],[38.759145,8.991373]]},"properties":{"name":"Beyene Aba Sebsib Avenue"}},{"type":"Feature","geometry":{"type":"LineString","coordinates":[[38.758952,8.991393],[38.759035,8.990782],[38.759091,8.990364],[38.759102,8.990292],[38.759108,8.99021],[38.759164,8.989905],[38.759287,8.989365],[38.759412,8.988942],[38.759651,8.988042],[38.759676,8.987948],[38.759713,8.987792],[38.759755,8.987603],[38.759782,8.98751]]},"properties":{"name":"Beyene Aba Sebsib Avenue"}},{"type":"Feature","geometry":{"type":"LineString","coordinates":[[38.759145,8.991373],[38.759114,8.991742],[38.75911,8.991875],[38.759125,8.992008],[38.759151,8.992195],[38.759188,8.992366],[38.759235,8.992533],[38.759299,8.99272],[38.759351,8.992859],[38.759407,8.993016],[38.759555,8.993396],[38.759576,8.993451],[38.759705,8.9938],[38.759866,8.994382],[38.759894,8.994646],[38.759899,8.994888],[38.759875,8.995136],[38.759833,8.995367],[38.75983,8.995383],[38.759801,8.995544],[38.759704,8.995981],[38.759554,8.996725],[38.759527,8.996825],[38.759465,8.997055],[38.7594,8.99725],[38.75936,8.99737],[38.759324,8.997465],[38.759251,8.99762],[38.759032,8.998066],[38.758995,8.998147],[38.758819,8.998538],[38.758762,8.998708],[38.758717,8.998907],[38.758681,8.999088],[38.758662,8.999279],[38.758665,8.999614],[38.758677,8.99972],[38.758688,8.99992],[38.758686,8.999944],[38.758701,9.000173],[38.758731,9.000445],[38.758762,9.001184],[38.758771,9.001464],[38.758779,9.001683],[38.758799,9.002073],[38.75885,9.00307],[38.758865,9.003639],[38.758875,9.004034],[38.758884,9.004258],[38.758938,9.005638],[38.758963,9.00626],[38.759047,9.00678],[38.75907,9.006869]]},"properties":{"name":"Sierra Leone Av"}},{"type":"Feature","geometry":{"type":"LineString","coordinates":[[38.758952,8.991393],[38.758918,8.991728],[38.758934,8.992006],[38.758955,8.992193],[38.759047,8.992555],[38.759122,8.992767],[38.759181,8.992953],[38.759357,8.993441],[38.759397,8.993556],[38.759549,8.993978],[38.759589,8.994148],[38.759655,8.994405],[38.759683,8.994643],[38.759681,8.99488],[38.759668,8.995069],[38.759664,8.995167],[38.759644,8.99534],[38.759642,8.995351],[38.759621,8.995455],[38.759594,8.995592],[38.759535,8.995887],[38.759522,8.995941],[38.759398,8.996584],[38.759344,8.996833],[38.759273,8.997075],[38.759189,8.997298],[38.759097,8.997523],[38.759086,8.997547],[38.75885,8.998021],[38.758733,8.998255],[38.758664,8.998439],[38.758589,8.998646],[38.758563,8.998723],[38.758536,8.998841],[38.758497,8.999119],[38.758481,8.999329],[38.758485,8.999819],[38.758492,9.000186],[38.75851,9.000438],[38.758533,9.001051],[38.758569,9.001567],[38.758577,9.001715],[38.758654,9.003177],[38.758697,9.003905],[38.758703,9.004003],[38.758714,9.004193],[38.758723,9.004321],[38.758751,9.005211],[38.75876,9.005473],[38.75877,9.005705],[38.758794,9.006248],[38.758793,9.006711],[38.75871,9.006898]]},"properties":{"name":"Sierra Leone Av"}},{"type":"Feature","geometry":{"type":"LineString","coordinates":[[38.759178,9.011272],[38.759145,9.010933],[38.759084,9.010529],[38.759064,9.010378],[38.759025,9.010161],[38.758971,9.00982],[38.758919,9.009353],[38.758874,9.008639],[38.758859,9.008379],[38.758835,9.008087],[38.758812,9.007738],[38.758746,9.007376]]},"properties":{"name":"Sierra Leone Av"}},{"type":"Feature","geometry":{"type":"LineString","coordinates":[[38.776354,8.891483],[38.776829,8.891083],[38.776905,8.891027],[38.777093,8.890858],[38.77761,8.890366],[38.778263,8.889729],[38.779153,8.88885],[38.779588,8.888426],[38.779776,8.888269],[38.779997,8.888102],[38.780265,8.887924],[38.780845,8.887573],[38.781879,8.886916],[38.781969,8.88686],[38.782071,8.886799],[38.782563,8.886499],[38.783831,8.885711],[38.783969,8.885622],[38.784391,8.885356],[38.784745,8.885105],[38.785047,8.884861],[38.785579,8.884414],[38.785691,8.884295],[38.785833,8.884086],[38.785916,8.883861],[38.785944,8.883681],[38.785941,8.883491],[38.785894,8.883286],[38.785808,8.883082],[38.785784,8.883045],[38.785698,8.882914],[38.785569,8.882784],[38.785369,8.882632],[38.785122,8.882371],[38.785035,8.882241],[38.78489,8.881966],[38.784797,8.881644],[38.784769,8.88154],[38.784669,8.881167],[38.784616,8.880971],[38.784568,8.880689],[38.784564,8.880484],[38.784646,8.88015],[38.784832,8.879389],[38.784881,8.879265]]},"properties":{"name":"4"}},{"type":"Feature","geometry":{"type":"LineString","coordinates":[[38.817922,8.86071],[38.81657,8.860203],[38.815339,8.859719],[38.814852,8.859572],[38.814506,8.859493],[38.814235,8.859463],[38.81394,8.859452],[38.813531,8.859485],[38.813186,8.859527],[38.812748,8.859607],[38.812273,8.859669],[38.811897,8.859685],[38.81158,8.859653],[38.811238,8.859591],[38.810901,8.859479],[38.810687,8.85939],[38.810383,8.859233],[38.810172,8.859106],[38.810025,8.859001],[38.809717,8.858722],[38.809494,8.858456],[38.80912,8.857949],[38.808947,8.857738],[38.808737,8.857466],[38.808558,8.857323],[38.80817,8.857052],[38.80752,8.856769],[38.806632,8.85645],[38.805659,8.856095],[38.803618,8.855303],[38.802665,8.854891],[38.800503,8.853911],[38.800042,8.853678],[38.799499,8.853452],[38.798934,8.853278],[38.798348,8.853141],[38.797604,8.852972]]},"properties":{"name":"4"}},{"type":"Feature","geometry":{"type":"LineString","coordinates":[[38.786402,8.876531],[38.785769,8.876546],[38.785276,8.876576],[38.785173,8.876578]]},"properties":{"name":"4"}},{"type":"Feature","geometry":{"type":"LineString","coordinates":[[38.809624,8.858305],[38.809835,8.858555],[38.810072,8.858796],[38.810401,8.859041],[38.810676,8.859203],[38.810976,8.859333],[38.811271,8.859414],[38.811521,8.859467],[38.811785,8.859497],[38.812088,8.859506],[38.812557,8.859465],[38.813129,8.859357],[38.81355,8.859298],[38.813948,8.859257],[38.814347,8.859287],[38.814692,8.859343],[38.815014,8.859419],[38.815445,8.859567],[38.818002,8.860562]]},"properties":{"name":"4"}},{"type":"Feature","geometry":{"type":"LineString","coordinates":[[38.733016,9.020088],[38.732973,9.019976],[38.732962,9.01995],[38.732777,9.019667],[38.732751,9.019624],[38.732611,9.019388],[38.732416,9.019057],[38.732228,9.018742],[38.732026,9.018432],[38.731898,9.018244],[38.731786,9.018093],[38.731663,9.017961],[38.731466,9.017792],[38.731231,9.017624],[38.731014,9.017469],[38.73072,9.017268],[38.730612,9.017195],[38.730535,9.017126],[38.730432,9.01704],[38.730309,9.016923],[38.730126,9.016748],[38.730097,9.01672],[38.729969,9.016619]]},"properties":{"name":"Dejazmach Balcha Aba Nefso Street"}},{"type":"Feature","geometry":{"type":"LineString","coordinates":[[38.729847,9.016481],[38.7298,9.016394],[38.729725,9.016268],[38.729359,9.015571],[38.728924,9.014553],[38.728857,9.014245],[38.728814,9.013967],[38.728739,9.01341],[38.728682,9.013006],[38.728665,9.012897],[38.728633,9.012692],[38.728613,9.012538],[38.728551,9.012212]]},"properties":{"name":"Dejazmach Balcha Aba Nefso Street"}},{"type":"Feature","geometry":{"type":"LineString","coordinates":[[38.728648,9.011978],[38.728681,9.012026],[38.728711,9.012139],[38.728693,9.012201],[38.728734,9.012563],[38.728766,9.012798],[38.728796,9.013024],[38.728901,9.01388],[38.728951,9.014195],[38.729007,9.014537],[38.729438,9.015511],[38.729755,9.016122],[38.729812,9.0162],[38.729896,9.016317],[38.729957,9.016364]]},"properties":{"name":"Dejazmach Balcha Aba Nefso Street"}},{"type":"Feature","geometry":{"type":"LineString","coordinates":[[38.730097,9.016538],[38.730112,9.016614],[38.730159,9.016685],[38.730176,9.016702],[38.730221,9.016748],[38.730387,9.016896],[38.730493,9.016996],[38.730672,9.017132],[38.730741,9.017185],[38.73076,9.017197],[38.731144,9.017462],[38.731305,9.017585],[38.731563,9.017772],[38.731733,9.017928],[38.731921,9.018155],[38.732061,9.01833],[38.732318,9.018737],[38.732556,9.019159],[38.732667,9.019338],[38.732714,9.019411],[38.732869,9.019653],[38.733037,9.019892],[38.733045,9.019899],[38.733146,9.019994]]},"properties":{"name":"Dejazmach Balcha Aba Nefso Street"}},{"type":"Feature","geometry":{"type":"LineString","coordinates":[[38.696998,8.982828],[38.696602,8.982701],[38.695923,8.9825]]},"properties":{"name":"Jimma Road"}},{"type":"Feature","geometry":{"type":"LineString","coordinates":[[38.6971,8.982704],[38.696398,8.982579],[38.696015,8.982515],[38.695923,8.9825],[38.695707,8.982458],[38.695516,8.982435],[38.695055,8.982392],[38.69472,8.982344],[38.694201,8.982279],[38.693976,8.982266],[38.693826,8.982245],[38.693551,8.982222],[38.693041,8.98218],[38.692876,8.982162],[38.692144,8.982069],[38.692041,8.982059],[38.690984,8.981942],[38.690862,8.981925],[38.690731,8.981898],[38.690542,8.981844],[38.690327,8.981771],[38.690165,8.981709],[38.690025,8.981646],[38.689655,8.981475],[38.689452,8.981373],[38.689035,8.981163],[38.688373,8.98087],[38.687412,8.980419],[38.68729,8.980362],[38.685951,8.979795],[38.685298,8.979496],[38.685193,8.97944],[38.685076,8.979383],[38.684579,8.979054],[38.684282,8.978756],[38.684039,8.978477],[38.683767,8.978118],[38.683656,8.977964],[38.683515,8.977799],[38.683383,8.977625],[38.683133,8.977298],[38.682863,8.976944],[38.682591,8.976599],[38.682537,8.976535],[38.68239,8.976358],[38.682203,8.976123],[38.68215,8.976059],[38.682093,8.975994],[38.681849,8.975734],[38.681767,8.975648],[38.681735,8.975626],[38.68171,8.975614],[38.681461,8.975516],[38.681386,8.97549],[38.681269,8.975468],[38.681021,8.975428],[38.680818,8.975438],[38.680694,8.975451],[38.680528,8.975485],[38.68041,8.975531],[38.680243,8.975615],[38.680136,8.975677],[38.680037,8.975748],[38.679911,8.975879],[38.679814,8.975998],[38.679716,8.976081],[38.679624,8.976167],[38.679523,8.976239],[38.67941,8.97631],[38.679196,8.976376],[38.679023,8.976447],[38.678624,8.976474],[38.678304,8.976548],[38.677997,8.97653],[38.677713,8.976495],[38.677487,8.97642],[38.677401,8.976372],[38.677238,8.976257],[38.677162,8.976183],[38.677089,8.976051],[38.676926,8.975673],[38.676848,8.975044],[38.676831,8.974912],[38.676807,8.974715],[38.676785,8.974558],[38.676779,8.974507],[38.676643,8.973353],[38.676293,8.970592],[38.676268,8.970371],[38.676178,8.969788],[38.67617,8.969745],[38.676158,8.969637],[38.676018,8.968574],[38.675974,8.968219],[38.67597,8.968198],[38.675919,8.967971],[38.675843,8.967775],[38.675754,8.967563],[38.67561,8.967321],[38.675411,8.967057],[38.675241,8.96696],[38.675052,8.966889],[38.674954,8.966868],[38.674359,8.966745],[38.673933,8.966688],[38.672981,8.966573],[38.672689,8.966524],[38.672344,8.966446],[38.672099,8.966349],[38.671791,8.966134],[38.671514,8.965898],[38.671342,8.965748],[38.671133,8.965571],[38.670964,8.965418],[38.670812,8.965194],[38.670751,8.965059],[38.670694,8.964857],[38.670719,8.964565],[38.670774,8.964197],[38.670873,8.963667],[38.670892,8.963562],[38.670901,8.963479],[38.670997,8.963117],[38.671108,8.962476],[38.671144,8.962262],[38.671224,8.961801],[38.671259,8.961556],[38.67132,8.96118],[38.671336,8.961102],[38.671345,8.961048],[38.67138,8.960884],[38.671444,8.960552],[38.671548,8.960009],[38.67163,8.959653],[38.671675,8.959417],[38.671727,8.959157],[38.671787,8.958849],[38.671796,8.958801],[38.67185,8.95836],[38.67181,8.957954],[38.671766,8.957755],[38.671623,8.957168],[38.671596,8.957069],[38.671479,8.956644],[38.671453,8.956553],[38.671366,8.956204],[38.671314,8.955986],[38.671287,8.955886],[38.671157,8.95528],[38.67107,8.9549],[38.671001,8.954591],[38.670851,8.953921],[38.670807,8.95366],[38.670738,8.953243],[38.670667,8.952807],[38.670616,8.95249],[38.67056,8.95214],[38.67053,8.951958]]},"properties":{"name":"Jimma Road"}},{"type":"Feature","geometry":{"type":"LineString","coordinates":[[38.670061,8.949451],[38.669898,8.948097],[38.669715,8.946784],[38.669654,8.946393],[38.669484,8.94531],[38.669392,8.944723],[38.669377,8.944609],[38.669301,8.944054],[38.669199,8.943299],[38.668939,8.941792],[38.668797,8.94097],[38.668753,8.940717],[38.668711,8.94028],[38.668747,8.940047],[38.668778,8.939839],[38.668996,8.939162],[38.669031,8.939004],[38.669057,8.938811],[38.669038,8.938648],[38.668966,8.938513],[38.668854,8.938363],[38.668624,8.938164],[38.668169,8.937795],[38.66798,8.937673],[38.667592,8.937354],[38.6669,8.93673],[38.666729,8.936602],[38.666117,8.936091],[38.665083,8.93524],[38.664975,8.935111],[38.664778,8.934942],[38.664629,8.934753],[38.663964,8.933939],[38.663907,8.93387],[38.663793,8.933745],[38.663231,8.933057],[38.662519,8.932134],[38.662293,8.931787],[38.661962,8.931329],[38.661724,8.930941],[38.661681,8.930871],[38.661575,8.930721],[38.66152,8.930677],[38.661318,8.93042],[38.660949,8.929924],[38.66036,8.92918],[38.659914,8.928616],[38.659374,8.927943],[38.659339,8.9279],[38.659011,8.92749],[38.659009,8.927488],[38.658606,8.927022],[38.65855,8.926971],[38.658299,8.926745],[38.657692,8.926339],[38.657328,8.926097],[38.656846,8.925775],[38.655803,8.92508],[38.655345,8.924756],[38.65482,8.924423],[38.654659,8.924315],[38.654368,8.924126],[38.654014,8.923884],[38.653127,8.923311],[38.652965,8.923202],[38.652806,8.923096],[38.652652,8.922995],[38.652509,8.922898],[38.652353,8.922845],[38.652188,8.922814],[38.651995,8.922816],[38.651548,8.922823],[38.651195,8.922818],[38.650811,8.922821],[38.649732,8.92282],[38.649119,8.922821],[38.647944,8.922823],[38.647868,8.922823],[38.647501,8.922756],[38.647245,8.922607],[38.647176,8.922566],[38.646951,8.922236],[38.646874,8.922045],[38.64671,8.92164],[38.646657,8.921508],[38.646607,8.92138],[38.646213,8.920408],[38.64597,8.919913],[38.645856,8.919682],[38.645615,8.919436],[38.644819,8.918805],[38.643745,8.917951],[38.643449,8.917717],[38.642878,8.917263],[38.642341,8.916837],[38.641846,8.916444],[38.640793,8.915608],[38.640251,8.915173],[38.640012,8.915002],[38.639839,8.914927],[38.639655,8.9149],[38.639463,8.914908],[38.637977,8.915284],[38.637323,8.915449],[38.637215,8.915477],[38.636756,8.915597],[38.636306,8.915705],[38.634954,8.916029],[38.634638,8.916106],[38.634406,8.916094],[38.634322,8.91606],[38.63421,8.916013],[38.634073,8.915895],[38.633965,8.915731],[38.633896,8.915509],[38.633864,8.915208],[38.633797,8.914995],[38.633667,8.914779],[38.633383,8.914465],[38.633043,8.914142],[38.632659,8.91383],[38.632251,8.91357],[38.631987,8.91347],[38.63185,8.913431],[38.631748,8.913402],[38.630119,8.91313],[38.62921,8.91299],[38.628853,8.912938],[38.628341,8.912847],[38.627468,8.912694],[38.627423,8.912685],[38.626544,8.912531],[38.625665,8.912376],[38.624771,8.912219],[38.624674,8.912202],[38.624462,8.912164],[38.624107,8.912102],[38.623881,8.912025],[38.623664,8.911954],[38.622987,8.911724],[38.622301,8.911492],[38.622179,8.911442],[38.622123,8.91142],[38.622117,8.911417],[38.62134,8.911102],[38.621156,8.911028],[38.62102,8.910973],[38.620522,8.91074],[38.620422,8.910694],[38.619575,8.910298],[38.619137,8.910094],[38.61821,8.909639],[38.616991,8.908954],[38.616281,8.908554],[38.616195,8.908506],[38.615745,8.908257],[38.6147,8.907662],[38.614511,8.907557],[38.61361,8.907043],[38.613476,8.906967],[38.613029,8.906712],[38.612898,8.906638],[38.612817,8.906592],[38.612413,8.906372],[38.61222,8.90629],[38.612013,8.906263],[38.611425,8.906314],[38.611051,8.90635],[38.610684,8.906383],[38.608961,8.906538],[38.608202,8.906581],[38.607975,8.906595],[38.606831,8.906705],[38.606034,8.906751],[38.605682,8.90679],[38.605624,8.906795],[38.605546,8.906803],[38.604713,8.90689],[38.604095,8.906926],[38.60399,8.906932],[38.603816,8.906925],[38.603666,8.906888],[38.60353,8.906832],[38.6034,8.90676],[38.602086,8.906037],[38.600574,8.905205],[38.59948,8.904603],[38.598729,8.904189],[38.598179,8.903887],[38.59809,8.903838],[38.598001,8.903789],[38.59796,8.903766],[38.595655,8.902498],[38.595351,8.90233],[38.59318,8.901135],[38.593037,8.901057],[38.59112,8.900001],[38.590075,8.899426],[38.590008,8.899389],[38.589539,8.899131],[38.58931,8.899005],[38.588164,8.898374],[38.587842,8.898197],[38.587392,8.897949],[38.587277,8.897886],[38.58697,8.897717],[38.586362,8.897399],[38.586255,8.897346],[38.586117,8.897247],[38.585719,8.897026],[38.585442,8.896874],[38.584923,8.8966],[38.584871,8.896559],[38.584808,8.896525],[38.58426,8.896223],[38.584152,8.896164],[38.582282,8.895134],[38.582181,8.895078],[38.582079,8.895022],[38.577533,8.892519],[38.576279,8.891829],[38.576081,8.89172],[38.575996,8.891673],[38.575964,8.891656],[38.575878,8.891608],[38.571548,8.889224],[38.566851,8.886638],[38.556744,8.881073],[38.555154,8.880161],[38.546785,8.875587],[38.543918,8.873842],[38.541149,8.872158],[38.539842,8.87128],[38.537454,8.869862],[38.535401,8.868578],[38.534446,8.86798],[38.534043,8.867693],[38.533665,8.867341],[38.533325,8.866912],[38.533046,8.866417],[38.532829,8.865872],[38.531505,8.861854],[38.53107,8.860534],[38.530683,8.85948],[38.530462,8.859044],[38.530172,8.858652],[38.529984,8.858463],[38.529813,8.85829],[38.529387,8.857956],[38.528366,8.85741],[38.510986,8.849507],[38.507527,8.847946],[38.505744,8.847141],[38.505319,8.846952],[38.505058,8.846876],[38.504812,8.846855],[38.504516,8.846851],[38.504261,8.846923],[38.503835,8.847076],[38.503124,8.847416],[38.502982,8.847477],[38.502853,8.84754],[38.501989,8.847938],[38.50192,8.84797],[38.500136,8.848794],[38.499666,8.848932],[38.499355,8.848961],[38.4992,8.848955],[38.498886,8.848881],[38.498722,8.848828],[38.498462,8.848722],[38.497965,8.848478],[38.497742,8.848414],[38.496831,8.848015],[38.496591,8.847909],[38.496308,8.847785],[38.495713,8.847523],[38.495082,8.847222],[38.494924,8.847201],[38.494028,8.846787],[38.493777,8.846678],[38.491472,8.845595],[38.49118,8.845508],[38.490944,8.845438],[38.490493,8.845362],[38.489917,8.845372],[38.486867,8.845463],[38.483128,8.845574],[38.482978,8.845579],[38.482119,8.845604],[38.47771,8.845735],[38.475161,8.845811],[38.473274,8.845864],[38.472442,8.845887],[38.471659,8.845909],[38.46787,8.846014],[38.462797,8.846156],[38.460987,8.846206],[38.459766,8.846231],[38.454368,8.846341],[38.452475,8.84643],[38.439885,8.84682],[38.439615,8.846828],[38.42623,8.847243],[38.425903,8.847211],[38.425413,8.84726],[38.424591,8.847286],[38.423771,8.847312],[38.422303,8.847334],[38.421105,8.847413],[38.420445,8.847428],[38.419315,8.847453],[38.417604,8.847711],[38.415959,8.847984],[38.415842,8.848003],[38.414492,8.848242],[38.41407,8.848317],[38.411684,8.84874],[38.411262,8.848778],[38.410571,8.848641],[38.40986,8.84826],[38.409714,8.848182],[38.409257,8.848084],[38.407961,8.848111],[38.407461,8.848044],[38.397988,8.846571],[38.395969,8.846251],[38.392995,8.845779],[38.392062,8.84563],[38.389402,8.845208],[38.385997,8.844668],[38.385435,8.844567],[38.384936,8.844407],[38.38447,8.844175],[38.38364,8.843473],[38.381634,8.841585],[38.381375,8.841341],[38.3776,8.837787],[38.376807,8.837041],[38.376353,8.836626],[38.375092,8.835426],[38.37461,8.834974],[38.373705,8.834122],[38.372687,8.833161],[38.371977,8.832494],[38.371711,8.832244],[38.371515,8.83206],[38.371017,8.831591],[38.370789,8.831377],[38.370209,8.83083],[38.369754,8.830402],[38.369367,8.830038],[38.369323,8.829996],[38.369124,8.82981],[38.368666,8.829395],[38.3684,8.829127],[38.368012,8.828763],[38.367855,8.828616]]},"properties":{"name":"Jimma Road"}},{"type":"Feature","geometry":{"type":"LineString","coordinates":[[38.670076,8.950826],[38.670161,8.950906],[38.670235,8.950996],[38.670299,8.951105],[38.670342,8.951216],[38.6704,8.9515],[38.670459,8.951791],[38.67053,8.951958],[38.670524,8.951777],[38.670466,8.951427],[38.670451,8.951334],[38.670429,8.95119],[38.670438,8.951081],[38.670471,8.950964],[38.670543,8.95077]]},"properties":{"name":"A5"}},{"type":"Feature","geometry":{"type":"LineString","coordinates":[[38.670429,8.950055],[38.670328,8.949936],[38.670272,8.949853],[38.67022,8.949757],[38.67018,8.94967],[38.670152,8.949461],[38.669964,8.94809],[38.669756,8.946783],[38.669531,8.945318],[38.669434,8.944592],[38.66937,8.944099],[38.669238,8.943285],[38.669096,8.942472],[38.668992,8.941778],[38.668833,8.940797],[38.668766,8.940355],[38.668793,8.94004],[38.668887,8.93965],[38.669002,8.939271],[38.669036,8.939167],[38.66908,8.93903],[38.669107,8.93877],[38.669061,8.938572],[38.669,8.938455],[38.668879,8.938317],[38.668729,8.938166],[38.668214,8.937743],[38.668125,8.937671],[38.667665,8.93728],[38.666948,8.93667],[38.666785,8.936537],[38.665131,8.93519],[38.664842,8.934876],[38.664685,8.934684],[38.664008,8.933855]]},"properties":{"name":"A5"}},{"type":"Feature","geometry":{"type":"LineString","coordinates":[[38.669963,8.950143],[38.670016,8.950036],[38.670065,8.949909],[38.670085,8.949805],[38.670061,8.949451]]},"properties":{"name":"A5"}},{"type":"Feature","geometry":{"type":"LineString","coordinates":[[38.661575,8.930721],[38.661738,8.93085],[38.662618,8.932047],[38.663035,8.932614],[38.663867,8.933677],[38.663974,8.933814]]},"properties":{"name":"A5"}},{"type":"Feature","geometry":{"type":"LineString","coordinates":[[38.586255,8.897346],[38.58612,8.897349],[38.585747,8.897357],[38.585601,8.897347],[38.585474,8.897326],[38.585375,8.897292],[38.585292,8.897256],[38.585221,8.897209],[38.585176,8.897161],[38.585128,8.897084],[38.585068,8.896937],[38.584995,8.896714],[38.584964,8.896659],[38.584923,8.8966]]},"properties":{"name":"A5"}},{"type":"Feature","geometry":{"type":"LineString","coordinates":[[38.805089,9.0075],[38.805582,9.007211],[38.80564,9.007179],[38.805806,9.007094],[38.805945,9.007021],[38.806083,9.006947],[38.806364,9.006795],[38.806684,9.006633],[38.807062,9.006431],[38.807398,9.006255],[38.807629,9.006138],[38.807887,9.005999],[38.80815,9.005862],[38.808604,9.005622],[38.809002,9.005411],[38.809277,9.005256],[38.809541,9.005113],[38.809817,9.004958],[38.810005,9.004853],[38.81009,9.00481],[38.81031,9.004692],[38.810535,9.004567]]},"properties":{"name":"Anbesa Garage - Jackros"}},{"type":"Feature","geometry":{"type":"LineString","coordinates":[[38.810535,9.004567],[38.810679,9.004493],[38.810964,9.004339],[38.811282,9.004186],[38.811483,9.004097],[38.811587,9.004056],[38.811851,9.003964]]},"properties":{"name":"Anbessa Grarage to Jackros"}},{"type":"Feature","geometry":{"type":"LineString","coordinates":[[38.816485,9.003829],[38.81658,9.003716],[38.816686,9.003599],[38.816816,9.003469],[38.817003,9.003283],[38.817206,9.003079],[38.817251,9.003031],[38.817441,9.002846],[38.817677,9.002608],[38.817801,9.002488],[38.817961,9.002328],[38.818178,9.002103],[38.818351,9.001938],[38.818608,9.001669],[38.818865,9.001398],[38.819148,9.001118],[38.819321,9.000941],[38.819457,9.000814],[38.819692,9.000572],[38.819852,9.000413],[38.820142,9.000116],[38.820417,8.999858],[38.820614,8.999653],[38.820944,8.999331],[38.821133,8.999148],[38.821168,8.999113],[38.821511,8.998766],[38.821719,8.998559],[38.821991,8.998281],[38.822226,8.99806],[38.822419,8.997869],[38.822736,8.997542],[38.822861,8.997412],[38.823005,8.997254],[38.823084,8.99718]]},"properties":{"name":"Jackros - Yerer Goro Road"}},{"type":"Feature","geometry":{"type":"LineString","coordinates":[[38.823084,8.99718],[38.823634,8.996676],[38.823834,8.996476],[38.824624,8.995685],[38.824789,8.995537],[38.824976,8.995393],[38.825035,8.995349],[38.825333,8.995145],[38.825592,8.994958],[38.82579,8.994813],[38.825861,8.994759],[38.825932,8.994697],[38.826013,8.994623],[38.826198,8.99444],[38.82646,8.99416],[38.826638,8.993959],[38.826785,8.9938],[38.826934,8.993642],[38.827054,8.993521]]},"properties":{"name":"Jackros to Yerer Goro"}},{"type":"Feature","geometry":{"type":"LineString","coordinates":[[38.827095,8.993477],[38.82728,8.993286],[38.827427,8.993136],[38.827585,8.992971],[38.827747,8.99279],[38.827987,8.992546],[38.828354,8.992163],[38.828541,8.991955],[38.828682,8.991806]]},"properties":{"name":"Yerer Goro to Jackros Road"}},{"type":"Feature","geometry":{"type":"LineString","coordinates":[[38.827113,8.993594],[38.826567,8.994164],[38.826325,8.994425],[38.826107,8.994651],[38.825929,8.994817],[38.825798,8.994934],[38.825559,8.995103],[38.825302,8.995277],[38.825012,8.995479],[38.824895,8.995564]]},"properties":{"name":"Yerer Goro to Jackros"}},{"type":"Feature","geometry":{"type":"LineString","coordinates":[[38.82474,8.995709],[38.823877,8.996555],[38.82297,8.997449],[38.822888,8.997527],[38.82282,8.99759],[38.822515,8.997898],[38.822088,8.998327],[38.821953,8.998459],[38.821709,8.998684],[38.821477,8.998916],[38.821234,8.99917],[38.820937,8.999451],[38.820925,8.999465],[38.820713,8.999682],[38.820451,8.999945],[38.820335,9.000049],[38.820037,9.000349],[38.819806,9.000585],[38.819584,9.000824],[38.819333,9.001067],[38.819055,9.001345],[38.818978,9.001417],[38.81874,9.001661],[38.818535,9.001868],[38.818205,9.002203],[38.817996,9.002416],[38.817707,9.002705],[38.817524,9.002887],[38.817321,9.003095],[38.816925,9.003489],[38.816765,9.003655]]},"properties":{"name":"Yerer Goro to Jackros"}},{"type":"Feature","geometry":{"type":"LineString","coordinates":[[38.812147,9.003983],[38.811872,9.004054],[38.811717,9.004094],[38.811583,9.004146],[38.811476,9.004185],[38.811322,9.004257],[38.811013,9.004418],[38.810544,9.004672],[38.810397,9.004747],[38.810289,9.004802],[38.809975,9.004968],[38.809609,9.005168],[38.809306,9.005337],[38.808783,9.005621],[38.808471,9.005781],[38.808251,9.005902],[38.807956,9.006062],[38.807593,9.006256],[38.807102,9.00651],[38.806657,9.006746],[38.806315,9.006926],[38.805683,9.007259],[38.805679,9.007261],[38.80512,9.007577],[38.804979,9.007654],[38.804916,9.007689]]},"properties":{"name":"Jackros - Anbesa Garage"}},{"type":"Feature","geometry":{"type":"LineString","coordinates":[[38.737433,9.071095],[38.737484,9.071156],[38.737683,9.071421],[38.737717,9.071467],[38.737739,9.071512],[38.73777,9.071574],[38.73781,9.071655],[38.737883,9.071873],[38.737937,9.072172],[38.737962,9.072305],[38.737996,9.072491],[38.738165,9.073498],[38.73821,9.073799]]},"properties":{"name":"Tunisia Av. / Gulele _07_1726 Rd."}},{"type":"Feature","geometry":{"type":"LineString","coordinates":[[38.738134,9.073816],[38.738065,9.073409],[38.737972,9.072857],[38.737907,9.072521],[38.737885,9.07232],[38.737839,9.072046],[38.737817,9.07195],[38.737772,9.071793],[38.737729,9.071666],[38.73771,9.071609]]},"properties":{"name":"Tunisia Av. / Gulele _07_1726 Rd."}},{"type":"Feature","geometry":{"type":"LineString","coordinates":[[38.738204,9.073983],[38.73821,9.074041],[38.738216,9.074151],[38.738207,9.07422],[38.738167,9.074319],[38.738099,9.074428],[38.738019,9.074522],[38.737918,9.074622],[38.737845,9.074738]]},"properties":{"name":"Tunisia Street"}},{"type":"Feature","geometry":{"type":"LineString","coordinates":[[38.737845,9.074738],[38.737781,9.074858],[38.737733,9.074991],[38.737687,9.075149],[38.737663,9.075329],[38.737668,9.075482],[38.73768,9.075621],[38.737706,9.075764],[38.737725,9.07589],[38.737722,9.075989],[38.737715,9.076074],[38.73767,9.076145],[38.737539,9.076271],[38.737423,9.076304],[38.737262,9.076303],[38.73711,9.076248],[38.73691,9.076196],[38.736804,9.076183],[38.736707,9.076171],[38.736536,9.076165],[38.736366,9.076197],[38.736202,9.076255],[38.736027,9.076335],[38.735848,9.076468],[38.73573,9.07659],[38.735506,9.076854],[38.735163,9.077263],[38.735004,9.077475],[38.734877,9.077648],[38.734782,9.077822],[38.734726,9.078001],[38.734676,9.078285],[38.734656,9.078512],[38.734603,9.078668],[38.734495,9.078771],[38.734383,9.078822],[38.734226,9.078834],[38.734093,9.078778],[38.733996,9.078677],[38.733926,9.07854],[38.733804,9.078232],[38.7337,9.077987],[38.733603,9.077799],[38.733384,9.07747],[38.733024,9.077068],[38.732459,9.076442],[38.732231,9.076337],[38.732054,9.076282],[38.731896,9.076271],[38.731766,9.076271],[38.731644,9.076315],[38.731503,9.076381],[38.731395,9.076458],[38.731287,9.076559],[38.731197,9.076689],[38.731136,9.076846],[38.731091,9.07714],[38.731128,9.077506],[38.731159,9.07772],[38.731235,9.077929],[38.731472,9.078389],[38.731939,9.079142],[38.732215,9.079514],[38.732457,9.079828],[38.732555,9.079976],[38.732599,9.080122],[38.732594,9.080243],[38.732557,9.080338],[38.732502,9.080443],[38.732421,9.080511],[38.732329,9.080547],[38.73221,9.080546],[38.732093,9.080519],[38.73202,9.080484],[38.731935,9.080405],[38.731821,9.080298],[38.731703,9.08022],[38.731561,9.080182],[38.731417,9.080178],[38.731231,9.080225],[38.731043,9.080306],[38.730543,9.08059],[38.730384,9.08067],[38.730257,9.080709],[38.730137,9.080717],[38.730033,9.080703],[38.729854,9.080669],[38.729567,9.080601],[38.729415,9.080586],[38.729292,9.080594],[38.729195,9.080635],[38.729099,9.080727],[38.729041,9.08081],[38.728759,9.081293],[38.728696,9.081435],[38.728653,9.081567],[38.728625,9.081693],[38.728617,9.08182],[38.728631,9.081975],[38.728684,9.08217],[38.728751,9.08238],[38.728804,9.082579],[38.728803,9.082711],[38.728777,9.082809],[38.728741,9.082889],[38.72866,9.082985],[38.728542,9.083064],[38.728397,9.083149],[38.72812,9.083294],[38.728032,9.083335],[38.727933,9.083361],[38.727834,9.083367],[38.727697,9.08336],[38.72752,9.083333],[38.727319,9.083295],[38.726842,9.083196],[38.726658,9.083159],[38.72647,9.083134],[38.726316,9.083132],[38.726135,9.083145],[38.725908,9.083193],[38.72574,9.083224],[38.725613,9.083228],[38.72549,9.083192],[38.725389,9.08312],[38.725305,9.083043],[38.725222,9.082976],[38.725128,9.082936],[38.725026,9.082928],[38.724909,9.082949],[38.724705,9.083038],[38.724588,9.083093],[38.724464,9.083151],[38.724394,9.083206],[38.724349,9.083263],[38.724314,9.083344],[38.724278,9.083469],[38.724249,9.083558],[38.724209,9.083641],[38.724154,9.083705],[38.724064,9.083753],[38.723955,9.083791],[38.723829,9.083799],[38.723666,9.083825],[38.723566,9.083862],[38.723461,9.083915],[38.723337,9.083996],[38.723255,9.084072],[38.723145,9.084217],[38.723051,9.084308],[38.723019,9.084336],[38.722981,9.084378],[38.7229,9.084439],[38.722758,9.084529],[38.722573,9.084626],[38.722371,9.08472],[38.722223,9.084787],[38.722121,9.084859],[38.722053,9.08494],[38.721984,9.08504],[38.721941,9.085162],[38.7219,9.08533],[38.721833,9.085569],[38.721721,9.085952],[38.72168,9.08607],[38.721625,9.086165],[38.721567,9.086232],[38.721487,9.086295],[38.721412,9.086328],[38.721293,9.086377],[38.721192,9.086445],[38.721112,9.086516],[38.721058,9.086616],[38.721041,9.086704],[38.721045,9.08679],[38.721059,9.08687],[38.721103,9.086955],[38.721181,9.087049],[38.721391,9.087202],[38.721644,9.087387],[38.721724,9.087471],[38.72178,9.087555],[38.721837,9.08766],[38.721884,9.087801],[38.7219,9.087945],[38.721903,9.088082],[38.721882,9.088255],[38.721857,9.08849],[38.721853,9.088713],[38.721882,9.089101],[38.721871,9.089287],[38.721849,9.089438],[38.721794,9.089584],[38.721733,9.089709],[38.721639,9.089844],[38.721361,9.090174],[38.721023,9.090517],[38.720509,9.090926],[38.720249,9.091108],[38.720085,9.091206],[38.719912,9.091286],[38.719754,9.091298],[38.71952,9.091283],[38.719373,9.091281],[38.719222,9.09133],[38.719117,9.091404],[38.719004,9.09151],[38.718934,9.091641],[38.718909,9.091788],[38.718908,9.091927],[38.71892,9.092027],[38.718928,9.092214],[38.71892,9.09229],[38.718907,9.092352],[38.718874,9.092433],[38.718804,9.092575],[38.718773,9.092638],[38.718692,9.092734],[38.71861,9.092814],[38.718444,9.092944],[38.718229,9.093079],[38.718069,9.09319],[38.717799,9.093377],[38.717646,9.093482],[38.716993,9.093933],[38.71696,9.093956],[38.716817,9.094054],[38.716777,9.094083],[38.716114,9.094581],[38.716083,9.094611],[38.715886,9.094806],[38.715783,9.09493],[38.715741,9.09498],[38.715602,9.095213],[38.715402,9.095526],[38.715185,9.095913],[38.715082,9.096097],[38.714991,9.096262],[38.714777,9.09662],[38.714255,9.09752],[38.714066,9.097821],[38.714034,9.097863],[38.71379,9.098186],[38.713296,9.098859],[38.713154,9.099033],[38.712562,9.099757],[38.712543,9.09978],[38.711845,9.100661],[38.71174,9.100794],[38.711249,9.101413],[38.710938,9.101806],[38.710878,9.101882],[38.710153,9.102797],[38.7095,9.103633],[38.709383,9.103797],[38.709326,9.103922],[38.7093,9.104009],[38.70927,9.104118],[38.709261,9.104198],[38.709246,9.104334],[38.709253,9.104437],[38.709264,9.104521],[38.709317,9.10473],[38.709332,9.104761],[38.709384,9.104849],[38.709434,9.104924],[38.709543,9.105086],[38.709822,9.105421],[38.709932,9.105553],[38.710126,9.105777],[38.710513,9.106215],[38.710522,9.106226],[38.710592,9.106308],[38.710766,9.106512],[38.710962,9.106746],[38.711407,9.107247],[38.711947,9.107878],[38.712059,9.108012],[38.71217,9.108138],[38.712248,9.108221],[38.712316,9.108282],[38.712386,9.108344],[38.712481,9.108409],[38.712566,9.108462],[38.712649,9.10851],[38.712748,9.108563],[38.71282,9.1086],[38.712949,9.108661],[38.71362,9.108968],[38.71432,9.109286],[38.714746,9.109495],[38.715106,9.109658],[38.715414,9.109805],[38.715839,9.11003],[38.717064,9.110604],[38.718316,9.111194],[38.718938,9.111482],[38.719814,9.111887],[38.72115,9.112505],[38.722193,9.113042],[38.72245,9.113186],[38.722744,9.113388],[38.723111,9.113649],[38.723289,9.11377],[38.723391,9.113849],[38.723528,9.113945],[38.724167,9.114383],[38.724952,9.114909],[38.725021,9.115008],[38.725664,9.115435],[38.725753,9.115481],[38.725873,9.115527],[38.726083,9.115561],[38.726262,9.115577],[38.726627,9.11558],[38.726788,9.115596],[38.726925,9.115622],[38.727062,9.115646],[38.727223,9.115714],[38.727416,9.115834],[38.727566,9.115951],[38.727693,9.116043],[38.727811,9.116121],[38.72785,9.116146],[38.728118,9.116295],[38.728429,9.116428],[38.728787,9.116562],[38.728979,9.116643],[38.729111,9.116712],[38.729204,9.116765],[38.729259,9.116804],[38.729295,9.11683],[38.729484,9.116978],[38.729623,9.117104],[38.729744,9.117224],[38.730115,9.117575],[38.730196,9.117653],[38.730314,9.117761],[38.730467,9.117912],[38.731091,9.118509],[38.731159,9.11857],[38.731725,9.119054],[38.731914,9.119222],[38.732021,9.119318],[38.73206,9.119351],[38.732219,9.119457],[38.732361,9.119534],[38.732698,9.119717],[38.733109,9.119895],[38.733575,9.120092],[38.733799,9.120191],[38.7341,9.120328],[38.73448,9.120518],[38.734796,9.120714],[38.735105,9.120932],[38.736308,9.121913],[38.736742,9.122259],[38.736955,9.122428],[38.737251,9.122672],[38.737468,9.122873],[38.737573,9.122987],[38.737692,9.123139],[38.737726,9.123211],[38.737745,9.123262],[38.737793,9.123427],[38.73782,9.123506],[38.73804,9.124126],[38.738164,9.124454],[38.738321,9.124867],[38.738434,9.125151],[38.73852,9.125349],[38.73859,9.125491],[38.738639,9.125595],[38.738691,9.125705],[38.738895,9.126083],[38.739055,9.126389],[38.739123,9.12652],[38.739279,9.12681],[38.739521,9.127259],[38.739535,9.127284],[38.739689,9.127579],[38.739786,9.127763],[38.73979,9.127769],[38.740045,9.128224],[38.740068,9.128262],[38.740082,9.128284],[38.740294,9.128621],[38.74091,9.129594],[38.741124,9.129904],[38.741307,9.130177],[38.741514,9.130414],[38.741733,9.13058],[38.7419,9.130693],[38.741976,9.130745],[38.742062,9.130795],[38.742466,9.13105],[38.742649,9.131169],[38.743029,9.131399],[38.743129,9.131455],[38.74322,9.13149],[38.743339,9.13154],[38.743438,9.131573],[38.743901,9.131709],[38.744296,9.131816],[38.744486,9.131854],[38.744607,9.131871],[38.744704,9.13188],[38.744886,9.131889],[38.745132,9.13189],[38.745349,9.131883],[38.745515,9.13187],[38.74604,9.131839],[38.746427,9.131802],[38.746593,9.131798],[38.746729,9.131794],[38.746851,9.131803],[38.746949,9.131824],[38.747147,9.131879],[38.747268,9.131918],[38.747366,9.131957],[38.747744,9.132182],[38.747859,9.132235],[38.747969,9.132272],[38.748081,9.132301],[38.748181,9.132309],[38.748307,9.132301],[38.748425,9.132292],[38.748597,9.132265],[38.749278,9.132116],[38.74963,9.132036],[38.75004,9.131981],[38.750369,9.131938],[38.750509,9.131943],[38.750646,9.131957],[38.750764,9.131975],[38.750871,9.131996],[38.750959,9.132024],[38.751054,9.132069],[38.751153,9.132125],[38.751301,9.132237],[38.751389,9.132323],[38.751462,9.132416],[38.75159,9.132632],[38.751741,9.132923],[38.751854,9.133171],[38.751896,9.133262],[38.752038,9.13353],[38.752171,9.133753],[38.752227,9.133833],[38.752272,9.133893],[38.75247,9.134103],[38.752481,9.134114],[38.752848,9.134528],[38.753484,9.135283],[38.753522,9.135328],[38.753602,9.135423],[38.753731,9.135587],[38.753905,9.135831],[38.754093,9.136133],[38.754397,9.136657],[38.754573,9.137004],[38.754729,9.137343],[38.754892,9.137844],[38.754997,9.138167],[38.75508,9.13843],[38.755099,9.138482],[38.755184,9.138831],[38.755217,9.139014],[38.755235,9.139252],[38.755198,9.139591],[38.755144,9.139986],[38.755066,9.140407],[38.754936,9.140832],[38.754902,9.140946],[38.754863,9.141074],[38.754774,9.141332],[38.754737,9.14144],[38.754597,9.141788],[38.754441,9.142176],[38.754315,9.142455],[38.753991,9.143172],[38.753873,9.143511],[38.753803,9.143828],[38.753784,9.144085],[38.75379,9.144228],[38.753862,9.144903],[38.753881,9.145084],[38.753881,9.145844],[38.753865,9.146071],[38.75383,9.146582],[38.753803,9.146974],[38.753816,9.147624],[38.753822,9.147928],[38.753862,9.148734],[38.753891,9.149315],[38.754069,9.152845],[38.754071,9.153184],[38.754136,9.154212],[38.754138,9.154251],[38.754165,9.154799],[38.754173,9.155019],[38.754197,9.155485],[38.754212,9.156002],[38.75423,9.156364],[38.754243,9.157108],[38.754251,9.157524],[38.754323,9.159004],[38.754389,9.159931],[38.754395,9.160011],[38.754506,9.161589],[38.75453,9.162236],[38.754573,9.163436],[38.754625,9.164873],[38.754638,9.165162],[38.754706,9.166752],[38.754707,9.166779],[38.754716,9.166994],[38.754725,9.167205],[38.754785,9.168554],[38.75481,9.16882],[38.75482,9.168922],[38.754878,9.169258],[38.75506,9.16991],[38.755308,9.17071],[38.755654,9.171826],[38.755691,9.171943],[38.75604,9.173068],[38.75641,9.174255],[38.756798,9.175513],[38.757058,9.176351],[38.757492,9.177671],[38.757637,9.178145],[38.757653,9.178196],[38.757713,9.178395],[38.757948,9.179162],[38.75811,9.179674],[38.758532,9.181004],[38.75859,9.181191],[38.758849,9.182039],[38.758974,9.182487],[38.759021,9.182657],[38.759119,9.183008],[38.759266,9.183479],[38.759291,9.183558],[38.759324,9.183815],[38.759329,9.1841],[38.75932,9.184304],[38.759317,9.184377],[38.759283,9.185157],[38.759273,9.185386],[38.759234,9.186748],[38.759232,9.18698],[38.759224,9.187729],[38.759196,9.188032],[38.759131,9.188323],[38.759033,9.188588],[38.758918,9.188836],[38.758354,9.189821],[38.758075,9.19031],[38.757957,9.190587],[38.757892,9.190882],[38.757893,9.191182],[38.757963,9.191475],[38.758341,9.192316],[38.758477,9.192576],[38.758912,9.193366],[38.759891,9.194945],[38.760014,9.195216],[38.760095,9.195511],[38.760129,9.195828],[38.760014,9.197553],[38.759897,9.199023],[38.75985,9.199611],[38.759826,9.200125],[38.759808,9.200268],[38.75978,9.200415],[38.759724,9.20057],[38.759641,9.200741],[38.759488,9.201016],[38.759204,9.201521],[38.758441,9.202881],[38.757878,9.203882],[38.757623,9.204334],[38.75731,9.204897],[38.756907,9.205615],[38.756508,9.206335],[38.75566,9.207857],[38.755498,9.208142],[38.755409,9.2084],[38.755264,9.208788],[38.755192,9.209192],[38.755077,9.211413],[38.75499,9.212784],[38.754907,9.214148],[38.754899,9.214293],[38.754852,9.21552],[38.754846,9.215626],[38.754742,9.217456],[38.754609,9.219795],[38.754565,9.220401],[38.754481,9.222119],[38.754442,9.22296],[38.7542,9.226961],[38.75398,9.231077],[38.753978,9.23135],[38.754012,9.231602],[38.754089,9.231834],[38.754219,9.23204],[38.754374,9.232231],[38.754894,9.232784],[38.756238,9.234434],[38.75736,9.235745],[38.757568,9.236019],[38.757759,9.236302],[38.75793,9.236605],[38.75808,9.236906],[38.758213,9.237242],[38.758682,9.238597],[38.759496,9.240807],[38.759894,9.241943],[38.759983,9.242288],[38.760082,9.242628],[38.760142,9.242902],[38.760338,9.243959],[38.760809,9.246486],[38.76083,9.246606],[38.7609,9.246929],[38.761036,9.247691],[38.761297,9.249059],[38.761378,9.249505],[38.761585,9.250694],[38.761616,9.250883],[38.761867,9.25222],[38.76214,9.253629],[38.762368,9.254877],[38.762612,9.256256],[38.762827,9.257468],[38.763219,9.259592],[38.763447,9.26084],[38.76362,9.261921],[38.763627,9.262108],[38.763625,9.262264],[38.763472,9.264012],[38.763462,9.264369],[38.763486,9.264707],[38.763557,9.265043],[38.763672,9.265372],[38.763813,9.265698],[38.764054,9.266334],[38.764114,9.266631],[38.764085,9.266917],[38.763971,9.267172],[38.763782,9.267394],[38.761913,9.269036],[38.761215,9.269663],[38.760739,9.270059],[38.759763,9.270811],[38.759314,9.271198],[38.759095,9.271421],[38.758978,9.271558],[38.75889,9.27166],[38.758312,9.272399],[38.758128,9.27266],[38.757951,9.272943],[38.757798,9.273247],[38.757695,9.273559],[38.757633,9.273889],[38.757598,9.274244],[38.757568,9.27531],[38.757524,9.275661],[38.757407,9.275996],[38.757224,9.276306],[38.756011,9.277868],[38.755774,9.278197],[38.755364,9.278865],[38.755228,9.279208],[38.755155,9.279564],[38.755123,9.279908],[38.755128,9.280241],[38.75518,9.280917],[38.755151,9.28125],[38.755051,9.281558],[38.754769,9.282136],[38.754635,9.282443],[38.754533,9.28275],[38.754443,9.283078],[38.754284,9.28377],[38.754153,9.2845],[38.754138,9.284648],[38.754079,9.285235],[38.754066,9.285398],[38.753945,9.286907],[38.753851,9.288262],[38.753716,9.290864],[38.753656,9.291661],[38.753633,9.291885],[38.753579,9.292398],[38.753556,9.292746],[38.753579,9.29308],[38.753657,9.293397],[38.753775,9.29369],[38.754264,9.294804],[38.754333,9.295026],[38.754327,9.295291],[38.754257,9.29555],[38.754121,9.295794],[38.753724,9.296328],[38.752878,9.297464],[38.752603,9.297834],[38.752442,9.29807],[38.75216,9.298533],[38.75203,9.298767],[38.751926,9.299008],[38.751838,9.299256],[38.751796,9.299443],[38.751778,9.299519],[38.751769,9.299808],[38.751818,9.300416],[38.751903,9.3012],[38.751954,9.3017],[38.752011,9.302188],[38.75208,9.302923],[38.752137,9.303445],[38.752198,9.30411],[38.752252,9.304381],[38.752375,9.304999],[38.752393,9.305088],[38.752571,9.305962],[38.752712,9.306497]]},"properties":{"name":"Addis Ababa - Bahir Dar Road"}},{"type":"Feature","geometry":{"type":"LineString","coordinates":[[38.830339,9.027232],[38.830304,9.027358],[38.83027,9.027473],[38.83021,9.027677],[38.830157,9.027869],[38.830103,9.028062],[38.830073,9.028169],[38.830023,9.028361],[38.829856,9.028912],[38.829708,9.029493],[38.829549,9.030033],[38.82948,9.030246],[38.829392,9.030561],[38.829373,9.030622],[38.829243,9.031092],[38.829136,9.031501],[38.828939,9.032212],[38.828792,9.032762],[38.828729,9.032982],[38.828572,9.033567],[38.828525,9.033724],[38.828484,9.033845],[38.828459,9.033941],[38.828403,9.034165],[38.828349,9.034371],[38.828268,9.034656],[38.828221,9.034815],[38.828191,9.034907],[38.828181,9.034934],[38.828155,9.035035],[38.828131,9.035136],[38.828103,9.035321]]},"properties":{"name":"Yeka 9_2624 Street"}},{"type":"Feature","geometry":{"type":"LineString","coordinates":[[38.827986,9.035251],[38.82807,9.035117],[38.828094,9.035044],[38.828112,9.034978],[38.828137,9.034895],[38.828191,9.034695],[38.828223,9.03459],[38.828245,9.034528]]},"properties":{"name":"Yeka 9_2624 Street"}},{"type":"Feature","geometry":{"type":"LineString","coordinates":[[38.701191,9.017482],[38.70118,9.017258],[38.701175,9.017196],[38.701149,9.017064],[38.701117,9.016948],[38.701085,9.016856],[38.701056,9.016782],[38.7009,9.016511],[38.700852,9.016426],[38.700809,9.016373],[38.700685,9.01622],[38.700358,9.015909],[38.700233,9.015775],[38.700073,9.015628],[38.6999,9.015462],[38.699828,9.015387],[38.699639,9.015219],[38.699603,9.015183],[38.699269,9.014827],[38.699021,9.014571],[38.698901,9.014457],[38.698827,9.014387],[38.698332,9.013918],[38.698025,9.01361],[38.697872,9.013457],[38.697266,9.012856],[38.696767,9.01237],[38.696451,9.012055],[38.696231,9.011831],[38.696065,9.011603],[38.695875,9.011321],[38.695645,9.01089],[38.695594,9.010736],[38.695458,9.010363],[38.695391,9.010039],[38.695343,9.009758],[38.695288,9.009366],[38.695272,9.009284],[38.695166,9.008665],[38.695106,9.00824],[38.695065,9.008044],[38.695035,9.007876],[38.69501,9.007672],[38.69493,9.007208],[38.69479,9.006302],[38.694719,9.006019],[38.694585,9.005405],[38.694463,9.004803],[38.694415,9.004593],[38.694375,9.004424],[38.694341,9.004286],[38.6943,9.004118]]},"properties":{"name":"KK_07_2302 St."}},{"type":"Feature","geometry":{"type":"LineString","coordinates":[[38.700979,9.017495],[38.700992,9.017281],[38.700989,9.017259],[38.700961,9.017084],[38.700919,9.016953],[38.700878,9.016843],[38.700782,9.016661],[38.700652,9.016462],[38.700477,9.016271],[38.700186,9.015991],[38.700093,9.015914],[38.69974,9.015585],[38.699671,9.015512],[38.699498,9.015344],[38.69915,9.014984],[38.698867,9.014704],[38.698736,9.014578],[38.698446,9.014301],[38.698063,9.013917],[38.697119,9.013006],[38.696566,9.012445],[38.696116,9.012008],[38.69593,9.011774],[38.695845,9.011657],[38.695702,9.011448],[38.695633,9.011323],[38.695476,9.010986],[38.695433,9.010866],[38.695365,9.010694],[38.69528,9.010444],[38.69523,9.010261],[38.695206,9.010105],[38.695167,9.009902],[38.695124,9.009641],[38.695071,9.009315],[38.694961,9.008688],[38.694923,9.008457],[38.69487,9.008073],[38.694843,9.007907],[38.694808,9.007697],[38.694781,9.007481],[38.694671,9.006762],[38.694608,9.006449],[38.694583,9.006341],[38.694533,9.006052],[38.69449,9.00583],[38.694447,9.005613],[38.694277,9.004816],[38.694207,9.004477],[38.694186,9.004376],[38.694125,9.0041],[38.694092,9.003981]]},"properties":{"name":"KK_07_2302 St."}},{"type":"Feature","geometry":{"type":"LineString","coordinates":[[38.694417,9.003754],[38.694384,9.003795],[38.694358,9.003843],[38.694335,9.003905],[38.69432,9.003973],[38.694312,9.00404],[38.6943,9.004118],[38.694282,9.004047],[38.694261,9.003936],[38.694241,9.003835]]},"properties":{"name":"KK_07_2302 St."}},{"type":"Feature","geometry":{"type":"LineString","coordinates":[[38.694056,9.003834],[38.694092,9.003981],[38.694056,9.003901],[38.694035,9.003866],[38.694008,9.00383],[38.69399,9.003814],[38.693936,9.003786],[38.693869,9.003759],[38.694012,9.003754]]},"properties":{"name":"KK_07_2302 St."}},{"type":"Feature","geometry":{"type":"LineString","coordinates":[[38.690016,8.998788],[38.690209,8.998921],[38.690424,8.99902],[38.690593,8.999058],[38.690787,8.999075],[38.691023,8.999045],[38.691438,8.998909],[38.69154,8.998867],[38.691699,8.998833],[38.691922,8.998833],[38.692174,8.998867],[38.692454,8.998965],[38.69263,8.999077],[38.692764,8.999175],[38.692888,8.999303],[38.692948,8.999388],[38.693023,8.999502],[38.693177,8.999975],[38.693238,9.000186],[38.693313,9.000449],[38.693534,9.00114],[38.693758,9.001923],[38.693797,9.002066],[38.693844,9.002236],[38.693924,9.002506],[38.693938,9.002536],[38.694103,9.003147],[38.694168,9.003389],[38.69419,9.003462],[38.694199,9.003503],[38.694205,9.003527],[38.694202,9.003597]]},"properties":{"name":"KK_07_2302 St."}},{"type":"Feature","geometry":{"type":"LineString","coordinates":[[38.694011,9.003621],[38.693998,9.003519],[38.693983,9.003417],[38.693912,9.003146],[38.69385,9.002903],[38.693759,9.002546],[38.693676,9.002279],[38.693629,9.002112],[38.6936,9.002013],[38.693474,9.001575],[38.693323,9.001067],[38.693111,9.00043],[38.693004,9.000135],[38.692843,8.999582],[38.692741,8.999423],[38.692614,8.999272],[38.692498,8.999169],[38.692325,8.999077],[38.692153,8.999023],[38.691956,8.998994],[38.691756,8.999],[38.69158,8.999048],[38.691145,8.999209],[38.690871,8.999256],[38.690648,8.999257],[38.690468,8.999229],[38.690332,8.999186],[38.690169,8.999123],[38.690025,8.999036],[38.689869,8.998899]]},"properties":{"name":"KK_07_2302 St."}},{"type":"Feature","geometry":{"type":"LineString","coordinates":[[38.762471,9.053597],[38.762542,9.053588],[38.762595,9.053581],[38.762894,9.053556],[38.763201,9.05354],[38.763441,9.053517],[38.763532,9.053505],[38.763731,9.053439],[38.763811,9.053437],[38.76385,9.053445],[38.763922,9.053477],[38.764205,9.053715],[38.764508,9.054004],[38.764614,9.054107],[38.765044,9.054494],[38.765075,9.054528],[38.765087,9.054542],[38.765256,9.054766],[38.765296,9.054822],[38.765477,9.055108],[38.765721,9.055557],[38.765878,9.055845],[38.766057,9.056189],[38.766243,9.056533],[38.766309,9.056657],[38.766554,9.057142],[38.766923,9.057246],[38.767274,9.057402],[38.767405,9.057482],[38.767539,9.057579],[38.767637,9.057666],[38.767714,9.057743],[38.768071,9.058235]]},"properties":{"name":"Gulele_02_315 St"}},{"type":"Feature","geometry":{"type":"LineString","coordinates":[[38.768071,9.058235],[38.768091,9.058473],[38.768096,9.058552],[38.768154,9.059267],[38.768197,9.059666],[38.768215,9.059762],[38.768292,9.060002],[38.768345,9.060076],[38.768486,9.060253],[38.768835,9.060619],[38.76897,9.060771],[38.769127,9.061],[38.769221,9.061188],[38.769393,9.06148],[38.769532,9.061794],[38.769597,9.061935],[38.769723,9.062212],[38.769838,9.062463],[38.769946,9.062699],[38.770105,9.063122],[38.770248,9.063439],[38.770331,9.063617],[38.770359,9.063668],[38.77038,9.063708],[38.770404,9.063754]]},"properties":{"name":"Madagascar Av"}},{"type":"Feature","geometry":{"type":"LineString","coordinates":[[38.770404,9.063754],[38.770433,9.063816],[38.770491,9.063962],[38.770535,9.064018],[38.770626,9.064098],[38.770745,9.064167],[38.771049,9.064284],[38.771161,9.064326],[38.77133,9.064401],[38.771383,9.064433],[38.771416,9.064471],[38.771429,9.064538],[38.771422,9.064674]]},"properties":{"name":"Madagascar Street"}},{"type":"Feature","geometry":{"type":"LineString","coordinates":[[38.796505,8.996938],[38.796421,8.996962],[38.795802,8.997128],[38.795442,8.997258],[38.795135,8.997364]]},"properties":{"name":"BL_03_789 Street"}},{"type":"Feature","geometry":{"type":"LineString","coordinates":[[38.795135,8.997364],[38.795036,8.997144],[38.794927,8.996863],[38.794852,8.996629]]},"properties":{"name":"BL_03_804 St."}},{"type":"Feature","geometry":{"type":"LineString","coordinates":[[38.794852,8.996629],[38.794295,8.996814],[38.794014,8.996918],[38.793786,8.996991],[38.793295,8.997164],[38.793274,8.997172],[38.792962,8.997281],[38.792755,8.997345],[38.792248,8.99753],[38.791723,8.997705]]},"properties":{"name":"BL_03_805 St."}},{"type":"Feature","geometry":{"type":"LineString","coordinates":[[38.791696,8.997649],[38.791723,8.997705]]},"properties":{"name":"BL_03_764 Street"}},{"type":"Feature","geometry":{"type":"LineString","coordinates":[[38.791696,8.997649],[38.791409,8.997759],[38.791226,8.997832],[38.791146,8.997864],[38.791084,8.997884],[38.791054,8.997888],[38.791035,8.997878],[38.791009,8.997834],[38.790972,8.997742],[38.790905,8.997574],[38.790841,8.997416],[38.790812,8.997348],[38.790787,8.997287],[38.790752,8.997193],[38.790729,8.997143]]},"properties":{"name":"BL_03_762 Street"}},{"type":"Feature","geometry":{"type":"LineString","coordinates":[[38.78733,8.997848],[38.787522,8.997796],[38.787747,8.997714],[38.788356,8.997454],[38.788766,8.997285],[38.789307,8.997061],[38.790424,8.996547],[38.790482,8.996521]]},"properties":{"name":"BL_03_821 Street"}},{"type":"Feature","geometry":{"type":"LineString","coordinates":[[38.606766,9.060131],[38.606686,9.0602],[38.606377,9.060467],[38.606231,9.06063],[38.606104,9.060795],[38.605856,9.061147],[38.605751,9.061335],[38.605708,9.06143],[38.605682,9.061489],[38.605452,9.062052],[38.605308,9.062479],[38.605046,9.063262],[38.604954,9.063536],[38.604902,9.063693],[38.604769,9.064134],[38.60458,9.064911],[38.60453,9.065175],[38.604433,9.065681],[38.604311,9.066158],[38.604282,9.066225],[38.604193,9.066421],[38.603939,9.066818],[38.603621,9.067162],[38.603242,9.06746],[38.6028,9.067691],[38.602446,9.067843],[38.602244,9.067929],[38.601939,9.068059],[38.601871,9.068088],[38.601439,9.068308],[38.601293,9.068405],[38.601108,9.068563],[38.600602,9.068996],[38.600253,9.069264],[38.599734,9.069572],[38.599705,9.069586],[38.599202,9.069848],[38.598535,9.070306],[38.598442,9.070364],[38.598353,9.07041],[38.598196,9.070481],[38.598122,9.070503],[38.597894,9.070577],[38.597579,9.070664],[38.597237,9.070759],[38.596068,9.071183],[38.595913,9.071234],[38.595349,9.071352],[38.593799,9.071518],[38.593288,9.071494],[38.59282,9.071398],[38.592626,9.071358],[38.591816,9.071192],[38.590398,9.070638],[38.588902,9.06996],[38.588734,9.069843],[38.588637,9.06974],[38.588508,9.069598],[38.58813,9.069185],[38.588004,9.069051],[38.587833,9.068871],[38.587616,9.068689],[38.587376,9.06853],[38.587139,9.06841],[38.586606,9.068201],[38.586366,9.068101],[38.586117,9.068021],[38.585985,9.067979],[38.585658,9.067903],[38.585401,9.067883],[38.58506,9.067885],[38.584668,9.06788],[38.584245,9.067814],[38.583899,9.067718],[38.58369,9.067628],[38.583483,9.067497],[38.583223,9.067333],[38.582642,9.066824],[38.582206,9.066381],[38.582047,9.066219],[38.581658,9.065691],[38.581475,9.065352],[38.581175,9.064709],[38.580926,9.064333],[38.580588,9.063946],[38.580158,9.063551],[38.579831,9.06331],[38.579247,9.062921],[38.578715,9.06272],[38.578104,9.062536],[38.577802,9.062435],[38.577404,9.062248],[38.577003,9.062033],[38.576688,9.061803],[38.575958,9.06126],[38.575145,9.060663],[38.574783,9.06036],[38.574518,9.060055],[38.573648,9.058708],[38.57344,9.058353],[38.573349,9.058212],[38.573278,9.058087],[38.572953,9.057455],[38.572765,9.057206],[38.572475,9.056904],[38.5723,9.056772],[38.572108,9.056676],[38.571822,9.056599],[38.571567,9.05658],[38.571233,9.056602],[38.57029,9.056741],[38.570158,9.056738],[38.570044,9.056719],[38.569719,9.056597],[38.569696,9.056584],[38.56967,9.05657],[38.568819,9.055716],[38.568199,9.055236],[38.568153,9.055205],[38.567632,9.054829],[38.567357,9.054654],[38.567056,9.054446],[38.566536,9.054087],[38.566192,9.053985],[38.56597,9.053993],[38.565814,9.054057],[38.565302,9.054472],[38.565266,9.054493],[38.564873,9.054722],[38.564594,9.054857],[38.564205,9.054936],[38.564009,9.05496],[38.563548,9.054963],[38.562971,9.054926],[38.562637,9.054948],[38.562258,9.055014],[38.561877,9.055153],[38.561388,9.055371],[38.561047,9.055511],[38.560649,9.055589],[38.560364,9.055591],[38.558088,9.055434],[38.55761,9.055372],[38.557209,9.055282],[38.556772,9.055151],[38.556271,9.055111],[38.555844,9.055132],[38.555294,9.055281],[38.554597,9.055612],[38.55416,9.055935],[38.553811,9.056324],[38.553356,9.057174],[38.553012,9.057604],[38.552642,9.058001],[38.552264,9.058343],[38.551853,9.058719],[38.551462,9.058968],[38.551048,9.059129],[38.550627,9.059214],[38.550147,9.05923],[38.549686,9.059166],[38.549058,9.05901],[38.548629,9.058968],[38.548028,9.059044],[38.547595,9.059183],[38.547264,9.05936],[38.546904,9.059611],[38.546583,9.059934],[38.546175,9.06074],[38.546055,9.061065],[38.545885,9.061318],[38.545699,9.061522],[38.545408,9.061768],[38.544949,9.062061],[38.544644,9.062212],[38.544052,9.062453],[38.543205,9.062824],[38.542831,9.062967],[38.542323,9.063067],[38.541776,9.063147],[38.541411,9.063217],[38.54105,9.06331],[38.540687,9.063435],[38.539732,9.063847],[38.539259,9.064022],[38.538447,9.064284],[38.537777,9.064441],[38.537468,9.064514],[38.536877,9.064645],[38.536169,9.064759],[38.535554,9.064829],[38.535069,9.064928],[38.534531,9.065046],[38.533855,9.065226],[38.533126,9.06547],[38.532349,9.065729],[38.531403,9.066044],[38.530962,9.066191],[38.530586,9.066312],[38.5294,9.066701],[38.528493,9.067005],[38.527995,9.067172],[38.526645,9.067615],[38.525153,9.068111],[38.523919,9.068513],[38.522583,9.068953],[38.520218,9.069758],[38.519241,9.070081],[38.518525,9.070399],[38.517273,9.07109],[38.516071,9.071665],[38.515188,9.072036],[38.514255,9.072359],[38.513448,9.072624],[38.512697,9.072801],[38.511664,9.073],[38.510857,9.073108],[38.51036,9.073148],[38.510207,9.073158],[38.509909,9.073169],[38.508968,9.073218],[38.508201,9.073285],[38.507587,9.073348],[38.507088,9.07342],[38.506528,9.073511],[38.505633,9.073686],[38.50489,9.073853],[38.504573,9.073939],[38.504195,9.074041],[38.503328,9.07432],[38.502797,9.074483],[38.502574,9.074524],[38.502295,9.074537],[38.502001,9.074518],[38.501777,9.074484],[38.501565,9.074433],[38.501351,9.074368],[38.501091,9.074255],[38.500785,9.074066],[38.500588,9.073928],[38.500308,9.073677],[38.500129,9.073421],[38.500035,9.073282],[38.499582,9.072491],[38.499152,9.071726],[38.499086,9.071608],[38.498873,9.071088],[38.498724,9.070721],[38.498604,9.070417],[38.498556,9.0701],[38.49854,9.069819],[38.498564,9.069541],[38.498653,9.068799],[38.498669,9.068561],[38.498661,9.068359],[38.498599,9.068203],[38.498494,9.068034],[38.498226,9.067801],[38.497947,9.067566],[38.497105,9.066861],[38.496675,9.066534],[38.496196,9.066166],[38.495893,9.065888],[38.495566,9.065632],[38.495175,9.06532],[38.494959,9.065204],[38.494711,9.065091],[38.494416,9.06494],[38.494016,9.064849],[38.493727,9.064802],[38.49332,9.064785],[38.493222,9.064789],[38.492976,9.064823],[38.492619,9.064949],[38.492277,9.065125],[38.492095,9.065254],[38.491973,9.065325],[38.491786,9.065554],[38.491659,9.065773],[38.49158,9.065905],[38.491474,9.066074],[38.491078,9.0669],[38.490977,9.067035],[38.490817,9.067228],[38.490638,9.067347],[38.490487,9.067448],[38.490386,9.067506],[38.490232,9.067561],[38.49003,9.067605],[38.489802,9.067618],[38.489576,9.067601],[38.489343,9.067554],[38.489147,9.067483],[38.488903,9.067334],[38.488763,9.067194],[38.488589,9.066977],[38.488294,9.066603],[38.487943,9.066161],[38.487658,9.065757],[38.487365,9.065374],[38.487027,9.064973],[38.48687,9.064849],[38.486654,9.064668],[38.486415,9.064533],[38.486186,9.064432],[38.486058,9.064386],[38.48578,9.06436],[38.485573,9.064353],[38.485339,9.064383],[38.484794,9.064529],[38.484053,9.064765],[38.483238,9.065046],[38.482554,9.065239],[38.482246,9.065279],[38.482001,9.06528],[38.481642,9.0652],[38.481291,9.065033],[38.481025,9.064823],[38.480802,9.064617],[38.480419,9.064129],[38.480339,9.064053],[38.479612,9.063118],[38.479182,9.062649],[38.478718,9.062262],[38.47852,9.062119],[38.477948,9.061834],[38.477447,9.061581],[38.476342,9.06116],[38.475287,9.060716],[38.474373,9.060331],[38.472721,9.059658],[38.471162,9.059048],[38.471039,9.058999],[38.469883,9.058541]]},"properties":{"name":"New Road to Ambo"}},{"type":"Feature","geometry":{"type":"LineString","coordinates":[[38.73209,9.033939],[38.732103,9.034239],[38.732102,9.034266],[38.732101,9.034278],[38.732096,9.034332],[38.732082,9.034431],[38.732068,9.034538],[38.732043,9.034719],[38.732006,9.03497],[38.73197,9.035184],[38.731922,9.035472],[38.731895,9.035633],[38.731883,9.035696],[38.731807,9.036078],[38.731727,9.036462],[38.731672,9.036751],[38.731625,9.036987],[38.731517,9.037459],[38.731491,9.037633],[38.731474,9.03779],[38.731468,9.037864],[38.731468,9.037952],[38.731473,9.03803],[38.731476,9.038117],[38.731519,9.038428],[38.731543,9.038698],[38.731566,9.038905],[38.731587,9.039093],[38.731615,9.039269],[38.731653,9.03947],[38.731684,9.039617],[38.731702,9.039702],[38.731791,9.040002],[38.731844,9.040184],[38.731895,9.040381],[38.732033,9.04072],[38.732152,9.04098],[38.73222,9.041125],[38.732399,9.041486],[38.732474,9.041603],[38.732498,9.041673],[38.732522,9.041754],[38.732559,9.041897],[38.732604,9.042116],[38.732634,9.04228],[38.732676,9.042541],[38.7327,9.042774],[38.732706,9.042904],[38.732704,9.043097],[38.73268,9.043369],[38.732626,9.043686],[38.732578,9.04398],[38.732537,9.044244],[38.732497,9.044508],[38.732464,9.044708],[38.732436,9.044874],[38.732407,9.045022],[38.732372,9.045161],[38.732341,9.045256],[38.732256,9.045474],[38.732168,9.045645],[38.732122,9.045757],[38.73206,9.045901]]},"properties":{"name":"Somalia Street"}},{"type":"Feature","geometry":{"type":"LineString","coordinates":[[38.720205,9.05297],[38.720177,9.053222],[38.720145,9.053495],[38.7201,9.053786],[38.720035,9.054104],[38.719999,9.054279],[38.719952,9.054473],[38.719892,9.054673],[38.719805,9.054953],[38.719726,9.055165],[38.719682,9.055314],[38.719641,9.055451],[38.719599,9.055626],[38.719541,9.055877],[38.719506,9.056019],[38.71947,9.056172],[38.71941,9.056408],[38.719342,9.056615],[38.719271,9.056812],[38.719206,9.05697],[38.71918,9.057049],[38.719125,9.057257],[38.719053,9.057589],[38.71903,9.057725],[38.71901,9.057873],[38.718997,9.058053],[38.718979,9.0583],[38.718973,9.058499],[38.718957,9.058798],[38.718941,9.059037],[38.718938,9.059234],[38.718936,9.059326],[38.718949,9.059447],[38.718965,9.059519],[38.718984,9.059592],[38.719016,9.059672],[38.719068,9.059828],[38.719134,9.059986],[38.719293,9.060405],[38.71937,9.060686],[38.719557,9.06138],[38.719652,9.061638],[38.719725,9.061871],[38.719875,9.062323],[38.720145,9.063065],[38.720178,9.063156],[38.720219,9.063279],[38.720469,9.064025],[38.720586,9.064378],[38.720843,9.065142],[38.720988,9.065576]]},"properties":{"name":"GL_10_2188 Av."}},{"type":"Feature","geometry":{"type":"LineString","coordinates":[[38.706717,9.005157],[38.706658,9.005143],[38.706618,9.005139],[38.706493,9.005123],[38.706174,9.005079],[38.705743,9.005005],[38.70537,9.004951],[38.70487,9.004842],[38.704655,9.004777],[38.704406,9.004677],[38.704004,9.004525],[38.703819,9.004445],[38.703561,9.004331],[38.703112,9.004115],[38.702723,9.00394],[38.702552,9.003862],[38.702381,9.003799],[38.702047,9.003744],[38.701738,9.003689],[38.701464,9.00364],[38.701114,9.00354],[38.700867,9.003475],[38.700708,9.003455],[38.700505,9.003477],[38.700307,9.003531],[38.69992,9.003694],[38.699644,9.003821],[38.699403,9.003932],[38.69914,9.004058],[38.698909,9.004131],[38.698802,9.004147],[38.698638,9.004166],[38.698381,9.00418],[38.698227,9.004177]]},"properties":{"name":"KK_07_2202 Av."}},{"type":"Feature","geometry":{"type":"LineString","coordinates":[[38.710803,9.00732],[38.710675,9.007295],[38.710585,9.007272],[38.71043,9.00724],[38.710315,9.007201],[38.710227,9.007167],[38.710111,9.007115],[38.70993,9.006996],[38.709705,9.006804],[38.709187,9.006355],[38.708846,9.006067],[38.708577,9.005877],[38.708384,9.005762],[38.708169,9.005643],[38.707941,9.00553],[38.707628,9.005411],[38.707268,9.005288],[38.707059,9.005229]]},"properties":{"name":"KK_07_2202 Av."}},{"type":"Feature","geometry":{"type":"LineString","coordinates":[[38.79318,8.990167],[38.792569,8.989668],[38.792202,8.989369],[38.791821,8.989115],[38.791659,8.989033],[38.791524,8.988952],[38.7913,8.988823],[38.791123,8.98869],[38.790851,8.988503],[38.790772,8.988445],[38.790729,8.988409],[38.790678,8.988366],[38.79064,8.988333]]},"properties":{"name":"BL_03_708 Street"}},{"type":"Feature","geometry":{"type":"LineString","coordinates":[[38.778412,8.990217],[38.778343,8.99012],[38.778247,8.990008],[38.778216,8.989977],[38.778199,8.989956],[38.778173,8.989898],[38.777931,8.989721],[38.777721,8.989539],[38.77754,8.989357],[38.777199,8.988994],[38.776855,8.988604],[38.7761,8.987796],[38.775549,8.987172],[38.775158,8.986719],[38.774808,8.986344],[38.774026,8.985494],[38.773786,8.985286],[38.773528,8.985064],[38.773401,8.984959],[38.773283,8.984832],[38.773174,8.984697],[38.773145,8.984653],[38.77311,8.984601],[38.773037,8.984437],[38.773009,8.984313]]},"properties":{"name":"Rwanda Street"}},{"type":"Feature","geometry":{"type":"LineString","coordinates":[[38.773476,8.984927],[38.773574,8.985011],[38.773823,8.985229],[38.774067,8.98544],[38.774867,8.986297],[38.775293,8.98678],[38.775603,8.987126],[38.775777,8.987324],[38.776315,8.987923],[38.776901,8.988558],[38.777259,8.988956],[38.777579,8.989302],[38.777705,8.989428],[38.777864,8.989582],[38.778029,8.989711],[38.778293,8.989934],[38.778431,8.99006],[38.778477,8.990104],[38.778539,8.990188]]},"properties":{"name":"Rwanda Street"}},{"type":"Feature","geometry":{"type":"LineString","coordinates":[[38.743833,8.947769],[38.743877,8.947311],[38.743897,8.947097]]},"properties":{"name":"NL_12_4824 Street"}},{"type":"Feature","geometry":{"type":"LineString","coordinates":[[38.733438,9.020682],[38.733518,9.020711],[38.733586,9.020769],[38.733733,9.020968],[38.734354,9.021609],[38.734617,9.021883],[38.734966,9.022247],[38.735282,9.022577],[38.735329,9.022635],[38.735753,9.023053],[38.736056,9.02336],[38.7364,9.023691],[38.736544,9.023818],[38.736676,9.023932],[38.73681,9.024026],[38.737068,9.02422],[38.737165,9.024293],[38.737319,9.024406],[38.737653,9.024634],[38.737986,9.024852],[38.738225,9.025009],[38.738398,9.025127],[38.738516,9.025207],[38.738791,9.025396],[38.73911,9.025614],[38.739418,9.025827],[38.739722,9.026045],[38.74,9.026229],[38.740072,9.026279],[38.74033,9.026455],[38.740827,9.026785],[38.740919,9.026851],[38.741116,9.02702],[38.741382,9.027242],[38.741566,9.027391],[38.741787,9.027586],[38.74213,9.027855],[38.742309,9.028022],[38.742506,9.028206],[38.742672,9.028351],[38.742759,9.028439],[38.74285,9.028528],[38.742995,9.02865],[38.743046,9.028704],[38.743076,9.028736]]},"properties":{"name":"Uganda Street"}},{"type":"Feature","geometry":{"type":"LineString","coordinates":[[38.743086,9.028497],[38.743031,9.028458],[38.742931,9.028417],[38.74285,9.028382],[38.742797,9.028346],[38.742717,9.028273],[38.74262,9.028188],[38.742394,9.027981],[38.742189,9.027793],[38.741809,9.027453],[38.741548,9.027238],[38.741181,9.026944],[38.740974,9.026781],[38.740882,9.026716],[38.740388,9.026381],[38.740115,9.026214],[38.739991,9.026124],[38.739776,9.025979],[38.739468,9.025767],[38.739152,9.025547],[38.738872,9.025352],[38.738609,9.025177],[38.738411,9.025035],[38.738282,9.024951],[38.738169,9.024872],[38.738034,9.02478],[38.737696,9.024566],[38.737377,9.024335],[38.737226,9.024222],[38.737167,9.024183],[38.736959,9.024036],[38.736842,9.023955],[38.736683,9.023834],[38.7365,9.023676],[38.736444,9.023616],[38.73628,9.023463],[38.736196,9.023379],[38.736111,9.023295],[38.735892,9.023072],[38.735781,9.022965],[38.735616,9.022806],[38.735458,9.022644],[38.73537,9.022552],[38.735323,9.022505],[38.735076,9.022253],[38.73466,9.021824],[38.734371,9.021525],[38.733932,9.021064],[38.733633,9.020732],[38.733591,9.020645],[38.733592,9.020571]]},"properties":{"name":"Uganda Street"}},{"type":"Feature","geometry":{"type":"LineString","coordinates":[[38.743755,9.028523],[38.74397,9.028735],[38.744072,9.028849],[38.7442,9.028963],[38.744273,9.029028],[38.744532,9.029314],[38.744636,9.029416],[38.744796,9.029604],[38.745144,9.03],[38.7453,9.030193],[38.745558,9.030464],[38.745626,9.030542],[38.746053,9.031026],[38.746185,9.031183],[38.746359,9.031389],[38.746425,9.031461],[38.746501,9.031534],[38.746638,9.031665],[38.746814,9.031818],[38.746986,9.031938],[38.747221,9.032079]]},"properties":{"name":"Gobena Aba Tigu Street"}},{"type":"Feature","geometry":{"type":"LineString","coordinates":[[38.747157,9.032184],[38.746915,9.032002],[38.746755,9.031882],[38.746679,9.031822],[38.746577,9.031728],[38.746449,9.031611],[38.746364,9.031524],[38.746292,9.031443],[38.7461,9.031218],[38.745982,9.031079],[38.745566,9.030596],[38.745504,9.030526],[38.745241,9.030229],[38.745032,9.030005],[38.744868,9.029817],[38.744586,9.029489],[38.744473,9.029359],[38.744172,9.029042],[38.744055,9.028945],[38.743986,9.028895],[38.743915,9.028859],[38.743814,9.02883],[38.743574,9.028776]]},"properties":{"name":"Gobena Aba Tigu Street"}},{"type":"Feature","geometry":{"type":"LineString","coordinates":[[38.787459,9.015571],[38.787419,9.015395],[38.787409,9.015236],[38.787404,9.015004],[38.787403,9.01497],[38.78743,9.014529],[38.787469,9.013929],[38.787492,9.013638]]},"properties":{"name":"شارع جيبوتي"}},{"type":"Feature","geometry":{"type":"LineString","coordinates":[[38.764384,9.038804],[38.764598,9.038943],[38.764964,9.039185],[38.76531,9.039445],[38.765449,9.039543],[38.765729,9.039723],[38.766126,9.039994],[38.766468,9.040253],[38.766671,9.040427],[38.766791,9.040527],[38.766991,9.040741],[38.76732,9.041174]]},"properties":{"name":"AR_06_1003 St."}},{"type":"Feature","geometry":{"type":"LineString","coordinates":[[38.734735,9.016513],[38.734891,9.016515],[38.735051,9.016519],[38.736763,9.016519],[38.737084,9.016526],[38.737605,9.016532],[38.737727,9.016533],[38.737857,9.016532],[38.737979,9.016535],[38.738108,9.016537],[38.738181,9.016536],[38.738283,9.016529],[38.738684,9.016498],[38.738838,9.016473],[38.73909,9.016447],[38.739323,9.016422],[38.739565,9.016401],[38.739894,9.016366],[38.740003,9.016351],[38.740096,9.016337],[38.740208,9.016321],[38.74043,9.016296],[38.740794,9.016258],[38.740887,9.016253],[38.741014,9.01624],[38.741452,9.016261],[38.74151,9.016261],[38.741695,9.016282],[38.741903,9.016302],[38.742289,9.016339],[38.742447,9.016352],[38.742563,9.016361],[38.742716,9.016373],[38.743177,9.016422],[38.74334,9.016439],[38.743684,9.016468],[38.744302,9.01652],[38.744541,9.016545]]},"properties":{"name":"Burundi Street"}},{"type":"Feature","geometry":{"type":"LineString","coordinates":[[38.734727,9.016415],[38.734882,9.016418],[38.73504,9.016418],[38.735047,9.016418],[38.735765,9.016416],[38.736261,9.016422],[38.736765,9.016428],[38.73784,9.016415],[38.737963,9.016414],[38.738093,9.016412],[38.738165,9.016406],[38.738262,9.016401],[38.738659,9.016377],[38.738827,9.016359],[38.739077,9.016333],[38.739569,9.016278],[38.739988,9.016234],[38.740082,9.016219],[38.740193,9.016204],[38.740479,9.016182],[38.740791,9.016154],[38.740927,9.016137],[38.741012,9.016134],[38.74136,9.016149],[38.741509,9.016161],[38.741918,9.016194],[38.742295,9.016223],[38.742457,9.016239],[38.742581,9.016253],[38.742758,9.016272],[38.74319,9.016309],[38.743348,9.016326],[38.743684,9.016355],[38.743888,9.01638],[38.744004,9.016395],[38.744124,9.016407],[38.744306,9.01642],[38.744539,9.016431]]},"properties":{"name":"Burundi Street"}},{"type":"Feature","geometry":{"type":"LineString","coordinates":[[38.745363,8.936],[38.745502,8.936165],[38.745641,8.93633],[38.745765,8.936481],[38.746027,8.936809],[38.746311,8.937164],[38.747138,8.938191],[38.747221,8.938287],[38.747544,8.938645],[38.747764,8.938863],[38.747985,8.939049],[38.748217,8.939237],[38.748986,8.939761],[38.749441,8.940087],[38.749564,8.940177],[38.749651,8.940242],[38.749745,8.940308],[38.749845,8.940376],[38.750244,8.940628],[38.750477,8.940754],[38.751107,8.941096],[38.751489,8.941306],[38.752102,8.941643],[38.752418,8.941839],[38.752637,8.941997],[38.752748,8.942077],[38.752922,8.942221],[38.753041,8.942313],[38.753361,8.942596],[38.753503,8.942717],[38.753663,8.942867],[38.753792,8.942972],[38.753986,8.943143],[38.754152,8.943292],[38.754293,8.943412],[38.754623,8.943703],[38.754942,8.943979],[38.755136,8.94415],[38.755248,8.944233],[38.755622,8.944431],[38.755993,8.944602],[38.756338,8.944752],[38.75642,8.944789],[38.756555,8.944843],[38.7567,8.944902],[38.757425,8.945242],[38.757599,8.945326],[38.757711,8.945395],[38.757805,8.945463],[38.757941,8.945599],[38.757987,8.945661],[38.758055,8.945752],[38.758119,8.945874],[38.758172,8.946033],[38.758303,8.946718],[38.758443,8.947581],[38.758503,8.947768],[38.758621,8.947975],[38.758846,8.948255],[38.759213,8.948624],[38.759298,8.948745],[38.759372,8.948905],[38.759411,8.949067],[38.759421,8.949275],[38.75941,8.949404],[38.759391,8.949502]]},"properties":{"name":"NL_12_4201 Av"}},{"type":"Feature","geometry":{"type":"LineString","coordinates":[[38.759285,8.949507],[38.759312,8.949383],[38.759331,8.949186],[38.759324,8.949077],[38.759292,8.948953],[38.759239,8.948826],[38.759156,8.948706],[38.758925,8.948457],[38.758746,8.94829],[38.758597,8.948126],[38.758492,8.947967],[38.758412,8.947808],[38.758349,8.947598],[38.75821,8.946821],[38.758172,8.946587],[38.758128,8.946322],[38.758073,8.946048],[38.75802,8.945899],[38.757959,8.945792],[38.757872,8.945659],[38.757735,8.945521],[38.757666,8.945462],[38.757553,8.945393],[38.757382,8.945315],[38.757024,8.945152],[38.75678,8.945042],[38.756598,8.944963],[38.756362,8.944867],[38.755762,8.944601],[38.755526,8.944491],[38.755308,8.944376],[38.755197,8.944317],[38.755071,8.944229],[38.754643,8.943846],[38.754177,8.943443],[38.75373,8.94305],[38.752852,8.942277],[38.752644,8.942103],[38.752538,8.942031],[38.752289,8.941868],[38.752044,8.941709],[38.751551,8.941441],[38.750671,8.940972],[38.750416,8.94083],[38.750197,8.94071],[38.749815,8.940474],[38.749637,8.940357],[38.749504,8.940251],[38.749451,8.940216],[38.749383,8.940164],[38.749238,8.940054],[38.748879,8.939803],[38.748349,8.939445],[38.748071,8.939245],[38.747778,8.939002],[38.747466,8.938709],[38.747246,8.938475],[38.746434,8.937464],[38.745904,8.936786],[38.745566,8.936377],[38.745432,8.9362],[38.745307,8.936035]]},"properties":{"name":"NL_12_4201 Av"}},{"type":"Feature","geometry":{"type":"LineString","coordinates":[[38.744962,8.935897],[38.74478,8.935996],[38.744504,8.93614]]},"properties":{"name":"NL_12_3097 St."}},{"type":"Feature","geometry":{"type":"LineString","coordinates":[[38.744504,8.93614],[38.744497,8.936143],[38.744114,8.936311],[38.743864,8.936406],[38.743585,8.936501],[38.743288,8.936569],[38.742955,8.936631],[38.742189,8.936721],[38.741719,8.936789],[38.741445,8.936823],[38.74053,8.936944],[38.739789,8.937038],[38.739372,8.937098],[38.739088,8.93714],[38.738607,8.937199],[38.737454,8.937336],[38.736927,8.937397],[38.736374,8.937464],[38.736214,8.937474],[38.735995,8.937472]]},"properties":{"name":"NL_12_3097 Street"}},{"type":"Feature","geometry":{"type":"LineString","coordinates":[[38.727064,9.063638],[38.727055,9.063669],[38.727035,9.063728],[38.727002,9.063903],[38.726992,9.063965],[38.726971,9.064099]]},"properties":{"name":"GL_09_2020 Street"}},{"type":"Feature","geometry":{"type":"LineString","coordinates":[[38.727064,9.063638],[38.727137,9.063416],[38.727379,9.062566],[38.727412,9.062433],[38.727479,9.062173],[38.727556,9.061801],[38.727587,9.061686],[38.727639,9.061478],[38.727711,9.061204],[38.727781,9.060936],[38.727782,9.060832],[38.727767,9.060731],[38.727599,9.059876],[38.727508,9.059418],[38.727501,9.059371],[38.727422,9.059031],[38.727403,9.058951],[38.727408,9.058928],[38.727421,9.058901],[38.7276,9.058786],[38.72766,9.05874],[38.727694,9.058715],[38.727902,9.058541],[38.728239,9.058281],[38.728506,9.058057],[38.728575,9.058001],[38.728707,9.057898],[38.728943,9.057705],[38.729308,9.057419],[38.729459,9.057304],[38.729795,9.057037],[38.730048,9.056836],[38.730413,9.05656],[38.730811,9.056225],[38.73099,9.05608],[38.731627,9.055598]]},"properties":{"name":"GL_09_1902 Av."}},{"type":"Feature","geometry":{"type":"LineString","coordinates":[[38.732785,9.054666],[38.732986,9.054518],[38.733174,9.05435],[38.733392,9.05418],[38.733849,9.053819],[38.733966,9.05373],[38.734219,9.053518],[38.734505,9.0533],[38.734526,9.053283],[38.734869,9.053006],[38.735774,9.052297],[38.736149,9.051995],[38.736307,9.051876],[38.736647,9.051611],[38.736865,9.051445],[38.737029,9.05131],[38.737234,9.051102],[38.737298,9.051023],[38.737363,9.050934],[38.737435,9.050797],[38.73749,9.050686],[38.737517,9.050608],[38.73761,9.050241],[38.737652,9.050069],[38.737707,9.04976],[38.737725,9.04965],[38.737753,9.049516],[38.737766,9.049451],[38.737784,9.049306],[38.737737,9.049189],[38.737653,9.049079]]},"properties":{"name":"GL_09_1902 Av."}},{"type":"Feature","geometry":{"type":"LineString","coordinates":[[38.737896,9.049084],[38.737824,9.049195],[38.737784,9.049306]]},"properties":{"name":"GL_09_1902 Av."}},{"type":"Feature","geometry":{"type":"LineString","coordinates":[[38.731627,9.055598],[38.731987,9.055304],[38.732041,9.055256],[38.732281,9.055079],[38.732571,9.05485],[38.732785,9.054666]]},"properties":{"name":"GL_08_1902 Av."}},{"type":"Feature","geometry":{"type":"LineString","coordinates":[[38.748506,9.044351],[38.748594,9.044423],[38.748661,9.044497],[38.7487,9.044537],[38.748846,9.044652],[38.748954,9.044734],[38.74905,9.044807],[38.749236,9.044947],[38.749461,9.045097],[38.749682,9.045259],[38.749803,9.045346],[38.749862,9.045391],[38.749925,9.045429],[38.749972,9.045455],[38.750094,9.045509],[38.75021,9.045547],[38.750328,9.045577],[38.750439,9.0456],[38.750608,9.045601]]},"properties":{"name":"Senegal Street"}},{"type":"Feature","geometry":{"type":"LineString","coordinates":[[38.750222,9.045626],[38.750103,9.045588],[38.750015,9.045555],[38.74992,9.045512],[38.749828,9.045452],[38.749722,9.045383],[38.749569,9.045273],[38.749413,9.045157],[38.74911,9.04494],[38.74899,9.044849],[38.748881,9.044765],[38.748818,9.044716],[38.748658,9.044588],[38.748626,9.044556],[38.748557,9.044491]]},"properties":{"name":"Senegal Street"}},{"type":"Feature","geometry":{"type":"LineString","coordinates":[[38.668897,9.006922],[38.668985,9.006913],[38.669199,9.006907],[38.669277,9.006901],[38.669529,9.006884],[38.66978,9.006882],[38.670091,9.006864],[38.670287,9.006853],[38.670408,9.006848],[38.670533,9.006843],[38.670773,9.006835],[38.671061,9.006831],[38.671187,9.006813],[38.671277,9.006804],[38.671415,9.006796],[38.671537,9.006784],[38.671718,9.006775],[38.671943,9.006763],[38.672111,9.006752],[38.672752,9.006715],[38.674597,9.006606],[38.674836,9.006598],[38.675246,9.006576],[38.675574,9.006556],[38.67586,9.006538],[38.67615,9.00652],[38.676383,9.006498],[38.676512,9.006478],[38.676719,9.006445]]},"properties":{"name":"KK_07_2355 Av"}},{"type":"Feature","geometry":{"type":"LineString","coordinates":[[38.676739,9.006596],[38.676525,9.006612],[38.676398,9.006616],[38.676188,9.006631],[38.67588,9.006641],[38.675465,9.006658],[38.67525,9.006677],[38.674931,9.006706],[38.674604,9.006721],[38.672756,9.006832],[38.672107,9.006853],[38.671944,9.006864],[38.671711,9.006889],[38.671494,9.006902],[38.6714,9.006905],[38.671272,9.006912],[38.671184,9.006919],[38.671065,9.00693],[38.670778,9.006935],[38.670395,9.00696],[38.670021,9.006978],[38.669828,9.00699],[38.669529,9.007006],[38.669268,9.007023]]},"properties":{"name":"KK_07_2355 Av"}},{"type":"Feature","geometry":{"type":"LineString","coordinates":[[38.682241,9.006165],[38.68281,9.006146],[38.682991,9.006148],[38.68429,9.00607],[38.68536,9.006011],[38.685657,9.005994],[38.685933,9.005984],[38.686209,9.005966],[38.687227,9.005924],[38.687295,9.00593],[38.687472,9.005954],[38.687592,9.005981],[38.687808,9.006043],[38.688061,9.006138],[38.688436,9.006358],[38.688756,9.006567],[38.688898,9.00665],[38.689128,9.006796],[38.689323,9.006919],[38.689511,9.007042],[38.690045,9.007366],[38.690471,9.007626],[38.691156,9.008082],[38.691361,9.008227],[38.691545,9.008341],[38.691675,9.008408],[38.691752,9.008458],[38.692368,9.008826]]},"properties":{"name":"KK_07_2353 St."}},{"type":"Feature","geometry":{"type":"LineString","coordinates":[[38.692367,9.008991],[38.691688,9.008557],[38.691615,9.008509],[38.691528,9.008452],[38.691319,9.008327],[38.69109,9.008174],[38.690191,9.007569],[38.689454,9.007134],[38.689252,9.00701],[38.689055,9.006881],[38.688827,9.006751],[38.688699,9.006669],[38.68854,9.00656],[38.6881,9.00628],[38.687794,9.006138],[38.687738,9.006123],[38.687427,9.006047],[38.687297,9.006029],[38.68719,9.006024],[38.686217,9.006064],[38.685916,9.006085],[38.685636,9.006104],[38.685348,9.006109],[38.684295,9.006179],[38.683174,9.006228],[38.682995,9.006229],[38.682238,9.006265]]},"properties":{"name":"KK_07_2353 St."}},{"type":"Feature","geometry":{"type":"LineString","coordinates":[[38.692368,9.008826],[38.692738,9.009089],[38.692924,9.009219],[38.693116,9.009338],[38.693319,9.00948],[38.6935,9.009601],[38.693711,9.009741],[38.693852,9.009829]]},"properties":{"name":"KK_07_2355 St."}},{"type":"Feature","geometry":{"type":"LineString","coordinates":[[38.693891,9.00998],[38.693648,9.009829],[38.693439,9.00969],[38.693259,9.00957],[38.693053,9.009437],[38.692862,9.009318],[38.692675,9.009206],[38.692367,9.008991]]},"properties":{"name":"KK_07_2355 St."}},{"type":"Feature","geometry":{"type":"LineString","coordinates":[[38.812191,9.005168],[38.812177,9.004811],[38.812171,9.004514],[38.812167,9.004247],[38.812147,9.003983]]},"properties":{"name":"Egzabheraab To Mebrathail"}},{"type":"Feature","geometry":{"type":"LineString","coordinates":[[38.693869,9.003759],[38.693824,9.00376],[38.69358,9.003775],[38.693371,9.003788],[38.693066,9.003803],[38.692693,9.003823],[38.692333,9.003845],[38.692253,9.00385],[38.691805,9.003873],[38.690901,9.003924],[38.69069,9.003936],[38.690337,9.003958],[38.689917,9.003985],[38.689465,9.004015],[38.689271,9.004029],[38.689112,9.004041],[38.689085,9.004042],[38.688637,9.004059],[38.688494,9.004064],[38.68785,9.004096],[38.68769,9.004107],[38.687497,9.004119],[38.68731,9.004125],[38.686471,9.004178],[38.686101,9.004197],[38.685715,9.004226],[38.685158,9.004267],[38.684633,9.004291],[38.684182,9.004303],[38.683808,9.004321],[38.683691,9.004332],[38.683576,9.004342],[38.683202,9.004352],[38.68284,9.004382],[38.682519,9.0044],[38.682139,9.004428]]},"properties":{"name":"KK_07_2273 St."}},{"type":"Feature","geometry":{"type":"LineString","coordinates":[[38.679968,9.00452],[38.680053,9.004528],[38.680309,9.004506],[38.680666,9.004476],[38.681043,9.00445],[38.681455,9.004423],[38.68155,9.004416],[38.681916,9.0044],[38.68214,9.00439],[38.682572,9.004357],[38.682834,9.004339],[38.683202,9.004312],[38.683575,9.004293],[38.68381,9.004275],[38.684181,9.00426],[38.684636,9.004241],[38.685158,9.004218],[38.685714,9.004172],[38.686099,9.004151],[38.686468,9.004125],[38.687309,9.004073],[38.687493,9.004058],[38.687687,9.004049],[38.687852,9.004041],[38.68849,9.004015],[38.689111,9.003996],[38.689272,9.003984],[38.689463,9.00397],[38.689915,9.003946],[38.690336,9.003924],[38.69069,9.003897],[38.690898,9.003881],[38.691805,9.003826],[38.692252,9.003801],[38.692332,9.003799],[38.692691,9.003782],[38.693062,9.003758],[38.693362,9.003734],[38.693574,9.003717],[38.693824,9.003698],[38.693875,9.003694],[38.694003,9.003672]]},"properties":{"name":"KK_07_2273 St."}},{"type":"Feature","geometry":{"type":"LineString","coordinates":[[38.682139,9.004428],[38.681914,9.004446],[38.68173,9.004455],[38.68155,9.004464],[38.681457,9.004468],[38.681043,9.004498],[38.680668,9.004511],[38.680308,9.004543],[38.680062,9.004565],[38.679965,9.004564],[38.679931,9.004551],[38.679892,9.00452],[38.67985,9.004465],[38.679708,9.004298],[38.6794,9.003954],[38.679269,9.003794],[38.678754,9.003216],[38.678433,9.002797],[38.67818,9.002471],[38.677966,9.002186],[38.677715,9.001881],[38.677582,9.001741],[38.677465,9.001618],[38.677436,9.001594]]},"properties":{"name":"KK_07_2288 St."}},{"type":"Feature","geometry":{"type":"LineString","coordinates":[[38.679968,9.00452],[38.679949,9.004507],[38.679924,9.004482],[38.679901,9.004454],[38.679826,9.004372],[38.679741,9.004279],[38.679439,9.003925],[38.679299,9.003766],[38.678908,9.003332],[38.678664,9.003026],[38.678466,9.002775],[38.678225,9.002449],[38.678002,9.002158],[38.677756,9.001849],[38.677627,9.001704],[38.677509,9.001571],[38.677469,9.001532]]},"properties":{"name":"KK_07_2288 St."}},{"type":"Feature","geometry":{"type":"LineString","coordinates":[[38.739396,9.034693],[38.739655,9.035024],[38.7398,9.035199],[38.739948,9.035374],[38.740125,9.035602],[38.740201,9.0357],[38.74026,9.035772],[38.740357,9.035888],[38.740793,9.03644],[38.741083,9.036787],[38.741231,9.036965],[38.741526,9.037335],[38.741792,9.037667],[38.741954,9.037861],[38.742103,9.038028],[38.74228,9.038266],[38.742463,9.038492],[38.742571,9.038627],[38.742683,9.038751],[38.742883,9.038987],[38.742993,9.039196],[38.74303,9.039317],[38.743035,9.03939],[38.743028,9.039458],[38.743019,9.039559],[38.742992,9.039699],[38.742957,9.039856],[38.742918,9.040034],[38.742864,9.040258],[38.742852,9.0403],[38.742842,9.040359],[38.742834,9.040429],[38.742838,9.0405]]},"properties":{"name":"Dej Zewdu Aba Koran Street"}},{"type":"Feature","geometry":{"type":"LineString","coordinates":[[38.742786,9.04057],[38.742759,9.040526],[38.742747,9.040496],[38.742748,9.040438],[38.742759,9.040362],[38.742788,9.04022],[38.742842,9.040012],[38.742901,9.039787],[38.742928,9.03968],[38.74295,9.039547],[38.742965,9.039375],[38.74295,9.039301],[38.742931,9.039236],[38.742901,9.039172],[38.742755,9.03894],[38.742605,9.038768],[38.742511,9.038663],[38.74238,9.038497],[38.742048,9.038053],[38.741914,9.037886],[38.741769,9.037708],[38.74148,9.037376],[38.741024,9.036829],[38.740744,9.036461],[38.740313,9.035926],[38.740206,9.035803],[38.740168,9.035761],[38.740104,9.035684],[38.739905,9.035447],[38.739879,9.035416],[38.739751,9.035266],[38.739736,9.035248],[38.739593,9.035054],[38.73938,9.034789]]},"properties":{"name":"Dej Zewdu Aba Koran Street"}},{"type":"Feature","geometry":{"type":"LineString","coordinates":[[38.742838,9.0405],[38.742866,9.040539],[38.742887,9.040571],[38.742942,9.040629],[38.743058,9.040721],[38.743181,9.040818],[38.743301,9.040911],[38.743621,9.041172],[38.743856,9.041361],[38.744066,9.041529],[38.744485,9.041852],[38.744816,9.042125],[38.745095,9.042342],[38.745319,9.042514],[38.745669,9.042814],[38.745752,9.042874],[38.74582,9.042923],[38.745892,9.042965],[38.745968,9.043023],[38.746111,9.043102],[38.746371,9.043247],[38.746516,9.043319],[38.746851,9.043474],[38.747486,9.043765],[38.747632,9.043834],[38.747888,9.043957],[38.748008,9.044024],[38.74815,9.044109],[38.748328,9.044227],[38.748376,9.044262],[38.748419,9.044285],[38.748506,9.044351]]},"properties":{"name":"Mali Av."}},{"type":"Feature","geometry":{"type":"LineString","coordinates":[[38.748473,9.044408],[38.74839,9.044327],[38.748377,9.044314],[38.74836,9.044297],[38.748305,9.044259],[38.748113,9.044132],[38.747979,9.044056],[38.74784,9.043986],[38.747609,9.043879],[38.747458,9.043809],[38.74721,9.043697],[38.746783,9.043509],[38.746469,9.043364],[38.746313,9.043281],[38.746182,9.043212],[38.746048,9.043135],[38.745919,9.043053],[38.745821,9.042982],[38.745713,9.042914],[38.745673,9.042887],[38.745626,9.042856],[38.745276,9.042577],[38.745048,9.042399],[38.74477,9.042178],[38.744411,9.041894],[38.743982,9.041555],[38.743777,9.0414],[38.743572,9.041224],[38.743416,9.0411],[38.743261,9.040976],[38.742957,9.040742],[38.742883,9.040672],[38.742824,9.040616],[38.742786,9.04057]]},"properties":{"name":"Mali Av."}},{"type":"Feature","geometry":{"type":"LineString","coordinates":[[38.778559,8.994231],[38.778528,8.994394],[38.778521,8.994449],[38.778517,8.9945],[38.778518,8.994548],[38.778514,8.994705],[38.778519,8.994848],[38.778534,8.99503],[38.778549,8.995193],[38.778575,8.995356],[38.778599,8.995459],[38.778654,8.995699],[38.7787,8.995922],[38.778717,8.99598],[38.77874,8.996048],[38.778779,8.996155],[38.778827,8.996277],[38.778899,8.996501],[38.778932,8.99661],[38.778975,8.99675]]},"properties":{"name":"Cape Verde Street"}},{"type":"Feature","geometry":{"type":"LineString","coordinates":[[38.778865,8.996811],[38.778819,8.996677],[38.778681,8.996253],[38.778624,8.996097],[38.778576,8.995922],[38.778542,8.995765],[38.778511,8.995609],[38.778483,8.995463],[38.778447,8.995278],[38.778428,8.995105],[38.778418,8.994987],[38.778414,8.994842],[38.778426,8.994471]]},"properties":{"name":"Cape Verde Street"}},{"type":"Feature","geometry":{"type":"LineString","coordinates":[[38.743764,9.028456],[38.744171,9.028491],[38.744228,9.028489],[38.744268,9.028481],[38.744377,9.028474],[38.744542,9.028457],[38.744721,9.028446],[38.745072,9.028426],[38.745618,9.028385],[38.746154,9.028343],[38.746237,9.028336],[38.746351,9.028318],[38.746444,9.028302],[38.746564,9.028273],[38.746736,9.028232],[38.746813,9.028212],[38.746905,9.028192],[38.746994,9.028175],[38.747067,9.028165],[38.747319,9.028135],[38.747622,9.0281],[38.748018,9.028059],[38.748438,9.028018],[38.748692,9.027997],[38.749088,9.027953],[38.749217,9.027941],[38.749382,9.027918],[38.7495,9.027888],[38.749589,9.027855],[38.74978,9.027779],[38.74998,9.027701],[38.750164,9.027635],[38.750282,9.02759],[38.750529,9.027483],[38.750877,9.027343],[38.751084,9.027244],[38.751113,9.027229],[38.751225,9.027171],[38.751439,9.027031]]},"properties":{"name":"Gaston Guez Street"}},{"type":"Feature","geometry":{"type":"LineString","coordinates":[[38.74397,9.028735],[38.744093,9.028631],[38.744184,9.028571],[38.744403,9.028529],[38.744522,9.02852],[38.745069,9.028486],[38.745625,9.02845],[38.746229,9.028397],[38.746386,9.028371],[38.746561,9.028338],[38.746752,9.02829],[38.746919,9.028251],[38.747125,9.028218],[38.747168,9.028212],[38.747653,9.028157],[38.748003,9.028119],[38.749095,9.028018],[38.749219,9.028008],[38.74939,9.027992],[38.749472,9.027974],[38.749549,9.027951],[38.749622,9.027922],[38.749799,9.027851],[38.75,9.02777],[38.750196,9.027699],[38.750239,9.027684],[38.750805,9.027455],[38.751167,9.02731],[38.75147,9.027188]]},"properties":{"name":"Gaston Guez Street"}},{"type":"Feature","geometry":{"type":"LineString","coordinates":[[38.75182,9.026899],[38.75199,9.026877],[38.752115,9.02686],[38.752335,9.02683],[38.752802,9.026768],[38.753134,9.026723],[38.753329,9.026703],[38.753672,9.026656],[38.754162,9.026589],[38.754393,9.026564],[38.754629,9.026546],[38.754879,9.026545],[38.755225,9.026565],[38.756242,9.026653],[38.756581,9.026708],[38.75687,9.026782],[38.757213,9.026898],[38.757552,9.027002],[38.757766,9.027032],[38.757903,9.02703],[38.758158,9.026975],[38.75823,9.026946],[38.758415,9.026908],[38.758565,9.026868]]},"properties":{"name":"Colsen Street"}},{"type":"Feature","geometry":{"type":"LineString","coordinates":[[38.75534,9.028952],[38.756503,9.028724],[38.756963,9.028625],[38.757345,9.028561],[38.757462,9.02852],[38.757506,9.028513],[38.757561,9.028505],[38.757645,9.028501],[38.75782,9.02851],[38.758021,9.028532],[38.758422,9.028617],[38.758489,9.028632],[38.758695,9.028676],[38.758983,9.028735],[38.759592,9.028834],[38.759934,9.028879],[38.76008,9.028905],[38.760273,9.028941],[38.760462,9.029],[38.760753,9.029116],[38.76097,9.029226],[38.761166,9.029321],[38.761329,9.029409],[38.761606,9.02957],[38.761784,9.029652],[38.761967,9.029735],[38.762118,9.029796],[38.762298,9.029841],[38.76244,9.029852],[38.762592,9.029848],[38.762839,9.029806],[38.763096,9.029745],[38.763212,9.029721],[38.763318,9.029698],[38.763507,9.029658],[38.763653,9.029699]]},"properties":{"name":"General Wingate Street"}},{"type":"Feature","geometry":{"type":"LineString","coordinates":[[38.747577,9.02108],[38.747713,9.021061],[38.748004,9.021064],[38.748533,9.021101],[38.749412,9.021176],[38.749455,9.021179],[38.749984,9.021244],[38.750204,9.021267],[38.750255,9.02127],[38.750375,9.021279],[38.750443,9.021285],[38.750663,9.021305],[38.751014,9.02133],[38.751298,9.021357],[38.751372,9.021363],[38.751826,9.021394],[38.752008,9.021415],[38.752117,9.02143],[38.75221,9.021444]]},"properties":{"name":"Zambia Street"}},{"type":"Feature","geometry":{"type":"LineString","coordinates":[[38.75222,9.021359],[38.752127,9.021348],[38.752004,9.021335],[38.751923,9.021331],[38.751367,9.021301],[38.75129,9.021294],[38.750673,9.021244],[38.75038,9.021221],[38.750258,9.021213],[38.750216,9.021209],[38.749863,9.021171],[38.749457,9.021126],[38.749414,9.021123],[38.748897,9.021079],[38.748538,9.021049],[38.748059,9.021009],[38.747874,9.020988],[38.747677,9.020966]]},"properties":{"name":"Zambia Street"}},{"type":"Feature","geometry":{"type":"LineString","coordinates":[[38.756195,9.020077],[38.755723,9.020832],[38.755685,9.020908],[38.755648,9.021117],[38.755632,9.021303],[38.755611,9.021506],[38.755597,9.021632],[38.755598,9.021761],[38.755617,9.021826],[38.755729,9.022063],[38.756092,9.022715],[38.756286,9.023064],[38.756772,9.023937],[38.756949,9.024325],[38.757036,9.024531],[38.757249,9.025071],[38.757318,9.025308],[38.757338,9.025414],[38.757357,9.025559],[38.757369,9.025811],[38.757337,9.026099],[38.757296,9.026376],[38.757271,9.026541],[38.757213,9.026898]]},"properties":{"name":"Wendimeneh Street"}},{"type":"Feature","geometry":{"type":"LineString","coordinates":[[38.779011,8.986333],[38.778615,8.986767],[38.778157,8.987302],[38.777806,8.98769],[38.777445,8.988026],[38.776901,8.988558]]},"properties":{"name":"Bole 2_352 Street"}},{"type":"Feature","geometry":{"type":"LineString","coordinates":[[38.787281,9.015025],[38.787306,9.01473],[38.787343,9.014333],[38.787417,9.013629],[38.78747,9.013493],[38.787597,9.012906],[38.787613,9.012837],[38.787691,9.012476],[38.787829,9.011848],[38.78792,9.011371],[38.787935,9.011307],[38.788091,9.010642],[38.788185,9.010198],[38.788212,9.010052],[38.788257,9.009869],[38.788315,9.009628],[38.788359,9.009415],[38.788438,9.009103],[38.788525,9.008747],[38.788646,9.008272],[38.788677,9.008133],[38.78874,9.007873],[38.788788,9.007694],[38.788869,9.007416],[38.788949,9.007124],[38.789,9.006916],[38.789013,9.006866],[38.789075,9.006637],[38.789143,9.006359],[38.789191,9.006156],[38.78924,9.005942],[38.789298,9.005721],[38.789343,9.005572],[38.789367,9.005495],[38.789375,9.005472],[38.789415,9.005317],[38.789458,9.005101],[38.789471,9.00497],[38.789454,9.004856],[38.789403,9.004654],[38.789377,9.004579],[38.789204,9.004044],[38.789072,9.00373],[38.788955,9.00343],[38.788811,9.003077],[38.788661,9.002682],[38.788559,9.002411],[38.788449,9.002152],[38.788348,9.00191],[38.78827,9.00171],[38.788156,9.001418],[38.788044,9.001108],[38.788019,9.001056],[38.787852,9.00061],[38.787773,9.000433],[38.787654,9.000145],[38.787557,8.99991],[38.787525,8.999824],[38.787366,8.999398],[38.787209,8.998996],[38.787173,8.998903],[38.787122,8.998774],[38.787038,8.998541],[38.786994,8.998426],[38.786909,8.998246],[38.786834,8.99814]]},"properties":{"name":"Djibouti Street"}},{"type":"Feature","geometry":{"type":"LineString","coordinates":[[38.786901,8.998086],[38.787002,8.998372],[38.787241,8.998982],[38.787328,8.999204],[38.78759,8.999896],[38.787602,8.999927],[38.787884,9.000594],[38.78809,9.001078],[38.788371,9.00189],[38.788853,9.003093],[38.789247,9.004073],[38.789401,9.00452],[38.789416,9.004578],[38.789507,9.00493],[38.789493,9.005087],[38.78946,9.005299],[38.789448,9.005354],[38.789427,9.005441],[38.789414,9.005481],[38.789382,9.005578],[38.789361,9.00564],[38.789354,9.005668],[38.789282,9.005952],[38.789228,9.006166],[38.789212,9.006229],[38.789135,9.006595],[38.789047,9.006927],[38.789018,9.00704],[38.788907,9.007421],[38.788806,9.007843],[38.788793,9.007889],[38.7887,9.008229],[38.788686,9.008279],[38.788595,9.008594],[38.788495,9.009002],[38.788471,9.009111],[38.788432,9.009292],[38.788374,9.009558],[38.788357,9.009632],[38.788292,9.009901],[38.788228,9.010204],[38.788127,9.010649],[38.788037,9.011035],[38.787978,9.011385],[38.787934,9.011548],[38.787882,9.011708],[38.787843,9.011931],[38.787791,9.012136],[38.787757,9.012309],[38.787723,9.012481],[38.787698,9.012608],[38.787651,9.012805],[38.787628,9.01291],[38.787563,9.013211],[38.787491,9.013527],[38.787492,9.013638]]},"properties":{"name":"Djibouti Street"}},{"type":"Feature","geometry":{"type":"LineString","coordinates":[[38.849905,9.001847],[38.849498,9.001904],[38.849202,9.001935],[38.849036,9.001952],[38.848857,9.001967],[38.848472,9.002002],[38.847954,9.002051],[38.847548,9.002081],[38.84711,9.002114],[38.846939,9.00212],[38.846764,9.002127],[38.846338,9.002154],[38.845786,9.002177],[38.845303,9.002197],[38.844812,9.002216],[38.844487,9.00222],[38.844113,9.002227],[38.84374,9.002214],[38.843452,9.002188],[38.843182,9.002158],[38.842763,9.002117],[38.842645,9.002096],[38.842307,9.002055],[38.841981,9.002008],[38.841702,9.001954],[38.841407,9.001883],[38.841173,9.001826],[38.840816,9.001732],[38.840579,9.001663],[38.840298,9.001572],[38.839954,9.001463],[38.839751,9.001373],[38.839105,9.001131],[38.838431,9.000784],[38.837896,9.0005],[38.837663,9.000354],[38.837561,9.000294],[38.837461,9.000234],[38.836846,8.999868],[38.83615,8.99943],[38.835883,8.999275],[38.835743,8.999197],[38.835573,8.999098],[38.835456,8.99903]]},"properties":{"name":"Summit - Goro road"}},{"type":"Feature","geometry":{"type":"LineString","coordinates":[[38.816891,9.003988],[38.817122,9.004031],[38.817474,9.004103],[38.817617,9.00413],[38.817835,9.004165],[38.818051,9.004212],[38.818416,9.004286],[38.81865,9.004348],[38.81878,9.004401],[38.818838,9.004434],[38.818903,9.004486],[38.818999,9.004575],[38.819095,9.004668],[38.819169,9.004765],[38.819233,9.004878],[38.819299,9.005005],[38.819329,9.005125],[38.819364,9.005271],[38.819413,9.005499],[38.819467,9.005779],[38.819524,9.006024],[38.819599,9.00634],[38.819614,9.006441],[38.819654,9.006662],[38.819698,9.006936],[38.819772,9.007265],[38.819814,9.007476],[38.819853,9.007674],[38.819929,9.007919],[38.819983,9.008052],[38.82007,9.008268],[38.820158,9.008463],[38.820321,9.008877],[38.820462,9.009219],[38.82061,9.009527],[38.820753,9.009879],[38.82087,9.010162],[38.82099,9.010437],[38.821139,9.010739],[38.821333,9.011095],[38.82158,9.01153],[38.821742,9.011808],[38.821922,9.012188],[38.822083,9.012533],[38.822285,9.013047],[38.822469,9.013636],[38.822536,9.013775],[38.822611,9.013893],[38.822714,9.014039],[38.822957,9.014347],[38.823227,9.014701],[38.823589,9.015163],[38.82396,9.015619],[38.824309,9.016049],[38.824673,9.016486],[38.825137,9.017058],[38.8253,9.01728]]},"properties":{"name":"Sealite Mihret - Jackros Road"}},{"type":"Feature","geometry":{"type":"LineString","coordinates":[[38.825424,9.017544],[38.825495,9.017705]]},"properties":{"name":"Sealite Mihret - Jackros Road"}},{"type":"Feature","geometry":{"type":"LineString","coordinates":[[38.825826,9.019267],[38.825745,9.018791],[38.825713,9.0186],[38.82565,9.018321],[38.825575,9.018106],[38.825503,9.017929],[38.825408,9.017712],[38.825338,9.017561]]},"properties":{"name":"Sealite Mihret - Jackros Road"}},{"type":"Feature","geometry":{"type":"LineString","coordinates":[[38.837769,9.01098],[38.838283,9.010962],[38.838838,9.010934],[38.839335,9.010897],[38.839549,9.010888],[38.839791,9.010877],[38.840113,9.010852],[38.840653,9.010814],[38.841286,9.010761],[38.842295,9.010663],[38.842747,9.010632],[38.843221,9.010597]]},"properties":{"name":"Salitemihret - Summit Road"}},{"type":"Feature","geometry":{"type":"LineString","coordinates":[[38.843371,9.010582],[38.843995,9.010529],[38.84413,9.010517],[38.844167,9.010514],[38.846045,9.010384],[38.846654,9.010337],[38.84699,9.010305],[38.847826,9.010235],[38.848128,9.010211],[38.848456,9.010196],[38.848873,9.010162],[38.849786,9.010094],[38.849966,9.010087],[38.850713,9.01003],[38.851298,9.009983],[38.851369,9.009976],[38.851507,9.009963],[38.851796,9.009934],[38.851937,9.00992]]},"properties":{"name":"Salitemihret - Summit Road"}},{"type":"Feature","geometry":{"type":"LineString","coordinates":[[38.851005,9.010096],[38.85084,9.010106]]},"properties":{"name":"Salitemihret - Summit Road"}},{"type":"Feature","geometry":{"type":"LineString","coordinates":[[38.843221,9.010597],[38.843371,9.010582]]},"properties":{"name":"Salitemihret - Summit road"}},{"type":"Feature","geometry":{"type":"LineString","coordinates":[[38.851937,9.00992],[38.852216,9.009907]]},"properties":{"name":"Salitemihret - Summit road"}},{"type":"Feature","geometry":{"type":"LineString","coordinates":[[38.85084,9.010106],[38.850739,9.010114],[38.850313,9.010146],[38.849824,9.010183],[38.849253,9.01023],[38.848478,9.010281],[38.847827,9.010324],[38.84699,9.01039],[38.846333,9.01044],[38.845959,9.010472],[38.845328,9.010519],[38.844172,9.010606],[38.844109,9.010613],[38.843375,9.010673]]},"properties":{"name":"Summit - Salitemihret Road"}},{"type":"Feature","geometry":{"type":"LineString","coordinates":[[38.84322,9.010687],[38.842756,9.010725],[38.842307,9.010755],[38.841345,9.010851],[38.840874,9.010898],[38.840705,9.010914],[38.840185,9.010948],[38.839609,9.010981],[38.837777,9.01106],[38.836391,9.011179],[38.836195,9.011202]]},"properties":{"name":"Summit - Salitemihret Road"}},{"type":"Feature","geometry":{"type":"LineString","coordinates":[[38.843375,9.010673],[38.84322,9.010687]]},"properties":{"name":"Summit - Salitemihret road"}},{"type":"Feature","geometry":{"type":"LineString","coordinates":[[38.836195,9.011202],[38.836084,9.011225]]},"properties":{"name":"Summit - Salitemihret road"}},{"type":"Feature","geometry":{"type":"LineString","coordinates":[[38.829989,9.015981],[38.829809,9.016018],[38.829652,9.016031],[38.829445,9.01605],[38.829247,9.016067],[38.828525,9.016129],[38.828273,9.016161],[38.828104,9.016199],[38.827944,9.016244],[38.827742,9.016314],[38.827569,9.016391],[38.827226,9.01654],[38.826933,9.016684],[38.826332,9.016944],[38.826084,9.01705],[38.825671,9.017232],[38.82535,9.017369],[38.825257,9.017405]]},"properties":{"name":"Summit - Salitemihret road"}},{"type":"Feature","geometry":{"type":"LineString","coordinates":[[38.836084,9.011225],[38.835855,9.011301],[38.835387,9.011488],[38.835003,9.011646],[38.834659,9.011796],[38.834374,9.011917],[38.834012,9.01206],[38.833671,9.012264],[38.833598,9.012304],[38.833436,9.01243],[38.832941,9.012868],[38.832184,9.013646],[38.83203,9.013795],[38.831834,9.014014],[38.831438,9.014436],[38.83117,9.014783],[38.831036,9.014978],[38.830927,9.015149],[38.830809,9.015332],[38.830646,9.015548],[38.83041,9.015792],[38.8303,9.015856],[38.830179,9.015919],[38.829989,9.015981]]},"properties":{"name":"Summit - Sealite Mihret Road"}},{"type":"Feature","geometry":{"type":"LineString","coordinates":[[38.825214,9.017322],[38.824884,9.016875],[38.824615,9.01653],[38.824285,9.016139],[38.823916,9.015686],[38.823538,9.015215],[38.82317,9.014761],[38.822691,9.014151],[38.82257,9.013986],[38.822462,9.013829],[38.82238,9.013682],[38.82218,9.013081],[38.822038,9.012678],[38.821888,9.012308],[38.821722,9.011952],[38.821597,9.011723],[38.821466,9.011488],[38.821256,9.011127],[38.820991,9.010629],[38.820833,9.010276],[38.820685,9.009927],[38.820545,9.00956],[38.820398,9.009237],[38.820276,9.008944],[38.820133,9.008625],[38.820067,9.008474],[38.820005,9.00831],[38.819889,9.008043],[38.819832,9.00787],[38.819808,9.007797],[38.81978,9.00769],[38.819528,9.00636],[38.819449,9.006032],[38.819407,9.005864],[38.819332,9.00553],[38.819258,9.005199],[38.819213,9.005041],[38.819167,9.00494],[38.819104,9.00483],[38.819035,9.004738],[38.818944,9.004634],[38.818867,9.004562],[38.818769,9.004493],[38.818534,9.004381],[38.818418,9.004347],[38.818283,9.004321],[38.81807,9.004283],[38.81779,9.004233],[38.817585,9.004198],[38.817348,9.004152],[38.817143,9.004115],[38.816754,9.004042],[38.816462,9.003992]]},"properties":{"name":"Jackros - Sealite Mihret Road"}},{"type":"Feature","geometry":{"type":"LineString","coordinates":[[38.825495,9.017705],[38.825576,9.017897],[38.825673,9.018149],[38.825777,9.018448],[38.825879,9.018881],[38.825904,9.019029],[38.825967,9.019368],[38.826047,9.01977]]},"properties":{"name":"Jackros - Sealite Mihret Road"}},{"type":"Feature","geometry":{"type":"LineString","coordinates":[[38.825338,9.017561],[38.825257,9.017405]]},"properties":{"name":"Jackros - Sealite Mihret Road"}},{"type":"Feature","geometry":{"type":"LineString","coordinates":[[38.758565,9.026868],[38.758925,9.026778],[38.759095,9.026748],[38.759137,9.02675],[38.759276,9.026754],[38.759427,9.026783],[38.759567,9.026824],[38.759881,9.026987],[38.759902,9.027001],[38.760156,9.027172],[38.760307,9.027256],[38.760498,9.027313],[38.760613,9.027322],[38.76079,9.027301],[38.761053,9.027214],[38.761612,9.026998],[38.761972,9.026859],[38.762287,9.026703],[38.762411,9.026616]]},"properties":{"name":"Colsen Steet"}},{"type":"Feature","geometry":{"type":"LineString","coordinates":[[38.821467,9.018361],[38.821528,9.018306],[38.8216,9.018267],[38.821735,9.018218],[38.821896,9.018161],[38.822191,9.018157],[38.822446,9.018172],[38.822638,9.018186],[38.8229,9.018195],[38.823103,9.018189],[38.823319,9.018152],[38.82361,9.018055],[38.823763,9.017983],[38.824312,9.017731],[38.824746,9.017556],[38.82491,9.017493],[38.825017,9.017453],[38.825124,9.017414]]},"properties":{"name":"Gurdsholla - Mariam Mebrat"}},{"type":"Feature","geometry":{"type":"LineString","coordinates":[[38.736976,9.071664],[38.737037,9.071791],[38.737286,9.071739],[38.737479,9.071682],[38.73771,9.071609]]},"properties":{"name":"Gulele_08_1785 St"}},{"type":"Feature","geometry":{"type":"LineString","coordinates":[[38.735012,9.062997],[38.734889,9.062996],[38.734757,9.062995]]},"properties":{"name":"Gulele _07_1531 Av"}},{"type":"Feature","geometry":{"type":"LineString","coordinates":[[38.734928,9.062502],[38.734999,9.062544],[38.735033,9.062556],[38.735061,9.062565],[38.735249,9.06259]]},"properties":{"name":"Gulele _07_1531 Av"}},{"type":"Feature","geometry":{"type":"LineString","coordinates":[[38.742959,9.053269],[38.743942,9.053474],[38.744054,9.053498],[38.745266,9.053714],[38.745909,9.053825],[38.746335,9.053903],[38.746577,9.053952],[38.746939,9.054017],[38.747187,9.054064],[38.74726,9.054075],[38.747515,9.054124],[38.747657,9.054152],[38.748396,9.054276],[38.748654,9.054326],[38.748894,9.054369],[38.749569,9.054507],[38.75001,9.054571],[38.75063,9.054683],[38.751083,9.054775],[38.75122,9.054807],[38.751414,9.054894],[38.751505,9.054922]]},"properties":{"name":"Kechenie to Semien"}},{"type":"Feature","geometry":{"type":"LineString","coordinates":[[38.758863,9.051525],[38.758606,9.051788],[38.758214,9.052148],[38.75808,9.052287],[38.757791,9.052538],[38.757578,9.052756],[38.757408,9.053007],[38.757368,9.053057],[38.757352,9.053083],[38.75734,9.053104],[38.75731,9.053145],[38.757224,9.053311],[38.757176,9.0534],[38.757116,9.053586],[38.757089,9.053674],[38.757006,9.053908],[38.756892,9.054292]]},"properties":{"name":"Abera Gizwa Street / Gulele_02_368 St."}},{"type":"Feature","geometry":{"type":"LineString","coordinates":[[38.751992,9.027485],[38.752007,9.027531],[38.752155,9.028465],[38.752179,9.028619],[38.752199,9.02878],[38.752261,9.029187],[38.752308,9.029489],[38.752368,9.029993],[38.752378,9.030075],[38.752391,9.03017],[38.752727,9.0325]]},"properties":{"name":"Mahtama Gandhi Street"}},{"type":"Feature","geometry":{"type":"LineString","coordinates":[[38.697706,8.953728],[38.697774,8.953685],[38.698004,8.953468],[38.69856,8.952934],[38.698969,8.952566],[38.699555,8.952083],[38.700143,8.951705],[38.70086,8.951288],[38.701322,8.95106],[38.701967,8.950805],[38.702857,8.950524],[38.704216,8.950182],[38.704794,8.950034],[38.705136,8.94994],[38.705346,8.949891],[38.705768,8.949771],[38.706348,8.949617],[38.707328,8.949361],[38.708507,8.949058],[38.709375,8.948828],[38.709746,8.948739],[38.71116,8.948377],[38.711384,8.948296],[38.712537,8.947935],[38.713274,8.947619],[38.713889,8.947247],[38.714434,8.946929],[38.714865,8.946599],[38.715254,8.946285],[38.716752,8.944975],[38.71781,8.944072],[38.717925,8.943968],[38.718871,8.94316],[38.719321,8.942791],[38.719644,8.942508],[38.720294,8.942053],[38.721061,8.941639],[38.721656,8.941292],[38.722515,8.940787],[38.724065,8.939915],[38.724702,8.93954],[38.725094,8.939348],[38.725517,8.939199],[38.726434,8.938969],[38.726728,8.938894],[38.726974,8.938831],[38.727807,8.938619],[38.729501,8.938217],[38.729775,8.938153],[38.730579,8.937964],[38.731502,8.937785],[38.731622,8.937761],[38.732472,8.937589],[38.732893,8.937553],[38.733125,8.937528],[38.733322,8.937496],[38.733451,8.937462],[38.733754,8.937309],[38.733799,8.937223]]},"properties":{"name":"Hachalu hundesa road"}},{"type":"Feature","geometry":{"type":"LineString","coordinates":[[38.733913,8.937607],[38.733822,8.9376],[38.733546,8.937619],[38.732526,8.937843],[38.731682,8.937991],[38.730663,8.938178],[38.730565,8.938194],[38.730017,8.938313],[38.729605,8.938401],[38.729387,8.938455],[38.727656,8.93887],[38.72654,8.939166],[38.726429,8.939194],[38.725699,8.939388],[38.725256,8.939549],[38.725156,8.939585],[38.724479,8.939935],[38.724441,8.939955],[38.722803,8.940927],[38.721763,8.941509],[38.721431,8.941697],[38.720403,8.942282],[38.719883,8.942635],[38.719474,8.94297],[38.719387,8.943044],[38.718323,8.943961],[38.718021,8.94422],[38.716926,8.945155],[38.715913,8.946033],[38.715762,8.946181],[38.715284,8.946558],[38.714639,8.947089],[38.714095,8.947433],[38.71347,8.947794],[38.712899,8.948045],[38.712235,8.948301],[38.711611,8.948498],[38.711289,8.948561],[38.711231,8.948576],[38.709871,8.948936],[38.709157,8.949113],[38.708425,8.949293],[38.705982,8.949956],[38.705933,8.949969],[38.705463,8.950096],[38.705265,8.950141],[38.702968,8.950715],[38.702604,8.950845],[38.701408,8.95127],[38.700833,8.951561],[38.700196,8.951953],[38.69993,8.95212],[38.699504,8.952437],[38.698417,8.953356],[38.698019,8.953669]]},"properties":{"name":"Hachalu Hundessa Road"}},{"type":"Feature","geometry":{"type":"LineString","coordinates":[[38.758328,8.981356],[38.758676,8.981216],[38.758996,8.981073],[38.759673,8.980831],[38.759971,8.980735],[38.760092,8.980704],[38.760247,8.980669],[38.760565,8.980621],[38.760866,8.980609],[38.761151,8.980608],[38.761513,8.980642],[38.76189,8.980718],[38.762301,8.980802],[38.762456,8.980867],[38.762687,8.980965],[38.762777,8.981009],[38.762986,8.981129],[38.763238,8.981275],[38.763333,8.981345],[38.763421,8.98142],[38.763621,8.981586],[38.763922,8.981876],[38.764094,8.982023],[38.764242,8.982172],[38.76465,8.982563],[38.764763,8.98266],[38.765208,8.983083],[38.765673,8.983518]]},"properties":{"name":"Ethio-Chinese Friendship Road"}},{"type":"Feature","geometry":{"type":"LineString","coordinates":[[38.774111,8.993114],[38.774028,8.992972],[38.77393,8.992788],[38.773835,8.992567],[38.773725,8.99225],[38.773548,8.991731],[38.773468,8.991557],[38.773407,8.991433],[38.773183,8.990944],[38.773071,8.990702],[38.772889,8.990364],[38.77278,8.99017],[38.772353,8.989526],[38.772037,8.989123],[38.771927,8.988999],[38.771588,8.98863],[38.771198,8.988274],[38.771095,8.988178],[38.770398,8.98759],[38.770248,8.987462],[38.770105,8.987345],[38.769813,8.987102],[38.769172,8.986569],[38.769057,8.986466],[38.768963,8.986393],[38.76744,8.98511],[38.766764,8.984516],[38.76663,8.984397],[38.766407,8.984186],[38.766031,8.98383],[38.766003,8.98381]]},"properties":{"name":"Ethio-Chinese Friendship Road"}},{"type":"Feature","geometry":{"type":"LineString","coordinates":[[38.773975,8.993061],[38.77392,8.992952],[38.773828,8.99278],[38.773776,8.992669],[38.773722,8.992538],[38.773658,8.992349],[38.773572,8.992081],[38.773455,8.991731],[38.773361,8.991539],[38.773224,8.991254],[38.772982,8.990757],[38.77289,8.990579],[38.772727,8.990294],[38.77256,8.990016],[38.77232,8.989652],[38.772136,8.989393],[38.771899,8.989115],[38.771829,8.989031],[38.771615,8.98883],[38.771365,8.988596],[38.771119,8.988365],[38.77101,8.988276],[38.770813,8.988115],[38.770189,8.987568],[38.768988,8.986539],[38.768164,8.985859],[38.767982,8.985708],[38.767618,8.985407],[38.767085,8.984935],[38.766337,8.984271],[38.766142,8.984098],[38.765905,8.983911]]},"properties":{"name":"Ethio-Chinese Friendship Road"}},{"type":"Feature","geometry":{"type":"LineString","coordinates":[[38.762126,8.980868],[38.762316,8.980921],[38.762575,8.981037],[38.762796,8.981145],[38.763176,8.981355],[38.76336,8.981485],[38.763834,8.981906],[38.763876,8.98195],[38.764124,8.982193],[38.764518,8.982556],[38.764594,8.982626],[38.765022,8.983036],[38.765281,8.983283],[38.765612,8.983602]]},"properties":{"name":"Ethio-Chinese Friendship Road"}},{"type":"Feature","geometry":{"type":"LineString","coordinates":[[38.733821,8.948201],[38.734491,8.948153],[38.734967,8.948118],[38.735214,8.94812],[38.735668,8.948114],[38.735905,8.948143],[38.735985,8.948167],[38.736099,8.948208],[38.736331,8.948335],[38.736522,8.948492],[38.736666,8.948667]]},"properties":{"name":"NL_12_4925 Street"}},{"type":"Feature","geometry":{"type":"LineString","coordinates":[[38.736599,8.948702],[38.736559,8.948655],[38.736469,8.948556],[38.736289,8.948406],[38.736143,8.94831],[38.735934,8.94822],[38.735842,8.948202],[38.735681,8.948179],[38.735284,8.948194],[38.735155,8.948202],[38.735105,8.948204],[38.734814,8.948242],[38.734557,8.948279],[38.734506,8.948289],[38.734328,8.948303],[38.733758,8.948349]]},"properties":{"name":"NL_12_4925 Street"}},{"type":"Feature","geometry":{"type":"LineString","coordinates":[[38.736666,8.948667],[38.736732,8.948628],[38.736782,8.948575],[38.737093,8.948183],[38.737617,8.947523],[38.737821,8.947269],[38.738077,8.946934],[38.738367,8.946601],[38.738491,8.946464],[38.73866,8.946265],[38.738728,8.946197],[38.738761,8.946171],[38.738811,8.94612]]},"properties":{"name":"NL_12_5030 Street"}},{"type":"Feature","geometry":{"type":"LineString","coordinates":[[38.861086,9.009981],[38.860664,9.009888],[38.859984,9.009825],[38.85976,9.00981],[38.859347,9.009797],[38.859234,9.009793],[38.85893,9.009795],[38.858682,9.009796],[38.858389,9.009797],[38.857859,9.0098],[38.857574,9.00981],[38.857296,9.009811],[38.857039,9.009816],[38.85661,9.009825],[38.856386,9.009829],[38.856054,9.009838],[38.85577,9.009845],[38.855611,9.009853],[38.855339,9.009867],[38.855021,9.009878],[38.854717,9.009893],[38.854411,9.009908],[38.854266,9.009915],[38.854032,9.009926],[38.853656,9.009945],[38.853388,9.009958],[38.853167,9.009971],[38.852879,9.00998],[38.852659,9.009997],[38.85252,9.010004],[38.852326,9.010014],[38.852218,9.01002]]},"properties":{"name":"30 meter"}},{"type":"Feature","geometry":{"type":"LineString","coordinates":[[38.852216,9.009907],[38.85233,9.009897],[38.852459,9.009885],[38.852783,9.009875],[38.853046,9.009867],[38.853637,9.009849]]},"properties":{"name":"30 meter"}},{"type":"Feature","geometry":{"type":"LineString","coordinates":[[38.765217,8.988455],[38.765364,8.988869],[38.765578,8.989473],[38.765647,8.989673],[38.765708,8.989859],[38.765921,8.990586],[38.766061,8.991127],[38.766188,8.99169],[38.766284,8.99214],[38.766408,8.992793],[38.766475,8.993216],[38.766481,8.993259],[38.766502,8.993412],[38.766524,8.99355],[38.766569,8.993981],[38.766595,8.994336],[38.766605,8.994484],[38.766627,8.994821],[38.766651,8.99515],[38.76666,8.995332],[38.766689,8.995711],[38.766721,8.996115],[38.766736,8.996364],[38.766756,8.996698],[38.766772,8.996978],[38.766785,8.997206],[38.766792,8.997311],[38.766849,8.998054],[38.766869,8.99822],[38.766887,8.998432],[38.766895,8.99862],[38.766911,8.99914],[38.766912,8.999453],[38.766912,8.999493],[38.766922,8.999854],[38.766925,8.999961]]},"properties":{"name":"Gabon Avenue"}},{"type":"Feature","geometry":{"type":"LineString","coordinates":[[38.766758,8.998057],[38.766723,8.99742],[38.766703,8.997172],[38.766689,8.996982],[38.766672,8.996781],[38.76663,8.996117],[38.766568,8.995341],[38.766523,8.994811],[38.766493,8.99434],[38.766469,8.993982],[38.766397,8.993352],[38.766297,8.992831],[38.766156,8.992039],[38.766095,8.991706],[38.765969,8.991161],[38.765895,8.990874],[38.76563,8.989874],[38.765512,8.98951],[38.765274,8.988874],[38.765133,8.988498],[38.765056,8.988345],[38.765008,8.988277]]},"properties":{"name":"Gabon Avenue"}},{"type":"Feature","geometry":{"type":"LineString","coordinates":[[38.722901,9.011344],[38.723839,9.010879],[38.724401,9.010643],[38.724721,9.010585],[38.724974,9.010582],[38.725218,9.01061],[38.725516,9.010693],[38.72586,9.010851],[38.726527,9.01134],[38.727035,9.011695],[38.727292,9.011853],[38.727563,9.01196],[38.727678,9.011996],[38.727803,9.012023],[38.727888,9.012035],[38.727973,9.012048],[38.728105,9.012061],[38.72824,9.012068],[38.728364,9.012069],[38.728509,9.01206],[38.728736,9.012043],[38.729264,9.012003],[38.731276,9.011843],[38.731915,9.011782],[38.733048,9.011663]]},"properties":{"name":"亚的斯亚贝巴轻轨东西线（1号，绿线）"}},{"type":"Feature","geometry":{"type":"LineString","coordinates":[[38.777064,9.012182],[38.776221,9.011758],[38.775942,9.011614]]},"properties":{"name":"亚的斯亚贝巴轻轨东西线（1号，绿线）"}},{"type":"Feature","geometry":{"type":"LineString","coordinates":[[38.733051,9.0117],[38.731924,9.011816],[38.731279,9.01188],[38.729268,9.012038],[38.728738,9.012075],[38.728513,9.012095],[38.728363,9.012103],[38.728238,9.012104],[38.728105,9.012101],[38.727992,9.012092],[38.727881,9.012074],[38.727795,9.01206],[38.727669,9.012033],[38.727552,9.011996],[38.72727,9.011883],[38.727018,9.011731],[38.726491,9.011365],[38.72591,9.010941],[38.725527,9.010793],[38.725211,9.010693],[38.72498,9.010671],[38.724743,9.010662],[38.724436,9.010708],[38.724022,9.010867],[38.722912,9.011401]]},"properties":{"name":"亚的斯亚贝巴轻轨东西线（1号，绿线）"}},{"type":"Feature","geometry":{"type":"LineString","coordinates":[[38.758823,9.011732],[38.761784,9.011211],[38.76261,9.011076],[38.763454,9.010981],[38.763848,9.010944],[38.764745,9.010859],[38.765469,9.010717],[38.766447,9.010578],[38.766874,9.010544],[38.767148,9.010524],[38.767339,9.010508]]},"properties":{"name":"Addis Ababa Light Rail East-West Line"}},{"type":"Feature","geometry":{"type":"LineString","coordinates":[[38.777411,9.012322],[38.778291,9.012792],[38.779215,9.013265],[38.779837,9.013585],[38.780159,9.013753],[38.780368,9.013858],[38.780777,9.014048],[38.781493,9.014321],[38.781786,9.014418],[38.782033,9.014496],[38.782452,9.014627],[38.782692,9.014698],[38.7829,9.014761],[38.783256,9.014858],[38.783541,9.014924],[38.784425,9.01512],[38.785383,9.015338],[38.786553,9.0156],[38.787749,9.015845],[38.788878,9.016111],[38.789286,9.016206],[38.789325,9.016216],[38.790518,9.016469],[38.791764,9.016741],[38.79218,9.016834],[38.792503,9.016907],[38.793452,9.017123],[38.793866,9.01724],[38.795044,9.017616],[38.795273,9.017683],[38.795909,9.017899],[38.796842,9.018186],[38.797461,9.018391],[38.798352,9.018678],[38.79898,9.018855],[38.799514,9.018986],[38.800625,9.019209],[38.801202,9.019293],[38.801821,9.019401],[38.802326,9.01949]]},"properties":{"name":"Addis Ababa City LRT EW Line"}},{"type":"Feature","geometry":{"type":"LineString","coordinates":[[38.802321,9.019635],[38.801805,9.019575],[38.801542,9.019528],[38.801216,9.01945],[38.801149,9.019433],[38.800644,9.019293],[38.800377,9.019218],[38.799491,9.019031],[38.79897,9.018903],[38.798323,9.018726],[38.797437,9.018441],[38.796829,9.018237],[38.795894,9.017946],[38.795261,9.01773],[38.795035,9.017667],[38.79382,9.017278],[38.79343,9.017166],[38.792482,9.016958],[38.791746,9.016794],[38.790511,9.016522],[38.789317,9.016252],[38.789274,9.016244],[38.788867,9.016154],[38.787738,9.01592],[38.787194,9.0158],[38.786592,9.015663],[38.785358,9.015375],[38.784393,9.015153],[38.783509,9.014955],[38.783245,9.014889],[38.782872,9.014789],[38.78244,9.014658],[38.781917,9.014498],[38.781616,9.014403],[38.781421,9.014334],[38.780755,9.014077],[38.780334,9.013876],[38.779957,9.013684],[38.779198,9.013293],[38.778253,9.01281],[38.777396,9.012354]]},"properties":{"name":"Addis Ababa City LRT EW Line"}},{"type":"Feature","geometry":{"type":"LineString","coordinates":[[38.802326,9.01949],[38.802731,9.019557],[38.803366,9.019664],[38.803792,9.019744],[38.80434,9.019859],[38.805094,9.019993],[38.805761,9.020108],[38.806591,9.020253],[38.807168,9.020357],[38.807529,9.020417],[38.807875,9.020458],[38.808198,9.020476],[38.808669,9.020463],[38.809027,9.02042],[38.809527,9.020332],[38.809769,9.020283],[38.810181,9.020203],[38.810452,9.02015],[38.811044,9.020033],[38.811319,9.019979],[38.811502,9.01995],[38.811663,9.019927],[38.812037,9.01989],[38.812858,9.019841],[38.81336,9.019812],[38.813815,9.019786],[38.814211,9.019765],[38.814768,9.019731],[38.815269,9.019705],[38.817067,9.01958],[38.817368,9.019545],[38.817687,9.019495],[38.818179,9.019413],[38.818721,9.019308],[38.81945,9.019163],[38.819952,9.019064],[38.820453,9.018966],[38.820696,9.018925],[38.820915,9.01889],[38.821162,9.018856],[38.821373,9.018842],[38.821568,9.018829],[38.821743,9.018826],[38.821945,9.018824],[38.822253,9.018831],[38.822535,9.018849],[38.822841,9.018881],[38.823108,9.018917],[38.823358,9.018964],[38.823607,9.019014],[38.823861,9.019079],[38.824208,9.019184],[38.824766,9.019392],[38.825904,9.019846],[38.825905,9.019847],[38.826053,9.019896],[38.827334,9.020425],[38.828003,9.020694],[38.828377,9.020839],[38.82873,9.02098],[38.829915,9.02146],[38.830121,9.021542],[38.830397,9.021642],[38.830677,9.021726],[38.830959,9.021781],[38.831116,9.021799],[38.831327,9.021817],[38.831659,9.021822],[38.831927,9.021817],[38.832319,9.021811],[38.833885,9.021753],[38.8348,9.021708],[38.835866,9.021666],[38.83742,9.021593],[38.83777,9.021581],[38.839366,9.021514],[38.840156,9.02149],[38.841526,9.021426],[38.841819,9.021413],[38.842611,9.021385],[38.843358,9.021362],[38.844046,9.021333],[38.84589,9.02124],[38.847996,9.02111],[38.850486,9.020973],[38.851647,9.020916],[38.852976,9.020843],[38.853812,9.020806],[38.854642,9.020776],[38.855583,9.020728],[38.857073,9.020653],[38.858508,9.020583],[38.858869,9.02056],[38.859246,9.020543],[38.859793,9.020536],[38.860372,9.020565],[38.861157,9.020617],[38.862157,9.020687],[38.863295,9.020785],[38.863685,9.020812],[38.864258,9.020842],[38.864916,9.020859],[38.865908,9.020886],[38.866844,9.020892],[38.867382,9.020898],[38.86824,9.020949],[38.868619,9.020971],[38.87078,9.021099],[38.871161,9.021123],[38.87178,9.021161]]},"properties":{"name":"Addis Ababa Light Rail (Ayat to Tor Hailoch)"}},{"type":"Feature","geometry":{"type":"LineString","coordinates":[[38.871779,9.021199],[38.871463,9.021183],[38.871154,9.021162],[38.870889,9.021148],[38.870518,9.021129],[38.86937,9.021065],[38.868617,9.021021],[38.867637,9.020963],[38.867304,9.02094],[38.866973,9.020933],[38.864913,9.020893],[38.86425,9.020873],[38.863679,9.020845],[38.863298,9.020818],[38.862157,9.020728],[38.861153,9.020653],[38.860371,9.020597],[38.859778,9.020577],[38.859118,9.020599],[38.85846,9.020618],[38.85551,9.020776],[38.852978,9.020897],[38.851648,9.020966],[38.851201,9.020988],[38.850487,9.021025],[38.848422,9.021126],[38.846718,9.021228],[38.845019,9.021325],[38.844054,9.021377],[38.843357,9.021404],[38.842612,9.02143],[38.841819,9.021462],[38.841224,9.021495],[38.840166,9.02154],[38.83743,9.021632],[38.836005,9.021699],[38.834803,9.021748],[38.833591,9.021803],[38.832562,9.021847],[38.8321,9.021863],[38.831601,9.02187],[38.831255,9.021859],[38.830933,9.021827],[38.830663,9.021772],[38.830382,9.021695],[38.830098,9.021591],[38.82902,9.021149],[38.828356,9.020886],[38.827769,9.020653],[38.827333,9.020473],[38.826054,9.019942],[38.825909,9.019885],[38.824747,9.019432],[38.824181,9.019224],[38.823828,9.019117],[38.823589,9.01906],[38.823349,9.01901],[38.8231,9.018963],[38.822815,9.018925],[38.822517,9.018897],[38.822275,9.01888],[38.821946,9.018872],[38.82136,9.018892],[38.821143,9.018907],[38.820922,9.018933],[38.820701,9.01897],[38.820459,9.019011],[38.819925,9.019115],[38.818716,9.019353],[38.818184,9.019455],[38.817672,9.01954],[38.817372,9.019581],[38.817062,9.019619],[38.81592,9.019699],[38.814963,9.019764],[38.814168,9.019815],[38.81336,9.019859],[38.812844,9.019894],[38.812031,9.019942],[38.811688,9.019979],[38.811364,9.020024],[38.81103,9.020086],[38.810695,9.02015],[38.810186,9.02025],[38.809684,9.020345],[38.809038,9.020459],[38.808663,9.020498],[38.808211,9.020509],[38.807864,9.02049],[38.80752,9.02045],[38.807168,9.020397],[38.80677,9.020321],[38.804359,9.019921],[38.80371,9.019827],[38.802716,9.019683],[38.802321,9.019635]]},"properties":{"name":"Addis Ababa Light Rail (Ayat to Tor Hailoch)"}},{"type":"Feature","geometry":{"type":"LineString","coordinates":[[38.767336,9.010543],[38.767134,9.010561],[38.766871,9.010579],[38.766444,9.010613],[38.765483,9.010771],[38.764745,9.01091],[38.764257,9.010955],[38.763466,9.011028],[38.762616,9.011112],[38.761794,9.01125],[38.76035,9.011512],[38.758833,9.011778],[38.758116,9.011915],[38.757783,9.011988]]},"properties":{"name":"Addis Ababa Light Rail Green Line"}},{"type":"Feature","geometry":{"type":"LineString","coordinates":[[38.763063,8.938006],[38.762871,8.938301],[38.762803,8.938464],[38.762732,8.938707],[38.76271,8.938904],[38.762726,8.93919],[38.762828,8.939544],[38.762981,8.939785],[38.766196,8.943031],[38.766352,8.943201],[38.766486,8.943411],[38.766556,8.943593],[38.766602,8.943787],[38.766612,8.943997],[38.766596,8.944206],[38.766536,8.944419],[38.766469,8.944613],[38.766294,8.944968],[38.764953,8.947856],[38.763467,8.951155],[38.763421,8.951454],[38.763416,8.951626],[38.763433,8.951977],[38.763514,8.953204],[38.763523,8.953309],[38.763854,8.95677],[38.764015,8.958813],[38.762987,8.965697],[38.762531,8.968507],[38.762443,8.968793],[38.761475,8.970788],[38.761157,8.971873],[38.760872,8.972847],[38.760794,8.973112],[38.760253,8.975066],[38.76009,8.975693],[38.760025,8.97594],[38.759939,8.976187],[38.759672,8.976731],[38.759546,8.976993],[38.75944,8.977262],[38.759153,8.978062],[38.758882,8.978896],[38.758867,8.97901],[38.758836,8.979188],[38.758813,8.979392],[38.758806,8.979602],[38.758835,8.980026],[38.758932,8.98043],[38.759142,8.981236],[38.75949,8.982655],[38.759654,8.983326],[38.75981,8.983727],[38.759895,8.983956],[38.759949,8.984181],[38.759987,8.984513],[38.760025,8.984816],[38.760122,8.985754]]},"properties":{"name":"Piazza Kality Line"}},{"type":"Feature","geometry":{"type":"LineString","coordinates":[[38.759595,8.988786],[38.759525,8.988994],[38.759435,8.989416],[38.759355,8.989689],[38.759294,8.989957],[38.759241,8.990319],[38.759198,8.990618],[38.759098,8.991379],[38.759082,8.991742],[38.759094,8.992016],[38.759136,8.99221],[38.759308,8.992886],[38.75938,8.993064],[38.759538,8.993448],[38.759707,8.993909],[38.759838,8.994405],[38.759845,8.994858],[38.759829,8.995089],[38.759808,8.995224],[38.759774,8.995443],[38.759705,8.995861],[38.759511,8.996725],[38.759319,8.997356],[38.759272,8.997461],[38.758971,8.998096],[38.758765,8.998516],[38.75871,8.998696],[38.758665,8.9989],[38.758613,8.999258],[38.758648,8.99989],[38.758681,9.000529],[38.758719,9.001196],[38.758739,9.001689],[38.758777,9.002674],[38.75882,9.003669],[38.758841,9.004054],[38.758858,9.004883],[38.758867,9.005327],[38.758871,9.005418],[38.758903,9.006277],[38.758951,9.00683],[38.758954,9.006857],[38.758978,9.007222],[38.758984,9.007411],[38.75899,9.007657],[38.75901,9.008188],[38.759049,9.008887],[38.759058,9.009324],[38.759117,9.009743]]},"properties":{"name":"Addis Ababa City LRT NS Line"}},{"type":"Feature","geometry":{"type":"LineString","coordinates":[[38.758801,9.005673],[38.758791,9.005316],[38.758779,9.004887],[38.758757,9.00404],[38.758734,9.003654],[38.758689,9.002662],[38.758657,9.001669],[38.758645,9.00122],[38.758636,9.00053],[38.758608,8.999894],[38.758557,8.999253],[38.7586,8.998879],[38.758658,8.998684],[38.75871,8.998501],[38.758903,8.998081],[38.759199,8.997444],[38.759248,8.99732],[38.759444,8.99671],[38.759624,8.995843],[38.759727,8.995438],[38.759766,8.995221],[38.759787,8.995082],[38.759799,8.994851],[38.75975,8.994409],[38.759626,8.993922],[38.759453,8.993454],[38.75931,8.993062],[38.759242,8.99288],[38.759068,8.992196],[38.759026,8.992002],[38.759015,8.991727],[38.75903,8.991364],[38.759156,8.990611],[38.759194,8.990317],[38.759254,8.98995],[38.759311,8.98968],[38.759382,8.989398],[38.759457,8.98898],[38.759523,8.988781]]},"properties":{"name":"Addis Ababa City LRT NS Line"}},{"type":"Feature","geometry":{"type":"LineString","coordinates":[[38.73561,9.011433],[38.734962,9.011576],[38.734644,9.011644],[38.734526,9.011697],[38.734419,9.011795],[38.734354,9.011908],[38.734323,9.012018],[38.734318,9.012118],[38.734324,9.012248],[38.734335,9.012387],[38.734417,9.013057],[38.734635,9.014693],[38.734737,9.015461],[38.734797,9.015903],[38.735017,9.018142],[38.734963,9.018376],[38.73489,9.018529],[38.734801,9.018661],[38.734667,9.018797],[38.73451,9.018903],[38.734066,9.01914],[38.733837,9.019263],[38.733657,9.019381],[38.733531,9.019499],[38.733419,9.019651],[38.73333,9.019865],[38.733311,9.019964],[38.733306,9.020049],[38.733306,9.020209],[38.73332,9.020409],[38.733342,9.020657],[38.733362,9.020846],[38.7334,9.021274],[38.733449,9.021746],[38.733496,9.022277]]},"properties":{"name":"Addis Ababa Light Rail Blue Line"}},{"type":"Feature","geometry":{"type":"LineString","coordinates":[[38.733459,9.02228],[38.733414,9.021749],[38.733371,9.021274],[38.733327,9.02085],[38.733286,9.020434],[38.733269,9.020213],[38.733271,9.020046],[38.733273,9.019954],[38.733293,9.019853],[38.733364,9.019671],[38.733481,9.019487],[38.73364,9.019339],[38.733842,9.019217],[38.734079,9.019094],[38.734468,9.018888],[38.73466,9.018748],[38.734787,9.018609],[38.734862,9.018484],[38.734928,9.018355],[38.734956,9.018254],[38.734982,9.018133],[38.734977,9.018012],[38.73488,9.017167],[38.734752,9.015916],[38.734701,9.015466],[38.734626,9.014887],[38.734301,9.012382],[38.73429,9.012247],[38.734284,9.012114],[38.734286,9.012008],[38.734306,9.011913],[38.734385,9.011772],[38.73443,9.01172],[38.73451,9.011655],[38.734622,9.011591],[38.73477,9.011538]]},"properties":{"name":"Addis Ababa Light Rail Blue Line"}},{"type":"Feature","geometry":{"type":"LineString","coordinates":[[38.735173,9.011481],[38.735555,9.011403]]},"properties":{"name":"Addis Ababa Light Rail Blue Line"}},{"type":"Feature","geometry":{"type":"LineString","coordinates":[[38.760055,8.98577],[38.760014,8.985318],[38.759978,8.984836],[38.759871,8.984197],[38.759836,8.983976],[38.759751,8.983745],[38.759571,8.983352],[38.759475,8.983014],[38.75941,8.98269],[38.759178,8.981764],[38.75906,8.981265],[38.758897,8.980476],[38.7588,8.980071],[38.758752,8.979606],[38.758757,8.979398],[38.758801,8.979095],[38.758842,8.978877],[38.759114,8.978021],[38.759384,8.977234],[38.759488,8.976991],[38.759594,8.97676],[38.759887,8.97616],[38.759976,8.975909],[38.760039,8.975645],[38.760189,8.975058],[38.760738,8.973102],[38.760819,8.972834],[38.761171,8.971672],[38.761441,8.970777],[38.762391,8.968804],[38.762499,8.968496],[38.762944,8.965693],[38.763985,8.958813],[38.763879,8.95753],[38.763823,8.956776],[38.763475,8.953317],[38.763467,8.953212],[38.763387,8.951977],[38.763371,8.951625],[38.763382,8.951447],[38.763426,8.951131],[38.764886,8.947821],[38.76626,8.944947],[38.766431,8.944598],[38.766514,8.944401],[38.766564,8.944195],[38.766584,8.943988],[38.766572,8.943788],[38.766528,8.943598],[38.76645,8.943425],[38.766326,8.943221],[38.766165,8.943061],[38.762924,8.939828],[38.762749,8.93955],[38.762652,8.939223],[38.762644,8.938906],[38.762664,8.93874],[38.7627,8.938592],[38.762757,8.938437],[38.762829,8.938277],[38.763007,8.937993]]},"properties":{"name":"Piazza-Kality line"}}]}